"image_path","instrument","state","image_id","background_aug"
"D:\augmented_data_random_backgrounds\images\train\Needle_Holder_Mayo-Hegar_Straight_Carb-bite_Serrated_Jaws_8in_closed_01_aug000.jpg","Needle Holder Mayo-Hegar Straight Carb-bite Serrated Jaws 8in","closed","1","0.0"
"D:\augmented_data_random_backgrounds\images\train\Needle_Holder_Mayo-Hegar_Straight_Carb-bite_Serrated_Jaws_8in_closed_01_aug001.jpg","Needle Holder Mayo-Hegar Straight Carb-bite Serrated Jaws 8in","closed","1","1.0"
"D:\augmented_data_random_backgrounds\images\train\Needle_Holder_Mayo-Hegar_Straight_Carb-bite_Serrated_Jaws_8in_closed_01_aug002.jpg","Needle Holder Mayo-Hegar Straight Carb-bite Serrated Jaws 8in","closed","1","2.0"
"D:\augmented_data_random_backgrounds\images\train\Needle_Holder_Mayo-Hegar_Straight_Carb-bite_Serrated_Jaws_8in_closed_01_aug003.jpg","Needle Holder Mayo-Hegar Straight Carb-bite Serrated Jaws 8in","closed","1","3.0"
"D:\augmented_data_random_backgrounds\images\train\Needle_Holder_Mayo-Hegar_Straight_Carb-bite_Serrated_Jaws_8in_closed_01_aug004.jpg","Needle Holder Mayo-Hegar Straight Carb-bite Serrated Jaws 8in","closed","1","4.0"
"D:\augmented_data_random_backgrounds\images\train\Needle_Holder_Mayo-Hegar_Straight_Carb-bite_Serrated_Jaws_8in_closed_01_aug005.jpg","Needle Holder Mayo-Hegar Straight Carb-bite Serrated Jaws 8in","closed","1","5.0"
"D:\augmented_data_random_backgrounds\images\train\Needle_Holder_Mayo-Hegar_Straight_Carb-bite_Serrated_Jaws_8in_closed_01_aug007.jpg","Needle Holder Mayo-Hegar Straight Carb-bite Serrated Jaws 8in","closed","1","7.0"
"D:\augmented_data_random_backgrounds\images\train\Needle_Holder_Mayo-Hegar_Straight_Carb-bite_Serrated_Jaws_8in_closed_01_aug008.jpg","Needle Holder Mayo-Hegar Straight Carb-bite Serrated Jaws 8in","closed","1","8.0"
"D:\augmented_data_random_backgrounds\images\train\Needle_Holder_Mayo-Hegar_Straight_Carb-bite_Serrated_Jaws_8in_closed_01_aug009.jpg","Needle Holder Mayo-Hegar Straight Carb-bite Serrated Jaws 8in","closed","1","9.0"
"D:\augmented_data_random_backgrounds\images\train\Needle_Holder_Mayo-Hegar_Straight_Carb-bite_Serrated_Jaws_8in_closed_01_aug011.jpg","Needle Holder Mayo-Hegar Straight Carb-bite Serrated Jaws 8in","closed","1","11.0"
"D:\augmented_data_random_backgrounds\images\train\Needle_Holder_Mayo-Hegar_Straight_Carb-bite_Serrated_Jaws_8in_closed_01_aug012.jpg","Needle Holder Mayo-Hegar Straight Carb-bite Serrated Jaws 8in","closed","1","12.0"
"D:\augmented_data_random_backgrounds\images\train\Needle_Holder_Mayo-Hegar_Straight_Carb-bite_Serrated_Jaws_8in_closed_01_aug013.jpg","Needle Holder Mayo-Hegar Straight Carb-bite Serrated Jaws 8in","closed","1","13.0"
"D:\augmented_data_random_backgrounds\images\train\Needle_Holder_Mayo-Hegar_Straight_Carb-bite_Serrated_Jaws_8in_closed_01_aug014.jpg","Needle Holder Mayo-Hegar Straight Carb-bite Serrated Jaws 8in","closed","1","14.0"
"D:\augmented_data_random_backgrounds\images\train\Needle_Holder_Mayo-Hegar_Straight_Carb-bite_Serrated_Jaws_8in_closed_01_aug015.jpg","Needle Holder Mayo-Hegar Straight Carb-bite Serrated Jaws 8in","closed","1","15.0"
"D:\augmented_data_random_backgrounds\images\train\Needle_Holder_Mayo-Hegar_Straight_Carb-bite_Serrated_Jaws_8in_closed_01_aug016.jpg","Needle Holder Mayo-Hegar Straight Carb-bite Serrated Jaws 8in","closed","1","16.0"
"D:\augmented_data_random_backgrounds\images\train\Needle_Holder_Mayo-Hegar_Straight_Carb-bite_Serrated_Jaws_8in_closed_01_aug018.jpg","Needle Holder Mayo-Hegar Straight Carb-bite Serrated Jaws 8in","closed","1","18.0"
"D:\augmented_data_random_backgrounds\images\train\Needle_Holder_Mayo-Hegar_Straight_Carb-bite_Serrated_Jaws_8in_closed_02_aug000.jpg","Needle Holder Mayo-Hegar Straight Carb-bite Serrated Jaws 8in","closed","2","0.0"
"D:\augmented_data_random_backgrounds\images\train\Needle_Holder_Mayo-Hegar_Straight_Carb-bite_Serrated_Jaws_8in_closed_02_aug001.jpg","Needle Holder Mayo-Hegar Straight Carb-bite Serrated Jaws 8in","closed","2","1.0"
"D:\augmented_data_random_backgrounds\images\train\Needle_Holder_Mayo-Hegar_Straight_Carb-bite_Serrated_Jaws_8in_closed_02_aug002.jpg","Needle Holder Mayo-Hegar Straight Carb-bite Serrated Jaws 8in","closed","2","2.0"
"D:\augmented_data_random_backgrounds\images\train\Needle_Holder_Mayo-Hegar_Straight_Carb-bite_Serrated_Jaws_8in_closed_02_aug004.jpg","Needle Holder Mayo-Hegar Straight Carb-bite Serrated Jaws 8in","closed","2","4.0"
"D:\augmented_data_random_backgrounds\images\train\Needle_Holder_Mayo-Hegar_Straight_Carb-bite_Serrated_Jaws_8in_closed_02_aug005.jpg","Needle Holder Mayo-Hegar Straight Carb-bite Serrated Jaws 8in","closed","2","5.0"
"D:\augmented_data_random_backgrounds\images\train\Needle_Holder_Mayo-Hegar_Straight_Carb-bite_Serrated_Jaws_8in_closed_02_aug006.jpg","Needle Holder Mayo-Hegar Straight Carb-bite Serrated Jaws 8in","closed","2","6.0"
"D:\augmented_data_random_backgrounds\images\train\Needle_Holder_Mayo-Hegar_Straight_Carb-bite_Serrated_Jaws_8in_closed_02_aug007.jpg","Needle Holder Mayo-Hegar Straight Carb-bite Serrated Jaws 8in","closed","2","7.0"
"D:\augmented_data_random_backgrounds\images\train\Needle_Holder_Mayo-Hegar_Straight_Carb-bite_Serrated_Jaws_8in_closed_02_aug008.jpg","Needle Holder Mayo-Hegar Straight Carb-bite Serrated Jaws 8in","closed","2","8.0"
"D:\augmented_data_random_backgrounds\images\train\Needle_Holder_Mayo-Hegar_Straight_Carb-bite_Serrated_Jaws_8in_closed_02_aug009.jpg","Needle Holder Mayo-Hegar Straight Carb-bite Serrated Jaws 8in","closed","2","9.0"
"D:\augmented_data_random_backgrounds\images\train\Needle_Holder_Mayo-Hegar_Straight_Carb-bite_Serrated_Jaws_8in_closed_02_aug010.jpg","Needle Holder Mayo-Hegar Straight Carb-bite Serrated Jaws 8in","closed","2","10.0"
"D:\augmented_data_random_backgrounds\images\train\Needle_Holder_Mayo-Hegar_Straight_Carb-bite_Serrated_Jaws_8in_closed_02_aug011.jpg","Needle Holder Mayo-Hegar Straight Carb-bite Serrated Jaws 8in","closed","2","11.0"
"D:\augmented_data_random_backgrounds\images\train\Needle_Holder_Mayo-Hegar_Straight_Carb-bite_Serrated_Jaws_8in_closed_02_aug015.jpg","Needle Holder Mayo-Hegar Straight Carb-bite Serrated Jaws 8in","closed","2","15.0"
"D:\augmented_data_random_backgrounds\images\train\Needle_Holder_Mayo-Hegar_Straight_Carb-bite_Serrated_Jaws_8in_closed_02_aug016.jpg","Needle Holder Mayo-Hegar Straight Carb-bite Serrated Jaws 8in","closed","2","16.0"
"D:\augmented_data_random_backgrounds\images\train\Needle_Holder_Mayo-Hegar_Straight_Carb-bite_Serrated_Jaws_8in_closed_02_aug017.jpg","Needle Holder Mayo-Hegar Straight Carb-bite Serrated Jaws 8in","closed","2","17.0"
"D:\augmented_data_random_backgrounds\images\train\Needle_Holder_Mayo-Hegar_Straight_Carb-bite_Serrated_Jaws_8in_closed_02_aug019.jpg","Needle Holder Mayo-Hegar Straight Carb-bite Serrated Jaws 8in","closed","2","19.0"
"D:\augmented_data_random_backgrounds\images\train\Needle_Holder_Mayo-Hegar_Straight_Carb-bite_Serrated_Jaws_8in_closed_03.jpg","Needle Holder Mayo-Hegar Straight Carb-bite Serrated Jaws 8in","closed","3",""
"D:\augmented_data_random_backgrounds\images\train\Needle_Holder_Mayo-Hegar_Straight_Carb-bite_Serrated_Jaws_8in_closed_03_aug000.jpg","Needle Holder Mayo-Hegar Straight Carb-bite Serrated Jaws 8in","closed","3","0.0"
"D:\augmented_data_random_backgrounds\images\train\Needle_Holder_Mayo-Hegar_Straight_Carb-bite_Serrated_Jaws_8in_closed_03_aug001.jpg","Needle Holder Mayo-Hegar Straight Carb-bite Serrated Jaws 8in","closed","3","1.0"
"D:\augmented_data_random_backgrounds\images\train\Needle_Holder_Mayo-Hegar_Straight_Carb-bite_Serrated_Jaws_8in_closed_03_aug003.jpg","Needle Holder Mayo-Hegar Straight Carb-bite Serrated Jaws 8in","closed","3","3.0"
"D:\augmented_data_random_backgrounds\images\train\Needle_Holder_Mayo-Hegar_Straight_Carb-bite_Serrated_Jaws_8in_closed_03_aug004.jpg","Needle Holder Mayo-Hegar Straight Carb-bite Serrated Jaws 8in","closed","3","4.0"
"D:\augmented_data_random_backgrounds\images\train\Needle_Holder_Mayo-Hegar_Straight_Carb-bite_Serrated_Jaws_8in_closed_03_aug006.jpg","Needle Holder Mayo-Hegar Straight Carb-bite Serrated Jaws 8in","closed","3","6.0"
"D:\augmented_data_random_backgrounds\images\train\Needle_Holder_Mayo-Hegar_Straight_Carb-bite_Serrated_Jaws_8in_closed_03_aug007.jpg","Needle Holder Mayo-Hegar Straight Carb-bite Serrated Jaws 8in","closed","3","7.0"
"D:\augmented_data_random_backgrounds\images\train\Needle_Holder_Mayo-Hegar_Straight_Carb-bite_Serrated_Jaws_8in_closed_03_aug008.jpg","Needle Holder Mayo-Hegar Straight Carb-bite Serrated Jaws 8in","closed","3","8.0"
"D:\augmented_data_random_backgrounds\images\train\Needle_Holder_Mayo-Hegar_Straight_Carb-bite_Serrated_Jaws_8in_closed_03_aug009.jpg","Needle Holder Mayo-Hegar Straight Carb-bite Serrated Jaws 8in","closed","3","9.0"
"D:\augmented_data_random_backgrounds\images\train\Needle_Holder_Mayo-Hegar_Straight_Carb-bite_Serrated_Jaws_8in_closed_03_aug010.jpg","Needle Holder Mayo-Hegar Straight Carb-bite Serrated Jaws 8in","closed","3","10.0"
"D:\augmented_data_random_backgrounds\images\train\Needle_Holder_Mayo-Hegar_Straight_Carb-bite_Serrated_Jaws_8in_closed_03_aug011.jpg","Needle Holder Mayo-Hegar Straight Carb-bite Serrated Jaws 8in","closed","3","11.0"
"D:\augmented_data_random_backgrounds\images\train\Needle_Holder_Mayo-Hegar_Straight_Carb-bite_Serrated_Jaws_8in_closed_03_aug013.jpg","Needle Holder Mayo-Hegar Straight Carb-bite Serrated Jaws 8in","closed","3","13.0"
"D:\augmented_data_random_backgrounds\images\train\Needle_Holder_Mayo-Hegar_Straight_Carb-bite_Serrated_Jaws_8in_closed_03_aug014.jpg","Needle Holder Mayo-Hegar Straight Carb-bite Serrated Jaws 8in","closed","3","14.0"
"D:\augmented_data_random_backgrounds\images\train\Needle_Holder_Mayo-Hegar_Straight_Carb-bite_Serrated_Jaws_8in_closed_03_aug016.jpg","Needle Holder Mayo-Hegar Straight Carb-bite Serrated Jaws 8in","closed","3","16.0"
"D:\augmented_data_random_backgrounds\images\train\Needle_Holder_Mayo-Hegar_Straight_Carb-bite_Serrated_Jaws_8in_closed_03_aug017.jpg","Needle Holder Mayo-Hegar Straight Carb-bite Serrated Jaws 8in","closed","3","17.0"
"D:\augmented_data_random_backgrounds\images\train\Needle_Holder_Mayo-Hegar_Straight_Carb-bite_Serrated_Jaws_8in_closed_03_aug018.jpg","Needle Holder Mayo-Hegar Straight Carb-bite Serrated Jaws 8in","closed","3","18.0"
"D:\augmented_data_random_backgrounds\images\train\Needle_Holder_Mayo-Hegar_Straight_Carb-bite_Serrated_Jaws_8in_closed_03_aug019.jpg","Needle Holder Mayo-Hegar Straight Carb-bite Serrated Jaws 8in","closed","3","19.0"
"D:\augmented_data_random_backgrounds\images\train\Needle_Holder_Mayo-Hegar_Straight_Carb-bite_Serrated_Jaws_8in_closed_04.jpg","Needle Holder Mayo-Hegar Straight Carb-bite Serrated Jaws 8in","closed","4",""
"D:\augmented_data_random_backgrounds\images\train\Needle_Holder_Mayo-Hegar_Straight_Carb-bite_Serrated_Jaws_8in_closed_04_aug002.jpg","Needle Holder Mayo-Hegar Straight Carb-bite Serrated Jaws 8in","closed","4","2.0"
"D:\augmented_data_random_backgrounds\images\train\Needle_Holder_Mayo-Hegar_Straight_Carb-bite_Serrated_Jaws_8in_closed_04_aug003.jpg","Needle Holder Mayo-Hegar Straight Carb-bite Serrated Jaws 8in","closed","4","3.0"
"D:\augmented_data_random_backgrounds\images\train\Needle_Holder_Mayo-Hegar_Straight_Carb-bite_Serrated_Jaws_8in_closed_04_aug004.jpg","Needle Holder Mayo-Hegar Straight Carb-bite Serrated Jaws 8in","closed","4","4.0"
"D:\augmented_data_random_backgrounds\images\train\Needle_Holder_Mayo-Hegar_Straight_Carb-bite_Serrated_Jaws_8in_closed_04_aug006.jpg","Needle Holder Mayo-Hegar Straight Carb-bite Serrated Jaws 8in","closed","4","6.0"
"D:\augmented_data_random_backgrounds\images\train\Needle_Holder_Mayo-Hegar_Straight_Carb-bite_Serrated_Jaws_8in_closed_04_aug007.jpg","Needle Holder Mayo-Hegar Straight Carb-bite Serrated Jaws 8in","closed","4","7.0"
"D:\augmented_data_random_backgrounds\images\train\Needle_Holder_Mayo-Hegar_Straight_Carb-bite_Serrated_Jaws_8in_closed_04_aug010.jpg","Needle Holder Mayo-Hegar Straight Carb-bite Serrated Jaws 8in","closed","4","10.0"
"D:\augmented_data_random_backgrounds\images\train\Needle_Holder_Mayo-Hegar_Straight_Carb-bite_Serrated_Jaws_8in_closed_04_aug011.jpg","Needle Holder Mayo-Hegar Straight Carb-bite Serrated Jaws 8in","closed","4","11.0"
"D:\augmented_data_random_backgrounds\images\train\Needle_Holder_Mayo-Hegar_Straight_Carb-bite_Serrated_Jaws_8in_closed_04_aug012.jpg","Needle Holder Mayo-Hegar Straight Carb-bite Serrated Jaws 8in","closed","4","12.0"
"D:\augmented_data_random_backgrounds\images\train\Needle_Holder_Mayo-Hegar_Straight_Carb-bite_Serrated_Jaws_8in_closed_04_aug013.jpg","Needle Holder Mayo-Hegar Straight Carb-bite Serrated Jaws 8in","closed","4","13.0"
"D:\augmented_data_random_backgrounds\images\train\Needle_Holder_Mayo-Hegar_Straight_Carb-bite_Serrated_Jaws_8in_closed_04_aug014.jpg","Needle Holder Mayo-Hegar Straight Carb-bite Serrated Jaws 8in","closed","4","14.0"
"D:\augmented_data_random_backgrounds\images\train\Needle_Holder_Mayo-Hegar_Straight_Carb-bite_Serrated_Jaws_8in_closed_04_aug015.jpg","Needle Holder Mayo-Hegar Straight Carb-bite Serrated Jaws 8in","closed","4","15.0"
"D:\augmented_data_random_backgrounds\images\train\Needle_Holder_Mayo-Hegar_Straight_Carb-bite_Serrated_Jaws_8in_closed_04_aug016.jpg","Needle Holder Mayo-Hegar Straight Carb-bite Serrated Jaws 8in","closed","4","16.0"
"D:\augmented_data_random_backgrounds\images\train\Needle_Holder_Mayo-Hegar_Straight_Carb-bite_Serrated_Jaws_8in_closed_04_aug019.jpg","Needle Holder Mayo-Hegar Straight Carb-bite Serrated Jaws 8in","closed","4","19.0"
"D:\augmented_data_random_backgrounds\images\train\Needle_Holder_Mayo-Hegar_Straight_Carb-bite_Serrated_Jaws_8in_closed_05.jpg","Needle Holder Mayo-Hegar Straight Carb-bite Serrated Jaws 8in","closed","5",""
"D:\augmented_data_random_backgrounds\images\train\Needle_Holder_Mayo-Hegar_Straight_Carb-bite_Serrated_Jaws_8in_closed_05_aug000.jpg","Needle Holder Mayo-Hegar Straight Carb-bite Serrated Jaws 8in","closed","5","0.0"
"D:\augmented_data_random_backgrounds\images\train\Needle_Holder_Mayo-Hegar_Straight_Carb-bite_Serrated_Jaws_8in_closed_05_aug001.jpg","Needle Holder Mayo-Hegar Straight Carb-bite Serrated Jaws 8in","closed","5","1.0"
"D:\augmented_data_random_backgrounds\images\train\Needle_Holder_Mayo-Hegar_Straight_Carb-bite_Serrated_Jaws_8in_closed_05_aug003.jpg","Needle Holder Mayo-Hegar Straight Carb-bite Serrated Jaws 8in","closed","5","3.0"
"D:\augmented_data_random_backgrounds\images\train\Needle_Holder_Mayo-Hegar_Straight_Carb-bite_Serrated_Jaws_8in_closed_05_aug004.jpg","Needle Holder Mayo-Hegar Straight Carb-bite Serrated Jaws 8in","closed","5","4.0"
"D:\augmented_data_random_backgrounds\images\train\Needle_Holder_Mayo-Hegar_Straight_Carb-bite_Serrated_Jaws_8in_closed_05_aug005.jpg","Needle Holder Mayo-Hegar Straight Carb-bite Serrated Jaws 8in","closed","5","5.0"
"D:\augmented_data_random_backgrounds\images\train\Needle_Holder_Mayo-Hegar_Straight_Carb-bite_Serrated_Jaws_8in_closed_05_aug006.jpg","Needle Holder Mayo-Hegar Straight Carb-bite Serrated Jaws 8in","closed","5","6.0"
"D:\augmented_data_random_backgrounds\images\train\Needle_Holder_Mayo-Hegar_Straight_Carb-bite_Serrated_Jaws_8in_closed_05_aug007.jpg","Needle Holder Mayo-Hegar Straight Carb-bite Serrated Jaws 8in","closed","5","7.0"
"D:\augmented_data_random_backgrounds\images\train\Needle_Holder_Mayo-Hegar_Straight_Carb-bite_Serrated_Jaws_8in_closed_05_aug008.jpg","Needle Holder Mayo-Hegar Straight Carb-bite Serrated Jaws 8in","closed","5","8.0"
"D:\augmented_data_random_backgrounds\images\train\Needle_Holder_Mayo-Hegar_Straight_Carb-bite_Serrated_Jaws_8in_closed_05_aug010.jpg","Needle Holder Mayo-Hegar Straight Carb-bite Serrated Jaws 8in","closed","5","10.0"
"D:\augmented_data_random_backgrounds\images\train\Needle_Holder_Mayo-Hegar_Straight_Carb-bite_Serrated_Jaws_8in_closed_05_aug011.jpg","Needle Holder Mayo-Hegar Straight Carb-bite Serrated Jaws 8in","closed","5","11.0"
"D:\augmented_data_random_backgrounds\images\train\Needle_Holder_Mayo-Hegar_Straight_Carb-bite_Serrated_Jaws_8in_closed_05_aug012.jpg","Needle Holder Mayo-Hegar Straight Carb-bite Serrated Jaws 8in","closed","5","12.0"
"D:\augmented_data_random_backgrounds\images\train\Needle_Holder_Mayo-Hegar_Straight_Carb-bite_Serrated_Jaws_8in_closed_05_aug014.jpg","Needle Holder Mayo-Hegar Straight Carb-bite Serrated Jaws 8in","closed","5","14.0"
"D:\augmented_data_random_backgrounds\images\train\Needle_Holder_Mayo-Hegar_Straight_Carb-bite_Serrated_Jaws_8in_closed_05_aug015.jpg","Needle Holder Mayo-Hegar Straight Carb-bite Serrated Jaws 8in","closed","5","15.0"
"D:\augmented_data_random_backgrounds\images\train\Needle_Holder_Mayo-Hegar_Straight_Carb-bite_Serrated_Jaws_8in_closed_05_aug016.jpg","Needle Holder Mayo-Hegar Straight Carb-bite Serrated Jaws 8in","closed","5","16.0"
"D:\augmented_data_random_backgrounds\images\train\Needle_Holder_Mayo-Hegar_Straight_Carb-bite_Serrated_Jaws_8in_closed_05_aug017.jpg","Needle Holder Mayo-Hegar Straight Carb-bite Serrated Jaws 8in","closed","5","17.0"
"D:\augmented_data_random_backgrounds\images\train\Needle_Holder_Mayo-Hegar_Straight_Carb-bite_Serrated_Jaws_8in_closed_05_aug018.jpg","Needle Holder Mayo-Hegar Straight Carb-bite Serrated Jaws 8in","closed","5","18.0"
"D:\augmented_data_random_backgrounds\images\train\Needle_Holder_Mayo-Hegar_Straight_Carb-bite_Serrated_Jaws_8in_closed_06.jpg","Needle Holder Mayo-Hegar Straight Carb-bite Serrated Jaws 8in","closed","6",""
"D:\augmented_data_random_backgrounds\images\train\Needle_Holder_Mayo-Hegar_Straight_Carb-bite_Serrated_Jaws_8in_closed_06_aug000.jpg","Needle Holder Mayo-Hegar Straight Carb-bite Serrated Jaws 8in","closed","6","0.0"
"D:\augmented_data_random_backgrounds\images\train\Needle_Holder_Mayo-Hegar_Straight_Carb-bite_Serrated_Jaws_8in_closed_06_aug001.jpg","Needle Holder Mayo-Hegar Straight Carb-bite Serrated Jaws 8in","closed","6","1.0"
"D:\augmented_data_random_backgrounds\images\train\Needle_Holder_Mayo-Hegar_Straight_Carb-bite_Serrated_Jaws_8in_closed_06_aug002.jpg","Needle Holder Mayo-Hegar Straight Carb-bite Serrated Jaws 8in","closed","6","2.0"
"D:\augmented_data_random_backgrounds\images\train\Needle_Holder_Mayo-Hegar_Straight_Carb-bite_Serrated_Jaws_8in_closed_06_aug003.jpg","Needle Holder Mayo-Hegar Straight Carb-bite Serrated Jaws 8in","closed","6","3.0"
"D:\augmented_data_random_backgrounds\images\train\Needle_Holder_Mayo-Hegar_Straight_Carb-bite_Serrated_Jaws_8in_closed_06_aug004.jpg","Needle Holder Mayo-Hegar Straight Carb-bite Serrated Jaws 8in","closed","6","4.0"
"D:\augmented_data_random_backgrounds\images\train\Needle_Holder_Mayo-Hegar_Straight_Carb-bite_Serrated_Jaws_8in_closed_06_aug005.jpg","Needle Holder Mayo-Hegar Straight Carb-bite Serrated Jaws 8in","closed","6","5.0"
"D:\augmented_data_random_backgrounds\images\train\Needle_Holder_Mayo-Hegar_Straight_Carb-bite_Serrated_Jaws_8in_closed_06_aug006.jpg","Needle Holder Mayo-Hegar Straight Carb-bite Serrated Jaws 8in","closed","6","6.0"
"D:\augmented_data_random_backgrounds\images\train\Needle_Holder_Mayo-Hegar_Straight_Carb-bite_Serrated_Jaws_8in_closed_06_aug007.jpg","Needle Holder Mayo-Hegar Straight Carb-bite Serrated Jaws 8in","closed","6","7.0"
"D:\augmented_data_random_backgrounds\images\train\Needle_Holder_Mayo-Hegar_Straight_Carb-bite_Serrated_Jaws_8in_closed_06_aug009.jpg","Needle Holder Mayo-Hegar Straight Carb-bite Serrated Jaws 8in","closed","6","9.0"
"D:\augmented_data_random_backgrounds\images\train\Needle_Holder_Mayo-Hegar_Straight_Carb-bite_Serrated_Jaws_8in_closed_06_aug010.jpg","Needle Holder Mayo-Hegar Straight Carb-bite Serrated Jaws 8in","closed","6","10.0"
"D:\augmented_data_random_backgrounds\images\train\Needle_Holder_Mayo-Hegar_Straight_Carb-bite_Serrated_Jaws_8in_closed_06_aug011.jpg","Needle Holder Mayo-Hegar Straight Carb-bite Serrated Jaws 8in","closed","6","11.0"
"D:\augmented_data_random_backgrounds\images\train\Needle_Holder_Mayo-Hegar_Straight_Carb-bite_Serrated_Jaws_8in_closed_06_aug012.jpg","Needle Holder Mayo-Hegar Straight Carb-bite Serrated Jaws 8in","closed","6","12.0"
"D:\augmented_data_random_backgrounds\images\train\Needle_Holder_Mayo-Hegar_Straight_Carb-bite_Serrated_Jaws_8in_closed_06_aug015.jpg","Needle Holder Mayo-Hegar Straight Carb-bite Serrated Jaws 8in","closed","6","15.0"
"D:\augmented_data_random_backgrounds\images\train\Needle_Holder_Mayo-Hegar_Straight_Carb-bite_Serrated_Jaws_8in_closed_06_aug016.jpg","Needle Holder Mayo-Hegar Straight Carb-bite Serrated Jaws 8in","closed","6","16.0"
"D:\augmented_data_random_backgrounds\images\train\Needle_Holder_Mayo-Hegar_Straight_Carb-bite_Serrated_Jaws_8in_closed_06_aug018.jpg","Needle Holder Mayo-Hegar Straight Carb-bite Serrated Jaws 8in","closed","6","18.0"
"D:\augmented_data_random_backgrounds\images\train\Needle_Holder_Mayo-Hegar_Straight_Carb-bite_Serrated_Jaws_8in_closed_06_aug019.jpg","Needle Holder Mayo-Hegar Straight Carb-bite Serrated Jaws 8in","closed","6","19.0"
"D:\augmented_data_random_backgrounds\images\train\Needle_Holder_Mayo-Hegar_Straight_Carb-bite_Serrated_Jaws_8in_closed_07.jpg","Needle Holder Mayo-Hegar Straight Carb-bite Serrated Jaws 8in","closed","7",""
"D:\augmented_data_random_backgrounds\images\train\Needle_Holder_Mayo-Hegar_Straight_Carb-bite_Serrated_Jaws_8in_closed_07_aug000.jpg","Needle Holder Mayo-Hegar Straight Carb-bite Serrated Jaws 8in","closed","7","0.0"
"D:\augmented_data_random_backgrounds\images\train\Needle_Holder_Mayo-Hegar_Straight_Carb-bite_Serrated_Jaws_8in_closed_07_aug001.jpg","Needle Holder Mayo-Hegar Straight Carb-bite Serrated Jaws 8in","closed","7","1.0"
"D:\augmented_data_random_backgrounds\images\train\Needle_Holder_Mayo-Hegar_Straight_Carb-bite_Serrated_Jaws_8in_closed_07_aug002.jpg","Needle Holder Mayo-Hegar Straight Carb-bite Serrated Jaws 8in","closed","7","2.0"
"D:\augmented_data_random_backgrounds\images\train\Needle_Holder_Mayo-Hegar_Straight_Carb-bite_Serrated_Jaws_8in_closed_07_aug003.jpg","Needle Holder Mayo-Hegar Straight Carb-bite Serrated Jaws 8in","closed","7","3.0"
"D:\augmented_data_random_backgrounds\images\train\Needle_Holder_Mayo-Hegar_Straight_Carb-bite_Serrated_Jaws_8in_closed_07_aug004.jpg","Needle Holder Mayo-Hegar Straight Carb-bite Serrated Jaws 8in","closed","7","4.0"
"D:\augmented_data_random_backgrounds\images\train\Needle_Holder_Mayo-Hegar_Straight_Carb-bite_Serrated_Jaws_8in_closed_07_aug005.jpg","Needle Holder Mayo-Hegar Straight Carb-bite Serrated Jaws 8in","closed","7","5.0"
"D:\augmented_data_random_backgrounds\images\train\Needle_Holder_Mayo-Hegar_Straight_Carb-bite_Serrated_Jaws_8in_closed_07_aug006.jpg","Needle Holder Mayo-Hegar Straight Carb-bite Serrated Jaws 8in","closed","7","6.0"
"D:\augmented_data_random_backgrounds\images\train\Needle_Holder_Mayo-Hegar_Straight_Carb-bite_Serrated_Jaws_8in_closed_07_aug007.jpg","Needle Holder Mayo-Hegar Straight Carb-bite Serrated Jaws 8in","closed","7","7.0"
"D:\augmented_data_random_backgrounds\images\train\Needle_Holder_Mayo-Hegar_Straight_Carb-bite_Serrated_Jaws_8in_closed_07_aug010.jpg","Needle Holder Mayo-Hegar Straight Carb-bite Serrated Jaws 8in","closed","7","10.0"
"D:\augmented_data_random_backgrounds\images\train\Needle_Holder_Mayo-Hegar_Straight_Carb-bite_Serrated_Jaws_8in_closed_07_aug011.jpg","Needle Holder Mayo-Hegar Straight Carb-bite Serrated Jaws 8in","closed","7","11.0"
"D:\augmented_data_random_backgrounds\images\train\Needle_Holder_Mayo-Hegar_Straight_Carb-bite_Serrated_Jaws_8in_closed_07_aug012.jpg","Needle Holder Mayo-Hegar Straight Carb-bite Serrated Jaws 8in","closed","7","12.0"
"D:\augmented_data_random_backgrounds\images\train\Needle_Holder_Mayo-Hegar_Straight_Carb-bite_Serrated_Jaws_8in_closed_07_aug013.jpg","Needle Holder Mayo-Hegar Straight Carb-bite Serrated Jaws 8in","closed","7","13.0"
"D:\augmented_data_random_backgrounds\images\train\Needle_Holder_Mayo-Hegar_Straight_Carb-bite_Serrated_Jaws_8in_closed_07_aug014.jpg","Needle Holder Mayo-Hegar Straight Carb-bite Serrated Jaws 8in","closed","7","14.0"
"D:\augmented_data_random_backgrounds\images\train\Needle_Holder_Mayo-Hegar_Straight_Carb-bite_Serrated_Jaws_8in_closed_07_aug015.jpg","Needle Holder Mayo-Hegar Straight Carb-bite Serrated Jaws 8in","closed","7","15.0"
"D:\augmented_data_random_backgrounds\images\train\Needle_Holder_Mayo-Hegar_Straight_Carb-bite_Serrated_Jaws_8in_closed_07_aug016.jpg","Needle Holder Mayo-Hegar Straight Carb-bite Serrated Jaws 8in","closed","7","16.0"
"D:\augmented_data_random_backgrounds\images\train\Needle_Holder_Mayo-Hegar_Straight_Carb-bite_Serrated_Jaws_8in_closed_07_aug017.jpg","Needle Holder Mayo-Hegar Straight Carb-bite Serrated Jaws 8in","closed","7","17.0"
"D:\augmented_data_random_backgrounds\images\train\Needle_Holder_Mayo-Hegar_Straight_Carb-bite_Serrated_Jaws_8in_closed_08.jpg","Needle Holder Mayo-Hegar Straight Carb-bite Serrated Jaws 8in","closed","8",""
"D:\augmented_data_random_backgrounds\images\train\Needle_Holder_Mayo-Hegar_Straight_Carb-bite_Serrated_Jaws_8in_closed_08_aug001.jpg","Needle Holder Mayo-Hegar Straight Carb-bite Serrated Jaws 8in","closed","8","1.0"
"D:\augmented_data_random_backgrounds\images\train\Needle_Holder_Mayo-Hegar_Straight_Carb-bite_Serrated_Jaws_8in_closed_08_aug002.jpg","Needle Holder Mayo-Hegar Straight Carb-bite Serrated Jaws 8in","closed","8","2.0"
"D:\augmented_data_random_backgrounds\images\train\Needle_Holder_Mayo-Hegar_Straight_Carb-bite_Serrated_Jaws_8in_closed_08_aug003.jpg","Needle Holder Mayo-Hegar Straight Carb-bite Serrated Jaws 8in","closed","8","3.0"
"D:\augmented_data_random_backgrounds\images\train\Needle_Holder_Mayo-Hegar_Straight_Carb-bite_Serrated_Jaws_8in_closed_08_aug004.jpg","Needle Holder Mayo-Hegar Straight Carb-bite Serrated Jaws 8in","closed","8","4.0"
"D:\augmented_data_random_backgrounds\images\train\Needle_Holder_Mayo-Hegar_Straight_Carb-bite_Serrated_Jaws_8in_closed_08_aug005.jpg","Needle Holder Mayo-Hegar Straight Carb-bite Serrated Jaws 8in","closed","8","5.0"
"D:\augmented_data_random_backgrounds\images\train\Needle_Holder_Mayo-Hegar_Straight_Carb-bite_Serrated_Jaws_8in_closed_08_aug006.jpg","Needle Holder Mayo-Hegar Straight Carb-bite Serrated Jaws 8in","closed","8","6.0"
"D:\augmented_data_random_backgrounds\images\train\Needle_Holder_Mayo-Hegar_Straight_Carb-bite_Serrated_Jaws_8in_closed_08_aug007.jpg","Needle Holder Mayo-Hegar Straight Carb-bite Serrated Jaws 8in","closed","8","7.0"
"D:\augmented_data_random_backgrounds\images\train\Needle_Holder_Mayo-Hegar_Straight_Carb-bite_Serrated_Jaws_8in_closed_08_aug008.jpg","Needle Holder Mayo-Hegar Straight Carb-bite Serrated Jaws 8in","closed","8","8.0"
"D:\augmented_data_random_backgrounds\images\train\Needle_Holder_Mayo-Hegar_Straight_Carb-bite_Serrated_Jaws_8in_closed_08_aug009.jpg","Needle Holder Mayo-Hegar Straight Carb-bite Serrated Jaws 8in","closed","8","9.0"
"D:\augmented_data_random_backgrounds\images\train\Needle_Holder_Mayo-Hegar_Straight_Carb-bite_Serrated_Jaws_8in_closed_08_aug010.jpg","Needle Holder Mayo-Hegar Straight Carb-bite Serrated Jaws 8in","closed","8","10.0"
"D:\augmented_data_random_backgrounds\images\train\Needle_Holder_Mayo-Hegar_Straight_Carb-bite_Serrated_Jaws_8in_closed_08_aug011.jpg","Needle Holder Mayo-Hegar Straight Carb-bite Serrated Jaws 8in","closed","8","11.0"
"D:\augmented_data_random_backgrounds\images\train\Needle_Holder_Mayo-Hegar_Straight_Carb-bite_Serrated_Jaws_8in_closed_08_aug013.jpg","Needle Holder Mayo-Hegar Straight Carb-bite Serrated Jaws 8in","closed","8","13.0"
"D:\augmented_data_random_backgrounds\images\train\Needle_Holder_Mayo-Hegar_Straight_Carb-bite_Serrated_Jaws_8in_closed_08_aug014.jpg","Needle Holder Mayo-Hegar Straight Carb-bite Serrated Jaws 8in","closed","8","14.0"
"D:\augmented_data_random_backgrounds\images\train\Needle_Holder_Mayo-Hegar_Straight_Carb-bite_Serrated_Jaws_8in_closed_08_aug015.jpg","Needle Holder Mayo-Hegar Straight Carb-bite Serrated Jaws 8in","closed","8","15.0"
"D:\augmented_data_random_backgrounds\images\train\Needle_Holder_Mayo-Hegar_Straight_Carb-bite_Serrated_Jaws_8in_closed_08_aug016.jpg","Needle Holder Mayo-Hegar Straight Carb-bite Serrated Jaws 8in","closed","8","16.0"
"D:\augmented_data_random_backgrounds\images\train\Needle_Holder_Mayo-Hegar_Straight_Carb-bite_Serrated_Jaws_8in_closed_08_aug017.jpg","Needle Holder Mayo-Hegar Straight Carb-bite Serrated Jaws 8in","closed","8","17.0"
"D:\augmented_data_random_backgrounds\images\train\Needle_Holder_Mayo-Hegar_Straight_Carb-bite_Serrated_Jaws_8in_closed_08_aug018.jpg","Needle Holder Mayo-Hegar Straight Carb-bite Serrated Jaws 8in","closed","8","18.0"
"D:\augmented_data_random_backgrounds\images\train\Needle_Holder_Mayo-Hegar_Straight_Carb-bite_Serrated_Jaws_8in_closed_08_aug019.jpg","Needle Holder Mayo-Hegar Straight Carb-bite Serrated Jaws 8in","closed","8","19.0"
"D:\augmented_data_random_backgrounds\images\train\Needle_Holder_Mayo-Hegar_Straight_Carb-bite_Serrated_Jaws_8in_closed_09.jpg","Needle Holder Mayo-Hegar Straight Carb-bite Serrated Jaws 8in","closed","9",""
"D:\augmented_data_random_backgrounds\images\train\Needle_Holder_Mayo-Hegar_Straight_Carb-bite_Serrated_Jaws_8in_closed_09_aug000.jpg","Needle Holder Mayo-Hegar Straight Carb-bite Serrated Jaws 8in","closed","9","0.0"
"D:\augmented_data_random_backgrounds\images\train\Needle_Holder_Mayo-Hegar_Straight_Carb-bite_Serrated_Jaws_8in_closed_09_aug002.jpg","Needle Holder Mayo-Hegar Straight Carb-bite Serrated Jaws 8in","closed","9","2.0"
"D:\augmented_data_random_backgrounds\images\train\Needle_Holder_Mayo-Hegar_Straight_Carb-bite_Serrated_Jaws_8in_closed_09_aug003.jpg","Needle Holder Mayo-Hegar Straight Carb-bite Serrated Jaws 8in","closed","9","3.0"
"D:\augmented_data_random_backgrounds\images\train\Needle_Holder_Mayo-Hegar_Straight_Carb-bite_Serrated_Jaws_8in_closed_09_aug004.jpg","Needle Holder Mayo-Hegar Straight Carb-bite Serrated Jaws 8in","closed","9","4.0"
"D:\augmented_data_random_backgrounds\images\train\Needle_Holder_Mayo-Hegar_Straight_Carb-bite_Serrated_Jaws_8in_closed_09_aug005.jpg","Needle Holder Mayo-Hegar Straight Carb-bite Serrated Jaws 8in","closed","9","5.0"
"D:\augmented_data_random_backgrounds\images\train\Needle_Holder_Mayo-Hegar_Straight_Carb-bite_Serrated_Jaws_8in_closed_09_aug006.jpg","Needle Holder Mayo-Hegar Straight Carb-bite Serrated Jaws 8in","closed","9","6.0"
"D:\augmented_data_random_backgrounds\images\train\Needle_Holder_Mayo-Hegar_Straight_Carb-bite_Serrated_Jaws_8in_closed_09_aug007.jpg","Needle Holder Mayo-Hegar Straight Carb-bite Serrated Jaws 8in","closed","9","7.0"
"D:\augmented_data_random_backgrounds\images\train\Needle_Holder_Mayo-Hegar_Straight_Carb-bite_Serrated_Jaws_8in_closed_09_aug008.jpg","Needle Holder Mayo-Hegar Straight Carb-bite Serrated Jaws 8in","closed","9","8.0"
"D:\augmented_data_random_backgrounds\images\train\Needle_Holder_Mayo-Hegar_Straight_Carb-bite_Serrated_Jaws_8in_closed_09_aug009.jpg","Needle Holder Mayo-Hegar Straight Carb-bite Serrated Jaws 8in","closed","9","9.0"
"D:\augmented_data_random_backgrounds\images\train\Needle_Holder_Mayo-Hegar_Straight_Carb-bite_Serrated_Jaws_8in_closed_09_aug010.jpg","Needle Holder Mayo-Hegar Straight Carb-bite Serrated Jaws 8in","closed","9","10.0"
"D:\augmented_data_random_backgrounds\images\train\Needle_Holder_Mayo-Hegar_Straight_Carb-bite_Serrated_Jaws_8in_closed_09_aug011.jpg","Needle Holder Mayo-Hegar Straight Carb-bite Serrated Jaws 8in","closed","9","11.0"
"D:\augmented_data_random_backgrounds\images\train\Needle_Holder_Mayo-Hegar_Straight_Carb-bite_Serrated_Jaws_8in_closed_09_aug012.jpg","Needle Holder Mayo-Hegar Straight Carb-bite Serrated Jaws 8in","closed","9","12.0"
"D:\augmented_data_random_backgrounds\images\train\Needle_Holder_Mayo-Hegar_Straight_Carb-bite_Serrated_Jaws_8in_closed_09_aug015.jpg","Needle Holder Mayo-Hegar Straight Carb-bite Serrated Jaws 8in","closed","9","15.0"
"D:\augmented_data_random_backgrounds\images\train\Needle_Holder_Mayo-Hegar_Straight_Carb-bite_Serrated_Jaws_8in_closed_09_aug017.jpg","Needle Holder Mayo-Hegar Straight Carb-bite Serrated Jaws 8in","closed","9","17.0"
"D:\augmented_data_random_backgrounds\images\train\Needle_Holder_Mayo-Hegar_Straight_Carb-bite_Serrated_Jaws_8in_closed_09_aug018.jpg","Needle Holder Mayo-Hegar Straight Carb-bite Serrated Jaws 8in","closed","9","18.0"
"D:\augmented_data_random_backgrounds\images\train\Needle_Holder_Mayo-Hegar_Straight_Carb-bite_Serrated_Jaws_8in_closed_09_aug019.jpg","Needle Holder Mayo-Hegar Straight Carb-bite Serrated Jaws 8in","closed","9","19.0"
"D:\augmented_data_random_backgrounds\images\train\Needle_Holder_Mayo-Hegar_Straight_Carb-bite_Serrated_Jaws_8in_closed_10.jpg","Needle Holder Mayo-Hegar Straight Carb-bite Serrated Jaws 8in","closed","10",""
"D:\augmented_data_random_backgrounds\images\train\Needle_Holder_Mayo-Hegar_Straight_Carb-bite_Serrated_Jaws_8in_closed_10_aug000.jpg","Needle Holder Mayo-Hegar Straight Carb-bite Serrated Jaws 8in","closed","10","0.0"
"D:\augmented_data_random_backgrounds\images\train\Needle_Holder_Mayo-Hegar_Straight_Carb-bite_Serrated_Jaws_8in_closed_10_aug001.jpg","Needle Holder Mayo-Hegar Straight Carb-bite Serrated Jaws 8in","closed","10","1.0"
"D:\augmented_data_random_backgrounds\images\train\Needle_Holder_Mayo-Hegar_Straight_Carb-bite_Serrated_Jaws_8in_closed_10_aug002.jpg","Needle Holder Mayo-Hegar Straight Carb-bite Serrated Jaws 8in","closed","10","2.0"
"D:\augmented_data_random_backgrounds\images\train\Needle_Holder_Mayo-Hegar_Straight_Carb-bite_Serrated_Jaws_8in_closed_10_aug003.jpg","Needle Holder Mayo-Hegar Straight Carb-bite Serrated Jaws 8in","closed","10","3.0"
"D:\augmented_data_random_backgrounds\images\train\Needle_Holder_Mayo-Hegar_Straight_Carb-bite_Serrated_Jaws_8in_closed_10_aug004.jpg","Needle Holder Mayo-Hegar Straight Carb-bite Serrated Jaws 8in","closed","10","4.0"
"D:\augmented_data_random_backgrounds\images\train\Needle_Holder_Mayo-Hegar_Straight_Carb-bite_Serrated_Jaws_8in_closed_10_aug005.jpg","Needle Holder Mayo-Hegar Straight Carb-bite Serrated Jaws 8in","closed","10","5.0"
"D:\augmented_data_random_backgrounds\images\train\Needle_Holder_Mayo-Hegar_Straight_Carb-bite_Serrated_Jaws_8in_closed_10_aug006.jpg","Needle Holder Mayo-Hegar Straight Carb-bite Serrated Jaws 8in","closed","10","6.0"
"D:\augmented_data_random_backgrounds\images\train\Needle_Holder_Mayo-Hegar_Straight_Carb-bite_Serrated_Jaws_8in_closed_10_aug007.jpg","Needle Holder Mayo-Hegar Straight Carb-bite Serrated Jaws 8in","closed","10","7.0"
"D:\augmented_data_random_backgrounds\images\train\Needle_Holder_Mayo-Hegar_Straight_Carb-bite_Serrated_Jaws_8in_closed_10_aug008.jpg","Needle Holder Mayo-Hegar Straight Carb-bite Serrated Jaws 8in","closed","10","8.0"
"D:\augmented_data_random_backgrounds\images\train\Needle_Holder_Mayo-Hegar_Straight_Carb-bite_Serrated_Jaws_8in_closed_10_aug009.jpg","Needle Holder Mayo-Hegar Straight Carb-bite Serrated Jaws 8in","closed","10","9.0"
"D:\augmented_data_random_backgrounds\images\train\Needle_Holder_Mayo-Hegar_Straight_Carb-bite_Serrated_Jaws_8in_closed_10_aug011.jpg","Needle Holder Mayo-Hegar Straight Carb-bite Serrated Jaws 8in","closed","10","11.0"
"D:\augmented_data_random_backgrounds\images\train\Needle_Holder_Mayo-Hegar_Straight_Carb-bite_Serrated_Jaws_8in_closed_10_aug012.jpg","Needle Holder Mayo-Hegar Straight Carb-bite Serrated Jaws 8in","closed","10","12.0"
"D:\augmented_data_random_backgrounds\images\train\Needle_Holder_Mayo-Hegar_Straight_Carb-bite_Serrated_Jaws_8in_closed_10_aug013.jpg","Needle Holder Mayo-Hegar Straight Carb-bite Serrated Jaws 8in","closed","10","13.0"
"D:\augmented_data_random_backgrounds\images\train\Needle_Holder_Mayo-Hegar_Straight_Carb-bite_Serrated_Jaws_8in_closed_10_aug014.jpg","Needle Holder Mayo-Hegar Straight Carb-bite Serrated Jaws 8in","closed","10","14.0"
"D:\augmented_data_random_backgrounds\images\train\Needle_Holder_Mayo-Hegar_Straight_Carb-bite_Serrated_Jaws_8in_closed_10_aug015.jpg","Needle Holder Mayo-Hegar Straight Carb-bite Serrated Jaws 8in","closed","10","15.0"
"D:\augmented_data_random_backgrounds\images\train\Needle_Holder_Mayo-Hegar_Straight_Carb-bite_Serrated_Jaws_8in_closed_10_aug016.jpg","Needle Holder Mayo-Hegar Straight Carb-bite Serrated Jaws 8in","closed","10","16.0"
"D:\augmented_data_random_backgrounds\images\train\Needle_Holder_Mayo-Hegar_Straight_Carb-bite_Serrated_Jaws_8in_closed_10_aug017.jpg","Needle Holder Mayo-Hegar Straight Carb-bite Serrated Jaws 8in","closed","10","17.0"
"D:\augmented_data_random_backgrounds\images\train\Needle_Holder_Mayo-Hegar_Straight_Carb-bite_Serrated_Jaws_8in_closed_10_aug018.jpg","Needle Holder Mayo-Hegar Straight Carb-bite Serrated Jaws 8in","closed","10","18.0"
"D:\augmented_data_random_backgrounds\images\train\Needle_Holder_Mayo-Hegar_Straight_Carb-bite_Serrated_Jaws_8in_closed_11.jpg","Needle Holder Mayo-Hegar Straight Carb-bite Serrated Jaws 8in","closed","11",""
"D:\augmented_data_random_backgrounds\images\train\Needle_Holder_Mayo-Hegar_Straight_Carb-bite_Serrated_Jaws_8in_closed_11_aug000.jpg","Needle Holder Mayo-Hegar Straight Carb-bite Serrated Jaws 8in","closed","11","0.0"
"D:\augmented_data_random_backgrounds\images\train\Needle_Holder_Mayo-Hegar_Straight_Carb-bite_Serrated_Jaws_8in_closed_11_aug001.jpg","Needle Holder Mayo-Hegar Straight Carb-bite Serrated Jaws 8in","closed","11","1.0"
"D:\augmented_data_random_backgrounds\images\train\Needle_Holder_Mayo-Hegar_Straight_Carb-bite_Serrated_Jaws_8in_closed_11_aug002.jpg","Needle Holder Mayo-Hegar Straight Carb-bite Serrated Jaws 8in","closed","11","2.0"
"D:\augmented_data_random_backgrounds\images\train\Needle_Holder_Mayo-Hegar_Straight_Carb-bite_Serrated_Jaws_8in_closed_11_aug004.jpg","Needle Holder Mayo-Hegar Straight Carb-bite Serrated Jaws 8in","closed","11","4.0"
"D:\augmented_data_random_backgrounds\images\train\Needle_Holder_Mayo-Hegar_Straight_Carb-bite_Serrated_Jaws_8in_closed_11_aug005.jpg","Needle Holder Mayo-Hegar Straight Carb-bite Serrated Jaws 8in","closed","11","5.0"
"D:\augmented_data_random_backgrounds\images\train\Needle_Holder_Mayo-Hegar_Straight_Carb-bite_Serrated_Jaws_8in_closed_11_aug007.jpg","Needle Holder Mayo-Hegar Straight Carb-bite Serrated Jaws 8in","closed","11","7.0"
"D:\augmented_data_random_backgrounds\images\train\Needle_Holder_Mayo-Hegar_Straight_Carb-bite_Serrated_Jaws_8in_closed_11_aug008.jpg","Needle Holder Mayo-Hegar Straight Carb-bite Serrated Jaws 8in","closed","11","8.0"
"D:\augmented_data_random_backgrounds\images\train\Needle_Holder_Mayo-Hegar_Straight_Carb-bite_Serrated_Jaws_8in_closed_11_aug009.jpg","Needle Holder Mayo-Hegar Straight Carb-bite Serrated Jaws 8in","closed","11","9.0"
"D:\augmented_data_random_backgrounds\images\train\Needle_Holder_Mayo-Hegar_Straight_Carb-bite_Serrated_Jaws_8in_closed_11_aug010.jpg","Needle Holder Mayo-Hegar Straight Carb-bite Serrated Jaws 8in","closed","11","10.0"
"D:\augmented_data_random_backgrounds\images\train\Needle_Holder_Mayo-Hegar_Straight_Carb-bite_Serrated_Jaws_8in_closed_11_aug011.jpg","Needle Holder Mayo-Hegar Straight Carb-bite Serrated Jaws 8in","closed","11","11.0"
"D:\augmented_data_random_backgrounds\images\train\Needle_Holder_Mayo-Hegar_Straight_Carb-bite_Serrated_Jaws_8in_closed_11_aug012.jpg","Needle Holder Mayo-Hegar Straight Carb-bite Serrated Jaws 8in","closed","11","12.0"
"D:\augmented_data_random_backgrounds\images\train\Needle_Holder_Mayo-Hegar_Straight_Carb-bite_Serrated_Jaws_8in_closed_11_aug014.jpg","Needle Holder Mayo-Hegar Straight Carb-bite Serrated Jaws 8in","closed","11","14.0"
"D:\augmented_data_random_backgrounds\images\train\Needle_Holder_Mayo-Hegar_Straight_Carb-bite_Serrated_Jaws_8in_closed_11_aug016.jpg","Needle Holder Mayo-Hegar Straight Carb-bite Serrated Jaws 8in","closed","11","16.0"
"D:\augmented_data_random_backgrounds\images\train\Needle_Holder_Mayo-Hegar_Straight_Carb-bite_Serrated_Jaws_8in_closed_11_aug018.jpg","Needle Holder Mayo-Hegar Straight Carb-bite Serrated Jaws 8in","closed","11","18.0"
"D:\augmented_data_random_backgrounds\images\train\Needle_Holder_Mayo-Hegar_Straight_Carb-bite_Serrated_Jaws_8in_closed_11_aug019.jpg","Needle Holder Mayo-Hegar Straight Carb-bite Serrated Jaws 8in","closed","11","19.0"
"D:\augmented_data_random_backgrounds\images\train\Needle_Holder_Mayo-Hegar_Straight_Carb-bite_Serrated_Jaws_8in_closed_12.jpg","Needle Holder Mayo-Hegar Straight Carb-bite Serrated Jaws 8in","closed","12",""
"D:\augmented_data_random_backgrounds\images\train\Needle_Holder_Mayo-Hegar_Straight_Carb-bite_Serrated_Jaws_8in_closed_12_aug000.jpg","Needle Holder Mayo-Hegar Straight Carb-bite Serrated Jaws 8in","closed","12","0.0"
"D:\augmented_data_random_backgrounds\images\train\Needle_Holder_Mayo-Hegar_Straight_Carb-bite_Serrated_Jaws_8in_closed_12_aug001.jpg","Needle Holder Mayo-Hegar Straight Carb-bite Serrated Jaws 8in","closed","12","1.0"
"D:\augmented_data_random_backgrounds\images\train\Needle_Holder_Mayo-Hegar_Straight_Carb-bite_Serrated_Jaws_8in_closed_12_aug002.jpg","Needle Holder Mayo-Hegar Straight Carb-bite Serrated Jaws 8in","closed","12","2.0"
"D:\augmented_data_random_backgrounds\images\train\Needle_Holder_Mayo-Hegar_Straight_Carb-bite_Serrated_Jaws_8in_closed_12_aug003.jpg","Needle Holder Mayo-Hegar Straight Carb-bite Serrated Jaws 8in","closed","12","3.0"
"D:\augmented_data_random_backgrounds\images\train\Needle_Holder_Mayo-Hegar_Straight_Carb-bite_Serrated_Jaws_8in_closed_12_aug005.jpg","Needle Holder Mayo-Hegar Straight Carb-bite Serrated Jaws 8in","closed","12","5.0"
"D:\augmented_data_random_backgrounds\images\train\Needle_Holder_Mayo-Hegar_Straight_Carb-bite_Serrated_Jaws_8in_closed_12_aug006.jpg","Needle Holder Mayo-Hegar Straight Carb-bite Serrated Jaws 8in","closed","12","6.0"
"D:\augmented_data_random_backgrounds\images\train\Needle_Holder_Mayo-Hegar_Straight_Carb-bite_Serrated_Jaws_8in_closed_12_aug007.jpg","Needle Holder Mayo-Hegar Straight Carb-bite Serrated Jaws 8in","closed","12","7.0"
"D:\augmented_data_random_backgrounds\images\train\Needle_Holder_Mayo-Hegar_Straight_Carb-bite_Serrated_Jaws_8in_closed_12_aug008.jpg","Needle Holder Mayo-Hegar Straight Carb-bite Serrated Jaws 8in","closed","12","8.0"
"D:\augmented_data_random_backgrounds\images\train\Needle_Holder_Mayo-Hegar_Straight_Carb-bite_Serrated_Jaws_8in_closed_12_aug009.jpg","Needle Holder Mayo-Hegar Straight Carb-bite Serrated Jaws 8in","closed","12","9.0"
"D:\augmented_data_random_backgrounds\images\train\Needle_Holder_Mayo-Hegar_Straight_Carb-bite_Serrated_Jaws_8in_closed_12_aug012.jpg","Needle Holder Mayo-Hegar Straight Carb-bite Serrated Jaws 8in","closed","12","12.0"
"D:\augmented_data_random_backgrounds\images\train\Needle_Holder_Mayo-Hegar_Straight_Carb-bite_Serrated_Jaws_8in_closed_12_aug013.jpg","Needle Holder Mayo-Hegar Straight Carb-bite Serrated Jaws 8in","closed","12","13.0"
"D:\augmented_data_random_backgrounds\images\train\Needle_Holder_Mayo-Hegar_Straight_Carb-bite_Serrated_Jaws_8in_closed_12_aug014.jpg","Needle Holder Mayo-Hegar Straight Carb-bite Serrated Jaws 8in","closed","12","14.0"
"D:\augmented_data_random_backgrounds\images\train\Needle_Holder_Mayo-Hegar_Straight_Carb-bite_Serrated_Jaws_8in_closed_12_aug015.jpg","Needle Holder Mayo-Hegar Straight Carb-bite Serrated Jaws 8in","closed","12","15.0"
"D:\augmented_data_random_backgrounds\images\train\Needle_Holder_Mayo-Hegar_Straight_Carb-bite_Serrated_Jaws_8in_closed_12_aug016.jpg","Needle Holder Mayo-Hegar Straight Carb-bite Serrated Jaws 8in","closed","12","16.0"
"D:\augmented_data_random_backgrounds\images\train\Needle_Holder_Mayo-Hegar_Straight_Carb-bite_Serrated_Jaws_8in_closed_12_aug017.jpg","Needle Holder Mayo-Hegar Straight Carb-bite Serrated Jaws 8in","closed","12","17.0"
"D:\augmented_data_random_backgrounds\images\train\Needle_Holder_Mayo-Hegar_Straight_Carb-bite_Serrated_Jaws_8in_closed_12_aug018.jpg","Needle Holder Mayo-Hegar Straight Carb-bite Serrated Jaws 8in","closed","12","18.0"
"D:\augmented_data_random_backgrounds\images\train\Needle_Holder_Mayo-Hegar_Straight_Carb-bite_Serrated_Jaws_8in_closed_12_aug019.jpg","Needle Holder Mayo-Hegar Straight Carb-bite Serrated Jaws 8in","closed","12","19.0"
"D:\augmented_data_random_backgrounds\images\train\Needle_Holder_Mayo-Hegar_Straight_Carb-bite_Serrated_Jaws_8in_closed_13.jpg","Needle Holder Mayo-Hegar Straight Carb-bite Serrated Jaws 8in","closed","13",""
"D:\augmented_data_random_backgrounds\images\train\Needle_Holder_Mayo-Hegar_Straight_Carb-bite_Serrated_Jaws_8in_closed_13_aug000.jpg","Needle Holder Mayo-Hegar Straight Carb-bite Serrated Jaws 8in","closed","13","0.0"
"D:\augmented_data_random_backgrounds\images\train\Needle_Holder_Mayo-Hegar_Straight_Carb-bite_Serrated_Jaws_8in_closed_13_aug001.jpg","Needle Holder Mayo-Hegar Straight Carb-bite Serrated Jaws 8in","closed","13","1.0"
"D:\augmented_data_random_backgrounds\images\train\Needle_Holder_Mayo-Hegar_Straight_Carb-bite_Serrated_Jaws_8in_closed_13_aug002.jpg","Needle Holder Mayo-Hegar Straight Carb-bite Serrated Jaws 8in","closed","13","2.0"
"D:\augmented_data_random_backgrounds\images\train\Needle_Holder_Mayo-Hegar_Straight_Carb-bite_Serrated_Jaws_8in_closed_13_aug003.jpg","Needle Holder Mayo-Hegar Straight Carb-bite Serrated Jaws 8in","closed","13","3.0"
"D:\augmented_data_random_backgrounds\images\train\Needle_Holder_Mayo-Hegar_Straight_Carb-bite_Serrated_Jaws_8in_closed_13_aug004.jpg","Needle Holder Mayo-Hegar Straight Carb-bite Serrated Jaws 8in","closed","13","4.0"
"D:\augmented_data_random_backgrounds\images\train\Needle_Holder_Mayo-Hegar_Straight_Carb-bite_Serrated_Jaws_8in_closed_13_aug005.jpg","Needle Holder Mayo-Hegar Straight Carb-bite Serrated Jaws 8in","closed","13","5.0"
"D:\augmented_data_random_backgrounds\images\train\Needle_Holder_Mayo-Hegar_Straight_Carb-bite_Serrated_Jaws_8in_closed_13_aug006.jpg","Needle Holder Mayo-Hegar Straight Carb-bite Serrated Jaws 8in","closed","13","6.0"
"D:\augmented_data_random_backgrounds\images\train\Needle_Holder_Mayo-Hegar_Straight_Carb-bite_Serrated_Jaws_8in_closed_13_aug007.jpg","Needle Holder Mayo-Hegar Straight Carb-bite Serrated Jaws 8in","closed","13","7.0"
"D:\augmented_data_random_backgrounds\images\train\Needle_Holder_Mayo-Hegar_Straight_Carb-bite_Serrated_Jaws_8in_closed_13_aug008.jpg","Needle Holder Mayo-Hegar Straight Carb-bite Serrated Jaws 8in","closed","13","8.0"
"D:\augmented_data_random_backgrounds\images\train\Needle_Holder_Mayo-Hegar_Straight_Carb-bite_Serrated_Jaws_8in_closed_13_aug009.jpg","Needle Holder Mayo-Hegar Straight Carb-bite Serrated Jaws 8in","closed","13","9.0"
"D:\augmented_data_random_backgrounds\images\train\Needle_Holder_Mayo-Hegar_Straight_Carb-bite_Serrated_Jaws_8in_closed_13_aug010.jpg","Needle Holder Mayo-Hegar Straight Carb-bite Serrated Jaws 8in","closed","13","10.0"
"D:\augmented_data_random_backgrounds\images\train\Needle_Holder_Mayo-Hegar_Straight_Carb-bite_Serrated_Jaws_8in_closed_13_aug011.jpg","Needle Holder Mayo-Hegar Straight Carb-bite Serrated Jaws 8in","closed","13","11.0"
"D:\augmented_data_random_backgrounds\images\train\Needle_Holder_Mayo-Hegar_Straight_Carb-bite_Serrated_Jaws_8in_closed_13_aug012.jpg","Needle Holder Mayo-Hegar Straight Carb-bite Serrated Jaws 8in","closed","13","12.0"
"D:\augmented_data_random_backgrounds\images\train\Needle_Holder_Mayo-Hegar_Straight_Carb-bite_Serrated_Jaws_8in_closed_13_aug013.jpg","Needle Holder Mayo-Hegar Straight Carb-bite Serrated Jaws 8in","closed","13","13.0"
"D:\augmented_data_random_backgrounds\images\train\Needle_Holder_Mayo-Hegar_Straight_Carb-bite_Serrated_Jaws_8in_closed_13_aug014.jpg","Needle Holder Mayo-Hegar Straight Carb-bite Serrated Jaws 8in","closed","13","14.0"
"D:\augmented_data_random_backgrounds\images\train\Needle_Holder_Mayo-Hegar_Straight_Carb-bite_Serrated_Jaws_8in_closed_13_aug015.jpg","Needle Holder Mayo-Hegar Straight Carb-bite Serrated Jaws 8in","closed","13","15.0"
"D:\augmented_data_random_backgrounds\images\train\Needle_Holder_Mayo-Hegar_Straight_Carb-bite_Serrated_Jaws_8in_closed_13_aug016.jpg","Needle Holder Mayo-Hegar Straight Carb-bite Serrated Jaws 8in","closed","13","16.0"
"D:\augmented_data_random_backgrounds\images\train\Needle_Holder_Mayo-Hegar_Straight_Carb-bite_Serrated_Jaws_8in_closed_13_aug017.jpg","Needle Holder Mayo-Hegar Straight Carb-bite Serrated Jaws 8in","closed","13","17.0"
"D:\augmented_data_random_backgrounds\images\train\Needle_Holder_Mayo-Hegar_Straight_Carb-bite_Serrated_Jaws_8in_closed_13_aug018.jpg","Needle Holder Mayo-Hegar Straight Carb-bite Serrated Jaws 8in","closed","13","18.0"
"D:\augmented_data_random_backgrounds\images\train\Needle_Holder_Mayo-Hegar_Straight_Carb-bite_Serrated_Jaws_8in_closed_14.jpg","Needle Holder Mayo-Hegar Straight Carb-bite Serrated Jaws 8in","closed","14",""
"D:\augmented_data_random_backgrounds\images\train\Needle_Holder_Mayo-Hegar_Straight_Carb-bite_Serrated_Jaws_8in_closed_14_aug002.jpg","Needle Holder Mayo-Hegar Straight Carb-bite Serrated Jaws 8in","closed","14","2.0"
"D:\augmented_data_random_backgrounds\images\train\Needle_Holder_Mayo-Hegar_Straight_Carb-bite_Serrated_Jaws_8in_closed_14_aug003.jpg","Needle Holder Mayo-Hegar Straight Carb-bite Serrated Jaws 8in","closed","14","3.0"
"D:\augmented_data_random_backgrounds\images\train\Needle_Holder_Mayo-Hegar_Straight_Carb-bite_Serrated_Jaws_8in_closed_14_aug004.jpg","Needle Holder Mayo-Hegar Straight Carb-bite Serrated Jaws 8in","closed","14","4.0"
"D:\augmented_data_random_backgrounds\images\train\Needle_Holder_Mayo-Hegar_Straight_Carb-bite_Serrated_Jaws_8in_closed_14_aug006.jpg","Needle Holder Mayo-Hegar Straight Carb-bite Serrated Jaws 8in","closed","14","6.0"
"D:\augmented_data_random_backgrounds\images\train\Needle_Holder_Mayo-Hegar_Straight_Carb-bite_Serrated_Jaws_8in_closed_14_aug007.jpg","Needle Holder Mayo-Hegar Straight Carb-bite Serrated Jaws 8in","closed","14","7.0"
"D:\augmented_data_random_backgrounds\images\train\Needle_Holder_Mayo-Hegar_Straight_Carb-bite_Serrated_Jaws_8in_closed_14_aug008.jpg","Needle Holder Mayo-Hegar Straight Carb-bite Serrated Jaws 8in","closed","14","8.0"
"D:\augmented_data_random_backgrounds\images\train\Needle_Holder_Mayo-Hegar_Straight_Carb-bite_Serrated_Jaws_8in_closed_14_aug009.jpg","Needle Holder Mayo-Hegar Straight Carb-bite Serrated Jaws 8in","closed","14","9.0"
"D:\augmented_data_random_backgrounds\images\train\Needle_Holder_Mayo-Hegar_Straight_Carb-bite_Serrated_Jaws_8in_closed_14_aug010.jpg","Needle Holder Mayo-Hegar Straight Carb-bite Serrated Jaws 8in","closed","14","10.0"
"D:\augmented_data_random_backgrounds\images\train\Needle_Holder_Mayo-Hegar_Straight_Carb-bite_Serrated_Jaws_8in_closed_14_aug011.jpg","Needle Holder Mayo-Hegar Straight Carb-bite Serrated Jaws 8in","closed","14","11.0"
"D:\augmented_data_random_backgrounds\images\train\Needle_Holder_Mayo-Hegar_Straight_Carb-bite_Serrated_Jaws_8in_closed_14_aug012.jpg","Needle Holder Mayo-Hegar Straight Carb-bite Serrated Jaws 8in","closed","14","12.0"
"D:\augmented_data_random_backgrounds\images\train\Needle_Holder_Mayo-Hegar_Straight_Carb-bite_Serrated_Jaws_8in_closed_14_aug014.jpg","Needle Holder Mayo-Hegar Straight Carb-bite Serrated Jaws 8in","closed","14","14.0"
"D:\augmented_data_random_backgrounds\images\train\Needle_Holder_Mayo-Hegar_Straight_Carb-bite_Serrated_Jaws_8in_closed_14_aug015.jpg","Needle Holder Mayo-Hegar Straight Carb-bite Serrated Jaws 8in","closed","14","15.0"
"D:\augmented_data_random_backgrounds\images\train\Needle_Holder_Mayo-Hegar_Straight_Carb-bite_Serrated_Jaws_8in_closed_14_aug016.jpg","Needle Holder Mayo-Hegar Straight Carb-bite Serrated Jaws 8in","closed","14","16.0"
"D:\augmented_data_random_backgrounds\images\train\Needle_Holder_Mayo-Hegar_Straight_Carb-bite_Serrated_Jaws_8in_closed_14_aug017.jpg","Needle Holder Mayo-Hegar Straight Carb-bite Serrated Jaws 8in","closed","14","17.0"
"D:\augmented_data_random_backgrounds\images\train\Needle_Holder_Mayo-Hegar_Straight_Carb-bite_Serrated_Jaws_8in_closed_14_aug018.jpg","Needle Holder Mayo-Hegar Straight Carb-bite Serrated Jaws 8in","closed","14","18.0"
"D:\augmented_data_random_backgrounds\images\train\Needle_Holder_Mayo-Hegar_Straight_Carb-bite_Serrated_Jaws_8in_closed_14_aug019.jpg","Needle Holder Mayo-Hegar Straight Carb-bite Serrated Jaws 8in","closed","14","19.0"
"D:\augmented_data_random_backgrounds\images\train\Needle_Holder_Mayo-Hegar_Straight_Carb-bite_Serrated_Jaws_8in_closed_15.jpg","Needle Holder Mayo-Hegar Straight Carb-bite Serrated Jaws 8in","closed","15",""
"D:\augmented_data_random_backgrounds\images\train\Needle_Holder_Mayo-Hegar_Straight_Carb-bite_Serrated_Jaws_8in_closed_15_aug000.jpg","Needle Holder Mayo-Hegar Straight Carb-bite Serrated Jaws 8in","closed","15","0.0"
"D:\augmented_data_random_backgrounds\images\train\Needle_Holder_Mayo-Hegar_Straight_Carb-bite_Serrated_Jaws_8in_closed_15_aug001.jpg","Needle Holder Mayo-Hegar Straight Carb-bite Serrated Jaws 8in","closed","15","1.0"
"D:\augmented_data_random_backgrounds\images\train\Needle_Holder_Mayo-Hegar_Straight_Carb-bite_Serrated_Jaws_8in_closed_15_aug002.jpg","Needle Holder Mayo-Hegar Straight Carb-bite Serrated Jaws 8in","closed","15","2.0"
"D:\augmented_data_random_backgrounds\images\train\Needle_Holder_Mayo-Hegar_Straight_Carb-bite_Serrated_Jaws_8in_closed_15_aug003.jpg","Needle Holder Mayo-Hegar Straight Carb-bite Serrated Jaws 8in","closed","15","3.0"
"D:\augmented_data_random_backgrounds\images\train\Needle_Holder_Mayo-Hegar_Straight_Carb-bite_Serrated_Jaws_8in_closed_15_aug004.jpg","Needle Holder Mayo-Hegar Straight Carb-bite Serrated Jaws 8in","closed","15","4.0"
"D:\augmented_data_random_backgrounds\images\train\Needle_Holder_Mayo-Hegar_Straight_Carb-bite_Serrated_Jaws_8in_closed_15_aug005.jpg","Needle Holder Mayo-Hegar Straight Carb-bite Serrated Jaws 8in","closed","15","5.0"
"D:\augmented_data_random_backgrounds\images\train\Needle_Holder_Mayo-Hegar_Straight_Carb-bite_Serrated_Jaws_8in_closed_15_aug006.jpg","Needle Holder Mayo-Hegar Straight Carb-bite Serrated Jaws 8in","closed","15","6.0"
"D:\augmented_data_random_backgrounds\images\train\Needle_Holder_Mayo-Hegar_Straight_Carb-bite_Serrated_Jaws_8in_closed_15_aug007.jpg","Needle Holder Mayo-Hegar Straight Carb-bite Serrated Jaws 8in","closed","15","7.0"
"D:\augmented_data_random_backgrounds\images\train\Needle_Holder_Mayo-Hegar_Straight_Carb-bite_Serrated_Jaws_8in_closed_15_aug008.jpg","Needle Holder Mayo-Hegar Straight Carb-bite Serrated Jaws 8in","closed","15","8.0"
"D:\augmented_data_random_backgrounds\images\train\Needle_Holder_Mayo-Hegar_Straight_Carb-bite_Serrated_Jaws_8in_closed_15_aug009.jpg","Needle Holder Mayo-Hegar Straight Carb-bite Serrated Jaws 8in","closed","15","9.0"
"D:\augmented_data_random_backgrounds\images\train\Needle_Holder_Mayo-Hegar_Straight_Carb-bite_Serrated_Jaws_8in_closed_15_aug010.jpg","Needle Holder Mayo-Hegar Straight Carb-bite Serrated Jaws 8in","closed","15","10.0"
"D:\augmented_data_random_backgrounds\images\train\Needle_Holder_Mayo-Hegar_Straight_Carb-bite_Serrated_Jaws_8in_closed_15_aug011.jpg","Needle Holder Mayo-Hegar Straight Carb-bite Serrated Jaws 8in","closed","15","11.0"
"D:\augmented_data_random_backgrounds\images\train\Needle_Holder_Mayo-Hegar_Straight_Carb-bite_Serrated_Jaws_8in_closed_15_aug012.jpg","Needle Holder Mayo-Hegar Straight Carb-bite Serrated Jaws 8in","closed","15","12.0"
"D:\augmented_data_random_backgrounds\images\train\Needle_Holder_Mayo-Hegar_Straight_Carb-bite_Serrated_Jaws_8in_closed_15_aug013.jpg","Needle Holder Mayo-Hegar Straight Carb-bite Serrated Jaws 8in","closed","15","13.0"
"D:\augmented_data_random_backgrounds\images\train\Needle_Holder_Mayo-Hegar_Straight_Carb-bite_Serrated_Jaws_8in_closed_15_aug014.jpg","Needle Holder Mayo-Hegar Straight Carb-bite Serrated Jaws 8in","closed","15","14.0"
"D:\augmented_data_random_backgrounds\images\train\Needle_Holder_Mayo-Hegar_Straight_Carb-bite_Serrated_Jaws_8in_closed_15_aug015.jpg","Needle Holder Mayo-Hegar Straight Carb-bite Serrated Jaws 8in","closed","15","15.0"
"D:\augmented_data_random_backgrounds\images\train\Needle_Holder_Mayo-Hegar_Straight_Carb-bite_Serrated_Jaws_8in_closed_15_aug016.jpg","Needle Holder Mayo-Hegar Straight Carb-bite Serrated Jaws 8in","closed","15","16.0"
"D:\augmented_data_random_backgrounds\images\train\Needle_Holder_Mayo-Hegar_Straight_Carb-bite_Serrated_Jaws_8in_closed_15_aug017.jpg","Needle Holder Mayo-Hegar Straight Carb-bite Serrated Jaws 8in","closed","15","17.0"
"D:\augmented_data_random_backgrounds\images\train\Needle_Holder_Mayo-Hegar_Straight_Carb-bite_Serrated_Jaws_8in_closed_15_aug018.jpg","Needle Holder Mayo-Hegar Straight Carb-bite Serrated Jaws 8in","closed","15","18.0"
"D:\augmented_data_random_backgrounds\images\train\Needle_Holder_Mayo-Hegar_Straight_Carb-bite_Serrated_Jaws_8in_closed_15_aug019.jpg","Needle Holder Mayo-Hegar Straight Carb-bite Serrated Jaws 8in","closed","15","19.0"
"D:\augmented_data_random_backgrounds\images\train\Needle_Holder_Mayo-Hegar_Straight_Carb-bite_Serrated_Jaws_8in_closed_16.jpg","Needle Holder Mayo-Hegar Straight Carb-bite Serrated Jaws 8in","closed","16",""
"D:\augmented_data_random_backgrounds\images\train\Needle_Holder_Mayo-Hegar_Straight_Carb-bite_Serrated_Jaws_8in_closed_16_aug000.jpg","Needle Holder Mayo-Hegar Straight Carb-bite Serrated Jaws 8in","closed","16","0.0"
"D:\augmented_data_random_backgrounds\images\train\Needle_Holder_Mayo-Hegar_Straight_Carb-bite_Serrated_Jaws_8in_closed_16_aug001.jpg","Needle Holder Mayo-Hegar Straight Carb-bite Serrated Jaws 8in","closed","16","1.0"
"D:\augmented_data_random_backgrounds\images\train\Needle_Holder_Mayo-Hegar_Straight_Carb-bite_Serrated_Jaws_8in_closed_16_aug002.jpg","Needle Holder Mayo-Hegar Straight Carb-bite Serrated Jaws 8in","closed","16","2.0"
"D:\augmented_data_random_backgrounds\images\train\Needle_Holder_Mayo-Hegar_Straight_Carb-bite_Serrated_Jaws_8in_closed_16_aug004.jpg","Needle Holder Mayo-Hegar Straight Carb-bite Serrated Jaws 8in","closed","16","4.0"
"D:\augmented_data_random_backgrounds\images\train\Needle_Holder_Mayo-Hegar_Straight_Carb-bite_Serrated_Jaws_8in_closed_16_aug005.jpg","Needle Holder Mayo-Hegar Straight Carb-bite Serrated Jaws 8in","closed","16","5.0"
"D:\augmented_data_random_backgrounds\images\train\Needle_Holder_Mayo-Hegar_Straight_Carb-bite_Serrated_Jaws_8in_closed_16_aug006.jpg","Needle Holder Mayo-Hegar Straight Carb-bite Serrated Jaws 8in","closed","16","6.0"
"D:\augmented_data_random_backgrounds\images\train\Needle_Holder_Mayo-Hegar_Straight_Carb-bite_Serrated_Jaws_8in_closed_16_aug007.jpg","Needle Holder Mayo-Hegar Straight Carb-bite Serrated Jaws 8in","closed","16","7.0"
"D:\augmented_data_random_backgrounds\images\train\Needle_Holder_Mayo-Hegar_Straight_Carb-bite_Serrated_Jaws_8in_closed_16_aug008.jpg","Needle Holder Mayo-Hegar Straight Carb-bite Serrated Jaws 8in","closed","16","8.0"
"D:\augmented_data_random_backgrounds\images\train\Needle_Holder_Mayo-Hegar_Straight_Carb-bite_Serrated_Jaws_8in_closed_16_aug009.jpg","Needle Holder Mayo-Hegar Straight Carb-bite Serrated Jaws 8in","closed","16","9.0"
"D:\augmented_data_random_backgrounds\images\train\Needle_Holder_Mayo-Hegar_Straight_Carb-bite_Serrated_Jaws_8in_closed_16_aug010.jpg","Needle Holder Mayo-Hegar Straight Carb-bite Serrated Jaws 8in","closed","16","10.0"
"D:\augmented_data_random_backgrounds\images\train\Needle_Holder_Mayo-Hegar_Straight_Carb-bite_Serrated_Jaws_8in_closed_16_aug011.jpg","Needle Holder Mayo-Hegar Straight Carb-bite Serrated Jaws 8in","closed","16","11.0"
"D:\augmented_data_random_backgrounds\images\train\Needle_Holder_Mayo-Hegar_Straight_Carb-bite_Serrated_Jaws_8in_closed_16_aug012.jpg","Needle Holder Mayo-Hegar Straight Carb-bite Serrated Jaws 8in","closed","16","12.0"
"D:\augmented_data_random_backgrounds\images\train\Needle_Holder_Mayo-Hegar_Straight_Carb-bite_Serrated_Jaws_8in_closed_16_aug013.jpg","Needle Holder Mayo-Hegar Straight Carb-bite Serrated Jaws 8in","closed","16","13.0"
"D:\augmented_data_random_backgrounds\images\train\Needle_Holder_Mayo-Hegar_Straight_Carb-bite_Serrated_Jaws_8in_closed_16_aug014.jpg","Needle Holder Mayo-Hegar Straight Carb-bite Serrated Jaws 8in","closed","16","14.0"
"D:\augmented_data_random_backgrounds\images\train\Needle_Holder_Mayo-Hegar_Straight_Carb-bite_Serrated_Jaws_8in_closed_16_aug015.jpg","Needle Holder Mayo-Hegar Straight Carb-bite Serrated Jaws 8in","closed","16","15.0"
"D:\augmented_data_random_backgrounds\images\train\Needle_Holder_Mayo-Hegar_Straight_Carb-bite_Serrated_Jaws_8in_closed_16_aug016.jpg","Needle Holder Mayo-Hegar Straight Carb-bite Serrated Jaws 8in","closed","16","16.0"
"D:\augmented_data_random_backgrounds\images\train\Needle_Holder_Mayo-Hegar_Straight_Carb-bite_Serrated_Jaws_8in_closed_16_aug019.jpg","Needle Holder Mayo-Hegar Straight Carb-bite Serrated Jaws 8in","closed","16","19.0"
"D:\augmented_data_random_backgrounds\images\train\Needle_Holder_Mayo-Hegar_Straight_Carb-bite_Serrated_Jaws_8in_closed_17.jpg","Needle Holder Mayo-Hegar Straight Carb-bite Serrated Jaws 8in","closed","17",""
"D:\augmented_data_random_backgrounds\images\train\Needle_Holder_Mayo-Hegar_Straight_Carb-bite_Serrated_Jaws_8in_closed_17_aug000.jpg","Needle Holder Mayo-Hegar Straight Carb-bite Serrated Jaws 8in","closed","17","0.0"
"D:\augmented_data_random_backgrounds\images\train\Needle_Holder_Mayo-Hegar_Straight_Carb-bite_Serrated_Jaws_8in_closed_17_aug001.jpg","Needle Holder Mayo-Hegar Straight Carb-bite Serrated Jaws 8in","closed","17","1.0"
"D:\augmented_data_random_backgrounds\images\train\Needle_Holder_Mayo-Hegar_Straight_Carb-bite_Serrated_Jaws_8in_closed_17_aug002.jpg","Needle Holder Mayo-Hegar Straight Carb-bite Serrated Jaws 8in","closed","17","2.0"
"D:\augmented_data_random_backgrounds\images\train\Needle_Holder_Mayo-Hegar_Straight_Carb-bite_Serrated_Jaws_8in_closed_17_aug004.jpg","Needle Holder Mayo-Hegar Straight Carb-bite Serrated Jaws 8in","closed","17","4.0"
"D:\augmented_data_random_backgrounds\images\train\Needle_Holder_Mayo-Hegar_Straight_Carb-bite_Serrated_Jaws_8in_closed_17_aug006.jpg","Needle Holder Mayo-Hegar Straight Carb-bite Serrated Jaws 8in","closed","17","6.0"
"D:\augmented_data_random_backgrounds\images\train\Needle_Holder_Mayo-Hegar_Straight_Carb-bite_Serrated_Jaws_8in_closed_17_aug007.jpg","Needle Holder Mayo-Hegar Straight Carb-bite Serrated Jaws 8in","closed","17","7.0"
"D:\augmented_data_random_backgrounds\images\train\Needle_Holder_Mayo-Hegar_Straight_Carb-bite_Serrated_Jaws_8in_closed_17_aug008.jpg","Needle Holder Mayo-Hegar Straight Carb-bite Serrated Jaws 8in","closed","17","8.0"
"D:\augmented_data_random_backgrounds\images\train\Needle_Holder_Mayo-Hegar_Straight_Carb-bite_Serrated_Jaws_8in_closed_17_aug010.jpg","Needle Holder Mayo-Hegar Straight Carb-bite Serrated Jaws 8in","closed","17","10.0"
"D:\augmented_data_random_backgrounds\images\train\Needle_Holder_Mayo-Hegar_Straight_Carb-bite_Serrated_Jaws_8in_closed_17_aug011.jpg","Needle Holder Mayo-Hegar Straight Carb-bite Serrated Jaws 8in","closed","17","11.0"
"D:\augmented_data_random_backgrounds\images\train\Needle_Holder_Mayo-Hegar_Straight_Carb-bite_Serrated_Jaws_8in_closed_17_aug013.jpg","Needle Holder Mayo-Hegar Straight Carb-bite Serrated Jaws 8in","closed","17","13.0"
"D:\augmented_data_random_backgrounds\images\train\Needle_Holder_Mayo-Hegar_Straight_Carb-bite_Serrated_Jaws_8in_closed_17_aug014.jpg","Needle Holder Mayo-Hegar Straight Carb-bite Serrated Jaws 8in","closed","17","14.0"
"D:\augmented_data_random_backgrounds\images\train\Needle_Holder_Mayo-Hegar_Straight_Carb-bite_Serrated_Jaws_8in_closed_17_aug016.jpg","Needle Holder Mayo-Hegar Straight Carb-bite Serrated Jaws 8in","closed","17","16.0"
"D:\augmented_data_random_backgrounds\images\train\Needle_Holder_Mayo-Hegar_Straight_Carb-bite_Serrated_Jaws_8in_closed_17_aug017.jpg","Needle Holder Mayo-Hegar Straight Carb-bite Serrated Jaws 8in","closed","17","17.0"
"D:\augmented_data_random_backgrounds\images\train\Needle_Holder_Mayo-Hegar_Straight_Carb-bite_Serrated_Jaws_8in_closed_17_aug018.jpg","Needle Holder Mayo-Hegar Straight Carb-bite Serrated Jaws 8in","closed","17","18.0"
"D:\augmented_data_random_backgrounds\images\train\Needle_Holder_Mayo-Hegar_Straight_Carb-bite_Serrated_Jaws_8in_closed_17_aug019.jpg","Needle Holder Mayo-Hegar Straight Carb-bite Serrated Jaws 8in","closed","17","19.0"
"D:\augmented_data_random_backgrounds\images\train\Needle_Holder_Mayo-Hegar_Straight_Carb-bite_Serrated_Jaws_8in_closed_18.jpg","Needle Holder Mayo-Hegar Straight Carb-bite Serrated Jaws 8in","closed","18",""
"D:\augmented_data_random_backgrounds\images\train\Needle_Holder_Mayo-Hegar_Straight_Carb-bite_Serrated_Jaws_8in_closed_18_aug000.jpg","Needle Holder Mayo-Hegar Straight Carb-bite Serrated Jaws 8in","closed","18","0.0"
"D:\augmented_data_random_backgrounds\images\train\Needle_Holder_Mayo-Hegar_Straight_Carb-bite_Serrated_Jaws_8in_closed_18_aug001.jpg","Needle Holder Mayo-Hegar Straight Carb-bite Serrated Jaws 8in","closed","18","1.0"
"D:\augmented_data_random_backgrounds\images\train\Needle_Holder_Mayo-Hegar_Straight_Carb-bite_Serrated_Jaws_8in_closed_18_aug002.jpg","Needle Holder Mayo-Hegar Straight Carb-bite Serrated Jaws 8in","closed","18","2.0"
"D:\augmented_data_random_backgrounds\images\train\Needle_Holder_Mayo-Hegar_Straight_Carb-bite_Serrated_Jaws_8in_closed_18_aug003.jpg","Needle Holder Mayo-Hegar Straight Carb-bite Serrated Jaws 8in","closed","18","3.0"
"D:\augmented_data_random_backgrounds\images\train\Needle_Holder_Mayo-Hegar_Straight_Carb-bite_Serrated_Jaws_8in_closed_18_aug004.jpg","Needle Holder Mayo-Hegar Straight Carb-bite Serrated Jaws 8in","closed","18","4.0"
"D:\augmented_data_random_backgrounds\images\train\Needle_Holder_Mayo-Hegar_Straight_Carb-bite_Serrated_Jaws_8in_closed_18_aug011.jpg","Needle Holder Mayo-Hegar Straight Carb-bite Serrated Jaws 8in","closed","18","11.0"
"D:\augmented_data_random_backgrounds\images\train\Needle_Holder_Mayo-Hegar_Straight_Carb-bite_Serrated_Jaws_8in_closed_18_aug012.jpg","Needle Holder Mayo-Hegar Straight Carb-bite Serrated Jaws 8in","closed","18","12.0"
"D:\augmented_data_random_backgrounds\images\train\Needle_Holder_Mayo-Hegar_Straight_Carb-bite_Serrated_Jaws_8in_closed_18_aug013.jpg","Needle Holder Mayo-Hegar Straight Carb-bite Serrated Jaws 8in","closed","18","13.0"
"D:\augmented_data_random_backgrounds\images\train\Needle_Holder_Mayo-Hegar_Straight_Carb-bite_Serrated_Jaws_8in_closed_18_aug014.jpg","Needle Holder Mayo-Hegar Straight Carb-bite Serrated Jaws 8in","closed","18","14.0"
"D:\augmented_data_random_backgrounds\images\train\Needle_Holder_Mayo-Hegar_Straight_Carb-bite_Serrated_Jaws_8in_closed_18_aug015.jpg","Needle Holder Mayo-Hegar Straight Carb-bite Serrated Jaws 8in","closed","18","15.0"
"D:\augmented_data_random_backgrounds\images\train\Needle_Holder_Mayo-Hegar_Straight_Carb-bite_Serrated_Jaws_8in_closed_18_aug016.jpg","Needle Holder Mayo-Hegar Straight Carb-bite Serrated Jaws 8in","closed","18","16.0"
"D:\augmented_data_random_backgrounds\images\train\Needle_Holder_Mayo-Hegar_Straight_Carb-bite_Serrated_Jaws_8in_closed_18_aug019.jpg","Needle Holder Mayo-Hegar Straight Carb-bite Serrated Jaws 8in","closed","18","19.0"
"D:\augmented_data_random_backgrounds\images\train\Needle_Holder_Mayo-Hegar_Straight_Carb-bite_Serrated_Jaws_8in_closed_19.jpg","Needle Holder Mayo-Hegar Straight Carb-bite Serrated Jaws 8in","closed","19",""
"D:\augmented_data_random_backgrounds\images\train\Needle_Holder_Mayo-Hegar_Straight_Carb-bite_Serrated_Jaws_8in_closed_19_aug000.jpg","Needle Holder Mayo-Hegar Straight Carb-bite Serrated Jaws 8in","closed","19","0.0"
"D:\augmented_data_random_backgrounds\images\train\Needle_Holder_Mayo-Hegar_Straight_Carb-bite_Serrated_Jaws_8in_closed_19_aug002.jpg","Needle Holder Mayo-Hegar Straight Carb-bite Serrated Jaws 8in","closed","19","2.0"
"D:\augmented_data_random_backgrounds\images\train\Needle_Holder_Mayo-Hegar_Straight_Carb-bite_Serrated_Jaws_8in_closed_19_aug003.jpg","Needle Holder Mayo-Hegar Straight Carb-bite Serrated Jaws 8in","closed","19","3.0"
"D:\augmented_data_random_backgrounds\images\train\Needle_Holder_Mayo-Hegar_Straight_Carb-bite_Serrated_Jaws_8in_closed_19_aug004.jpg","Needle Holder Mayo-Hegar Straight Carb-bite Serrated Jaws 8in","closed","19","4.0"
"D:\augmented_data_random_backgrounds\images\train\Needle_Holder_Mayo-Hegar_Straight_Carb-bite_Serrated_Jaws_8in_closed_19_aug006.jpg","Needle Holder Mayo-Hegar Straight Carb-bite Serrated Jaws 8in","closed","19","6.0"
"D:\augmented_data_random_backgrounds\images\train\Needle_Holder_Mayo-Hegar_Straight_Carb-bite_Serrated_Jaws_8in_closed_19_aug007.jpg","Needle Holder Mayo-Hegar Straight Carb-bite Serrated Jaws 8in","closed","19","7.0"
"D:\augmented_data_random_backgrounds\images\train\Needle_Holder_Mayo-Hegar_Straight_Carb-bite_Serrated_Jaws_8in_closed_19_aug009.jpg","Needle Holder Mayo-Hegar Straight Carb-bite Serrated Jaws 8in","closed","19","9.0"
"D:\augmented_data_random_backgrounds\images\train\Needle_Holder_Mayo-Hegar_Straight_Carb-bite_Serrated_Jaws_8in_closed_19_aug010.jpg","Needle Holder Mayo-Hegar Straight Carb-bite Serrated Jaws 8in","closed","19","10.0"
"D:\augmented_data_random_backgrounds\images\train\Needle_Holder_Mayo-Hegar_Straight_Carb-bite_Serrated_Jaws_8in_closed_19_aug012.jpg","Needle Holder Mayo-Hegar Straight Carb-bite Serrated Jaws 8in","closed","19","12.0"
"D:\augmented_data_random_backgrounds\images\train\Needle_Holder_Mayo-Hegar_Straight_Carb-bite_Serrated_Jaws_8in_closed_19_aug014.jpg","Needle Holder Mayo-Hegar Straight Carb-bite Serrated Jaws 8in","closed","19","14.0"
"D:\augmented_data_random_backgrounds\images\train\Needle_Holder_Mayo-Hegar_Straight_Carb-bite_Serrated_Jaws_8in_closed_19_aug016.jpg","Needle Holder Mayo-Hegar Straight Carb-bite Serrated Jaws 8in","closed","19","16.0"
"D:\augmented_data_random_backgrounds\images\train\Needle_Holder_Mayo-Hegar_Straight_Carb-bite_Serrated_Jaws_8in_closed_19_aug017.jpg","Needle Holder Mayo-Hegar Straight Carb-bite Serrated Jaws 8in","closed","19","17.0"
"D:\augmented_data_random_backgrounds\images\train\Needle_Holder_Mayo-Hegar_Straight_Carb-bite_Serrated_Jaws_8in_closed_19_aug018.jpg","Needle Holder Mayo-Hegar Straight Carb-bite Serrated Jaws 8in","closed","19","18.0"
"D:\augmented_data_random_backgrounds\images\train\Needle_Holder_Mayo-Hegar_Straight_Carb-bite_Serrated_Jaws_8in_closed_20_aug001.jpg","Needle Holder Mayo-Hegar Straight Carb-bite Serrated Jaws 8in","closed","20","1.0"
"D:\augmented_data_random_backgrounds\images\train\Needle_Holder_Mayo-Hegar_Straight_Carb-bite_Serrated_Jaws_8in_closed_20_aug002.jpg","Needle Holder Mayo-Hegar Straight Carb-bite Serrated Jaws 8in","closed","20","2.0"
"D:\augmented_data_random_backgrounds\images\train\Needle_Holder_Mayo-Hegar_Straight_Carb-bite_Serrated_Jaws_8in_closed_20_aug003.jpg","Needle Holder Mayo-Hegar Straight Carb-bite Serrated Jaws 8in","closed","20","3.0"
"D:\augmented_data_random_backgrounds\images\train\Needle_Holder_Mayo-Hegar_Straight_Carb-bite_Serrated_Jaws_8in_closed_20_aug004.jpg","Needle Holder Mayo-Hegar Straight Carb-bite Serrated Jaws 8in","closed","20","4.0"
"D:\augmented_data_random_backgrounds\images\train\Needle_Holder_Mayo-Hegar_Straight_Carb-bite_Serrated_Jaws_8in_closed_20_aug006.jpg","Needle Holder Mayo-Hegar Straight Carb-bite Serrated Jaws 8in","closed","20","6.0"
"D:\augmented_data_random_backgrounds\images\train\Needle_Holder_Mayo-Hegar_Straight_Carb-bite_Serrated_Jaws_8in_closed_20_aug007.jpg","Needle Holder Mayo-Hegar Straight Carb-bite Serrated Jaws 8in","closed","20","7.0"
"D:\augmented_data_random_backgrounds\images\train\Needle_Holder_Mayo-Hegar_Straight_Carb-bite_Serrated_Jaws_8in_closed_20_aug008.jpg","Needle Holder Mayo-Hegar Straight Carb-bite Serrated Jaws 8in","closed","20","8.0"
"D:\augmented_data_random_backgrounds\images\train\Needle_Holder_Mayo-Hegar_Straight_Carb-bite_Serrated_Jaws_8in_closed_20_aug009.jpg","Needle Holder Mayo-Hegar Straight Carb-bite Serrated Jaws 8in","closed","20","9.0"
"D:\augmented_data_random_backgrounds\images\train\Needle_Holder_Mayo-Hegar_Straight_Carb-bite_Serrated_Jaws_8in_closed_20_aug010.jpg","Needle Holder Mayo-Hegar Straight Carb-bite Serrated Jaws 8in","closed","20","10.0"
"D:\augmented_data_random_backgrounds\images\train\Needle_Holder_Mayo-Hegar_Straight_Carb-bite_Serrated_Jaws_8in_closed_20_aug011.jpg","Needle Holder Mayo-Hegar Straight Carb-bite Serrated Jaws 8in","closed","20","11.0"
"D:\augmented_data_random_backgrounds\images\train\Needle_Holder_Mayo-Hegar_Straight_Carb-bite_Serrated_Jaws_8in_closed_20_aug012.jpg","Needle Holder Mayo-Hegar Straight Carb-bite Serrated Jaws 8in","closed","20","12.0"
"D:\augmented_data_random_backgrounds\images\train\Needle_Holder_Mayo-Hegar_Straight_Carb-bite_Serrated_Jaws_8in_closed_20_aug013.jpg","Needle Holder Mayo-Hegar Straight Carb-bite Serrated Jaws 8in","closed","20","13.0"
"D:\augmented_data_random_backgrounds\images\train\Needle_Holder_Mayo-Hegar_Straight_Carb-bite_Serrated_Jaws_8in_closed_20_aug015.jpg","Needle Holder Mayo-Hegar Straight Carb-bite Serrated Jaws 8in","closed","20","15.0"
"D:\augmented_data_random_backgrounds\images\train\Needle_Holder_Mayo-Hegar_Straight_Carb-bite_Serrated_Jaws_8in_closed_20_aug016.jpg","Needle Holder Mayo-Hegar Straight Carb-bite Serrated Jaws 8in","closed","20","16.0"
"D:\augmented_data_random_backgrounds\images\train\Needle_Holder_Mayo-Hegar_Straight_Carb-bite_Serrated_Jaws_8in_closed_20_aug017.jpg","Needle Holder Mayo-Hegar Straight Carb-bite Serrated Jaws 8in","closed","20","17.0"
"D:\augmented_data_random_backgrounds\images\train\Needle_Holder_Mayo-Hegar_Straight_Carb-bite_Serrated_Jaws_8in_closed_20_aug018.jpg","Needle Holder Mayo-Hegar Straight Carb-bite Serrated Jaws 8in","closed","20","18.0"
"D:\augmented_data_random_backgrounds\images\train\Needle_Holder_Mayo-Hegar_Straight_Carb-bite_Serrated_Jaws_8in_closed_20_aug019.jpg","Needle Holder Mayo-Hegar Straight Carb-bite Serrated Jaws 8in","closed","20","19.0"
"D:\augmented_data_random_backgrounds\images\train\Needle_Holder_Mayo-Hegar_Straight_Carb-bite_Serrated_Jaws_8in_closed_21.jpg","Needle Holder Mayo-Hegar Straight Carb-bite Serrated Jaws 8in","closed","21",""
"D:\augmented_data_random_backgrounds\images\train\Needle_Holder_Mayo-Hegar_Straight_Carb-bite_Serrated_Jaws_8in_closed_21_aug000.jpg","Needle Holder Mayo-Hegar Straight Carb-bite Serrated Jaws 8in","closed","21","0.0"
"D:\augmented_data_random_backgrounds\images\train\Needle_Holder_Mayo-Hegar_Straight_Carb-bite_Serrated_Jaws_8in_closed_21_aug001.jpg","Needle Holder Mayo-Hegar Straight Carb-bite Serrated Jaws 8in","closed","21","1.0"
"D:\augmented_data_random_backgrounds\images\train\Needle_Holder_Mayo-Hegar_Straight_Carb-bite_Serrated_Jaws_8in_closed_21_aug002.jpg","Needle Holder Mayo-Hegar Straight Carb-bite Serrated Jaws 8in","closed","21","2.0"
"D:\augmented_data_random_backgrounds\images\train\Needle_Holder_Mayo-Hegar_Straight_Carb-bite_Serrated_Jaws_8in_closed_21_aug003.jpg","Needle Holder Mayo-Hegar Straight Carb-bite Serrated Jaws 8in","closed","21","3.0"
"D:\augmented_data_random_backgrounds\images\train\Needle_Holder_Mayo-Hegar_Straight_Carb-bite_Serrated_Jaws_8in_closed_21_aug004.jpg","Needle Holder Mayo-Hegar Straight Carb-bite Serrated Jaws 8in","closed","21","4.0"
"D:\augmented_data_random_backgrounds\images\train\Needle_Holder_Mayo-Hegar_Straight_Carb-bite_Serrated_Jaws_8in_closed_21_aug005.jpg","Needle Holder Mayo-Hegar Straight Carb-bite Serrated Jaws 8in","closed","21","5.0"
"D:\augmented_data_random_backgrounds\images\train\Needle_Holder_Mayo-Hegar_Straight_Carb-bite_Serrated_Jaws_8in_closed_21_aug006.jpg","Needle Holder Mayo-Hegar Straight Carb-bite Serrated Jaws 8in","closed","21","6.0"
"D:\augmented_data_random_backgrounds\images\train\Needle_Holder_Mayo-Hegar_Straight_Carb-bite_Serrated_Jaws_8in_closed_21_aug007.jpg","Needle Holder Mayo-Hegar Straight Carb-bite Serrated Jaws 8in","closed","21","7.0"
"D:\augmented_data_random_backgrounds\images\train\Needle_Holder_Mayo-Hegar_Straight_Carb-bite_Serrated_Jaws_8in_closed_21_aug011.jpg","Needle Holder Mayo-Hegar Straight Carb-bite Serrated Jaws 8in","closed","21","11.0"
"D:\augmented_data_random_backgrounds\images\train\Needle_Holder_Mayo-Hegar_Straight_Carb-bite_Serrated_Jaws_8in_closed_21_aug013.jpg","Needle Holder Mayo-Hegar Straight Carb-bite Serrated Jaws 8in","closed","21","13.0"
"D:\augmented_data_random_backgrounds\images\train\Needle_Holder_Mayo-Hegar_Straight_Carb-bite_Serrated_Jaws_8in_closed_21_aug014.jpg","Needle Holder Mayo-Hegar Straight Carb-bite Serrated Jaws 8in","closed","21","14.0"
"D:\augmented_data_random_backgrounds\images\train\Needle_Holder_Mayo-Hegar_Straight_Carb-bite_Serrated_Jaws_8in_closed_21_aug015.jpg","Needle Holder Mayo-Hegar Straight Carb-bite Serrated Jaws 8in","closed","21","15.0"
"D:\augmented_data_random_backgrounds\images\train\Needle_Holder_Mayo-Hegar_Straight_Carb-bite_Serrated_Jaws_8in_closed_21_aug017.jpg","Needle Holder Mayo-Hegar Straight Carb-bite Serrated Jaws 8in","closed","21","17.0"
"D:\augmented_data_random_backgrounds\images\train\Needle_Holder_Mayo-Hegar_Straight_Carb-bite_Serrated_Jaws_8in_closed_21_aug018.jpg","Needle Holder Mayo-Hegar Straight Carb-bite Serrated Jaws 8in","closed","21","18.0"
"D:\augmented_data_random_backgrounds\images\train\Needle_Holder_Mayo-Hegar_Straight_Carb-bite_Serrated_Jaws_8in_closed_21_aug019.jpg","Needle Holder Mayo-Hegar Straight Carb-bite Serrated Jaws 8in","closed","21","19.0"
"D:\augmented_data_random_backgrounds\images\train\Needle_Holder_Mayo-Hegar_Straight_Carb-bite_Serrated_Jaws_8in_closed_22.jpg","Needle Holder Mayo-Hegar Straight Carb-bite Serrated Jaws 8in","closed","22",""
"D:\augmented_data_random_backgrounds\images\train\Needle_Holder_Mayo-Hegar_Straight_Carb-bite_Serrated_Jaws_8in_closed_22_aug000.jpg","Needle Holder Mayo-Hegar Straight Carb-bite Serrated Jaws 8in","closed","22","0.0"
"D:\augmented_data_random_backgrounds\images\train\Needle_Holder_Mayo-Hegar_Straight_Carb-bite_Serrated_Jaws_8in_closed_22_aug002.jpg","Needle Holder Mayo-Hegar Straight Carb-bite Serrated Jaws 8in","closed","22","2.0"
"D:\augmented_data_random_backgrounds\images\train\Needle_Holder_Mayo-Hegar_Straight_Carb-bite_Serrated_Jaws_8in_closed_22_aug005.jpg","Needle Holder Mayo-Hegar Straight Carb-bite Serrated Jaws 8in","closed","22","5.0"
"D:\augmented_data_random_backgrounds\images\train\Needle_Holder_Mayo-Hegar_Straight_Carb-bite_Serrated_Jaws_8in_closed_22_aug006.jpg","Needle Holder Mayo-Hegar Straight Carb-bite Serrated Jaws 8in","closed","22","6.0"
"D:\augmented_data_random_backgrounds\images\train\Needle_Holder_Mayo-Hegar_Straight_Carb-bite_Serrated_Jaws_8in_closed_22_aug007.jpg","Needle Holder Mayo-Hegar Straight Carb-bite Serrated Jaws 8in","closed","22","7.0"
"D:\augmented_data_random_backgrounds\images\train\Needle_Holder_Mayo-Hegar_Straight_Carb-bite_Serrated_Jaws_8in_closed_22_aug008.jpg","Needle Holder Mayo-Hegar Straight Carb-bite Serrated Jaws 8in","closed","22","8.0"
"D:\augmented_data_random_backgrounds\images\train\Needle_Holder_Mayo-Hegar_Straight_Carb-bite_Serrated_Jaws_8in_closed_22_aug009.jpg","Needle Holder Mayo-Hegar Straight Carb-bite Serrated Jaws 8in","closed","22","9.0"
"D:\augmented_data_random_backgrounds\images\train\Needle_Holder_Mayo-Hegar_Straight_Carb-bite_Serrated_Jaws_8in_closed_22_aug010.jpg","Needle Holder Mayo-Hegar Straight Carb-bite Serrated Jaws 8in","closed","22","10.0"
"D:\augmented_data_random_backgrounds\images\train\Needle_Holder_Mayo-Hegar_Straight_Carb-bite_Serrated_Jaws_8in_closed_22_aug011.jpg","Needle Holder Mayo-Hegar Straight Carb-bite Serrated Jaws 8in","closed","22","11.0"
"D:\augmented_data_random_backgrounds\images\train\Needle_Holder_Mayo-Hegar_Straight_Carb-bite_Serrated_Jaws_8in_closed_22_aug012.jpg","Needle Holder Mayo-Hegar Straight Carb-bite Serrated Jaws 8in","closed","22","12.0"
"D:\augmented_data_random_backgrounds\images\train\Needle_Holder_Mayo-Hegar_Straight_Carb-bite_Serrated_Jaws_8in_closed_22_aug014.jpg","Needle Holder Mayo-Hegar Straight Carb-bite Serrated Jaws 8in","closed","22","14.0"
"D:\augmented_data_random_backgrounds\images\train\Needle_Holder_Mayo-Hegar_Straight_Carb-bite_Serrated_Jaws_8in_closed_22_aug016.jpg","Needle Holder Mayo-Hegar Straight Carb-bite Serrated Jaws 8in","closed","22","16.0"
"D:\augmented_data_random_backgrounds\images\train\Needle_Holder_Mayo-Hegar_Straight_Carb-bite_Serrated_Jaws_8in_closed_22_aug017.jpg","Needle Holder Mayo-Hegar Straight Carb-bite Serrated Jaws 8in","closed","22","17.0"
"D:\augmented_data_random_backgrounds\images\train\Needle_Holder_Mayo-Hegar_Straight_Carb-bite_Serrated_Jaws_8in_closed_22_aug018.jpg","Needle Holder Mayo-Hegar Straight Carb-bite Serrated Jaws 8in","closed","22","18.0"
"D:\augmented_data_random_backgrounds\images\train\Needle_Holder_Mayo-Hegar_Straight_Carb-bite_Serrated_Jaws_8in_closed_22_aug019.jpg","Needle Holder Mayo-Hegar Straight Carb-bite Serrated Jaws 8in","closed","22","19.0"
"D:\augmented_data_random_backgrounds\images\train\Needle_Holder_Mayo-Hegar_Straight_Carb-bite_Serrated_Jaws_8in_closed_23.jpg","Needle Holder Mayo-Hegar Straight Carb-bite Serrated Jaws 8in","closed","23",""
"D:\augmented_data_random_backgrounds\images\train\Needle_Holder_Mayo-Hegar_Straight_Carb-bite_Serrated_Jaws_8in_closed_23_aug000.jpg","Needle Holder Mayo-Hegar Straight Carb-bite Serrated Jaws 8in","closed","23","0.0"
"D:\augmented_data_random_backgrounds\images\train\Needle_Holder_Mayo-Hegar_Straight_Carb-bite_Serrated_Jaws_8in_closed_23_aug001.jpg","Needle Holder Mayo-Hegar Straight Carb-bite Serrated Jaws 8in","closed","23","1.0"
"D:\augmented_data_random_backgrounds\images\train\Needle_Holder_Mayo-Hegar_Straight_Carb-bite_Serrated_Jaws_8in_closed_23_aug004.jpg","Needle Holder Mayo-Hegar Straight Carb-bite Serrated Jaws 8in","closed","23","4.0"
"D:\augmented_data_random_backgrounds\images\train\Needle_Holder_Mayo-Hegar_Straight_Carb-bite_Serrated_Jaws_8in_closed_23_aug005.jpg","Needle Holder Mayo-Hegar Straight Carb-bite Serrated Jaws 8in","closed","23","5.0"
"D:\augmented_data_random_backgrounds\images\train\Needle_Holder_Mayo-Hegar_Straight_Carb-bite_Serrated_Jaws_8in_closed_23_aug006.jpg","Needle Holder Mayo-Hegar Straight Carb-bite Serrated Jaws 8in","closed","23","6.0"
"D:\augmented_data_random_backgrounds\images\train\Needle_Holder_Mayo-Hegar_Straight_Carb-bite_Serrated_Jaws_8in_closed_23_aug007.jpg","Needle Holder Mayo-Hegar Straight Carb-bite Serrated Jaws 8in","closed","23","7.0"
"D:\augmented_data_random_backgrounds\images\train\Needle_Holder_Mayo-Hegar_Straight_Carb-bite_Serrated_Jaws_8in_closed_23_aug008.jpg","Needle Holder Mayo-Hegar Straight Carb-bite Serrated Jaws 8in","closed","23","8.0"
"D:\augmented_data_random_backgrounds\images\train\Needle_Holder_Mayo-Hegar_Straight_Carb-bite_Serrated_Jaws_8in_closed_23_aug009.jpg","Needle Holder Mayo-Hegar Straight Carb-bite Serrated Jaws 8in","closed","23","9.0"
"D:\augmented_data_random_backgrounds\images\train\Needle_Holder_Mayo-Hegar_Straight_Carb-bite_Serrated_Jaws_8in_closed_23_aug010.jpg","Needle Holder Mayo-Hegar Straight Carb-bite Serrated Jaws 8in","closed","23","10.0"
"D:\augmented_data_random_backgrounds\images\train\Needle_Holder_Mayo-Hegar_Straight_Carb-bite_Serrated_Jaws_8in_closed_23_aug011.jpg","Needle Holder Mayo-Hegar Straight Carb-bite Serrated Jaws 8in","closed","23","11.0"
"D:\augmented_data_random_backgrounds\images\train\Needle_Holder_Mayo-Hegar_Straight_Carb-bite_Serrated_Jaws_8in_closed_23_aug012.jpg","Needle Holder Mayo-Hegar Straight Carb-bite Serrated Jaws 8in","closed","23","12.0"
"D:\augmented_data_random_backgrounds\images\train\Needle_Holder_Mayo-Hegar_Straight_Carb-bite_Serrated_Jaws_8in_closed_23_aug014.jpg","Needle Holder Mayo-Hegar Straight Carb-bite Serrated Jaws 8in","closed","23","14.0"
"D:\augmented_data_random_backgrounds\images\train\Needle_Holder_Mayo-Hegar_Straight_Carb-bite_Serrated_Jaws_8in_closed_23_aug015.jpg","Needle Holder Mayo-Hegar Straight Carb-bite Serrated Jaws 8in","closed","23","15.0"
"D:\augmented_data_random_backgrounds\images\train\Needle_Holder_Mayo-Hegar_Straight_Carb-bite_Serrated_Jaws_8in_closed_23_aug016.jpg","Needle Holder Mayo-Hegar Straight Carb-bite Serrated Jaws 8in","closed","23","16.0"
"D:\augmented_data_random_backgrounds\images\train\Needle_Holder_Mayo-Hegar_Straight_Carb-bite_Serrated_Jaws_8in_closed_23_aug017.jpg","Needle Holder Mayo-Hegar Straight Carb-bite Serrated Jaws 8in","closed","23","17.0"
"D:\augmented_data_random_backgrounds\images\train\Needle_Holder_Mayo-Hegar_Straight_Carb-bite_Serrated_Jaws_8in_closed_23_aug018.jpg","Needle Holder Mayo-Hegar Straight Carb-bite Serrated Jaws 8in","closed","23","18.0"
"D:\augmented_data_random_backgrounds\images\train\Needle_Holder_Mayo-Hegar_Straight_Carb-bite_Serrated_Jaws_8in_closed_23_aug019.jpg","Needle Holder Mayo-Hegar Straight Carb-bite Serrated Jaws 8in","closed","23","19.0"
"D:\augmented_data_random_backgrounds\images\train\Needle_Holder_Mayo-Hegar_Straight_Carb-bite_Serrated_Jaws_8in_closed_24.jpg","Needle Holder Mayo-Hegar Straight Carb-bite Serrated Jaws 8in","closed","24",""
"D:\augmented_data_random_backgrounds\images\train\Needle_Holder_Mayo-Hegar_Straight_Carb-bite_Serrated_Jaws_8in_closed_24_aug000.jpg","Needle Holder Mayo-Hegar Straight Carb-bite Serrated Jaws 8in","closed","24","0.0"
"D:\augmented_data_random_backgrounds\images\train\Needle_Holder_Mayo-Hegar_Straight_Carb-bite_Serrated_Jaws_8in_closed_24_aug001.jpg","Needle Holder Mayo-Hegar Straight Carb-bite Serrated Jaws 8in","closed","24","1.0"
"D:\augmented_data_random_backgrounds\images\train\Needle_Holder_Mayo-Hegar_Straight_Carb-bite_Serrated_Jaws_8in_closed_24_aug002.jpg","Needle Holder Mayo-Hegar Straight Carb-bite Serrated Jaws 8in","closed","24","2.0"
"D:\augmented_data_random_backgrounds\images\train\Needle_Holder_Mayo-Hegar_Straight_Carb-bite_Serrated_Jaws_8in_closed_24_aug003.jpg","Needle Holder Mayo-Hegar Straight Carb-bite Serrated Jaws 8in","closed","24","3.0"
"D:\augmented_data_random_backgrounds\images\train\Needle_Holder_Mayo-Hegar_Straight_Carb-bite_Serrated_Jaws_8in_closed_24_aug004.jpg","Needle Holder Mayo-Hegar Straight Carb-bite Serrated Jaws 8in","closed","24","4.0"
"D:\augmented_data_random_backgrounds\images\train\Needle_Holder_Mayo-Hegar_Straight_Carb-bite_Serrated_Jaws_8in_closed_24_aug005.jpg","Needle Holder Mayo-Hegar Straight Carb-bite Serrated Jaws 8in","closed","24","5.0"
"D:\augmented_data_random_backgrounds\images\train\Needle_Holder_Mayo-Hegar_Straight_Carb-bite_Serrated_Jaws_8in_closed_24_aug006.jpg","Needle Holder Mayo-Hegar Straight Carb-bite Serrated Jaws 8in","closed","24","6.0"
"D:\augmented_data_random_backgrounds\images\train\Needle_Holder_Mayo-Hegar_Straight_Carb-bite_Serrated_Jaws_8in_closed_24_aug007.jpg","Needle Holder Mayo-Hegar Straight Carb-bite Serrated Jaws 8in","closed","24","7.0"
"D:\augmented_data_random_backgrounds\images\train\Needle_Holder_Mayo-Hegar_Straight_Carb-bite_Serrated_Jaws_8in_closed_24_aug008.jpg","Needle Holder Mayo-Hegar Straight Carb-bite Serrated Jaws 8in","closed","24","8.0"
"D:\augmented_data_random_backgrounds\images\train\Needle_Holder_Mayo-Hegar_Straight_Carb-bite_Serrated_Jaws_8in_closed_24_aug009.jpg","Needle Holder Mayo-Hegar Straight Carb-bite Serrated Jaws 8in","closed","24","9.0"
"D:\augmented_data_random_backgrounds\images\train\Needle_Holder_Mayo-Hegar_Straight_Carb-bite_Serrated_Jaws_8in_closed_24_aug010.jpg","Needle Holder Mayo-Hegar Straight Carb-bite Serrated Jaws 8in","closed","24","10.0"
"D:\augmented_data_random_backgrounds\images\train\Needle_Holder_Mayo-Hegar_Straight_Carb-bite_Serrated_Jaws_8in_closed_24_aug011.jpg","Needle Holder Mayo-Hegar Straight Carb-bite Serrated Jaws 8in","closed","24","11.0"
"D:\augmented_data_random_backgrounds\images\train\Needle_Holder_Mayo-Hegar_Straight_Carb-bite_Serrated_Jaws_8in_closed_24_aug013.jpg","Needle Holder Mayo-Hegar Straight Carb-bite Serrated Jaws 8in","closed","24","13.0"
"D:\augmented_data_random_backgrounds\images\train\Needle_Holder_Mayo-Hegar_Straight_Carb-bite_Serrated_Jaws_8in_closed_24_aug014.jpg","Needle Holder Mayo-Hegar Straight Carb-bite Serrated Jaws 8in","closed","24","14.0"
"D:\augmented_data_random_backgrounds\images\train\Needle_Holder_Mayo-Hegar_Straight_Carb-bite_Serrated_Jaws_8in_closed_24_aug016.jpg","Needle Holder Mayo-Hegar Straight Carb-bite Serrated Jaws 8in","closed","24","16.0"
"D:\augmented_data_random_backgrounds\images\train\Needle_Holder_Mayo-Hegar_Straight_Carb-bite_Serrated_Jaws_8in_closed_24_aug017.jpg","Needle Holder Mayo-Hegar Straight Carb-bite Serrated Jaws 8in","closed","24","17.0"
"D:\augmented_data_random_backgrounds\images\train\Needle_Holder_Mayo-Hegar_Straight_Carb-bite_Serrated_Jaws_8in_closed_25_aug001.jpg","Needle Holder Mayo-Hegar Straight Carb-bite Serrated Jaws 8in","closed","25","1.0"
"D:\augmented_data_random_backgrounds\images\train\Needle_Holder_Mayo-Hegar_Straight_Carb-bite_Serrated_Jaws_8in_closed_25_aug002.jpg","Needle Holder Mayo-Hegar Straight Carb-bite Serrated Jaws 8in","closed","25","2.0"
"D:\augmented_data_random_backgrounds\images\train\Needle_Holder_Mayo-Hegar_Straight_Carb-bite_Serrated_Jaws_8in_closed_25_aug004.jpg","Needle Holder Mayo-Hegar Straight Carb-bite Serrated Jaws 8in","closed","25","4.0"
"D:\augmented_data_random_backgrounds\images\train\Needle_Holder_Mayo-Hegar_Straight_Carb-bite_Serrated_Jaws_8in_closed_25_aug005.jpg","Needle Holder Mayo-Hegar Straight Carb-bite Serrated Jaws 8in","closed","25","5.0"
"D:\augmented_data_random_backgrounds\images\train\Needle_Holder_Mayo-Hegar_Straight_Carb-bite_Serrated_Jaws_8in_closed_25_aug006.jpg","Needle Holder Mayo-Hegar Straight Carb-bite Serrated Jaws 8in","closed","25","6.0"
"D:\augmented_data_random_backgrounds\images\train\Needle_Holder_Mayo-Hegar_Straight_Carb-bite_Serrated_Jaws_8in_closed_25_aug007.jpg","Needle Holder Mayo-Hegar Straight Carb-bite Serrated Jaws 8in","closed","25","7.0"
"D:\augmented_data_random_backgrounds\images\train\Needle_Holder_Mayo-Hegar_Straight_Carb-bite_Serrated_Jaws_8in_closed_25_aug008.jpg","Needle Holder Mayo-Hegar Straight Carb-bite Serrated Jaws 8in","closed","25","8.0"
"D:\augmented_data_random_backgrounds\images\train\Needle_Holder_Mayo-Hegar_Straight_Carb-bite_Serrated_Jaws_8in_closed_25_aug009.jpg","Needle Holder Mayo-Hegar Straight Carb-bite Serrated Jaws 8in","closed","25","9.0"
"D:\augmented_data_random_backgrounds\images\train\Needle_Holder_Mayo-Hegar_Straight_Carb-bite_Serrated_Jaws_8in_closed_25_aug010.jpg","Needle Holder Mayo-Hegar Straight Carb-bite Serrated Jaws 8in","closed","25","10.0"
"D:\augmented_data_random_backgrounds\images\train\Needle_Holder_Mayo-Hegar_Straight_Carb-bite_Serrated_Jaws_8in_closed_25_aug011.jpg","Needle Holder Mayo-Hegar Straight Carb-bite Serrated Jaws 8in","closed","25","11.0"
"D:\augmented_data_random_backgrounds\images\train\Needle_Holder_Mayo-Hegar_Straight_Carb-bite_Serrated_Jaws_8in_closed_25_aug012.jpg","Needle Holder Mayo-Hegar Straight Carb-bite Serrated Jaws 8in","closed","25","12.0"
"D:\augmented_data_random_backgrounds\images\train\Needle_Holder_Mayo-Hegar_Straight_Carb-bite_Serrated_Jaws_8in_closed_25_aug013.jpg","Needle Holder Mayo-Hegar Straight Carb-bite Serrated Jaws 8in","closed","25","13.0"
"D:\augmented_data_random_backgrounds\images\train\Needle_Holder_Mayo-Hegar_Straight_Carb-bite_Serrated_Jaws_8in_closed_25_aug014.jpg","Needle Holder Mayo-Hegar Straight Carb-bite Serrated Jaws 8in","closed","25","14.0"
"D:\augmented_data_random_backgrounds\images\train\Needle_Holder_Mayo-Hegar_Straight_Carb-bite_Serrated_Jaws_8in_closed_25_aug016.jpg","Needle Holder Mayo-Hegar Straight Carb-bite Serrated Jaws 8in","closed","25","16.0"
"D:\augmented_data_random_backgrounds\images\train\Needle_Holder_Mayo-Hegar_Straight_Carb-bite_Serrated_Jaws_8in_closed_25_aug017.jpg","Needle Holder Mayo-Hegar Straight Carb-bite Serrated Jaws 8in","closed","25","17.0"
"D:\augmented_data_random_backgrounds\images\train\Needle_Holder_Mayo-Hegar_Straight_Carb-bite_Serrated_Jaws_8in_closed_25_aug018.jpg","Needle Holder Mayo-Hegar Straight Carb-bite Serrated Jaws 8in","closed","25","18.0"
"D:\augmented_data_random_backgrounds\images\train\Needle_Holder_Mayo-Hegar_Straight_Carb-bite_Serrated_Jaws_8in_closed_25_aug019.jpg","Needle Holder Mayo-Hegar Straight Carb-bite Serrated Jaws 8in","closed","25","19.0"
"D:\augmented_data_random_backgrounds\images\train\Needle_Holder_Mayo-Hegar_Straight_Carb-bite_Serrated_Jaws_8in_open_01.jpg","Needle Holder Mayo-Hegar Straight Carb-bite Serrated Jaws 8in","open","1",""
"D:\augmented_data_random_backgrounds\images\train\Needle_Holder_Mayo-Hegar_Straight_Carb-bite_Serrated_Jaws_8in_open_01_aug000.jpg","Needle Holder Mayo-Hegar Straight Carb-bite Serrated Jaws 8in","open","1","0.0"
"D:\augmented_data_random_backgrounds\images\train\Needle_Holder_Mayo-Hegar_Straight_Carb-bite_Serrated_Jaws_8in_open_01_aug001.jpg","Needle Holder Mayo-Hegar Straight Carb-bite Serrated Jaws 8in","open","1","1.0"
"D:\augmented_data_random_backgrounds\images\train\Needle_Holder_Mayo-Hegar_Straight_Carb-bite_Serrated_Jaws_8in_open_01_aug005.jpg","Needle Holder Mayo-Hegar Straight Carb-bite Serrated Jaws 8in","open","1","5.0"
"D:\augmented_data_random_backgrounds\images\train\Needle_Holder_Mayo-Hegar_Straight_Carb-bite_Serrated_Jaws_8in_open_01_aug007.jpg","Needle Holder Mayo-Hegar Straight Carb-bite Serrated Jaws 8in","open","1","7.0"
"D:\augmented_data_random_backgrounds\images\train\Needle_Holder_Mayo-Hegar_Straight_Carb-bite_Serrated_Jaws_8in_open_01_aug009.jpg","Needle Holder Mayo-Hegar Straight Carb-bite Serrated Jaws 8in","open","1","9.0"
"D:\augmented_data_random_backgrounds\images\train\Needle_Holder_Mayo-Hegar_Straight_Carb-bite_Serrated_Jaws_8in_open_01_aug010.jpg","Needle Holder Mayo-Hegar Straight Carb-bite Serrated Jaws 8in","open","1","10.0"
"D:\augmented_data_random_backgrounds\images\train\Needle_Holder_Mayo-Hegar_Straight_Carb-bite_Serrated_Jaws_8in_open_01_aug012.jpg","Needle Holder Mayo-Hegar Straight Carb-bite Serrated Jaws 8in","open","1","12.0"
"D:\augmented_data_random_backgrounds\images\train\Needle_Holder_Mayo-Hegar_Straight_Carb-bite_Serrated_Jaws_8in_open_01_aug015.jpg","Needle Holder Mayo-Hegar Straight Carb-bite Serrated Jaws 8in","open","1","15.0"
"D:\augmented_data_random_backgrounds\images\train\Needle_Holder_Mayo-Hegar_Straight_Carb-bite_Serrated_Jaws_8in_open_01_aug016.jpg","Needle Holder Mayo-Hegar Straight Carb-bite Serrated Jaws 8in","open","1","16.0"
"D:\augmented_data_random_backgrounds\images\train\Needle_Holder_Mayo-Hegar_Straight_Carb-bite_Serrated_Jaws_8in_open_01_aug017.jpg","Needle Holder Mayo-Hegar Straight Carb-bite Serrated Jaws 8in","open","1","17.0"
"D:\augmented_data_random_backgrounds\images\train\Needle_Holder_Mayo-Hegar_Straight_Carb-bite_Serrated_Jaws_8in_open_01_aug019.jpg","Needle Holder Mayo-Hegar Straight Carb-bite Serrated Jaws 8in","open","1","19.0"
"D:\augmented_data_random_backgrounds\images\train\Needle_Holder_Mayo-Hegar_Straight_Carb-bite_Serrated_Jaws_8in_open_02.jpg","Needle Holder Mayo-Hegar Straight Carb-bite Serrated Jaws 8in","open","2",""
"D:\augmented_data_random_backgrounds\images\train\Needle_Holder_Mayo-Hegar_Straight_Carb-bite_Serrated_Jaws_8in_open_02_aug000.jpg","Needle Holder Mayo-Hegar Straight Carb-bite Serrated Jaws 8in","open","2","0.0"
"D:\augmented_data_random_backgrounds\images\train\Needle_Holder_Mayo-Hegar_Straight_Carb-bite_Serrated_Jaws_8in_open_02_aug002.jpg","Needle Holder Mayo-Hegar Straight Carb-bite Serrated Jaws 8in","open","2","2.0"
"D:\augmented_data_random_backgrounds\images\train\Needle_Holder_Mayo-Hegar_Straight_Carb-bite_Serrated_Jaws_8in_open_02_aug003.jpg","Needle Holder Mayo-Hegar Straight Carb-bite Serrated Jaws 8in","open","2","3.0"
"D:\augmented_data_random_backgrounds\images\train\Needle_Holder_Mayo-Hegar_Straight_Carb-bite_Serrated_Jaws_8in_open_02_aug004.jpg","Needle Holder Mayo-Hegar Straight Carb-bite Serrated Jaws 8in","open","2","4.0"
"D:\augmented_data_random_backgrounds\images\train\Needle_Holder_Mayo-Hegar_Straight_Carb-bite_Serrated_Jaws_8in_open_02_aug008.jpg","Needle Holder Mayo-Hegar Straight Carb-bite Serrated Jaws 8in","open","2","8.0"
"D:\augmented_data_random_backgrounds\images\train\Needle_Holder_Mayo-Hegar_Straight_Carb-bite_Serrated_Jaws_8in_open_02_aug009.jpg","Needle Holder Mayo-Hegar Straight Carb-bite Serrated Jaws 8in","open","2","9.0"
"D:\augmented_data_random_backgrounds\images\train\Needle_Holder_Mayo-Hegar_Straight_Carb-bite_Serrated_Jaws_8in_open_02_aug010.jpg","Needle Holder Mayo-Hegar Straight Carb-bite Serrated Jaws 8in","open","2","10.0"
"D:\augmented_data_random_backgrounds\images\train\Needle_Holder_Mayo-Hegar_Straight_Carb-bite_Serrated_Jaws_8in_open_02_aug011.jpg","Needle Holder Mayo-Hegar Straight Carb-bite Serrated Jaws 8in","open","2","11.0"
"D:\augmented_data_random_backgrounds\images\train\Needle_Holder_Mayo-Hegar_Straight_Carb-bite_Serrated_Jaws_8in_open_02_aug012.jpg","Needle Holder Mayo-Hegar Straight Carb-bite Serrated Jaws 8in","open","2","12.0"
"D:\augmented_data_random_backgrounds\images\train\Needle_Holder_Mayo-Hegar_Straight_Carb-bite_Serrated_Jaws_8in_open_02_aug015.jpg","Needle Holder Mayo-Hegar Straight Carb-bite Serrated Jaws 8in","open","2","15.0"
"D:\augmented_data_random_backgrounds\images\train\Needle_Holder_Mayo-Hegar_Straight_Carb-bite_Serrated_Jaws_8in_open_02_aug016.jpg","Needle Holder Mayo-Hegar Straight Carb-bite Serrated Jaws 8in","open","2","16.0"
"D:\augmented_data_random_backgrounds\images\train\Needle_Holder_Mayo-Hegar_Straight_Carb-bite_Serrated_Jaws_8in_open_02_aug017.jpg","Needle Holder Mayo-Hegar Straight Carb-bite Serrated Jaws 8in","open","2","17.0"
"D:\augmented_data_random_backgrounds\images\train\Needle_Holder_Mayo-Hegar_Straight_Carb-bite_Serrated_Jaws_8in_open_02_aug018.jpg","Needle Holder Mayo-Hegar Straight Carb-bite Serrated Jaws 8in","open","2","18.0"
"D:\augmented_data_random_backgrounds\images\train\Needle_Holder_Mayo-Hegar_Straight_Carb-bite_Serrated_Jaws_8in_open_02_aug019.jpg","Needle Holder Mayo-Hegar Straight Carb-bite Serrated Jaws 8in","open","2","19.0"
"D:\augmented_data_random_backgrounds\images\train\Needle_Holder_Mayo-Hegar_Straight_Carb-bite_Serrated_Jaws_8in_open_03.jpg","Needle Holder Mayo-Hegar Straight Carb-bite Serrated Jaws 8in","open","3",""
"D:\augmented_data_random_backgrounds\images\train\Needle_Holder_Mayo-Hegar_Straight_Carb-bite_Serrated_Jaws_8in_open_03_aug002.jpg","Needle Holder Mayo-Hegar Straight Carb-bite Serrated Jaws 8in","open","3","2.0"
"D:\augmented_data_random_backgrounds\images\train\Needle_Holder_Mayo-Hegar_Straight_Carb-bite_Serrated_Jaws_8in_open_03_aug003.jpg","Needle Holder Mayo-Hegar Straight Carb-bite Serrated Jaws 8in","open","3","3.0"
"D:\augmented_data_random_backgrounds\images\train\Needle_Holder_Mayo-Hegar_Straight_Carb-bite_Serrated_Jaws_8in_open_03_aug004.jpg","Needle Holder Mayo-Hegar Straight Carb-bite Serrated Jaws 8in","open","3","4.0"
"D:\augmented_data_random_backgrounds\images\train\Needle_Holder_Mayo-Hegar_Straight_Carb-bite_Serrated_Jaws_8in_open_03_aug005.jpg","Needle Holder Mayo-Hegar Straight Carb-bite Serrated Jaws 8in","open","3","5.0"
"D:\augmented_data_random_backgrounds\images\train\Needle_Holder_Mayo-Hegar_Straight_Carb-bite_Serrated_Jaws_8in_open_03_aug006.jpg","Needle Holder Mayo-Hegar Straight Carb-bite Serrated Jaws 8in","open","3","6.0"
"D:\augmented_data_random_backgrounds\images\train\Needle_Holder_Mayo-Hegar_Straight_Carb-bite_Serrated_Jaws_8in_open_03_aug007.jpg","Needle Holder Mayo-Hegar Straight Carb-bite Serrated Jaws 8in","open","3","7.0"
"D:\augmented_data_random_backgrounds\images\train\Needle_Holder_Mayo-Hegar_Straight_Carb-bite_Serrated_Jaws_8in_open_03_aug008.jpg","Needle Holder Mayo-Hegar Straight Carb-bite Serrated Jaws 8in","open","3","8.0"
"D:\augmented_data_random_backgrounds\images\train\Needle_Holder_Mayo-Hegar_Straight_Carb-bite_Serrated_Jaws_8in_open_03_aug009.jpg","Needle Holder Mayo-Hegar Straight Carb-bite Serrated Jaws 8in","open","3","9.0"
"D:\augmented_data_random_backgrounds\images\train\Needle_Holder_Mayo-Hegar_Straight_Carb-bite_Serrated_Jaws_8in_open_03_aug011.jpg","Needle Holder Mayo-Hegar Straight Carb-bite Serrated Jaws 8in","open","3","11.0"
"D:\augmented_data_random_backgrounds\images\train\Needle_Holder_Mayo-Hegar_Straight_Carb-bite_Serrated_Jaws_8in_open_03_aug012.jpg","Needle Holder Mayo-Hegar Straight Carb-bite Serrated Jaws 8in","open","3","12.0"
"D:\augmented_data_random_backgrounds\images\train\Needle_Holder_Mayo-Hegar_Straight_Carb-bite_Serrated_Jaws_8in_open_03_aug013.jpg","Needle Holder Mayo-Hegar Straight Carb-bite Serrated Jaws 8in","open","3","13.0"
"D:\augmented_data_random_backgrounds\images\train\Needle_Holder_Mayo-Hegar_Straight_Carb-bite_Serrated_Jaws_8in_open_03_aug014.jpg","Needle Holder Mayo-Hegar Straight Carb-bite Serrated Jaws 8in","open","3","14.0"
"D:\augmented_data_random_backgrounds\images\train\Needle_Holder_Mayo-Hegar_Straight_Carb-bite_Serrated_Jaws_8in_open_03_aug015.jpg","Needle Holder Mayo-Hegar Straight Carb-bite Serrated Jaws 8in","open","3","15.0"
"D:\augmented_data_random_backgrounds\images\train\Needle_Holder_Mayo-Hegar_Straight_Carb-bite_Serrated_Jaws_8in_open_03_aug016.jpg","Needle Holder Mayo-Hegar Straight Carb-bite Serrated Jaws 8in","open","3","16.0"
"D:\augmented_data_random_backgrounds\images\train\Needle_Holder_Mayo-Hegar_Straight_Carb-bite_Serrated_Jaws_8in_open_03_aug017.jpg","Needle Holder Mayo-Hegar Straight Carb-bite Serrated Jaws 8in","open","3","17.0"
"D:\augmented_data_random_backgrounds\images\train\Needle_Holder_Mayo-Hegar_Straight_Carb-bite_Serrated_Jaws_8in_open_03_aug018.jpg","Needle Holder Mayo-Hegar Straight Carb-bite Serrated Jaws 8in","open","3","18.0"
"D:\augmented_data_random_backgrounds\images\train\Needle_Holder_Mayo-Hegar_Straight_Carb-bite_Serrated_Jaws_8in_open_03_aug019.jpg","Needle Holder Mayo-Hegar Straight Carb-bite Serrated Jaws 8in","open","3","19.0"
"D:\augmented_data_random_backgrounds\images\train\Needle_Holder_Mayo-Hegar_Straight_Carb-bite_Serrated_Jaws_8in_open_04_aug000.jpg","Needle Holder Mayo-Hegar Straight Carb-bite Serrated Jaws 8in","open","4","0.0"
"D:\augmented_data_random_backgrounds\images\train\Needle_Holder_Mayo-Hegar_Straight_Carb-bite_Serrated_Jaws_8in_open_04_aug001.jpg","Needle Holder Mayo-Hegar Straight Carb-bite Serrated Jaws 8in","open","4","1.0"
"D:\augmented_data_random_backgrounds\images\train\Needle_Holder_Mayo-Hegar_Straight_Carb-bite_Serrated_Jaws_8in_open_04_aug002.jpg","Needle Holder Mayo-Hegar Straight Carb-bite Serrated Jaws 8in","open","4","2.0"
"D:\augmented_data_random_backgrounds\images\train\Needle_Holder_Mayo-Hegar_Straight_Carb-bite_Serrated_Jaws_8in_open_04_aug003.jpg","Needle Holder Mayo-Hegar Straight Carb-bite Serrated Jaws 8in","open","4","3.0"
"D:\augmented_data_random_backgrounds\images\train\Needle_Holder_Mayo-Hegar_Straight_Carb-bite_Serrated_Jaws_8in_open_04_aug005.jpg","Needle Holder Mayo-Hegar Straight Carb-bite Serrated Jaws 8in","open","4","5.0"
"D:\augmented_data_random_backgrounds\images\train\Needle_Holder_Mayo-Hegar_Straight_Carb-bite_Serrated_Jaws_8in_open_04_aug007.jpg","Needle Holder Mayo-Hegar Straight Carb-bite Serrated Jaws 8in","open","4","7.0"
"D:\augmented_data_random_backgrounds\images\train\Needle_Holder_Mayo-Hegar_Straight_Carb-bite_Serrated_Jaws_8in_open_04_aug008.jpg","Needle Holder Mayo-Hegar Straight Carb-bite Serrated Jaws 8in","open","4","8.0"
"D:\augmented_data_random_backgrounds\images\train\Needle_Holder_Mayo-Hegar_Straight_Carb-bite_Serrated_Jaws_8in_open_04_aug011.jpg","Needle Holder Mayo-Hegar Straight Carb-bite Serrated Jaws 8in","open","4","11.0"
"D:\augmented_data_random_backgrounds\images\train\Needle_Holder_Mayo-Hegar_Straight_Carb-bite_Serrated_Jaws_8in_open_04_aug012.jpg","Needle Holder Mayo-Hegar Straight Carb-bite Serrated Jaws 8in","open","4","12.0"
"D:\augmented_data_random_backgrounds\images\train\Needle_Holder_Mayo-Hegar_Straight_Carb-bite_Serrated_Jaws_8in_open_04_aug014.jpg","Needle Holder Mayo-Hegar Straight Carb-bite Serrated Jaws 8in","open","4","14.0"
"D:\augmented_data_random_backgrounds\images\train\Needle_Holder_Mayo-Hegar_Straight_Carb-bite_Serrated_Jaws_8in_open_04_aug015.jpg","Needle Holder Mayo-Hegar Straight Carb-bite Serrated Jaws 8in","open","4","15.0"
"D:\augmented_data_random_backgrounds\images\train\Needle_Holder_Mayo-Hegar_Straight_Carb-bite_Serrated_Jaws_8in_open_04_aug016.jpg","Needle Holder Mayo-Hegar Straight Carb-bite Serrated Jaws 8in","open","4","16.0"
"D:\augmented_data_random_backgrounds\images\train\Needle_Holder_Mayo-Hegar_Straight_Carb-bite_Serrated_Jaws_8in_open_04_aug017.jpg","Needle Holder Mayo-Hegar Straight Carb-bite Serrated Jaws 8in","open","4","17.0"
"D:\augmented_data_random_backgrounds\images\train\Needle_Holder_Mayo-Hegar_Straight_Carb-bite_Serrated_Jaws_8in_open_04_aug018.jpg","Needle Holder Mayo-Hegar Straight Carb-bite Serrated Jaws 8in","open","4","18.0"
"D:\augmented_data_random_backgrounds\images\train\Needle_Holder_Mayo-Hegar_Straight_Carb-bite_Serrated_Jaws_8in_open_04_aug019.jpg","Needle Holder Mayo-Hegar Straight Carb-bite Serrated Jaws 8in","open","4","19.0"
"D:\augmented_data_random_backgrounds\images\train\Needle_Holder_Mayo-Hegar_Straight_Carb-bite_Serrated_Jaws_8in_open_05_aug000.jpg","Needle Holder Mayo-Hegar Straight Carb-bite Serrated Jaws 8in","open","5","0.0"
"D:\augmented_data_random_backgrounds\images\train\Needle_Holder_Mayo-Hegar_Straight_Carb-bite_Serrated_Jaws_8in_open_05_aug001.jpg","Needle Holder Mayo-Hegar Straight Carb-bite Serrated Jaws 8in","open","5","1.0"
"D:\augmented_data_random_backgrounds\images\train\Needle_Holder_Mayo-Hegar_Straight_Carb-bite_Serrated_Jaws_8in_open_05_aug002.jpg","Needle Holder Mayo-Hegar Straight Carb-bite Serrated Jaws 8in","open","5","2.0"
"D:\augmented_data_random_backgrounds\images\train\Needle_Holder_Mayo-Hegar_Straight_Carb-bite_Serrated_Jaws_8in_open_05_aug004.jpg","Needle Holder Mayo-Hegar Straight Carb-bite Serrated Jaws 8in","open","5","4.0"
"D:\augmented_data_random_backgrounds\images\train\Needle_Holder_Mayo-Hegar_Straight_Carb-bite_Serrated_Jaws_8in_open_05_aug006.jpg","Needle Holder Mayo-Hegar Straight Carb-bite Serrated Jaws 8in","open","5","6.0"
"D:\augmented_data_random_backgrounds\images\train\Needle_Holder_Mayo-Hegar_Straight_Carb-bite_Serrated_Jaws_8in_open_05_aug007.jpg","Needle Holder Mayo-Hegar Straight Carb-bite Serrated Jaws 8in","open","5","7.0"
"D:\augmented_data_random_backgrounds\images\train\Needle_Holder_Mayo-Hegar_Straight_Carb-bite_Serrated_Jaws_8in_open_05_aug008.jpg","Needle Holder Mayo-Hegar Straight Carb-bite Serrated Jaws 8in","open","5","8.0"
"D:\augmented_data_random_backgrounds\images\train\Needle_Holder_Mayo-Hegar_Straight_Carb-bite_Serrated_Jaws_8in_open_05_aug009.jpg","Needle Holder Mayo-Hegar Straight Carb-bite Serrated Jaws 8in","open","5","9.0"
"D:\augmented_data_random_backgrounds\images\train\Needle_Holder_Mayo-Hegar_Straight_Carb-bite_Serrated_Jaws_8in_open_05_aug010.jpg","Needle Holder Mayo-Hegar Straight Carb-bite Serrated Jaws 8in","open","5","10.0"
"D:\augmented_data_random_backgrounds\images\train\Needle_Holder_Mayo-Hegar_Straight_Carb-bite_Serrated_Jaws_8in_open_05_aug011.jpg","Needle Holder Mayo-Hegar Straight Carb-bite Serrated Jaws 8in","open","5","11.0"
"D:\augmented_data_random_backgrounds\images\train\Needle_Holder_Mayo-Hegar_Straight_Carb-bite_Serrated_Jaws_8in_open_05_aug012.jpg","Needle Holder Mayo-Hegar Straight Carb-bite Serrated Jaws 8in","open","5","12.0"
"D:\augmented_data_random_backgrounds\images\train\Needle_Holder_Mayo-Hegar_Straight_Carb-bite_Serrated_Jaws_8in_open_05_aug013.jpg","Needle Holder Mayo-Hegar Straight Carb-bite Serrated Jaws 8in","open","5","13.0"
"D:\augmented_data_random_backgrounds\images\train\Needle_Holder_Mayo-Hegar_Straight_Carb-bite_Serrated_Jaws_8in_open_05_aug014.jpg","Needle Holder Mayo-Hegar Straight Carb-bite Serrated Jaws 8in","open","5","14.0"
"D:\augmented_data_random_backgrounds\images\train\Needle_Holder_Mayo-Hegar_Straight_Carb-bite_Serrated_Jaws_8in_open_05_aug015.jpg","Needle Holder Mayo-Hegar Straight Carb-bite Serrated Jaws 8in","open","5","15.0"
"D:\augmented_data_random_backgrounds\images\train\Needle_Holder_Mayo-Hegar_Straight_Carb-bite_Serrated_Jaws_8in_open_05_aug016.jpg","Needle Holder Mayo-Hegar Straight Carb-bite Serrated Jaws 8in","open","5","16.0"
"D:\augmented_data_random_backgrounds\images\train\Needle_Holder_Mayo-Hegar_Straight_Carb-bite_Serrated_Jaws_8in_open_05_aug017.jpg","Needle Holder Mayo-Hegar Straight Carb-bite Serrated Jaws 8in","open","5","17.0"
"D:\augmented_data_random_backgrounds\images\train\Needle_Holder_Mayo-Hegar_Straight_Carb-bite_Serrated_Jaws_8in_open_05_aug019.jpg","Needle Holder Mayo-Hegar Straight Carb-bite Serrated Jaws 8in","open","5","19.0"
"D:\augmented_data_random_backgrounds\images\train\Needle_Holder_Mayo-Hegar_Straight_Carb-bite_Serrated_Jaws_8in_open_06.jpg","Needle Holder Mayo-Hegar Straight Carb-bite Serrated Jaws 8in","open","6",""
"D:\augmented_data_random_backgrounds\images\train\Needle_Holder_Mayo-Hegar_Straight_Carb-bite_Serrated_Jaws_8in_open_06_aug000.jpg","Needle Holder Mayo-Hegar Straight Carb-bite Serrated Jaws 8in","open","6","0.0"
"D:\augmented_data_random_backgrounds\images\train\Needle_Holder_Mayo-Hegar_Straight_Carb-bite_Serrated_Jaws_8in_open_06_aug001.jpg","Needle Holder Mayo-Hegar Straight Carb-bite Serrated Jaws 8in","open","6","1.0"
"D:\augmented_data_random_backgrounds\images\train\Needle_Holder_Mayo-Hegar_Straight_Carb-bite_Serrated_Jaws_8in_open_06_aug002.jpg","Needle Holder Mayo-Hegar Straight Carb-bite Serrated Jaws 8in","open","6","2.0"
"D:\augmented_data_random_backgrounds\images\train\Needle_Holder_Mayo-Hegar_Straight_Carb-bite_Serrated_Jaws_8in_open_06_aug003.jpg","Needle Holder Mayo-Hegar Straight Carb-bite Serrated Jaws 8in","open","6","3.0"
"D:\augmented_data_random_backgrounds\images\train\Needle_Holder_Mayo-Hegar_Straight_Carb-bite_Serrated_Jaws_8in_open_06_aug004.jpg","Needle Holder Mayo-Hegar Straight Carb-bite Serrated Jaws 8in","open","6","4.0"
"D:\augmented_data_random_backgrounds\images\train\Needle_Holder_Mayo-Hegar_Straight_Carb-bite_Serrated_Jaws_8in_open_06_aug005.jpg","Needle Holder Mayo-Hegar Straight Carb-bite Serrated Jaws 8in","open","6","5.0"
"D:\augmented_data_random_backgrounds\images\train\Needle_Holder_Mayo-Hegar_Straight_Carb-bite_Serrated_Jaws_8in_open_06_aug007.jpg","Needle Holder Mayo-Hegar Straight Carb-bite Serrated Jaws 8in","open","6","7.0"
"D:\augmented_data_random_backgrounds\images\train\Needle_Holder_Mayo-Hegar_Straight_Carb-bite_Serrated_Jaws_8in_open_06_aug008.jpg","Needle Holder Mayo-Hegar Straight Carb-bite Serrated Jaws 8in","open","6","8.0"
"D:\augmented_data_random_backgrounds\images\train\Needle_Holder_Mayo-Hegar_Straight_Carb-bite_Serrated_Jaws_8in_open_06_aug009.jpg","Needle Holder Mayo-Hegar Straight Carb-bite Serrated Jaws 8in","open","6","9.0"
"D:\augmented_data_random_backgrounds\images\train\Needle_Holder_Mayo-Hegar_Straight_Carb-bite_Serrated_Jaws_8in_open_06_aug010.jpg","Needle Holder Mayo-Hegar Straight Carb-bite Serrated Jaws 8in","open","6","10.0"
"D:\augmented_data_random_backgrounds\images\train\Needle_Holder_Mayo-Hegar_Straight_Carb-bite_Serrated_Jaws_8in_open_06_aug011.jpg","Needle Holder Mayo-Hegar Straight Carb-bite Serrated Jaws 8in","open","6","11.0"
"D:\augmented_data_random_backgrounds\images\train\Needle_Holder_Mayo-Hegar_Straight_Carb-bite_Serrated_Jaws_8in_open_06_aug012.jpg","Needle Holder Mayo-Hegar Straight Carb-bite Serrated Jaws 8in","open","6","12.0"
"D:\augmented_data_random_backgrounds\images\train\Needle_Holder_Mayo-Hegar_Straight_Carb-bite_Serrated_Jaws_8in_open_06_aug013.jpg","Needle Holder Mayo-Hegar Straight Carb-bite Serrated Jaws 8in","open","6","13.0"
"D:\augmented_data_random_backgrounds\images\train\Needle_Holder_Mayo-Hegar_Straight_Carb-bite_Serrated_Jaws_8in_open_06_aug015.jpg","Needle Holder Mayo-Hegar Straight Carb-bite Serrated Jaws 8in","open","6","15.0"
"D:\augmented_data_random_backgrounds\images\train\Needle_Holder_Mayo-Hegar_Straight_Carb-bite_Serrated_Jaws_8in_open_06_aug016.jpg","Needle Holder Mayo-Hegar Straight Carb-bite Serrated Jaws 8in","open","6","16.0"
"D:\augmented_data_random_backgrounds\images\train\Needle_Holder_Mayo-Hegar_Straight_Carb-bite_Serrated_Jaws_8in_open_06_aug017.jpg","Needle Holder Mayo-Hegar Straight Carb-bite Serrated Jaws 8in","open","6","17.0"
"D:\augmented_data_random_backgrounds\images\train\Needle_Holder_Mayo-Hegar_Straight_Carb-bite_Serrated_Jaws_8in_open_06_aug018.jpg","Needle Holder Mayo-Hegar Straight Carb-bite Serrated Jaws 8in","open","6","18.0"
"D:\augmented_data_random_backgrounds\images\train\Needle_Holder_Mayo-Hegar_Straight_Carb-bite_Serrated_Jaws_8in_open_06_aug019.jpg","Needle Holder Mayo-Hegar Straight Carb-bite Serrated Jaws 8in","open","6","19.0"
"D:\augmented_data_random_backgrounds\images\train\Needle_Holder_Mayo-Hegar_Straight_Carb-bite_Serrated_Jaws_8in_open_07.jpg","Needle Holder Mayo-Hegar Straight Carb-bite Serrated Jaws 8in","open","7",""
"D:\augmented_data_random_backgrounds\images\train\Needle_Holder_Mayo-Hegar_Straight_Carb-bite_Serrated_Jaws_8in_open_07_aug000.jpg","Needle Holder Mayo-Hegar Straight Carb-bite Serrated Jaws 8in","open","7","0.0"
"D:\augmented_data_random_backgrounds\images\train\Needle_Holder_Mayo-Hegar_Straight_Carb-bite_Serrated_Jaws_8in_open_07_aug001.jpg","Needle Holder Mayo-Hegar Straight Carb-bite Serrated Jaws 8in","open","7","1.0"
"D:\augmented_data_random_backgrounds\images\train\Needle_Holder_Mayo-Hegar_Straight_Carb-bite_Serrated_Jaws_8in_open_07_aug002.jpg","Needle Holder Mayo-Hegar Straight Carb-bite Serrated Jaws 8in","open","7","2.0"
"D:\augmented_data_random_backgrounds\images\train\Needle_Holder_Mayo-Hegar_Straight_Carb-bite_Serrated_Jaws_8in_open_07_aug003.jpg","Needle Holder Mayo-Hegar Straight Carb-bite Serrated Jaws 8in","open","7","3.0"
"D:\augmented_data_random_backgrounds\images\train\Needle_Holder_Mayo-Hegar_Straight_Carb-bite_Serrated_Jaws_8in_open_07_aug004.jpg","Needle Holder Mayo-Hegar Straight Carb-bite Serrated Jaws 8in","open","7","4.0"
"D:\augmented_data_random_backgrounds\images\train\Needle_Holder_Mayo-Hegar_Straight_Carb-bite_Serrated_Jaws_8in_open_07_aug005.jpg","Needle Holder Mayo-Hegar Straight Carb-bite Serrated Jaws 8in","open","7","5.0"
"D:\augmented_data_random_backgrounds\images\train\Needle_Holder_Mayo-Hegar_Straight_Carb-bite_Serrated_Jaws_8in_open_07_aug006.jpg","Needle Holder Mayo-Hegar Straight Carb-bite Serrated Jaws 8in","open","7","6.0"
"D:\augmented_data_random_backgrounds\images\train\Needle_Holder_Mayo-Hegar_Straight_Carb-bite_Serrated_Jaws_8in_open_07_aug007.jpg","Needle Holder Mayo-Hegar Straight Carb-bite Serrated Jaws 8in","open","7","7.0"
"D:\augmented_data_random_backgrounds\images\train\Needle_Holder_Mayo-Hegar_Straight_Carb-bite_Serrated_Jaws_8in_open_07_aug009.jpg","Needle Holder Mayo-Hegar Straight Carb-bite Serrated Jaws 8in","open","7","9.0"
"D:\augmented_data_random_backgrounds\images\train\Needle_Holder_Mayo-Hegar_Straight_Carb-bite_Serrated_Jaws_8in_open_07_aug011.jpg","Needle Holder Mayo-Hegar Straight Carb-bite Serrated Jaws 8in","open","7","11.0"
"D:\augmented_data_random_backgrounds\images\train\Needle_Holder_Mayo-Hegar_Straight_Carb-bite_Serrated_Jaws_8in_open_07_aug012.jpg","Needle Holder Mayo-Hegar Straight Carb-bite Serrated Jaws 8in","open","7","12.0"
"D:\augmented_data_random_backgrounds\images\train\Needle_Holder_Mayo-Hegar_Straight_Carb-bite_Serrated_Jaws_8in_open_07_aug013.jpg","Needle Holder Mayo-Hegar Straight Carb-bite Serrated Jaws 8in","open","7","13.0"
"D:\augmented_data_random_backgrounds\images\train\Needle_Holder_Mayo-Hegar_Straight_Carb-bite_Serrated_Jaws_8in_open_07_aug014.jpg","Needle Holder Mayo-Hegar Straight Carb-bite Serrated Jaws 8in","open","7","14.0"
"D:\augmented_data_random_backgrounds\images\train\Needle_Holder_Mayo-Hegar_Straight_Carb-bite_Serrated_Jaws_8in_open_07_aug017.jpg","Needle Holder Mayo-Hegar Straight Carb-bite Serrated Jaws 8in","open","7","17.0"
"D:\augmented_data_random_backgrounds\images\train\Needle_Holder_Mayo-Hegar_Straight_Carb-bite_Serrated_Jaws_8in_open_07_aug018.jpg","Needle Holder Mayo-Hegar Straight Carb-bite Serrated Jaws 8in","open","7","18.0"
"D:\augmented_data_random_backgrounds\images\train\Needle_Holder_Mayo-Hegar_Straight_Carb-bite_Serrated_Jaws_8in_open_07_aug019.jpg","Needle Holder Mayo-Hegar Straight Carb-bite Serrated Jaws 8in","open","7","19.0"
"D:\augmented_data_random_backgrounds\images\train\Needle_Holder_Mayo-Hegar_Straight_Carb-bite_Serrated_Jaws_8in_open_08.jpg","Needle Holder Mayo-Hegar Straight Carb-bite Serrated Jaws 8in","open","8",""
"D:\augmented_data_random_backgrounds\images\train\Needle_Holder_Mayo-Hegar_Straight_Carb-bite_Serrated_Jaws_8in_open_08_aug001.jpg","Needle Holder Mayo-Hegar Straight Carb-bite Serrated Jaws 8in","open","8","1.0"
"D:\augmented_data_random_backgrounds\images\train\Needle_Holder_Mayo-Hegar_Straight_Carb-bite_Serrated_Jaws_8in_open_08_aug002.jpg","Needle Holder Mayo-Hegar Straight Carb-bite Serrated Jaws 8in","open","8","2.0"
"D:\augmented_data_random_backgrounds\images\train\Needle_Holder_Mayo-Hegar_Straight_Carb-bite_Serrated_Jaws_8in_open_08_aug003.jpg","Needle Holder Mayo-Hegar Straight Carb-bite Serrated Jaws 8in","open","8","3.0"
"D:\augmented_data_random_backgrounds\images\train\Needle_Holder_Mayo-Hegar_Straight_Carb-bite_Serrated_Jaws_8in_open_08_aug004.jpg","Needle Holder Mayo-Hegar Straight Carb-bite Serrated Jaws 8in","open","8","4.0"
"D:\augmented_data_random_backgrounds\images\train\Needle_Holder_Mayo-Hegar_Straight_Carb-bite_Serrated_Jaws_8in_open_08_aug005.jpg","Needle Holder Mayo-Hegar Straight Carb-bite Serrated Jaws 8in","open","8","5.0"
"D:\augmented_data_random_backgrounds\images\train\Needle_Holder_Mayo-Hegar_Straight_Carb-bite_Serrated_Jaws_8in_open_08_aug006.jpg","Needle Holder Mayo-Hegar Straight Carb-bite Serrated Jaws 8in","open","8","6.0"
"D:\augmented_data_random_backgrounds\images\train\Needle_Holder_Mayo-Hegar_Straight_Carb-bite_Serrated_Jaws_8in_open_08_aug007.jpg","Needle Holder Mayo-Hegar Straight Carb-bite Serrated Jaws 8in","open","8","7.0"
"D:\augmented_data_random_backgrounds\images\train\Needle_Holder_Mayo-Hegar_Straight_Carb-bite_Serrated_Jaws_8in_open_08_aug008.jpg","Needle Holder Mayo-Hegar Straight Carb-bite Serrated Jaws 8in","open","8","8.0"
"D:\augmented_data_random_backgrounds\images\train\Needle_Holder_Mayo-Hegar_Straight_Carb-bite_Serrated_Jaws_8in_open_08_aug009.jpg","Needle Holder Mayo-Hegar Straight Carb-bite Serrated Jaws 8in","open","8","9.0"
"D:\augmented_data_random_backgrounds\images\train\Needle_Holder_Mayo-Hegar_Straight_Carb-bite_Serrated_Jaws_8in_open_08_aug010.jpg","Needle Holder Mayo-Hegar Straight Carb-bite Serrated Jaws 8in","open","8","10.0"
"D:\augmented_data_random_backgrounds\images\train\Needle_Holder_Mayo-Hegar_Straight_Carb-bite_Serrated_Jaws_8in_open_08_aug012.jpg","Needle Holder Mayo-Hegar Straight Carb-bite Serrated Jaws 8in","open","8","12.0"
"D:\augmented_data_random_backgrounds\images\train\Needle_Holder_Mayo-Hegar_Straight_Carb-bite_Serrated_Jaws_8in_open_08_aug013.jpg","Needle Holder Mayo-Hegar Straight Carb-bite Serrated Jaws 8in","open","8","13.0"
"D:\augmented_data_random_backgrounds\images\train\Needle_Holder_Mayo-Hegar_Straight_Carb-bite_Serrated_Jaws_8in_open_08_aug014.jpg","Needle Holder Mayo-Hegar Straight Carb-bite Serrated Jaws 8in","open","8","14.0"
"D:\augmented_data_random_backgrounds\images\train\Needle_Holder_Mayo-Hegar_Straight_Carb-bite_Serrated_Jaws_8in_open_08_aug015.jpg","Needle Holder Mayo-Hegar Straight Carb-bite Serrated Jaws 8in","open","8","15.0"
"D:\augmented_data_random_backgrounds\images\train\Needle_Holder_Mayo-Hegar_Straight_Carb-bite_Serrated_Jaws_8in_open_08_aug016.jpg","Needle Holder Mayo-Hegar Straight Carb-bite Serrated Jaws 8in","open","8","16.0"
"D:\augmented_data_random_backgrounds\images\train\Needle_Holder_Mayo-Hegar_Straight_Carb-bite_Serrated_Jaws_8in_open_08_aug017.jpg","Needle Holder Mayo-Hegar Straight Carb-bite Serrated Jaws 8in","open","8","17.0"
"D:\augmented_data_random_backgrounds\images\train\Needle_Holder_Mayo-Hegar_Straight_Carb-bite_Serrated_Jaws_8in_open_08_aug019.jpg","Needle Holder Mayo-Hegar Straight Carb-bite Serrated Jaws 8in","open","8","19.0"
"D:\augmented_data_random_backgrounds\images\train\Needle_Holder_Mayo-Hegar_Straight_Carb-bite_Serrated_Jaws_8in_open_09.jpg","Needle Holder Mayo-Hegar Straight Carb-bite Serrated Jaws 8in","open","9",""
"D:\augmented_data_random_backgrounds\images\train\Needle_Holder_Mayo-Hegar_Straight_Carb-bite_Serrated_Jaws_8in_open_09_aug000.jpg","Needle Holder Mayo-Hegar Straight Carb-bite Serrated Jaws 8in","open","9","0.0"
"D:\augmented_data_random_backgrounds\images\train\Needle_Holder_Mayo-Hegar_Straight_Carb-bite_Serrated_Jaws_8in_open_09_aug001.jpg","Needle Holder Mayo-Hegar Straight Carb-bite Serrated Jaws 8in","open","9","1.0"
"D:\augmented_data_random_backgrounds\images\train\Needle_Holder_Mayo-Hegar_Straight_Carb-bite_Serrated_Jaws_8in_open_09_aug002.jpg","Needle Holder Mayo-Hegar Straight Carb-bite Serrated Jaws 8in","open","9","2.0"
"D:\augmented_data_random_backgrounds\images\train\Needle_Holder_Mayo-Hegar_Straight_Carb-bite_Serrated_Jaws_8in_open_09_aug003.jpg","Needle Holder Mayo-Hegar Straight Carb-bite Serrated Jaws 8in","open","9","3.0"
"D:\augmented_data_random_backgrounds\images\train\Needle_Holder_Mayo-Hegar_Straight_Carb-bite_Serrated_Jaws_8in_open_09_aug004.jpg","Needle Holder Mayo-Hegar Straight Carb-bite Serrated Jaws 8in","open","9","4.0"
"D:\augmented_data_random_backgrounds\images\train\Needle_Holder_Mayo-Hegar_Straight_Carb-bite_Serrated_Jaws_8in_open_09_aug005.jpg","Needle Holder Mayo-Hegar Straight Carb-bite Serrated Jaws 8in","open","9","5.0"
"D:\augmented_data_random_backgrounds\images\train\Needle_Holder_Mayo-Hegar_Straight_Carb-bite_Serrated_Jaws_8in_open_09_aug006.jpg","Needle Holder Mayo-Hegar Straight Carb-bite Serrated Jaws 8in","open","9","6.0"
"D:\augmented_data_random_backgrounds\images\train\Needle_Holder_Mayo-Hegar_Straight_Carb-bite_Serrated_Jaws_8in_open_09_aug007.jpg","Needle Holder Mayo-Hegar Straight Carb-bite Serrated Jaws 8in","open","9","7.0"
"D:\augmented_data_random_backgrounds\images\train\Needle_Holder_Mayo-Hegar_Straight_Carb-bite_Serrated_Jaws_8in_open_09_aug009.jpg","Needle Holder Mayo-Hegar Straight Carb-bite Serrated Jaws 8in","open","9","9.0"
"D:\augmented_data_random_backgrounds\images\train\Needle_Holder_Mayo-Hegar_Straight_Carb-bite_Serrated_Jaws_8in_open_09_aug010.jpg","Needle Holder Mayo-Hegar Straight Carb-bite Serrated Jaws 8in","open","9","10.0"
"D:\augmented_data_random_backgrounds\images\train\Needle_Holder_Mayo-Hegar_Straight_Carb-bite_Serrated_Jaws_8in_open_09_aug011.jpg","Needle Holder Mayo-Hegar Straight Carb-bite Serrated Jaws 8in","open","9","11.0"
"D:\augmented_data_random_backgrounds\images\train\Needle_Holder_Mayo-Hegar_Straight_Carb-bite_Serrated_Jaws_8in_open_09_aug012.jpg","Needle Holder Mayo-Hegar Straight Carb-bite Serrated Jaws 8in","open","9","12.0"
"D:\augmented_data_random_backgrounds\images\train\Needle_Holder_Mayo-Hegar_Straight_Carb-bite_Serrated_Jaws_8in_open_09_aug013.jpg","Needle Holder Mayo-Hegar Straight Carb-bite Serrated Jaws 8in","open","9","13.0"
"D:\augmented_data_random_backgrounds\images\train\Needle_Holder_Mayo-Hegar_Straight_Carb-bite_Serrated_Jaws_8in_open_09_aug015.jpg","Needle Holder Mayo-Hegar Straight Carb-bite Serrated Jaws 8in","open","9","15.0"
"D:\augmented_data_random_backgrounds\images\train\Needle_Holder_Mayo-Hegar_Straight_Carb-bite_Serrated_Jaws_8in_open_09_aug017.jpg","Needle Holder Mayo-Hegar Straight Carb-bite Serrated Jaws 8in","open","9","17.0"
"D:\augmented_data_random_backgrounds\images\train\Needle_Holder_Mayo-Hegar_Straight_Carb-bite_Serrated_Jaws_8in_open_09_aug018.jpg","Needle Holder Mayo-Hegar Straight Carb-bite Serrated Jaws 8in","open","9","18.0"
"D:\augmented_data_random_backgrounds\images\train\Needle_Holder_Mayo-Hegar_Straight_Carb-bite_Serrated_Jaws_8in_open_09_aug019.jpg","Needle Holder Mayo-Hegar Straight Carb-bite Serrated Jaws 8in","open","9","19.0"
"D:\augmented_data_random_backgrounds\images\train\Needle_Holder_Mayo-Hegar_Straight_Carb-bite_Serrated_Jaws_8in_open_10_aug000.jpg","Needle Holder Mayo-Hegar Straight Carb-bite Serrated Jaws 8in","open","10","0.0"
"D:\augmented_data_random_backgrounds\images\train\Needle_Holder_Mayo-Hegar_Straight_Carb-bite_Serrated_Jaws_8in_open_10_aug001.jpg","Needle Holder Mayo-Hegar Straight Carb-bite Serrated Jaws 8in","open","10","1.0"
"D:\augmented_data_random_backgrounds\images\train\Needle_Holder_Mayo-Hegar_Straight_Carb-bite_Serrated_Jaws_8in_open_10_aug002.jpg","Needle Holder Mayo-Hegar Straight Carb-bite Serrated Jaws 8in","open","10","2.0"
"D:\augmented_data_random_backgrounds\images\train\Needle_Holder_Mayo-Hegar_Straight_Carb-bite_Serrated_Jaws_8in_open_10_aug003.jpg","Needle Holder Mayo-Hegar Straight Carb-bite Serrated Jaws 8in","open","10","3.0"
"D:\augmented_data_random_backgrounds\images\train\Needle_Holder_Mayo-Hegar_Straight_Carb-bite_Serrated_Jaws_8in_open_10_aug004.jpg","Needle Holder Mayo-Hegar Straight Carb-bite Serrated Jaws 8in","open","10","4.0"
"D:\augmented_data_random_backgrounds\images\train\Needle_Holder_Mayo-Hegar_Straight_Carb-bite_Serrated_Jaws_8in_open_10_aug005.jpg","Needle Holder Mayo-Hegar Straight Carb-bite Serrated Jaws 8in","open","10","5.0"
"D:\augmented_data_random_backgrounds\images\train\Needle_Holder_Mayo-Hegar_Straight_Carb-bite_Serrated_Jaws_8in_open_10_aug006.jpg","Needle Holder Mayo-Hegar Straight Carb-bite Serrated Jaws 8in","open","10","6.0"
"D:\augmented_data_random_backgrounds\images\train\Needle_Holder_Mayo-Hegar_Straight_Carb-bite_Serrated_Jaws_8in_open_10_aug007.jpg","Needle Holder Mayo-Hegar Straight Carb-bite Serrated Jaws 8in","open","10","7.0"
"D:\augmented_data_random_backgrounds\images\train\Needle_Holder_Mayo-Hegar_Straight_Carb-bite_Serrated_Jaws_8in_open_10_aug009.jpg","Needle Holder Mayo-Hegar Straight Carb-bite Serrated Jaws 8in","open","10","9.0"
"D:\augmented_data_random_backgrounds\images\train\Needle_Holder_Mayo-Hegar_Straight_Carb-bite_Serrated_Jaws_8in_open_10_aug010.jpg","Needle Holder Mayo-Hegar Straight Carb-bite Serrated Jaws 8in","open","10","10.0"
"D:\augmented_data_random_backgrounds\images\train\Needle_Holder_Mayo-Hegar_Straight_Carb-bite_Serrated_Jaws_8in_open_10_aug011.jpg","Needle Holder Mayo-Hegar Straight Carb-bite Serrated Jaws 8in","open","10","11.0"
"D:\augmented_data_random_backgrounds\images\train\Needle_Holder_Mayo-Hegar_Straight_Carb-bite_Serrated_Jaws_8in_open_10_aug015.jpg","Needle Holder Mayo-Hegar Straight Carb-bite Serrated Jaws 8in","open","10","15.0"
"D:\augmented_data_random_backgrounds\images\train\Needle_Holder_Mayo-Hegar_Straight_Carb-bite_Serrated_Jaws_8in_open_10_aug016.jpg","Needle Holder Mayo-Hegar Straight Carb-bite Serrated Jaws 8in","open","10","16.0"
"D:\augmented_data_random_backgrounds\images\train\Needle_Holder_Mayo-Hegar_Straight_Carb-bite_Serrated_Jaws_8in_open_10_aug018.jpg","Needle Holder Mayo-Hegar Straight Carb-bite Serrated Jaws 8in","open","10","18.0"
"D:\augmented_data_random_backgrounds\images\train\Needle_Holder_Mayo-Hegar_Straight_Carb-bite_Serrated_Jaws_8in_open_10_aug019.jpg","Needle Holder Mayo-Hegar Straight Carb-bite Serrated Jaws 8in","open","10","19.0"
"D:\augmented_data_random_backgrounds\images\train\Needle_Holder_Mayo-Hegar_Straight_Carb-bite_Serrated_Jaws_8in_open_11.jpg","Needle Holder Mayo-Hegar Straight Carb-bite Serrated Jaws 8in","open","11",""
"D:\augmented_data_random_backgrounds\images\train\Needle_Holder_Mayo-Hegar_Straight_Carb-bite_Serrated_Jaws_8in_open_11_aug001.jpg","Needle Holder Mayo-Hegar Straight Carb-bite Serrated Jaws 8in","open","11","1.0"
"D:\augmented_data_random_backgrounds\images\train\Needle_Holder_Mayo-Hegar_Straight_Carb-bite_Serrated_Jaws_8in_open_11_aug002.jpg","Needle Holder Mayo-Hegar Straight Carb-bite Serrated Jaws 8in","open","11","2.0"
"D:\augmented_data_random_backgrounds\images\train\Needle_Holder_Mayo-Hegar_Straight_Carb-bite_Serrated_Jaws_8in_open_11_aug003.jpg","Needle Holder Mayo-Hegar Straight Carb-bite Serrated Jaws 8in","open","11","3.0"
"D:\augmented_data_random_backgrounds\images\train\Needle_Holder_Mayo-Hegar_Straight_Carb-bite_Serrated_Jaws_8in_open_11_aug004.jpg","Needle Holder Mayo-Hegar Straight Carb-bite Serrated Jaws 8in","open","11","4.0"
"D:\augmented_data_random_backgrounds\images\train\Needle_Holder_Mayo-Hegar_Straight_Carb-bite_Serrated_Jaws_8in_open_11_aug005.jpg","Needle Holder Mayo-Hegar Straight Carb-bite Serrated Jaws 8in","open","11","5.0"
"D:\augmented_data_random_backgrounds\images\train\Needle_Holder_Mayo-Hegar_Straight_Carb-bite_Serrated_Jaws_8in_open_11_aug006.jpg","Needle Holder Mayo-Hegar Straight Carb-bite Serrated Jaws 8in","open","11","6.0"
"D:\augmented_data_random_backgrounds\images\train\Needle_Holder_Mayo-Hegar_Straight_Carb-bite_Serrated_Jaws_8in_open_11_aug007.jpg","Needle Holder Mayo-Hegar Straight Carb-bite Serrated Jaws 8in","open","11","7.0"
"D:\augmented_data_random_backgrounds\images\train\Needle_Holder_Mayo-Hegar_Straight_Carb-bite_Serrated_Jaws_8in_open_11_aug008.jpg","Needle Holder Mayo-Hegar Straight Carb-bite Serrated Jaws 8in","open","11","8.0"
"D:\augmented_data_random_backgrounds\images\train\Needle_Holder_Mayo-Hegar_Straight_Carb-bite_Serrated_Jaws_8in_open_11_aug009.jpg","Needle Holder Mayo-Hegar Straight Carb-bite Serrated Jaws 8in","open","11","9.0"
"D:\augmented_data_random_backgrounds\images\train\Needle_Holder_Mayo-Hegar_Straight_Carb-bite_Serrated_Jaws_8in_open_11_aug010.jpg","Needle Holder Mayo-Hegar Straight Carb-bite Serrated Jaws 8in","open","11","10.0"
"D:\augmented_data_random_backgrounds\images\train\Needle_Holder_Mayo-Hegar_Straight_Carb-bite_Serrated_Jaws_8in_open_11_aug011.jpg","Needle Holder Mayo-Hegar Straight Carb-bite Serrated Jaws 8in","open","11","11.0"
"D:\augmented_data_random_backgrounds\images\train\Needle_Holder_Mayo-Hegar_Straight_Carb-bite_Serrated_Jaws_8in_open_11_aug013.jpg","Needle Holder Mayo-Hegar Straight Carb-bite Serrated Jaws 8in","open","11","13.0"
"D:\augmented_data_random_backgrounds\images\train\Needle_Holder_Mayo-Hegar_Straight_Carb-bite_Serrated_Jaws_8in_open_11_aug014.jpg","Needle Holder Mayo-Hegar Straight Carb-bite Serrated Jaws 8in","open","11","14.0"
"D:\augmented_data_random_backgrounds\images\train\Needle_Holder_Mayo-Hegar_Straight_Carb-bite_Serrated_Jaws_8in_open_11_aug015.jpg","Needle Holder Mayo-Hegar Straight Carb-bite Serrated Jaws 8in","open","11","15.0"
"D:\augmented_data_random_backgrounds\images\train\Needle_Holder_Mayo-Hegar_Straight_Carb-bite_Serrated_Jaws_8in_open_11_aug016.jpg","Needle Holder Mayo-Hegar Straight Carb-bite Serrated Jaws 8in","open","11","16.0"
"D:\augmented_data_random_backgrounds\images\train\Needle_Holder_Mayo-Hegar_Straight_Carb-bite_Serrated_Jaws_8in_open_11_aug017.jpg","Needle Holder Mayo-Hegar Straight Carb-bite Serrated Jaws 8in","open","11","17.0"
"D:\augmented_data_random_backgrounds\images\train\Needle_Holder_Mayo-Hegar_Straight_Carb-bite_Serrated_Jaws_8in_open_11_aug018.jpg","Needle Holder Mayo-Hegar Straight Carb-bite Serrated Jaws 8in","open","11","18.0"
"D:\augmented_data_random_backgrounds\images\train\Needle_Holder_Mayo-Hegar_Straight_Carb-bite_Serrated_Jaws_8in_open_11_aug019.jpg","Needle Holder Mayo-Hegar Straight Carb-bite Serrated Jaws 8in","open","11","19.0"
"D:\augmented_data_random_backgrounds\images\train\Needle_Holder_Mayo-Hegar_Straight_Carb-bite_Serrated_Jaws_8in_open_12_aug000.jpg","Needle Holder Mayo-Hegar Straight Carb-bite Serrated Jaws 8in","open","12","0.0"
"D:\augmented_data_random_backgrounds\images\train\Needle_Holder_Mayo-Hegar_Straight_Carb-bite_Serrated_Jaws_8in_open_12_aug001.jpg","Needle Holder Mayo-Hegar Straight Carb-bite Serrated Jaws 8in","open","12","1.0"
"D:\augmented_data_random_backgrounds\images\train\Needle_Holder_Mayo-Hegar_Straight_Carb-bite_Serrated_Jaws_8in_open_12_aug002.jpg","Needle Holder Mayo-Hegar Straight Carb-bite Serrated Jaws 8in","open","12","2.0"
"D:\augmented_data_random_backgrounds\images\train\Needle_Holder_Mayo-Hegar_Straight_Carb-bite_Serrated_Jaws_8in_open_12_aug003.jpg","Needle Holder Mayo-Hegar Straight Carb-bite Serrated Jaws 8in","open","12","3.0"
"D:\augmented_data_random_backgrounds\images\train\Needle_Holder_Mayo-Hegar_Straight_Carb-bite_Serrated_Jaws_8in_open_12_aug004.jpg","Needle Holder Mayo-Hegar Straight Carb-bite Serrated Jaws 8in","open","12","4.0"
"D:\augmented_data_random_backgrounds\images\train\Needle_Holder_Mayo-Hegar_Straight_Carb-bite_Serrated_Jaws_8in_open_12_aug006.jpg","Needle Holder Mayo-Hegar Straight Carb-bite Serrated Jaws 8in","open","12","6.0"
"D:\augmented_data_random_backgrounds\images\train\Needle_Holder_Mayo-Hegar_Straight_Carb-bite_Serrated_Jaws_8in_open_12_aug007.jpg","Needle Holder Mayo-Hegar Straight Carb-bite Serrated Jaws 8in","open","12","7.0"
"D:\augmented_data_random_backgrounds\images\train\Needle_Holder_Mayo-Hegar_Straight_Carb-bite_Serrated_Jaws_8in_open_12_aug008.jpg","Needle Holder Mayo-Hegar Straight Carb-bite Serrated Jaws 8in","open","12","8.0"
"D:\augmented_data_random_backgrounds\images\train\Needle_Holder_Mayo-Hegar_Straight_Carb-bite_Serrated_Jaws_8in_open_12_aug009.jpg","Needle Holder Mayo-Hegar Straight Carb-bite Serrated Jaws 8in","open","12","9.0"
"D:\augmented_data_random_backgrounds\images\train\Needle_Holder_Mayo-Hegar_Straight_Carb-bite_Serrated_Jaws_8in_open_12_aug010.jpg","Needle Holder Mayo-Hegar Straight Carb-bite Serrated Jaws 8in","open","12","10.0"
"D:\augmented_data_random_backgrounds\images\train\Needle_Holder_Mayo-Hegar_Straight_Carb-bite_Serrated_Jaws_8in_open_12_aug011.jpg","Needle Holder Mayo-Hegar Straight Carb-bite Serrated Jaws 8in","open","12","11.0"
"D:\augmented_data_random_backgrounds\images\train\Needle_Holder_Mayo-Hegar_Straight_Carb-bite_Serrated_Jaws_8in_open_12_aug012.jpg","Needle Holder Mayo-Hegar Straight Carb-bite Serrated Jaws 8in","open","12","12.0"
"D:\augmented_data_random_backgrounds\images\train\Needle_Holder_Mayo-Hegar_Straight_Carb-bite_Serrated_Jaws_8in_open_12_aug013.jpg","Needle Holder Mayo-Hegar Straight Carb-bite Serrated Jaws 8in","open","12","13.0"
"D:\augmented_data_random_backgrounds\images\train\Needle_Holder_Mayo-Hegar_Straight_Carb-bite_Serrated_Jaws_8in_open_12_aug014.jpg","Needle Holder Mayo-Hegar Straight Carb-bite Serrated Jaws 8in","open","12","14.0"
"D:\augmented_data_random_backgrounds\images\train\Needle_Holder_Mayo-Hegar_Straight_Carb-bite_Serrated_Jaws_8in_open_12_aug015.jpg","Needle Holder Mayo-Hegar Straight Carb-bite Serrated Jaws 8in","open","12","15.0"
"D:\augmented_data_random_backgrounds\images\train\Needle_Holder_Mayo-Hegar_Straight_Carb-bite_Serrated_Jaws_8in_open_12_aug016.jpg","Needle Holder Mayo-Hegar Straight Carb-bite Serrated Jaws 8in","open","12","16.0"
"D:\augmented_data_random_backgrounds\images\train\Needle_Holder_Mayo-Hegar_Straight_Carb-bite_Serrated_Jaws_8in_open_12_aug019.jpg","Needle Holder Mayo-Hegar Straight Carb-bite Serrated Jaws 8in","open","12","19.0"
"D:\augmented_data_random_backgrounds\images\train\Needle_Holder_Mayo-Hegar_Straight_Carb-bite_Serrated_Jaws_8in_open_13.jpg","Needle Holder Mayo-Hegar Straight Carb-bite Serrated Jaws 8in","open","13",""
"D:\augmented_data_random_backgrounds\images\train\Needle_Holder_Mayo-Hegar_Straight_Carb-bite_Serrated_Jaws_8in_open_13_aug000.jpg","Needle Holder Mayo-Hegar Straight Carb-bite Serrated Jaws 8in","open","13","0.0"
"D:\augmented_data_random_backgrounds\images\train\Needle_Holder_Mayo-Hegar_Straight_Carb-bite_Serrated_Jaws_8in_open_13_aug001.jpg","Needle Holder Mayo-Hegar Straight Carb-bite Serrated Jaws 8in","open","13","1.0"
"D:\augmented_data_random_backgrounds\images\train\Needle_Holder_Mayo-Hegar_Straight_Carb-bite_Serrated_Jaws_8in_open_13_aug002.jpg","Needle Holder Mayo-Hegar Straight Carb-bite Serrated Jaws 8in","open","13","2.0"
"D:\augmented_data_random_backgrounds\images\train\Needle_Holder_Mayo-Hegar_Straight_Carb-bite_Serrated_Jaws_8in_open_13_aug003.jpg","Needle Holder Mayo-Hegar Straight Carb-bite Serrated Jaws 8in","open","13","3.0"
"D:\augmented_data_random_backgrounds\images\train\Needle_Holder_Mayo-Hegar_Straight_Carb-bite_Serrated_Jaws_8in_open_13_aug004.jpg","Needle Holder Mayo-Hegar Straight Carb-bite Serrated Jaws 8in","open","13","4.0"
"D:\augmented_data_random_backgrounds\images\train\Needle_Holder_Mayo-Hegar_Straight_Carb-bite_Serrated_Jaws_8in_open_13_aug006.jpg","Needle Holder Mayo-Hegar Straight Carb-bite Serrated Jaws 8in","open","13","6.0"
"D:\augmented_data_random_backgrounds\images\train\Needle_Holder_Mayo-Hegar_Straight_Carb-bite_Serrated_Jaws_8in_open_13_aug007.jpg","Needle Holder Mayo-Hegar Straight Carb-bite Serrated Jaws 8in","open","13","7.0"
"D:\augmented_data_random_backgrounds\images\train\Needle_Holder_Mayo-Hegar_Straight_Carb-bite_Serrated_Jaws_8in_open_13_aug009.jpg","Needle Holder Mayo-Hegar Straight Carb-bite Serrated Jaws 8in","open","13","9.0"
"D:\augmented_data_random_backgrounds\images\train\Needle_Holder_Mayo-Hegar_Straight_Carb-bite_Serrated_Jaws_8in_open_13_aug010.jpg","Needle Holder Mayo-Hegar Straight Carb-bite Serrated Jaws 8in","open","13","10.0"
"D:\augmented_data_random_backgrounds\images\train\Needle_Holder_Mayo-Hegar_Straight_Carb-bite_Serrated_Jaws_8in_open_13_aug011.jpg","Needle Holder Mayo-Hegar Straight Carb-bite Serrated Jaws 8in","open","13","11.0"
"D:\augmented_data_random_backgrounds\images\train\Needle_Holder_Mayo-Hegar_Straight_Carb-bite_Serrated_Jaws_8in_open_13_aug012.jpg","Needle Holder Mayo-Hegar Straight Carb-bite Serrated Jaws 8in","open","13","12.0"
"D:\augmented_data_random_backgrounds\images\train\Needle_Holder_Mayo-Hegar_Straight_Carb-bite_Serrated_Jaws_8in_open_13_aug013.jpg","Needle Holder Mayo-Hegar Straight Carb-bite Serrated Jaws 8in","open","13","13.0"
"D:\augmented_data_random_backgrounds\images\train\Needle_Holder_Mayo-Hegar_Straight_Carb-bite_Serrated_Jaws_8in_open_13_aug014.jpg","Needle Holder Mayo-Hegar Straight Carb-bite Serrated Jaws 8in","open","13","14.0"
"D:\augmented_data_random_backgrounds\images\train\Needle_Holder_Mayo-Hegar_Straight_Carb-bite_Serrated_Jaws_8in_open_13_aug015.jpg","Needle Holder Mayo-Hegar Straight Carb-bite Serrated Jaws 8in","open","13","15.0"
"D:\augmented_data_random_backgrounds\images\train\Needle_Holder_Mayo-Hegar_Straight_Carb-bite_Serrated_Jaws_8in_open_13_aug017.jpg","Needle Holder Mayo-Hegar Straight Carb-bite Serrated Jaws 8in","open","13","17.0"
"D:\augmented_data_random_backgrounds\images\train\Needle_Holder_Mayo-Hegar_Straight_Carb-bite_Serrated_Jaws_8in_open_13_aug018.jpg","Needle Holder Mayo-Hegar Straight Carb-bite Serrated Jaws 8in","open","13","18.0"
"D:\augmented_data_random_backgrounds\images\train\Needle_Holder_Mayo-Hegar_Straight_Carb-bite_Serrated_Jaws_8in_open_13_aug019.jpg","Needle Holder Mayo-Hegar Straight Carb-bite Serrated Jaws 8in","open","13","19.0"
"D:\augmented_data_random_backgrounds\images\train\Needle_Holder_Mayo-Hegar_Straight_Carb-bite_Serrated_Jaws_8in_open_14_aug000.jpg","Needle Holder Mayo-Hegar Straight Carb-bite Serrated Jaws 8in","open","14","0.0"
"D:\augmented_data_random_backgrounds\images\train\Needle_Holder_Mayo-Hegar_Straight_Carb-bite_Serrated_Jaws_8in_open_14_aug003.jpg","Needle Holder Mayo-Hegar Straight Carb-bite Serrated Jaws 8in","open","14","3.0"
"D:\augmented_data_random_backgrounds\images\train\Needle_Holder_Mayo-Hegar_Straight_Carb-bite_Serrated_Jaws_8in_open_14_aug008.jpg","Needle Holder Mayo-Hegar Straight Carb-bite Serrated Jaws 8in","open","14","8.0"
"D:\augmented_data_random_backgrounds\images\train\Needle_Holder_Mayo-Hegar_Straight_Carb-bite_Serrated_Jaws_8in_open_14_aug009.jpg","Needle Holder Mayo-Hegar Straight Carb-bite Serrated Jaws 8in","open","14","9.0"
"D:\augmented_data_random_backgrounds\images\train\Needle_Holder_Mayo-Hegar_Straight_Carb-bite_Serrated_Jaws_8in_open_14_aug010.jpg","Needle Holder Mayo-Hegar Straight Carb-bite Serrated Jaws 8in","open","14","10.0"
"D:\augmented_data_random_backgrounds\images\train\Needle_Holder_Mayo-Hegar_Straight_Carb-bite_Serrated_Jaws_8in_open_14_aug011.jpg","Needle Holder Mayo-Hegar Straight Carb-bite Serrated Jaws 8in","open","14","11.0"
"D:\augmented_data_random_backgrounds\images\train\Needle_Holder_Mayo-Hegar_Straight_Carb-bite_Serrated_Jaws_8in_open_14_aug012.jpg","Needle Holder Mayo-Hegar Straight Carb-bite Serrated Jaws 8in","open","14","12.0"
"D:\augmented_data_random_backgrounds\images\train\Needle_Holder_Mayo-Hegar_Straight_Carb-bite_Serrated_Jaws_8in_open_14_aug013.jpg","Needle Holder Mayo-Hegar Straight Carb-bite Serrated Jaws 8in","open","14","13.0"
"D:\augmented_data_random_backgrounds\images\train\Needle_Holder_Mayo-Hegar_Straight_Carb-bite_Serrated_Jaws_8in_open_14_aug014.jpg","Needle Holder Mayo-Hegar Straight Carb-bite Serrated Jaws 8in","open","14","14.0"
"D:\augmented_data_random_backgrounds\images\train\Needle_Holder_Mayo-Hegar_Straight_Carb-bite_Serrated_Jaws_8in_open_14_aug015.jpg","Needle Holder Mayo-Hegar Straight Carb-bite Serrated Jaws 8in","open","14","15.0"
"D:\augmented_data_random_backgrounds\images\train\Needle_Holder_Mayo-Hegar_Straight_Carb-bite_Serrated_Jaws_8in_open_14_aug016.jpg","Needle Holder Mayo-Hegar Straight Carb-bite Serrated Jaws 8in","open","14","16.0"
"D:\augmented_data_random_backgrounds\images\train\Needle_Holder_Mayo-Hegar_Straight_Carb-bite_Serrated_Jaws_8in_open_14_aug017.jpg","Needle Holder Mayo-Hegar Straight Carb-bite Serrated Jaws 8in","open","14","17.0"
"D:\augmented_data_random_backgrounds\images\train\Needle_Holder_Mayo-Hegar_Straight_Carb-bite_Serrated_Jaws_8in_open_14_aug018.jpg","Needle Holder Mayo-Hegar Straight Carb-bite Serrated Jaws 8in","open","14","18.0"
"D:\augmented_data_random_backgrounds\images\train\Needle_Holder_Mayo-Hegar_Straight_Carb-bite_Serrated_Jaws_8in_open_15.jpg","Needle Holder Mayo-Hegar Straight Carb-bite Serrated Jaws 8in","open","15",""
"D:\augmented_data_random_backgrounds\images\train\Needle_Holder_Mayo-Hegar_Straight_Carb-bite_Serrated_Jaws_8in_open_15_aug000.jpg","Needle Holder Mayo-Hegar Straight Carb-bite Serrated Jaws 8in","open","15","0.0"
"D:\augmented_data_random_backgrounds\images\train\Needle_Holder_Mayo-Hegar_Straight_Carb-bite_Serrated_Jaws_8in_open_15_aug002.jpg","Needle Holder Mayo-Hegar Straight Carb-bite Serrated Jaws 8in","open","15","2.0"
"D:\augmented_data_random_backgrounds\images\train\Needle_Holder_Mayo-Hegar_Straight_Carb-bite_Serrated_Jaws_8in_open_15_aug003.jpg","Needle Holder Mayo-Hegar Straight Carb-bite Serrated Jaws 8in","open","15","3.0"
"D:\augmented_data_random_backgrounds\images\train\Needle_Holder_Mayo-Hegar_Straight_Carb-bite_Serrated_Jaws_8in_open_15_aug004.jpg","Needle Holder Mayo-Hegar Straight Carb-bite Serrated Jaws 8in","open","15","4.0"
"D:\augmented_data_random_backgrounds\images\train\Needle_Holder_Mayo-Hegar_Straight_Carb-bite_Serrated_Jaws_8in_open_15_aug005.jpg","Needle Holder Mayo-Hegar Straight Carb-bite Serrated Jaws 8in","open","15","5.0"
"D:\augmented_data_random_backgrounds\images\train\Needle_Holder_Mayo-Hegar_Straight_Carb-bite_Serrated_Jaws_8in_open_15_aug006.jpg","Needle Holder Mayo-Hegar Straight Carb-bite Serrated Jaws 8in","open","15","6.0"
"D:\augmented_data_random_backgrounds\images\train\Needle_Holder_Mayo-Hegar_Straight_Carb-bite_Serrated_Jaws_8in_open_15_aug008.jpg","Needle Holder Mayo-Hegar Straight Carb-bite Serrated Jaws 8in","open","15","8.0"
"D:\augmented_data_random_backgrounds\images\train\Needle_Holder_Mayo-Hegar_Straight_Carb-bite_Serrated_Jaws_8in_open_15_aug009.jpg","Needle Holder Mayo-Hegar Straight Carb-bite Serrated Jaws 8in","open","15","9.0"
"D:\augmented_data_random_backgrounds\images\train\Needle_Holder_Mayo-Hegar_Straight_Carb-bite_Serrated_Jaws_8in_open_15_aug011.jpg","Needle Holder Mayo-Hegar Straight Carb-bite Serrated Jaws 8in","open","15","11.0"
"D:\augmented_data_random_backgrounds\images\train\Needle_Holder_Mayo-Hegar_Straight_Carb-bite_Serrated_Jaws_8in_open_15_aug013.jpg","Needle Holder Mayo-Hegar Straight Carb-bite Serrated Jaws 8in","open","15","13.0"
"D:\augmented_data_random_backgrounds\images\train\Needle_Holder_Mayo-Hegar_Straight_Carb-bite_Serrated_Jaws_8in_open_15_aug015.jpg","Needle Holder Mayo-Hegar Straight Carb-bite Serrated Jaws 8in","open","15","15.0"
"D:\augmented_data_random_backgrounds\images\train\Needle_Holder_Mayo-Hegar_Straight_Carb-bite_Serrated_Jaws_8in_open_15_aug016.jpg","Needle Holder Mayo-Hegar Straight Carb-bite Serrated Jaws 8in","open","15","16.0"
"D:\augmented_data_random_backgrounds\images\train\Needle_Holder_Mayo-Hegar_Straight_Carb-bite_Serrated_Jaws_8in_open_15_aug017.jpg","Needle Holder Mayo-Hegar Straight Carb-bite Serrated Jaws 8in","open","15","17.0"
"D:\augmented_data_random_backgrounds\images\train\Needle_Holder_Mayo-Hegar_Straight_Carb-bite_Serrated_Jaws_8in_open_15_aug018.jpg","Needle Holder Mayo-Hegar Straight Carb-bite Serrated Jaws 8in","open","15","18.0"
"D:\augmented_data_random_backgrounds\images\train\Needle_Holder_Mayo-Hegar_Straight_Carb-bite_Serrated_Jaws_8in_open_16_aug000.jpg","Needle Holder Mayo-Hegar Straight Carb-bite Serrated Jaws 8in","open","16","0.0"
"D:\augmented_data_random_backgrounds\images\train\Needle_Holder_Mayo-Hegar_Straight_Carb-bite_Serrated_Jaws_8in_open_16_aug002.jpg","Needle Holder Mayo-Hegar Straight Carb-bite Serrated Jaws 8in","open","16","2.0"
"D:\augmented_data_random_backgrounds\images\train\Needle_Holder_Mayo-Hegar_Straight_Carb-bite_Serrated_Jaws_8in_open_16_aug004.jpg","Needle Holder Mayo-Hegar Straight Carb-bite Serrated Jaws 8in","open","16","4.0"
"D:\augmented_data_random_backgrounds\images\train\Needle_Holder_Mayo-Hegar_Straight_Carb-bite_Serrated_Jaws_8in_open_16_aug006.jpg","Needle Holder Mayo-Hegar Straight Carb-bite Serrated Jaws 8in","open","16","6.0"
"D:\augmented_data_random_backgrounds\images\train\Needle_Holder_Mayo-Hegar_Straight_Carb-bite_Serrated_Jaws_8in_open_16_aug007.jpg","Needle Holder Mayo-Hegar Straight Carb-bite Serrated Jaws 8in","open","16","7.0"
"D:\augmented_data_random_backgrounds\images\train\Needle_Holder_Mayo-Hegar_Straight_Carb-bite_Serrated_Jaws_8in_open_16_aug008.jpg","Needle Holder Mayo-Hegar Straight Carb-bite Serrated Jaws 8in","open","16","8.0"
"D:\augmented_data_random_backgrounds\images\train\Needle_Holder_Mayo-Hegar_Straight_Carb-bite_Serrated_Jaws_8in_open_16_aug009.jpg","Needle Holder Mayo-Hegar Straight Carb-bite Serrated Jaws 8in","open","16","9.0"
"D:\augmented_data_random_backgrounds\images\train\Needle_Holder_Mayo-Hegar_Straight_Carb-bite_Serrated_Jaws_8in_open_16_aug010.jpg","Needle Holder Mayo-Hegar Straight Carb-bite Serrated Jaws 8in","open","16","10.0"
"D:\augmented_data_random_backgrounds\images\train\Needle_Holder_Mayo-Hegar_Straight_Carb-bite_Serrated_Jaws_8in_open_16_aug012.jpg","Needle Holder Mayo-Hegar Straight Carb-bite Serrated Jaws 8in","open","16","12.0"
"D:\augmented_data_random_backgrounds\images\train\Needle_Holder_Mayo-Hegar_Straight_Carb-bite_Serrated_Jaws_8in_open_16_aug014.jpg","Needle Holder Mayo-Hegar Straight Carb-bite Serrated Jaws 8in","open","16","14.0"
"D:\augmented_data_random_backgrounds\images\train\Needle_Holder_Mayo-Hegar_Straight_Carb-bite_Serrated_Jaws_8in_open_16_aug016.jpg","Needle Holder Mayo-Hegar Straight Carb-bite Serrated Jaws 8in","open","16","16.0"
"D:\augmented_data_random_backgrounds\images\train\Needle_Holder_Mayo-Hegar_Straight_Carb-bite_Serrated_Jaws_8in_open_16_aug017.jpg","Needle Holder Mayo-Hegar Straight Carb-bite Serrated Jaws 8in","open","16","17.0"
"D:\augmented_data_random_backgrounds\images\train\Needle_Holder_Mayo-Hegar_Straight_Carb-bite_Serrated_Jaws_8in_open_16_aug018.jpg","Needle Holder Mayo-Hegar Straight Carb-bite Serrated Jaws 8in","open","16","18.0"
"D:\augmented_data_random_backgrounds\images\train\Needle_Holder_Mayo-Hegar_Straight_Carb-bite_Serrated_Jaws_8in_open_16_aug019.jpg","Needle Holder Mayo-Hegar Straight Carb-bite Serrated Jaws 8in","open","16","19.0"
"D:\augmented_data_random_backgrounds\images\train\Needle_Holder_Mayo-Hegar_Straight_Carb-bite_Serrated_Jaws_8in_open_17.jpg","Needle Holder Mayo-Hegar Straight Carb-bite Serrated Jaws 8in","open","17",""
"D:\augmented_data_random_backgrounds\images\train\Needle_Holder_Mayo-Hegar_Straight_Carb-bite_Serrated_Jaws_8in_open_17_aug000.jpg","Needle Holder Mayo-Hegar Straight Carb-bite Serrated Jaws 8in","open","17","0.0"
"D:\augmented_data_random_backgrounds\images\train\Needle_Holder_Mayo-Hegar_Straight_Carb-bite_Serrated_Jaws_8in_open_17_aug001.jpg","Needle Holder Mayo-Hegar Straight Carb-bite Serrated Jaws 8in","open","17","1.0"
"D:\augmented_data_random_backgrounds\images\train\Needle_Holder_Mayo-Hegar_Straight_Carb-bite_Serrated_Jaws_8in_open_17_aug002.jpg","Needle Holder Mayo-Hegar Straight Carb-bite Serrated Jaws 8in","open","17","2.0"
"D:\augmented_data_random_backgrounds\images\train\Needle_Holder_Mayo-Hegar_Straight_Carb-bite_Serrated_Jaws_8in_open_17_aug004.jpg","Needle Holder Mayo-Hegar Straight Carb-bite Serrated Jaws 8in","open","17","4.0"
"D:\augmented_data_random_backgrounds\images\train\Needle_Holder_Mayo-Hegar_Straight_Carb-bite_Serrated_Jaws_8in_open_17_aug005.jpg","Needle Holder Mayo-Hegar Straight Carb-bite Serrated Jaws 8in","open","17","5.0"
"D:\augmented_data_random_backgrounds\images\train\Needle_Holder_Mayo-Hegar_Straight_Carb-bite_Serrated_Jaws_8in_open_17_aug006.jpg","Needle Holder Mayo-Hegar Straight Carb-bite Serrated Jaws 8in","open","17","6.0"
"D:\augmented_data_random_backgrounds\images\train\Needle_Holder_Mayo-Hegar_Straight_Carb-bite_Serrated_Jaws_8in_open_17_aug007.jpg","Needle Holder Mayo-Hegar Straight Carb-bite Serrated Jaws 8in","open","17","7.0"
"D:\augmented_data_random_backgrounds\images\train\Needle_Holder_Mayo-Hegar_Straight_Carb-bite_Serrated_Jaws_8in_open_17_aug008.jpg","Needle Holder Mayo-Hegar Straight Carb-bite Serrated Jaws 8in","open","17","8.0"
"D:\augmented_data_random_backgrounds\images\train\Needle_Holder_Mayo-Hegar_Straight_Carb-bite_Serrated_Jaws_8in_open_17_aug010.jpg","Needle Holder Mayo-Hegar Straight Carb-bite Serrated Jaws 8in","open","17","10.0"
"D:\augmented_data_random_backgrounds\images\train\Needle_Holder_Mayo-Hegar_Straight_Carb-bite_Serrated_Jaws_8in_open_17_aug011.jpg","Needle Holder Mayo-Hegar Straight Carb-bite Serrated Jaws 8in","open","17","11.0"
"D:\augmented_data_random_backgrounds\images\train\Needle_Holder_Mayo-Hegar_Straight_Carb-bite_Serrated_Jaws_8in_open_17_aug012.jpg","Needle Holder Mayo-Hegar Straight Carb-bite Serrated Jaws 8in","open","17","12.0"
"D:\augmented_data_random_backgrounds\images\train\Needle_Holder_Mayo-Hegar_Straight_Carb-bite_Serrated_Jaws_8in_open_17_aug013.jpg","Needle Holder Mayo-Hegar Straight Carb-bite Serrated Jaws 8in","open","17","13.0"
"D:\augmented_data_random_backgrounds\images\train\Needle_Holder_Mayo-Hegar_Straight_Carb-bite_Serrated_Jaws_8in_open_17_aug014.jpg","Needle Holder Mayo-Hegar Straight Carb-bite Serrated Jaws 8in","open","17","14.0"
"D:\augmented_data_random_backgrounds\images\train\Needle_Holder_Mayo-Hegar_Straight_Carb-bite_Serrated_Jaws_8in_open_17_aug015.jpg","Needle Holder Mayo-Hegar Straight Carb-bite Serrated Jaws 8in","open","17","15.0"
"D:\augmented_data_random_backgrounds\images\train\Needle_Holder_Mayo-Hegar_Straight_Carb-bite_Serrated_Jaws_8in_open_17_aug016.jpg","Needle Holder Mayo-Hegar Straight Carb-bite Serrated Jaws 8in","open","17","16.0"
"D:\augmented_data_random_backgrounds\images\train\Needle_Holder_Mayo-Hegar_Straight_Carb-bite_Serrated_Jaws_8in_open_17_aug017.jpg","Needle Holder Mayo-Hegar Straight Carb-bite Serrated Jaws 8in","open","17","17.0"
"D:\augmented_data_random_backgrounds\images\train\Needle_Holder_Mayo-Hegar_Straight_Carb-bite_Serrated_Jaws_8in_open_17_aug018.jpg","Needle Holder Mayo-Hegar Straight Carb-bite Serrated Jaws 8in","open","17","18.0"
"D:\augmented_data_random_backgrounds\images\train\Needle_Holder_Mayo-Hegar_Straight_Carb-bite_Serrated_Jaws_8in_open_17_aug019.jpg","Needle Holder Mayo-Hegar Straight Carb-bite Serrated Jaws 8in","open","17","19.0"
"D:\augmented_data_random_backgrounds\images\train\Needle_Holder_Mayo-Hegar_Straight_Carb-bite_Serrated_Jaws_8in_open_18.jpg","Needle Holder Mayo-Hegar Straight Carb-bite Serrated Jaws 8in","open","18",""
"D:\augmented_data_random_backgrounds\images\train\Needle_Holder_Mayo-Hegar_Straight_Carb-bite_Serrated_Jaws_8in_open_18_aug001.jpg","Needle Holder Mayo-Hegar Straight Carb-bite Serrated Jaws 8in","open","18","1.0"
"D:\augmented_data_random_backgrounds\images\train\Needle_Holder_Mayo-Hegar_Straight_Carb-bite_Serrated_Jaws_8in_open_18_aug003.jpg","Needle Holder Mayo-Hegar Straight Carb-bite Serrated Jaws 8in","open","18","3.0"
"D:\augmented_data_random_backgrounds\images\train\Needle_Holder_Mayo-Hegar_Straight_Carb-bite_Serrated_Jaws_8in_open_18_aug007.jpg","Needle Holder Mayo-Hegar Straight Carb-bite Serrated Jaws 8in","open","18","7.0"
"D:\augmented_data_random_backgrounds\images\train\Needle_Holder_Mayo-Hegar_Straight_Carb-bite_Serrated_Jaws_8in_open_18_aug008.jpg","Needle Holder Mayo-Hegar Straight Carb-bite Serrated Jaws 8in","open","18","8.0"
"D:\augmented_data_random_backgrounds\images\train\Needle_Holder_Mayo-Hegar_Straight_Carb-bite_Serrated_Jaws_8in_open_18_aug009.jpg","Needle Holder Mayo-Hegar Straight Carb-bite Serrated Jaws 8in","open","18","9.0"
"D:\augmented_data_random_backgrounds\images\train\Needle_Holder_Mayo-Hegar_Straight_Carb-bite_Serrated_Jaws_8in_open_18_aug010.jpg","Needle Holder Mayo-Hegar Straight Carb-bite Serrated Jaws 8in","open","18","10.0"
"D:\augmented_data_random_backgrounds\images\train\Needle_Holder_Mayo-Hegar_Straight_Carb-bite_Serrated_Jaws_8in_open_18_aug011.jpg","Needle Holder Mayo-Hegar Straight Carb-bite Serrated Jaws 8in","open","18","11.0"
"D:\augmented_data_random_backgrounds\images\train\Needle_Holder_Mayo-Hegar_Straight_Carb-bite_Serrated_Jaws_8in_open_18_aug012.jpg","Needle Holder Mayo-Hegar Straight Carb-bite Serrated Jaws 8in","open","18","12.0"
"D:\augmented_data_random_backgrounds\images\train\Needle_Holder_Mayo-Hegar_Straight_Carb-bite_Serrated_Jaws_8in_open_18_aug013.jpg","Needle Holder Mayo-Hegar Straight Carb-bite Serrated Jaws 8in","open","18","13.0"
"D:\augmented_data_random_backgrounds\images\train\Needle_Holder_Mayo-Hegar_Straight_Carb-bite_Serrated_Jaws_8in_open_18_aug014.jpg","Needle Holder Mayo-Hegar Straight Carb-bite Serrated Jaws 8in","open","18","14.0"
"D:\augmented_data_random_backgrounds\images\train\Needle_Holder_Mayo-Hegar_Straight_Carb-bite_Serrated_Jaws_8in_open_18_aug015.jpg","Needle Holder Mayo-Hegar Straight Carb-bite Serrated Jaws 8in","open","18","15.0"
"D:\augmented_data_random_backgrounds\images\train\Needle_Holder_Mayo-Hegar_Straight_Carb-bite_Serrated_Jaws_8in_open_18_aug016.jpg","Needle Holder Mayo-Hegar Straight Carb-bite Serrated Jaws 8in","open","18","16.0"
"D:\augmented_data_random_backgrounds\images\train\Needle_Holder_Mayo-Hegar_Straight_Carb-bite_Serrated_Jaws_8in_open_18_aug017.jpg","Needle Holder Mayo-Hegar Straight Carb-bite Serrated Jaws 8in","open","18","17.0"
"D:\augmented_data_random_backgrounds\images\train\Needle_Holder_Mayo-Hegar_Straight_Carb-bite_Serrated_Jaws_8in_open_18_aug018.jpg","Needle Holder Mayo-Hegar Straight Carb-bite Serrated Jaws 8in","open","18","18.0"
"D:\augmented_data_random_backgrounds\images\train\Needle_Holder_Mayo-Hegar_Straight_Carb-bite_Serrated_Jaws_8in_open_18_aug019.jpg","Needle Holder Mayo-Hegar Straight Carb-bite Serrated Jaws 8in","open","18","19.0"
"D:\augmented_data_random_backgrounds\images\train\Needle_Holder_Mayo-Hegar_Straight_Carb-bite_Serrated_Jaws_8in_open_19.jpg","Needle Holder Mayo-Hegar Straight Carb-bite Serrated Jaws 8in","open","19",""
"D:\augmented_data_random_backgrounds\images\train\Needle_Holder_Mayo-Hegar_Straight_Carb-bite_Serrated_Jaws_8in_open_19_aug000.jpg","Needle Holder Mayo-Hegar Straight Carb-bite Serrated Jaws 8in","open","19","0.0"
"D:\augmented_data_random_backgrounds\images\train\Needle_Holder_Mayo-Hegar_Straight_Carb-bite_Serrated_Jaws_8in_open_19_aug001.jpg","Needle Holder Mayo-Hegar Straight Carb-bite Serrated Jaws 8in","open","19","1.0"
"D:\augmented_data_random_backgrounds\images\train\Needle_Holder_Mayo-Hegar_Straight_Carb-bite_Serrated_Jaws_8in_open_19_aug002.jpg","Needle Holder Mayo-Hegar Straight Carb-bite Serrated Jaws 8in","open","19","2.0"
"D:\augmented_data_random_backgrounds\images\train\Needle_Holder_Mayo-Hegar_Straight_Carb-bite_Serrated_Jaws_8in_open_19_aug003.jpg","Needle Holder Mayo-Hegar Straight Carb-bite Serrated Jaws 8in","open","19","3.0"
"D:\augmented_data_random_backgrounds\images\train\Needle_Holder_Mayo-Hegar_Straight_Carb-bite_Serrated_Jaws_8in_open_19_aug004.jpg","Needle Holder Mayo-Hegar Straight Carb-bite Serrated Jaws 8in","open","19","4.0"
"D:\augmented_data_random_backgrounds\images\train\Needle_Holder_Mayo-Hegar_Straight_Carb-bite_Serrated_Jaws_8in_open_19_aug005.jpg","Needle Holder Mayo-Hegar Straight Carb-bite Serrated Jaws 8in","open","19","5.0"
"D:\augmented_data_random_backgrounds\images\train\Needle_Holder_Mayo-Hegar_Straight_Carb-bite_Serrated_Jaws_8in_open_19_aug006.jpg","Needle Holder Mayo-Hegar Straight Carb-bite Serrated Jaws 8in","open","19","6.0"
"D:\augmented_data_random_backgrounds\images\train\Needle_Holder_Mayo-Hegar_Straight_Carb-bite_Serrated_Jaws_8in_open_19_aug007.jpg","Needle Holder Mayo-Hegar Straight Carb-bite Serrated Jaws 8in","open","19","7.0"
"D:\augmented_data_random_backgrounds\images\train\Needle_Holder_Mayo-Hegar_Straight_Carb-bite_Serrated_Jaws_8in_open_19_aug008.jpg","Needle Holder Mayo-Hegar Straight Carb-bite Serrated Jaws 8in","open","19","8.0"
"D:\augmented_data_random_backgrounds\images\train\Needle_Holder_Mayo-Hegar_Straight_Carb-bite_Serrated_Jaws_8in_open_19_aug009.jpg","Needle Holder Mayo-Hegar Straight Carb-bite Serrated Jaws 8in","open","19","9.0"
"D:\augmented_data_random_backgrounds\images\train\Needle_Holder_Mayo-Hegar_Straight_Carb-bite_Serrated_Jaws_8in_open_19_aug010.jpg","Needle Holder Mayo-Hegar Straight Carb-bite Serrated Jaws 8in","open","19","10.0"
"D:\augmented_data_random_backgrounds\images\train\Needle_Holder_Mayo-Hegar_Straight_Carb-bite_Serrated_Jaws_8in_open_19_aug011.jpg","Needle Holder Mayo-Hegar Straight Carb-bite Serrated Jaws 8in","open","19","11.0"
"D:\augmented_data_random_backgrounds\images\train\Needle_Holder_Mayo-Hegar_Straight_Carb-bite_Serrated_Jaws_8in_open_19_aug012.jpg","Needle Holder Mayo-Hegar Straight Carb-bite Serrated Jaws 8in","open","19","12.0"
"D:\augmented_data_random_backgrounds\images\train\Needle_Holder_Mayo-Hegar_Straight_Carb-bite_Serrated_Jaws_8in_open_19_aug014.jpg","Needle Holder Mayo-Hegar Straight Carb-bite Serrated Jaws 8in","open","19","14.0"
"D:\augmented_data_random_backgrounds\images\train\Needle_Holder_Mayo-Hegar_Straight_Carb-bite_Serrated_Jaws_8in_open_19_aug015.jpg","Needle Holder Mayo-Hegar Straight Carb-bite Serrated Jaws 8in","open","19","15.0"
"D:\augmented_data_random_backgrounds\images\train\Needle_Holder_Mayo-Hegar_Straight_Carb-bite_Serrated_Jaws_8in_open_19_aug016.jpg","Needle Holder Mayo-Hegar Straight Carb-bite Serrated Jaws 8in","open","19","16.0"
"D:\augmented_data_random_backgrounds\images\train\Needle_Holder_Mayo-Hegar_Straight_Carb-bite_Serrated_Jaws_8in_open_19_aug017.jpg","Needle Holder Mayo-Hegar Straight Carb-bite Serrated Jaws 8in","open","19","17.0"
"D:\augmented_data_random_backgrounds\images\train\Needle_Holder_Mayo-Hegar_Straight_Carb-bite_Serrated_Jaws_8in_open_19_aug018.jpg","Needle Holder Mayo-Hegar Straight Carb-bite Serrated Jaws 8in","open","19","18.0"
"D:\augmented_data_random_backgrounds\images\train\Needle_Holder_Mayo-Hegar_Straight_Carb-bite_Serrated_Jaws_8in_open_19_aug019.jpg","Needle Holder Mayo-Hegar Straight Carb-bite Serrated Jaws 8in","open","19","19.0"
"D:\augmented_data_random_backgrounds\images\train\Needle_Holder_Mayo-Hegar_Straight_Carb-bite_Serrated_Jaws_8in_open_20.jpg","Needle Holder Mayo-Hegar Straight Carb-bite Serrated Jaws 8in","open","20",""
"D:\augmented_data_random_backgrounds\images\train\Needle_Holder_Mayo-Hegar_Straight_Carb-bite_Serrated_Jaws_8in_open_20_aug000.jpg","Needle Holder Mayo-Hegar Straight Carb-bite Serrated Jaws 8in","open","20","0.0"
"D:\augmented_data_random_backgrounds\images\train\Needle_Holder_Mayo-Hegar_Straight_Carb-bite_Serrated_Jaws_8in_open_20_aug003.jpg","Needle Holder Mayo-Hegar Straight Carb-bite Serrated Jaws 8in","open","20","3.0"
"D:\augmented_data_random_backgrounds\images\train\Needle_Holder_Mayo-Hegar_Straight_Carb-bite_Serrated_Jaws_8in_open_20_aug004.jpg","Needle Holder Mayo-Hegar Straight Carb-bite Serrated Jaws 8in","open","20","4.0"
"D:\augmented_data_random_backgrounds\images\train\Needle_Holder_Mayo-Hegar_Straight_Carb-bite_Serrated_Jaws_8in_open_20_aug006.jpg","Needle Holder Mayo-Hegar Straight Carb-bite Serrated Jaws 8in","open","20","6.0"
"D:\augmented_data_random_backgrounds\images\train\Needle_Holder_Mayo-Hegar_Straight_Carb-bite_Serrated_Jaws_8in_open_20_aug007.jpg","Needle Holder Mayo-Hegar Straight Carb-bite Serrated Jaws 8in","open","20","7.0"
"D:\augmented_data_random_backgrounds\images\train\Needle_Holder_Mayo-Hegar_Straight_Carb-bite_Serrated_Jaws_8in_open_20_aug008.jpg","Needle Holder Mayo-Hegar Straight Carb-bite Serrated Jaws 8in","open","20","8.0"
"D:\augmented_data_random_backgrounds\images\train\Needle_Holder_Mayo-Hegar_Straight_Carb-bite_Serrated_Jaws_8in_open_20_aug009.jpg","Needle Holder Mayo-Hegar Straight Carb-bite Serrated Jaws 8in","open","20","9.0"
"D:\augmented_data_random_backgrounds\images\train\Needle_Holder_Mayo-Hegar_Straight_Carb-bite_Serrated_Jaws_8in_open_20_aug010.jpg","Needle Holder Mayo-Hegar Straight Carb-bite Serrated Jaws 8in","open","20","10.0"
"D:\augmented_data_random_backgrounds\images\train\Needle_Holder_Mayo-Hegar_Straight_Carb-bite_Serrated_Jaws_8in_open_20_aug011.jpg","Needle Holder Mayo-Hegar Straight Carb-bite Serrated Jaws 8in","open","20","11.0"
"D:\augmented_data_random_backgrounds\images\train\Needle_Holder_Mayo-Hegar_Straight_Carb-bite_Serrated_Jaws_8in_open_20_aug012.jpg","Needle Holder Mayo-Hegar Straight Carb-bite Serrated Jaws 8in","open","20","12.0"
"D:\augmented_data_random_backgrounds\images\train\Needle_Holder_Mayo-Hegar_Straight_Carb-bite_Serrated_Jaws_8in_open_20_aug013.jpg","Needle Holder Mayo-Hegar Straight Carb-bite Serrated Jaws 8in","open","20","13.0"
"D:\augmented_data_random_backgrounds\images\train\Needle_Holder_Mayo-Hegar_Straight_Carb-bite_Serrated_Jaws_8in_open_20_aug015.jpg","Needle Holder Mayo-Hegar Straight Carb-bite Serrated Jaws 8in","open","20","15.0"
"D:\augmented_data_random_backgrounds\images\train\Needle_Holder_Mayo-Hegar_Straight_Carb-bite_Serrated_Jaws_8in_open_20_aug016.jpg","Needle Holder Mayo-Hegar Straight Carb-bite Serrated Jaws 8in","open","20","16.0"
"D:\augmented_data_random_backgrounds\images\train\Needle_Holder_Mayo-Hegar_Straight_Carb-bite_Serrated_Jaws_8in_open_20_aug017.jpg","Needle Holder Mayo-Hegar Straight Carb-bite Serrated Jaws 8in","open","20","17.0"
"D:\augmented_data_random_backgrounds\images\train\Needle_Holder_Mayo-Hegar_Straight_Carb-bite_Serrated_Jaws_8in_open_20_aug018.jpg","Needle Holder Mayo-Hegar Straight Carb-bite Serrated Jaws 8in","open","20","18.0"
"D:\augmented_data_random_backgrounds\images\train\Needle_Holder_Mayo-Hegar_Straight_Carb-bite_Serrated_Jaws_8in_open_20_aug019.jpg","Needle Holder Mayo-Hegar Straight Carb-bite Serrated Jaws 8in","open","20","19.0"
"D:\augmented_data_random_backgrounds\images\train\Needle_Holder_Mayo-Hegar_Straight_Carb-bite_Serrated_Jaws_8in_open_21.jpg","Needle Holder Mayo-Hegar Straight Carb-bite Serrated Jaws 8in","open","21",""
"D:\augmented_data_random_backgrounds\images\train\Needle_Holder_Mayo-Hegar_Straight_Carb-bite_Serrated_Jaws_8in_open_21_aug000.jpg","Needle Holder Mayo-Hegar Straight Carb-bite Serrated Jaws 8in","open","21","0.0"
"D:\augmented_data_random_backgrounds\images\train\Needle_Holder_Mayo-Hegar_Straight_Carb-bite_Serrated_Jaws_8in_open_21_aug001.jpg","Needle Holder Mayo-Hegar Straight Carb-bite Serrated Jaws 8in","open","21","1.0"
"D:\augmented_data_random_backgrounds\images\train\Needle_Holder_Mayo-Hegar_Straight_Carb-bite_Serrated_Jaws_8in_open_21_aug002.jpg","Needle Holder Mayo-Hegar Straight Carb-bite Serrated Jaws 8in","open","21","2.0"
"D:\augmented_data_random_backgrounds\images\train\Needle_Holder_Mayo-Hegar_Straight_Carb-bite_Serrated_Jaws_8in_open_21_aug004.jpg","Needle Holder Mayo-Hegar Straight Carb-bite Serrated Jaws 8in","open","21","4.0"
"D:\augmented_data_random_backgrounds\images\train\Needle_Holder_Mayo-Hegar_Straight_Carb-bite_Serrated_Jaws_8in_open_21_aug005.jpg","Needle Holder Mayo-Hegar Straight Carb-bite Serrated Jaws 8in","open","21","5.0"
"D:\augmented_data_random_backgrounds\images\train\Needle_Holder_Mayo-Hegar_Straight_Carb-bite_Serrated_Jaws_8in_open_21_aug006.jpg","Needle Holder Mayo-Hegar Straight Carb-bite Serrated Jaws 8in","open","21","6.0"
"D:\augmented_data_random_backgrounds\images\train\Needle_Holder_Mayo-Hegar_Straight_Carb-bite_Serrated_Jaws_8in_open_21_aug007.jpg","Needle Holder Mayo-Hegar Straight Carb-bite Serrated Jaws 8in","open","21","7.0"
"D:\augmented_data_random_backgrounds\images\train\Needle_Holder_Mayo-Hegar_Straight_Carb-bite_Serrated_Jaws_8in_open_21_aug008.jpg","Needle Holder Mayo-Hegar Straight Carb-bite Serrated Jaws 8in","open","21","8.0"
"D:\augmented_data_random_backgrounds\images\train\Needle_Holder_Mayo-Hegar_Straight_Carb-bite_Serrated_Jaws_8in_open_21_aug010.jpg","Needle Holder Mayo-Hegar Straight Carb-bite Serrated Jaws 8in","open","21","10.0"
"D:\augmented_data_random_backgrounds\images\train\Needle_Holder_Mayo-Hegar_Straight_Carb-bite_Serrated_Jaws_8in_open_21_aug011.jpg","Needle Holder Mayo-Hegar Straight Carb-bite Serrated Jaws 8in","open","21","11.0"
"D:\augmented_data_random_backgrounds\images\train\Needle_Holder_Mayo-Hegar_Straight_Carb-bite_Serrated_Jaws_8in_open_21_aug013.jpg","Needle Holder Mayo-Hegar Straight Carb-bite Serrated Jaws 8in","open","21","13.0"
"D:\augmented_data_random_backgrounds\images\train\Needle_Holder_Mayo-Hegar_Straight_Carb-bite_Serrated_Jaws_8in_open_21_aug014.jpg","Needle Holder Mayo-Hegar Straight Carb-bite Serrated Jaws 8in","open","21","14.0"
"D:\augmented_data_random_backgrounds\images\train\Needle_Holder_Mayo-Hegar_Straight_Carb-bite_Serrated_Jaws_8in_open_21_aug015.jpg","Needle Holder Mayo-Hegar Straight Carb-bite Serrated Jaws 8in","open","21","15.0"
"D:\augmented_data_random_backgrounds\images\train\Needle_Holder_Mayo-Hegar_Straight_Carb-bite_Serrated_Jaws_8in_open_21_aug016.jpg","Needle Holder Mayo-Hegar Straight Carb-bite Serrated Jaws 8in","open","21","16.0"
"D:\augmented_data_random_backgrounds\images\train\Needle_Holder_Mayo-Hegar_Straight_Carb-bite_Serrated_Jaws_8in_open_21_aug017.jpg","Needle Holder Mayo-Hegar Straight Carb-bite Serrated Jaws 8in","open","21","17.0"
"D:\augmented_data_random_backgrounds\images\train\Needle_Holder_Mayo-Hegar_Straight_Carb-bite_Serrated_Jaws_8in_open_21_aug018.jpg","Needle Holder Mayo-Hegar Straight Carb-bite Serrated Jaws 8in","open","21","18.0"
"D:\augmented_data_random_backgrounds\images\train\Needle_Holder_Mayo-Hegar_Straight_Carb-bite_Serrated_Jaws_8in_open_21_aug019.jpg","Needle Holder Mayo-Hegar Straight Carb-bite Serrated Jaws 8in","open","21","19.0"
"D:\augmented_data_random_backgrounds\images\train\Needle_Holder_Mayo-Hegar_Straight_Carb-bite_Serrated_Jaws_8in_open_22_aug000.jpg","Needle Holder Mayo-Hegar Straight Carb-bite Serrated Jaws 8in","open","22","0.0"
"D:\augmented_data_random_backgrounds\images\train\Needle_Holder_Mayo-Hegar_Straight_Carb-bite_Serrated_Jaws_8in_open_22_aug001.jpg","Needle Holder Mayo-Hegar Straight Carb-bite Serrated Jaws 8in","open","22","1.0"
"D:\augmented_data_random_backgrounds\images\train\Needle_Holder_Mayo-Hegar_Straight_Carb-bite_Serrated_Jaws_8in_open_22_aug002.jpg","Needle Holder Mayo-Hegar Straight Carb-bite Serrated Jaws 8in","open","22","2.0"
"D:\augmented_data_random_backgrounds\images\train\Needle_Holder_Mayo-Hegar_Straight_Carb-bite_Serrated_Jaws_8in_open_22_aug003.jpg","Needle Holder Mayo-Hegar Straight Carb-bite Serrated Jaws 8in","open","22","3.0"
"D:\augmented_data_random_backgrounds\images\train\Needle_Holder_Mayo-Hegar_Straight_Carb-bite_Serrated_Jaws_8in_open_22_aug004.jpg","Needle Holder Mayo-Hegar Straight Carb-bite Serrated Jaws 8in","open","22","4.0"
"D:\augmented_data_random_backgrounds\images\train\Needle_Holder_Mayo-Hegar_Straight_Carb-bite_Serrated_Jaws_8in_open_22_aug007.jpg","Needle Holder Mayo-Hegar Straight Carb-bite Serrated Jaws 8in","open","22","7.0"
"D:\augmented_data_random_backgrounds\images\train\Needle_Holder_Mayo-Hegar_Straight_Carb-bite_Serrated_Jaws_8in_open_22_aug008.jpg","Needle Holder Mayo-Hegar Straight Carb-bite Serrated Jaws 8in","open","22","8.0"
"D:\augmented_data_random_backgrounds\images\train\Needle_Holder_Mayo-Hegar_Straight_Carb-bite_Serrated_Jaws_8in_open_22_aug010.jpg","Needle Holder Mayo-Hegar Straight Carb-bite Serrated Jaws 8in","open","22","10.0"
"D:\augmented_data_random_backgrounds\images\train\Needle_Holder_Mayo-Hegar_Straight_Carb-bite_Serrated_Jaws_8in_open_22_aug011.jpg","Needle Holder Mayo-Hegar Straight Carb-bite Serrated Jaws 8in","open","22","11.0"
"D:\augmented_data_random_backgrounds\images\train\Needle_Holder_Mayo-Hegar_Straight_Carb-bite_Serrated_Jaws_8in_open_22_aug012.jpg","Needle Holder Mayo-Hegar Straight Carb-bite Serrated Jaws 8in","open","22","12.0"
"D:\augmented_data_random_backgrounds\images\train\Needle_Holder_Mayo-Hegar_Straight_Carb-bite_Serrated_Jaws_8in_open_22_aug013.jpg","Needle Holder Mayo-Hegar Straight Carb-bite Serrated Jaws 8in","open","22","13.0"
"D:\augmented_data_random_backgrounds\images\train\Needle_Holder_Mayo-Hegar_Straight_Carb-bite_Serrated_Jaws_8in_open_22_aug015.jpg","Needle Holder Mayo-Hegar Straight Carb-bite Serrated Jaws 8in","open","22","15.0"
"D:\augmented_data_random_backgrounds\images\train\Needle_Holder_Mayo-Hegar_Straight_Carb-bite_Serrated_Jaws_8in_open_22_aug017.jpg","Needle Holder Mayo-Hegar Straight Carb-bite Serrated Jaws 8in","open","22","17.0"
"D:\augmented_data_random_backgrounds\images\train\Needle_Holder_Mayo-Hegar_Straight_Carb-bite_Serrated_Jaws_8in_open_22_aug019.jpg","Needle Holder Mayo-Hegar Straight Carb-bite Serrated Jaws 8in","open","22","19.0"
"D:\augmented_data_random_backgrounds\images\train\Needle_Holder_Mayo-Hegar_Straight_Carb-bite_Serrated_Jaws_8in_open_23.jpg","Needle Holder Mayo-Hegar Straight Carb-bite Serrated Jaws 8in","open","23",""
"D:\augmented_data_random_backgrounds\images\train\Needle_Holder_Mayo-Hegar_Straight_Carb-bite_Serrated_Jaws_8in_open_23_aug000.jpg","Needle Holder Mayo-Hegar Straight Carb-bite Serrated Jaws 8in","open","23","0.0"
"D:\augmented_data_random_backgrounds\images\train\Needle_Holder_Mayo-Hegar_Straight_Carb-bite_Serrated_Jaws_8in_open_23_aug001.jpg","Needle Holder Mayo-Hegar Straight Carb-bite Serrated Jaws 8in","open","23","1.0"
"D:\augmented_data_random_backgrounds\images\train\Needle_Holder_Mayo-Hegar_Straight_Carb-bite_Serrated_Jaws_8in_open_23_aug006.jpg","Needle Holder Mayo-Hegar Straight Carb-bite Serrated Jaws 8in","open","23","6.0"
"D:\augmented_data_random_backgrounds\images\train\Needle_Holder_Mayo-Hegar_Straight_Carb-bite_Serrated_Jaws_8in_open_23_aug007.jpg","Needle Holder Mayo-Hegar Straight Carb-bite Serrated Jaws 8in","open","23","7.0"
"D:\augmented_data_random_backgrounds\images\train\Needle_Holder_Mayo-Hegar_Straight_Carb-bite_Serrated_Jaws_8in_open_23_aug008.jpg","Needle Holder Mayo-Hegar Straight Carb-bite Serrated Jaws 8in","open","23","8.0"
"D:\augmented_data_random_backgrounds\images\train\Needle_Holder_Mayo-Hegar_Straight_Carb-bite_Serrated_Jaws_8in_open_23_aug010.jpg","Needle Holder Mayo-Hegar Straight Carb-bite Serrated Jaws 8in","open","23","10.0"
"D:\augmented_data_random_backgrounds\images\train\Needle_Holder_Mayo-Hegar_Straight_Carb-bite_Serrated_Jaws_8in_open_23_aug011.jpg","Needle Holder Mayo-Hegar Straight Carb-bite Serrated Jaws 8in","open","23","11.0"
"D:\augmented_data_random_backgrounds\images\train\Needle_Holder_Mayo-Hegar_Straight_Carb-bite_Serrated_Jaws_8in_open_23_aug012.jpg","Needle Holder Mayo-Hegar Straight Carb-bite Serrated Jaws 8in","open","23","12.0"
"D:\augmented_data_random_backgrounds\images\train\Needle_Holder_Mayo-Hegar_Straight_Carb-bite_Serrated_Jaws_8in_open_23_aug014.jpg","Needle Holder Mayo-Hegar Straight Carb-bite Serrated Jaws 8in","open","23","14.0"
"D:\augmented_data_random_backgrounds\images\train\Needle_Holder_Mayo-Hegar_Straight_Carb-bite_Serrated_Jaws_8in_open_23_aug015.jpg","Needle Holder Mayo-Hegar Straight Carb-bite Serrated Jaws 8in","open","23","15.0"
"D:\augmented_data_random_backgrounds\images\train\Needle_Holder_Mayo-Hegar_Straight_Carb-bite_Serrated_Jaws_8in_open_23_aug016.jpg","Needle Holder Mayo-Hegar Straight Carb-bite Serrated Jaws 8in","open","23","16.0"
"D:\augmented_data_random_backgrounds\images\train\Needle_Holder_Mayo-Hegar_Straight_Carb-bite_Serrated_Jaws_8in_open_23_aug017.jpg","Needle Holder Mayo-Hegar Straight Carb-bite Serrated Jaws 8in","open","23","17.0"
"D:\augmented_data_random_backgrounds\images\train\Needle_Holder_Mayo-Hegar_Straight_Carb-bite_Serrated_Jaws_8in_open_24.jpg","Needle Holder Mayo-Hegar Straight Carb-bite Serrated Jaws 8in","open","24",""
"D:\augmented_data_random_backgrounds\images\train\Needle_Holder_Mayo-Hegar_Straight_Carb-bite_Serrated_Jaws_8in_open_24_aug001.jpg","Needle Holder Mayo-Hegar Straight Carb-bite Serrated Jaws 8in","open","24","1.0"
"D:\augmented_data_random_backgrounds\images\train\Needle_Holder_Mayo-Hegar_Straight_Carb-bite_Serrated_Jaws_8in_open_24_aug002.jpg","Needle Holder Mayo-Hegar Straight Carb-bite Serrated Jaws 8in","open","24","2.0"
"D:\augmented_data_random_backgrounds\images\train\Needle_Holder_Mayo-Hegar_Straight_Carb-bite_Serrated_Jaws_8in_open_24_aug003.jpg","Needle Holder Mayo-Hegar Straight Carb-bite Serrated Jaws 8in","open","24","3.0"
"D:\augmented_data_random_backgrounds\images\train\Needle_Holder_Mayo-Hegar_Straight_Carb-bite_Serrated_Jaws_8in_open_24_aug005.jpg","Needle Holder Mayo-Hegar Straight Carb-bite Serrated Jaws 8in","open","24","5.0"
"D:\augmented_data_random_backgrounds\images\train\Needle_Holder_Mayo-Hegar_Straight_Carb-bite_Serrated_Jaws_8in_open_24_aug006.jpg","Needle Holder Mayo-Hegar Straight Carb-bite Serrated Jaws 8in","open","24","6.0"
"D:\augmented_data_random_backgrounds\images\train\Needle_Holder_Mayo-Hegar_Straight_Carb-bite_Serrated_Jaws_8in_open_24_aug007.jpg","Needle Holder Mayo-Hegar Straight Carb-bite Serrated Jaws 8in","open","24","7.0"
"D:\augmented_data_random_backgrounds\images\train\Needle_Holder_Mayo-Hegar_Straight_Carb-bite_Serrated_Jaws_8in_open_24_aug008.jpg","Needle Holder Mayo-Hegar Straight Carb-bite Serrated Jaws 8in","open","24","8.0"
"D:\augmented_data_random_backgrounds\images\train\Needle_Holder_Mayo-Hegar_Straight_Carb-bite_Serrated_Jaws_8in_open_24_aug009.jpg","Needle Holder Mayo-Hegar Straight Carb-bite Serrated Jaws 8in","open","24","9.0"
"D:\augmented_data_random_backgrounds\images\train\Needle_Holder_Mayo-Hegar_Straight_Carb-bite_Serrated_Jaws_8in_open_24_aug011.jpg","Needle Holder Mayo-Hegar Straight Carb-bite Serrated Jaws 8in","open","24","11.0"
"D:\augmented_data_random_backgrounds\images\train\Needle_Holder_Mayo-Hegar_Straight_Carb-bite_Serrated_Jaws_8in_open_24_aug013.jpg","Needle Holder Mayo-Hegar Straight Carb-bite Serrated Jaws 8in","open","24","13.0"
"D:\augmented_data_random_backgrounds\images\train\Needle_Holder_Mayo-Hegar_Straight_Carb-bite_Serrated_Jaws_8in_open_24_aug014.jpg","Needle Holder Mayo-Hegar Straight Carb-bite Serrated Jaws 8in","open","24","14.0"
"D:\augmented_data_random_backgrounds\images\train\Needle_Holder_Mayo-Hegar_Straight_Carb-bite_Serrated_Jaws_8in_open_24_aug015.jpg","Needle Holder Mayo-Hegar Straight Carb-bite Serrated Jaws 8in","open","24","15.0"
"D:\augmented_data_random_backgrounds\images\train\Needle_Holder_Mayo-Hegar_Straight_Carb-bite_Serrated_Jaws_8in_open_24_aug016.jpg","Needle Holder Mayo-Hegar Straight Carb-bite Serrated Jaws 8in","open","24","16.0"
"D:\augmented_data_random_backgrounds\images\train\Needle_Holder_Mayo-Hegar_Straight_Carb-bite_Serrated_Jaws_8in_open_24_aug017.jpg","Needle Holder Mayo-Hegar Straight Carb-bite Serrated Jaws 8in","open","24","17.0"
"D:\augmented_data_random_backgrounds\images\train\Needle_Holder_Mayo-Hegar_Straight_Carb-bite_Serrated_Jaws_8in_open_24_aug018.jpg","Needle Holder Mayo-Hegar Straight Carb-bite Serrated Jaws 8in","open","24","18.0"
"D:\augmented_data_random_backgrounds\images\train\Needle_Holder_Mayo-Hegar_Straight_Carb-bite_Serrated_Jaws_8in_open_24_aug019.jpg","Needle Holder Mayo-Hegar Straight Carb-bite Serrated Jaws 8in","open","24","19.0"
"D:\augmented_data_random_backgrounds\images\train\Needle_Holder_Mayo-Hegar_Straight_Carb-bite_Serrated_Jaws_8in_open_25.jpg","Needle Holder Mayo-Hegar Straight Carb-bite Serrated Jaws 8in","open","25",""
"D:\augmented_data_random_backgrounds\images\train\Needle_Holder_Mayo-Hegar_Straight_Carb-bite_Serrated_Jaws_8in_open_25_aug001.jpg","Needle Holder Mayo-Hegar Straight Carb-bite Serrated Jaws 8in","open","25","1.0"
"D:\augmented_data_random_backgrounds\images\train\Needle_Holder_Mayo-Hegar_Straight_Carb-bite_Serrated_Jaws_8in_open_25_aug002.jpg","Needle Holder Mayo-Hegar Straight Carb-bite Serrated Jaws 8in","open","25","2.0"
"D:\augmented_data_random_backgrounds\images\train\Needle_Holder_Mayo-Hegar_Straight_Carb-bite_Serrated_Jaws_8in_open_25_aug003.jpg","Needle Holder Mayo-Hegar Straight Carb-bite Serrated Jaws 8in","open","25","3.0"
"D:\augmented_data_random_backgrounds\images\train\Needle_Holder_Mayo-Hegar_Straight_Carb-bite_Serrated_Jaws_8in_open_25_aug004.jpg","Needle Holder Mayo-Hegar Straight Carb-bite Serrated Jaws 8in","open","25","4.0"
"D:\augmented_data_random_backgrounds\images\train\Needle_Holder_Mayo-Hegar_Straight_Carb-bite_Serrated_Jaws_8in_open_25_aug005.jpg","Needle Holder Mayo-Hegar Straight Carb-bite Serrated Jaws 8in","open","25","5.0"
"D:\augmented_data_random_backgrounds\images\train\Needle_Holder_Mayo-Hegar_Straight_Carb-bite_Serrated_Jaws_8in_open_25_aug007.jpg","Needle Holder Mayo-Hegar Straight Carb-bite Serrated Jaws 8in","open","25","7.0"
"D:\augmented_data_random_backgrounds\images\train\Needle_Holder_Mayo-Hegar_Straight_Carb-bite_Serrated_Jaws_8in_open_25_aug008.jpg","Needle Holder Mayo-Hegar Straight Carb-bite Serrated Jaws 8in","open","25","8.0"
"D:\augmented_data_random_backgrounds\images\train\Needle_Holder_Mayo-Hegar_Straight_Carb-bite_Serrated_Jaws_8in_open_25_aug009.jpg","Needle Holder Mayo-Hegar Straight Carb-bite Serrated Jaws 8in","open","25","9.0"
"D:\augmented_data_random_backgrounds\images\train\Needle_Holder_Mayo-Hegar_Straight_Carb-bite_Serrated_Jaws_8in_open_25_aug010.jpg","Needle Holder Mayo-Hegar Straight Carb-bite Serrated Jaws 8in","open","25","10.0"
"D:\augmented_data_random_backgrounds\images\train\Needle_Holder_Mayo-Hegar_Straight_Carb-bite_Serrated_Jaws_8in_open_25_aug011.jpg","Needle Holder Mayo-Hegar Straight Carb-bite Serrated Jaws 8in","open","25","11.0"
"D:\augmented_data_random_backgrounds\images\train\Needle_Holder_Mayo-Hegar_Straight_Carb-bite_Serrated_Jaws_8in_open_25_aug012.jpg","Needle Holder Mayo-Hegar Straight Carb-bite Serrated Jaws 8in","open","25","12.0"
"D:\augmented_data_random_backgrounds\images\train\Needle_Holder_Mayo-Hegar_Straight_Carb-bite_Serrated_Jaws_8in_open_25_aug013.jpg","Needle Holder Mayo-Hegar Straight Carb-bite Serrated Jaws 8in","open","25","13.0"
"D:\augmented_data_random_backgrounds\images\train\Needle_Holder_Mayo-Hegar_Straight_Carb-bite_Serrated_Jaws_8in_open_25_aug014.jpg","Needle Holder Mayo-Hegar Straight Carb-bite Serrated Jaws 8in","open","25","14.0"
"D:\augmented_data_random_backgrounds\images\train\Needle_Holder_Mayo-Hegar_Straight_Carb-bite_Serrated_Jaws_8in_open_25_aug015.jpg","Needle Holder Mayo-Hegar Straight Carb-bite Serrated Jaws 8in","open","25","15.0"
"D:\augmented_data_random_backgrounds\images\train\Needle_Holder_Mayo-Hegar_Straight_Carb-bite_Serrated_Jaws_8in_open_25_aug017.jpg","Needle Holder Mayo-Hegar Straight Carb-bite Serrated Jaws 8in","open","25","17.0"
"D:\augmented_data_random_backgrounds\images\train\Needle_Holder_Mayo-Hegar_Straight_Carb-bite_Serrated_Jaws_8in_open_25_aug019.jpg","Needle Holder Mayo-Hegar Straight Carb-bite Serrated Jaws 8in","open","25","19.0"
"D:\augmented_data_random_backgrounds\images\train\Needle_Holder_Ryder_Straight_Carb-bite_Serrated_Jaws_8in_closed_01.jpg","Needle Holder Ryder Straight Carb-bite Serrated Jaws 8in","closed","1",""
"D:\augmented_data_random_backgrounds\images\train\Needle_Holder_Ryder_Straight_Carb-bite_Serrated_Jaws_8in_closed_01_aug000.jpg","Needle Holder Ryder Straight Carb-bite Serrated Jaws 8in","closed","1","0.0"
"D:\augmented_data_random_backgrounds\images\train\Needle_Holder_Ryder_Straight_Carb-bite_Serrated_Jaws_8in_closed_01_aug003.jpg","Needle Holder Ryder Straight Carb-bite Serrated Jaws 8in","closed","1","3.0"
"D:\augmented_data_random_backgrounds\images\train\Needle_Holder_Ryder_Straight_Carb-bite_Serrated_Jaws_8in_closed_01_aug004.jpg","Needle Holder Ryder Straight Carb-bite Serrated Jaws 8in","closed","1","4.0"
"D:\augmented_data_random_backgrounds\images\train\Needle_Holder_Ryder_Straight_Carb-bite_Serrated_Jaws_8in_closed_01_aug005.jpg","Needle Holder Ryder Straight Carb-bite Serrated Jaws 8in","closed","1","5.0"
"D:\augmented_data_random_backgrounds\images\train\Needle_Holder_Ryder_Straight_Carb-bite_Serrated_Jaws_8in_closed_01_aug007.jpg","Needle Holder Ryder Straight Carb-bite Serrated Jaws 8in","closed","1","7.0"
"D:\augmented_data_random_backgrounds\images\train\Needle_Holder_Ryder_Straight_Carb-bite_Serrated_Jaws_8in_closed_01_aug009.jpg","Needle Holder Ryder Straight Carb-bite Serrated Jaws 8in","closed","1","9.0"
"D:\augmented_data_random_backgrounds\images\train\Needle_Holder_Ryder_Straight_Carb-bite_Serrated_Jaws_8in_closed_01_aug010.jpg","Needle Holder Ryder Straight Carb-bite Serrated Jaws 8in","closed","1","10.0"
"D:\augmented_data_random_backgrounds\images\train\Needle_Holder_Ryder_Straight_Carb-bite_Serrated_Jaws_8in_closed_01_aug011.jpg","Needle Holder Ryder Straight Carb-bite Serrated Jaws 8in","closed","1","11.0"
"D:\augmented_data_random_backgrounds\images\train\Needle_Holder_Ryder_Straight_Carb-bite_Serrated_Jaws_8in_closed_01_aug012.jpg","Needle Holder Ryder Straight Carb-bite Serrated Jaws 8in","closed","1","12.0"
"D:\augmented_data_random_backgrounds\images\train\Needle_Holder_Ryder_Straight_Carb-bite_Serrated_Jaws_8in_closed_01_aug014.jpg","Needle Holder Ryder Straight Carb-bite Serrated Jaws 8in","closed","1","14.0"
"D:\augmented_data_random_backgrounds\images\train\Needle_Holder_Ryder_Straight_Carb-bite_Serrated_Jaws_8in_closed_01_aug015.jpg","Needle Holder Ryder Straight Carb-bite Serrated Jaws 8in","closed","1","15.0"
"D:\augmented_data_random_backgrounds\images\train\Needle_Holder_Ryder_Straight_Carb-bite_Serrated_Jaws_8in_closed_01_aug016.jpg","Needle Holder Ryder Straight Carb-bite Serrated Jaws 8in","closed","1","16.0"
"D:\augmented_data_random_backgrounds\images\train\Needle_Holder_Ryder_Straight_Carb-bite_Serrated_Jaws_8in_closed_01_aug017.jpg","Needle Holder Ryder Straight Carb-bite Serrated Jaws 8in","closed","1","17.0"
"D:\augmented_data_random_backgrounds\images\train\Needle_Holder_Ryder_Straight_Carb-bite_Serrated_Jaws_8in_closed_01_aug018.jpg","Needle Holder Ryder Straight Carb-bite Serrated Jaws 8in","closed","1","18.0"
"D:\augmented_data_random_backgrounds\images\train\Needle_Holder_Ryder_Straight_Carb-bite_Serrated_Jaws_8in_closed_01_aug019.jpg","Needle Holder Ryder Straight Carb-bite Serrated Jaws 8in","closed","1","19.0"
"D:\augmented_data_random_backgrounds\images\train\Needle_Holder_Ryder_Straight_Carb-bite_Serrated_Jaws_8in_closed_02.jpg","Needle Holder Ryder Straight Carb-bite Serrated Jaws 8in","closed","2",""
"D:\augmented_data_random_backgrounds\images\train\Needle_Holder_Ryder_Straight_Carb-bite_Serrated_Jaws_8in_closed_02_aug000.jpg","Needle Holder Ryder Straight Carb-bite Serrated Jaws 8in","closed","2","0.0"
"D:\augmented_data_random_backgrounds\images\train\Needle_Holder_Ryder_Straight_Carb-bite_Serrated_Jaws_8in_closed_02_aug001.jpg","Needle Holder Ryder Straight Carb-bite Serrated Jaws 8in","closed","2","1.0"
"D:\augmented_data_random_backgrounds\images\train\Needle_Holder_Ryder_Straight_Carb-bite_Serrated_Jaws_8in_closed_02_aug004.jpg","Needle Holder Ryder Straight Carb-bite Serrated Jaws 8in","closed","2","4.0"
"D:\augmented_data_random_backgrounds\images\train\Needle_Holder_Ryder_Straight_Carb-bite_Serrated_Jaws_8in_closed_02_aug005.jpg","Needle Holder Ryder Straight Carb-bite Serrated Jaws 8in","closed","2","5.0"
"D:\augmented_data_random_backgrounds\images\train\Needle_Holder_Ryder_Straight_Carb-bite_Serrated_Jaws_8in_closed_02_aug006.jpg","Needle Holder Ryder Straight Carb-bite Serrated Jaws 8in","closed","2","6.0"
"D:\augmented_data_random_backgrounds\images\train\Needle_Holder_Ryder_Straight_Carb-bite_Serrated_Jaws_8in_closed_02_aug007.jpg","Needle Holder Ryder Straight Carb-bite Serrated Jaws 8in","closed","2","7.0"
"D:\augmented_data_random_backgrounds\images\train\Needle_Holder_Ryder_Straight_Carb-bite_Serrated_Jaws_8in_closed_02_aug008.jpg","Needle Holder Ryder Straight Carb-bite Serrated Jaws 8in","closed","2","8.0"
"D:\augmented_data_random_backgrounds\images\train\Needle_Holder_Ryder_Straight_Carb-bite_Serrated_Jaws_8in_closed_02_aug009.jpg","Needle Holder Ryder Straight Carb-bite Serrated Jaws 8in","closed","2","9.0"
"D:\augmented_data_random_backgrounds\images\train\Needle_Holder_Ryder_Straight_Carb-bite_Serrated_Jaws_8in_closed_02_aug011.jpg","Needle Holder Ryder Straight Carb-bite Serrated Jaws 8in","closed","2","11.0"
"D:\augmented_data_random_backgrounds\images\train\Needle_Holder_Ryder_Straight_Carb-bite_Serrated_Jaws_8in_closed_02_aug012.jpg","Needle Holder Ryder Straight Carb-bite Serrated Jaws 8in","closed","2","12.0"
"D:\augmented_data_random_backgrounds\images\train\Needle_Holder_Ryder_Straight_Carb-bite_Serrated_Jaws_8in_closed_02_aug013.jpg","Needle Holder Ryder Straight Carb-bite Serrated Jaws 8in","closed","2","13.0"
"D:\augmented_data_random_backgrounds\images\train\Needle_Holder_Ryder_Straight_Carb-bite_Serrated_Jaws_8in_closed_02_aug014.jpg","Needle Holder Ryder Straight Carb-bite Serrated Jaws 8in","closed","2","14.0"
"D:\augmented_data_random_backgrounds\images\train\Needle_Holder_Ryder_Straight_Carb-bite_Serrated_Jaws_8in_closed_02_aug015.jpg","Needle Holder Ryder Straight Carb-bite Serrated Jaws 8in","closed","2","15.0"
"D:\augmented_data_random_backgrounds\images\train\Needle_Holder_Ryder_Straight_Carb-bite_Serrated_Jaws_8in_closed_02_aug016.jpg","Needle Holder Ryder Straight Carb-bite Serrated Jaws 8in","closed","2","16.0"
"D:\augmented_data_random_backgrounds\images\train\Needle_Holder_Ryder_Straight_Carb-bite_Serrated_Jaws_8in_closed_02_aug018.jpg","Needle Holder Ryder Straight Carb-bite Serrated Jaws 8in","closed","2","18.0"
"D:\augmented_data_random_backgrounds\images\train\Needle_Holder_Ryder_Straight_Carb-bite_Serrated_Jaws_8in_closed_02_aug019.jpg","Needle Holder Ryder Straight Carb-bite Serrated Jaws 8in","closed","2","19.0"
"D:\augmented_data_random_backgrounds\images\train\Needle_Holder_Ryder_Straight_Carb-bite_Serrated_Jaws_8in_closed_03.jpg","Needle Holder Ryder Straight Carb-bite Serrated Jaws 8in","closed","3",""
"D:\augmented_data_random_backgrounds\images\train\Needle_Holder_Ryder_Straight_Carb-bite_Serrated_Jaws_8in_closed_03_aug000.jpg","Needle Holder Ryder Straight Carb-bite Serrated Jaws 8in","closed","3","0.0"
"D:\augmented_data_random_backgrounds\images\train\Needle_Holder_Ryder_Straight_Carb-bite_Serrated_Jaws_8in_closed_03_aug001.jpg","Needle Holder Ryder Straight Carb-bite Serrated Jaws 8in","closed","3","1.0"
"D:\augmented_data_random_backgrounds\images\train\Needle_Holder_Ryder_Straight_Carb-bite_Serrated_Jaws_8in_closed_03_aug003.jpg","Needle Holder Ryder Straight Carb-bite Serrated Jaws 8in","closed","3","3.0"
"D:\augmented_data_random_backgrounds\images\train\Needle_Holder_Ryder_Straight_Carb-bite_Serrated_Jaws_8in_closed_03_aug004.jpg","Needle Holder Ryder Straight Carb-bite Serrated Jaws 8in","closed","3","4.0"
"D:\augmented_data_random_backgrounds\images\train\Needle_Holder_Ryder_Straight_Carb-bite_Serrated_Jaws_8in_closed_03_aug005.jpg","Needle Holder Ryder Straight Carb-bite Serrated Jaws 8in","closed","3","5.0"
"D:\augmented_data_random_backgrounds\images\train\Needle_Holder_Ryder_Straight_Carb-bite_Serrated_Jaws_8in_closed_03_aug006.jpg","Needle Holder Ryder Straight Carb-bite Serrated Jaws 8in","closed","3","6.0"
"D:\augmented_data_random_backgrounds\images\train\Needle_Holder_Ryder_Straight_Carb-bite_Serrated_Jaws_8in_closed_03_aug007.jpg","Needle Holder Ryder Straight Carb-bite Serrated Jaws 8in","closed","3","7.0"
"D:\augmented_data_random_backgrounds\images\train\Needle_Holder_Ryder_Straight_Carb-bite_Serrated_Jaws_8in_closed_03_aug010.jpg","Needle Holder Ryder Straight Carb-bite Serrated Jaws 8in","closed","3","10.0"
"D:\augmented_data_random_backgrounds\images\train\Needle_Holder_Ryder_Straight_Carb-bite_Serrated_Jaws_8in_closed_03_aug011.jpg","Needle Holder Ryder Straight Carb-bite Serrated Jaws 8in","closed","3","11.0"
"D:\augmented_data_random_backgrounds\images\train\Needle_Holder_Ryder_Straight_Carb-bite_Serrated_Jaws_8in_closed_03_aug012.jpg","Needle Holder Ryder Straight Carb-bite Serrated Jaws 8in","closed","3","12.0"
"D:\augmented_data_random_backgrounds\images\train\Needle_Holder_Ryder_Straight_Carb-bite_Serrated_Jaws_8in_closed_03_aug013.jpg","Needle Holder Ryder Straight Carb-bite Serrated Jaws 8in","closed","3","13.0"
"D:\augmented_data_random_backgrounds\images\train\Needle_Holder_Ryder_Straight_Carb-bite_Serrated_Jaws_8in_closed_03_aug016.jpg","Needle Holder Ryder Straight Carb-bite Serrated Jaws 8in","closed","3","16.0"
"D:\augmented_data_random_backgrounds\images\train\Needle_Holder_Ryder_Straight_Carb-bite_Serrated_Jaws_8in_closed_03_aug017.jpg","Needle Holder Ryder Straight Carb-bite Serrated Jaws 8in","closed","3","17.0"
"D:\augmented_data_random_backgrounds\images\train\Needle_Holder_Ryder_Straight_Carb-bite_Serrated_Jaws_8in_closed_03_aug019.jpg","Needle Holder Ryder Straight Carb-bite Serrated Jaws 8in","closed","3","19.0"
"D:\augmented_data_random_backgrounds\images\train\Needle_Holder_Ryder_Straight_Carb-bite_Serrated_Jaws_8in_closed_04.jpg","Needle Holder Ryder Straight Carb-bite Serrated Jaws 8in","closed","4",""
"D:\augmented_data_random_backgrounds\images\train\Needle_Holder_Ryder_Straight_Carb-bite_Serrated_Jaws_8in_closed_04_aug000.jpg","Needle Holder Ryder Straight Carb-bite Serrated Jaws 8in","closed","4","0.0"
"D:\augmented_data_random_backgrounds\images\train\Needle_Holder_Ryder_Straight_Carb-bite_Serrated_Jaws_8in_closed_04_aug001.jpg","Needle Holder Ryder Straight Carb-bite Serrated Jaws 8in","closed","4","1.0"
"D:\augmented_data_random_backgrounds\images\train\Needle_Holder_Ryder_Straight_Carb-bite_Serrated_Jaws_8in_closed_04_aug003.jpg","Needle Holder Ryder Straight Carb-bite Serrated Jaws 8in","closed","4","3.0"
"D:\augmented_data_random_backgrounds\images\train\Needle_Holder_Ryder_Straight_Carb-bite_Serrated_Jaws_8in_closed_04_aug004.jpg","Needle Holder Ryder Straight Carb-bite Serrated Jaws 8in","closed","4","4.0"
"D:\augmented_data_random_backgrounds\images\train\Needle_Holder_Ryder_Straight_Carb-bite_Serrated_Jaws_8in_closed_04_aug005.jpg","Needle Holder Ryder Straight Carb-bite Serrated Jaws 8in","closed","4","5.0"
"D:\augmented_data_random_backgrounds\images\train\Needle_Holder_Ryder_Straight_Carb-bite_Serrated_Jaws_8in_closed_04_aug009.jpg","Needle Holder Ryder Straight Carb-bite Serrated Jaws 8in","closed","4","9.0"
"D:\augmented_data_random_backgrounds\images\train\Needle_Holder_Ryder_Straight_Carb-bite_Serrated_Jaws_8in_closed_04_aug010.jpg","Needle Holder Ryder Straight Carb-bite Serrated Jaws 8in","closed","4","10.0"
"D:\augmented_data_random_backgrounds\images\train\Needle_Holder_Ryder_Straight_Carb-bite_Serrated_Jaws_8in_closed_04_aug012.jpg","Needle Holder Ryder Straight Carb-bite Serrated Jaws 8in","closed","4","12.0"
"D:\augmented_data_random_backgrounds\images\train\Needle_Holder_Ryder_Straight_Carb-bite_Serrated_Jaws_8in_closed_04_aug013.jpg","Needle Holder Ryder Straight Carb-bite Serrated Jaws 8in","closed","4","13.0"
"D:\augmented_data_random_backgrounds\images\train\Needle_Holder_Ryder_Straight_Carb-bite_Serrated_Jaws_8in_closed_04_aug015.jpg","Needle Holder Ryder Straight Carb-bite Serrated Jaws 8in","closed","4","15.0"
"D:\augmented_data_random_backgrounds\images\train\Needle_Holder_Ryder_Straight_Carb-bite_Serrated_Jaws_8in_closed_04_aug016.jpg","Needle Holder Ryder Straight Carb-bite Serrated Jaws 8in","closed","4","16.0"
"D:\augmented_data_random_backgrounds\images\train\Needle_Holder_Ryder_Straight_Carb-bite_Serrated_Jaws_8in_closed_04_aug017.jpg","Needle Holder Ryder Straight Carb-bite Serrated Jaws 8in","closed","4","17.0"
"D:\augmented_data_random_backgrounds\images\train\Needle_Holder_Ryder_Straight_Carb-bite_Serrated_Jaws_8in_closed_04_aug018.jpg","Needle Holder Ryder Straight Carb-bite Serrated Jaws 8in","closed","4","18.0"
"D:\augmented_data_random_backgrounds\images\train\Needle_Holder_Ryder_Straight_Carb-bite_Serrated_Jaws_8in_closed_04_aug019.jpg","Needle Holder Ryder Straight Carb-bite Serrated Jaws 8in","closed","4","19.0"
"D:\augmented_data_random_backgrounds\images\train\Needle_Holder_Ryder_Straight_Carb-bite_Serrated_Jaws_8in_closed_05.jpg","Needle Holder Ryder Straight Carb-bite Serrated Jaws 8in","closed","5",""
"D:\augmented_data_random_backgrounds\images\train\Needle_Holder_Ryder_Straight_Carb-bite_Serrated_Jaws_8in_closed_05_aug000.jpg","Needle Holder Ryder Straight Carb-bite Serrated Jaws 8in","closed","5","0.0"
"D:\augmented_data_random_backgrounds\images\train\Needle_Holder_Ryder_Straight_Carb-bite_Serrated_Jaws_8in_closed_05_aug001.jpg","Needle Holder Ryder Straight Carb-bite Serrated Jaws 8in","closed","5","1.0"
"D:\augmented_data_random_backgrounds\images\train\Needle_Holder_Ryder_Straight_Carb-bite_Serrated_Jaws_8in_closed_05_aug002.jpg","Needle Holder Ryder Straight Carb-bite Serrated Jaws 8in","closed","5","2.0"
"D:\augmented_data_random_backgrounds\images\train\Needle_Holder_Ryder_Straight_Carb-bite_Serrated_Jaws_8in_closed_05_aug003.jpg","Needle Holder Ryder Straight Carb-bite Serrated Jaws 8in","closed","5","3.0"
"D:\augmented_data_random_backgrounds\images\train\Needle_Holder_Ryder_Straight_Carb-bite_Serrated_Jaws_8in_closed_05_aug004.jpg","Needle Holder Ryder Straight Carb-bite Serrated Jaws 8in","closed","5","4.0"
"D:\augmented_data_random_backgrounds\images\train\Needle_Holder_Ryder_Straight_Carb-bite_Serrated_Jaws_8in_closed_05_aug005.jpg","Needle Holder Ryder Straight Carb-bite Serrated Jaws 8in","closed","5","5.0"
"D:\augmented_data_random_backgrounds\images\train\Needle_Holder_Ryder_Straight_Carb-bite_Serrated_Jaws_8in_closed_05_aug006.jpg","Needle Holder Ryder Straight Carb-bite Serrated Jaws 8in","closed","5","6.0"
"D:\augmented_data_random_backgrounds\images\train\Needle_Holder_Ryder_Straight_Carb-bite_Serrated_Jaws_8in_closed_05_aug007.jpg","Needle Holder Ryder Straight Carb-bite Serrated Jaws 8in","closed","5","7.0"
"D:\augmented_data_random_backgrounds\images\train\Needle_Holder_Ryder_Straight_Carb-bite_Serrated_Jaws_8in_closed_05_aug008.jpg","Needle Holder Ryder Straight Carb-bite Serrated Jaws 8in","closed","5","8.0"
"D:\augmented_data_random_backgrounds\images\train\Needle_Holder_Ryder_Straight_Carb-bite_Serrated_Jaws_8in_closed_05_aug009.jpg","Needle Holder Ryder Straight Carb-bite Serrated Jaws 8in","closed","5","9.0"
"D:\augmented_data_random_backgrounds\images\train\Needle_Holder_Ryder_Straight_Carb-bite_Serrated_Jaws_8in_closed_05_aug010.jpg","Needle Holder Ryder Straight Carb-bite Serrated Jaws 8in","closed","5","10.0"
"D:\augmented_data_random_backgrounds\images\train\Needle_Holder_Ryder_Straight_Carb-bite_Serrated_Jaws_8in_closed_05_aug013.jpg","Needle Holder Ryder Straight Carb-bite Serrated Jaws 8in","closed","5","13.0"
"D:\augmented_data_random_backgrounds\images\train\Needle_Holder_Ryder_Straight_Carb-bite_Serrated_Jaws_8in_closed_05_aug014.jpg","Needle Holder Ryder Straight Carb-bite Serrated Jaws 8in","closed","5","14.0"
"D:\augmented_data_random_backgrounds\images\train\Needle_Holder_Ryder_Straight_Carb-bite_Serrated_Jaws_8in_closed_05_aug015.jpg","Needle Holder Ryder Straight Carb-bite Serrated Jaws 8in","closed","5","15.0"
"D:\augmented_data_random_backgrounds\images\train\Needle_Holder_Ryder_Straight_Carb-bite_Serrated_Jaws_8in_closed_05_aug017.jpg","Needle Holder Ryder Straight Carb-bite Serrated Jaws 8in","closed","5","17.0"
"D:\augmented_data_random_backgrounds\images\train\Needle_Holder_Ryder_Straight_Carb-bite_Serrated_Jaws_8in_closed_05_aug018.jpg","Needle Holder Ryder Straight Carb-bite Serrated Jaws 8in","closed","5","18.0"
"D:\augmented_data_random_backgrounds\images\train\Needle_Holder_Ryder_Straight_Carb-bite_Serrated_Jaws_8in_closed_05_aug019.jpg","Needle Holder Ryder Straight Carb-bite Serrated Jaws 8in","closed","5","19.0"
"D:\augmented_data_random_backgrounds\images\train\Needle_Holder_Ryder_Straight_Carb-bite_Serrated_Jaws_8in_closed_06_aug000.jpg","Needle Holder Ryder Straight Carb-bite Serrated Jaws 8in","closed","6","0.0"
"D:\augmented_data_random_backgrounds\images\train\Needle_Holder_Ryder_Straight_Carb-bite_Serrated_Jaws_8in_closed_06_aug001.jpg","Needle Holder Ryder Straight Carb-bite Serrated Jaws 8in","closed","6","1.0"
"D:\augmented_data_random_backgrounds\images\train\Needle_Holder_Ryder_Straight_Carb-bite_Serrated_Jaws_8in_closed_06_aug002.jpg","Needle Holder Ryder Straight Carb-bite Serrated Jaws 8in","closed","6","2.0"
"D:\augmented_data_random_backgrounds\images\train\Needle_Holder_Ryder_Straight_Carb-bite_Serrated_Jaws_8in_closed_06_aug003.jpg","Needle Holder Ryder Straight Carb-bite Serrated Jaws 8in","closed","6","3.0"
"D:\augmented_data_random_backgrounds\images\train\Needle_Holder_Ryder_Straight_Carb-bite_Serrated_Jaws_8in_closed_06_aug006.jpg","Needle Holder Ryder Straight Carb-bite Serrated Jaws 8in","closed","6","6.0"
"D:\augmented_data_random_backgrounds\images\train\Needle_Holder_Ryder_Straight_Carb-bite_Serrated_Jaws_8in_closed_06_aug007.jpg","Needle Holder Ryder Straight Carb-bite Serrated Jaws 8in","closed","6","7.0"
"D:\augmented_data_random_backgrounds\images\train\Needle_Holder_Ryder_Straight_Carb-bite_Serrated_Jaws_8in_closed_06_aug008.jpg","Needle Holder Ryder Straight Carb-bite Serrated Jaws 8in","closed","6","8.0"
"D:\augmented_data_random_backgrounds\images\train\Needle_Holder_Ryder_Straight_Carb-bite_Serrated_Jaws_8in_closed_06_aug011.jpg","Needle Holder Ryder Straight Carb-bite Serrated Jaws 8in","closed","6","11.0"
"D:\augmented_data_random_backgrounds\images\train\Needle_Holder_Ryder_Straight_Carb-bite_Serrated_Jaws_8in_closed_06_aug012.jpg","Needle Holder Ryder Straight Carb-bite Serrated Jaws 8in","closed","6","12.0"
"D:\augmented_data_random_backgrounds\images\train\Needle_Holder_Ryder_Straight_Carb-bite_Serrated_Jaws_8in_closed_06_aug014.jpg","Needle Holder Ryder Straight Carb-bite Serrated Jaws 8in","closed","6","14.0"
"D:\augmented_data_random_backgrounds\images\train\Needle_Holder_Ryder_Straight_Carb-bite_Serrated_Jaws_8in_closed_06_aug015.jpg","Needle Holder Ryder Straight Carb-bite Serrated Jaws 8in","closed","6","15.0"
"D:\augmented_data_random_backgrounds\images\train\Needle_Holder_Ryder_Straight_Carb-bite_Serrated_Jaws_8in_closed_06_aug016.jpg","Needle Holder Ryder Straight Carb-bite Serrated Jaws 8in","closed","6","16.0"
"D:\augmented_data_random_backgrounds\images\train\Needle_Holder_Ryder_Straight_Carb-bite_Serrated_Jaws_8in_closed_06_aug018.jpg","Needle Holder Ryder Straight Carb-bite Serrated Jaws 8in","closed","6","18.0"
"D:\augmented_data_random_backgrounds\images\train\Needle_Holder_Ryder_Straight_Carb-bite_Serrated_Jaws_8in_closed_06_aug019.jpg","Needle Holder Ryder Straight Carb-bite Serrated Jaws 8in","closed","6","19.0"
"D:\augmented_data_random_backgrounds\images\train\Needle_Holder_Ryder_Straight_Carb-bite_Serrated_Jaws_8in_closed_07_aug000.jpg","Needle Holder Ryder Straight Carb-bite Serrated Jaws 8in","closed","7","0.0"
"D:\augmented_data_random_backgrounds\images\train\Needle_Holder_Ryder_Straight_Carb-bite_Serrated_Jaws_8in_closed_07_aug001.jpg","Needle Holder Ryder Straight Carb-bite Serrated Jaws 8in","closed","7","1.0"
"D:\augmented_data_random_backgrounds\images\train\Needle_Holder_Ryder_Straight_Carb-bite_Serrated_Jaws_8in_closed_07_aug002.jpg","Needle Holder Ryder Straight Carb-bite Serrated Jaws 8in","closed","7","2.0"
"D:\augmented_data_random_backgrounds\images\train\Needle_Holder_Ryder_Straight_Carb-bite_Serrated_Jaws_8in_closed_07_aug003.jpg","Needle Holder Ryder Straight Carb-bite Serrated Jaws 8in","closed","7","3.0"
"D:\augmented_data_random_backgrounds\images\train\Needle_Holder_Ryder_Straight_Carb-bite_Serrated_Jaws_8in_closed_07_aug004.jpg","Needle Holder Ryder Straight Carb-bite Serrated Jaws 8in","closed","7","4.0"
"D:\augmented_data_random_backgrounds\images\train\Needle_Holder_Ryder_Straight_Carb-bite_Serrated_Jaws_8in_closed_07_aug005.jpg","Needle Holder Ryder Straight Carb-bite Serrated Jaws 8in","closed","7","5.0"
"D:\augmented_data_random_backgrounds\images\train\Needle_Holder_Ryder_Straight_Carb-bite_Serrated_Jaws_8in_closed_07_aug006.jpg","Needle Holder Ryder Straight Carb-bite Serrated Jaws 8in","closed","7","6.0"
"D:\augmented_data_random_backgrounds\images\train\Needle_Holder_Ryder_Straight_Carb-bite_Serrated_Jaws_8in_closed_07_aug007.jpg","Needle Holder Ryder Straight Carb-bite Serrated Jaws 8in","closed","7","7.0"
"D:\augmented_data_random_backgrounds\images\train\Needle_Holder_Ryder_Straight_Carb-bite_Serrated_Jaws_8in_closed_07_aug008.jpg","Needle Holder Ryder Straight Carb-bite Serrated Jaws 8in","closed","7","8.0"
"D:\augmented_data_random_backgrounds\images\train\Needle_Holder_Ryder_Straight_Carb-bite_Serrated_Jaws_8in_closed_07_aug009.jpg","Needle Holder Ryder Straight Carb-bite Serrated Jaws 8in","closed","7","9.0"
"D:\augmented_data_random_backgrounds\images\train\Needle_Holder_Ryder_Straight_Carb-bite_Serrated_Jaws_8in_closed_07_aug011.jpg","Needle Holder Ryder Straight Carb-bite Serrated Jaws 8in","closed","7","11.0"
"D:\augmented_data_random_backgrounds\images\train\Needle_Holder_Ryder_Straight_Carb-bite_Serrated_Jaws_8in_closed_07_aug013.jpg","Needle Holder Ryder Straight Carb-bite Serrated Jaws 8in","closed","7","13.0"
"D:\augmented_data_random_backgrounds\images\train\Needle_Holder_Ryder_Straight_Carb-bite_Serrated_Jaws_8in_closed_07_aug015.jpg","Needle Holder Ryder Straight Carb-bite Serrated Jaws 8in","closed","7","15.0"
"D:\augmented_data_random_backgrounds\images\train\Needle_Holder_Ryder_Straight_Carb-bite_Serrated_Jaws_8in_closed_07_aug016.jpg","Needle Holder Ryder Straight Carb-bite Serrated Jaws 8in","closed","7","16.0"
"D:\augmented_data_random_backgrounds\images\train\Needle_Holder_Ryder_Straight_Carb-bite_Serrated_Jaws_8in_closed_07_aug017.jpg","Needle Holder Ryder Straight Carb-bite Serrated Jaws 8in","closed","7","17.0"
"D:\augmented_data_random_backgrounds\images\train\Needle_Holder_Ryder_Straight_Carb-bite_Serrated_Jaws_8in_closed_07_aug018.jpg","Needle Holder Ryder Straight Carb-bite Serrated Jaws 8in","closed","7","18.0"
"D:\augmented_data_random_backgrounds\images\train\Needle_Holder_Ryder_Straight_Carb-bite_Serrated_Jaws_8in_closed_07_aug019.jpg","Needle Holder Ryder Straight Carb-bite Serrated Jaws 8in","closed","7","19.0"
"D:\augmented_data_random_backgrounds\images\train\Needle_Holder_Ryder_Straight_Carb-bite_Serrated_Jaws_8in_closed_08.jpg","Needle Holder Ryder Straight Carb-bite Serrated Jaws 8in","closed","8",""
"D:\augmented_data_random_backgrounds\images\train\Needle_Holder_Ryder_Straight_Carb-bite_Serrated_Jaws_8in_closed_08_aug000.jpg","Needle Holder Ryder Straight Carb-bite Serrated Jaws 8in","closed","8","0.0"
"D:\augmented_data_random_backgrounds\images\train\Needle_Holder_Ryder_Straight_Carb-bite_Serrated_Jaws_8in_closed_08_aug002.jpg","Needle Holder Ryder Straight Carb-bite Serrated Jaws 8in","closed","8","2.0"
"D:\augmented_data_random_backgrounds\images\train\Needle_Holder_Ryder_Straight_Carb-bite_Serrated_Jaws_8in_closed_08_aug003.jpg","Needle Holder Ryder Straight Carb-bite Serrated Jaws 8in","closed","8","3.0"
"D:\augmented_data_random_backgrounds\images\train\Needle_Holder_Ryder_Straight_Carb-bite_Serrated_Jaws_8in_closed_08_aug004.jpg","Needle Holder Ryder Straight Carb-bite Serrated Jaws 8in","closed","8","4.0"
"D:\augmented_data_random_backgrounds\images\train\Needle_Holder_Ryder_Straight_Carb-bite_Serrated_Jaws_8in_closed_08_aug005.jpg","Needle Holder Ryder Straight Carb-bite Serrated Jaws 8in","closed","8","5.0"
"D:\augmented_data_random_backgrounds\images\train\Needle_Holder_Ryder_Straight_Carb-bite_Serrated_Jaws_8in_closed_08_aug006.jpg","Needle Holder Ryder Straight Carb-bite Serrated Jaws 8in","closed","8","6.0"
"D:\augmented_data_random_backgrounds\images\train\Needle_Holder_Ryder_Straight_Carb-bite_Serrated_Jaws_8in_closed_08_aug007.jpg","Needle Holder Ryder Straight Carb-bite Serrated Jaws 8in","closed","8","7.0"
"D:\augmented_data_random_backgrounds\images\train\Needle_Holder_Ryder_Straight_Carb-bite_Serrated_Jaws_8in_closed_08_aug008.jpg","Needle Holder Ryder Straight Carb-bite Serrated Jaws 8in","closed","8","8.0"
"D:\augmented_data_random_backgrounds\images\train\Needle_Holder_Ryder_Straight_Carb-bite_Serrated_Jaws_8in_closed_08_aug009.jpg","Needle Holder Ryder Straight Carb-bite Serrated Jaws 8in","closed","8","9.0"
"D:\augmented_data_random_backgrounds\images\train\Needle_Holder_Ryder_Straight_Carb-bite_Serrated_Jaws_8in_closed_08_aug011.jpg","Needle Holder Ryder Straight Carb-bite Serrated Jaws 8in","closed","8","11.0"
"D:\augmented_data_random_backgrounds\images\train\Needle_Holder_Ryder_Straight_Carb-bite_Serrated_Jaws_8in_closed_08_aug012.jpg","Needle Holder Ryder Straight Carb-bite Serrated Jaws 8in","closed","8","12.0"
"D:\augmented_data_random_backgrounds\images\train\Needle_Holder_Ryder_Straight_Carb-bite_Serrated_Jaws_8in_closed_08_aug013.jpg","Needle Holder Ryder Straight Carb-bite Serrated Jaws 8in","closed","8","13.0"
"D:\augmented_data_random_backgrounds\images\train\Needle_Holder_Ryder_Straight_Carb-bite_Serrated_Jaws_8in_closed_08_aug014.jpg","Needle Holder Ryder Straight Carb-bite Serrated Jaws 8in","closed","8","14.0"
"D:\augmented_data_random_backgrounds\images\train\Needle_Holder_Ryder_Straight_Carb-bite_Serrated_Jaws_8in_closed_08_aug015.jpg","Needle Holder Ryder Straight Carb-bite Serrated Jaws 8in","closed","8","15.0"
"D:\augmented_data_random_backgrounds\images\train\Needle_Holder_Ryder_Straight_Carb-bite_Serrated_Jaws_8in_closed_08_aug016.jpg","Needle Holder Ryder Straight Carb-bite Serrated Jaws 8in","closed","8","16.0"
"D:\augmented_data_random_backgrounds\images\train\Needle_Holder_Ryder_Straight_Carb-bite_Serrated_Jaws_8in_closed_08_aug017.jpg","Needle Holder Ryder Straight Carb-bite Serrated Jaws 8in","closed","8","17.0"
"D:\augmented_data_random_backgrounds\images\train\Needle_Holder_Ryder_Straight_Carb-bite_Serrated_Jaws_8in_closed_08_aug018.jpg","Needle Holder Ryder Straight Carb-bite Serrated Jaws 8in","closed","8","18.0"
"D:\augmented_data_random_backgrounds\images\train\Needle_Holder_Ryder_Straight_Carb-bite_Serrated_Jaws_8in_closed_08_aug019.jpg","Needle Holder Ryder Straight Carb-bite Serrated Jaws 8in","closed","8","19.0"
"D:\augmented_data_random_backgrounds\images\train\Needle_Holder_Ryder_Straight_Carb-bite_Serrated_Jaws_8in_closed_09.jpg","Needle Holder Ryder Straight Carb-bite Serrated Jaws 8in","closed","9",""
"D:\augmented_data_random_backgrounds\images\train\Needle_Holder_Ryder_Straight_Carb-bite_Serrated_Jaws_8in_closed_09_aug000.jpg","Needle Holder Ryder Straight Carb-bite Serrated Jaws 8in","closed","9","0.0"
"D:\augmented_data_random_backgrounds\images\train\Needle_Holder_Ryder_Straight_Carb-bite_Serrated_Jaws_8in_closed_09_aug001.jpg","Needle Holder Ryder Straight Carb-bite Serrated Jaws 8in","closed","9","1.0"
"D:\augmented_data_random_backgrounds\images\train\Needle_Holder_Ryder_Straight_Carb-bite_Serrated_Jaws_8in_closed_09_aug002.jpg","Needle Holder Ryder Straight Carb-bite Serrated Jaws 8in","closed","9","2.0"
"D:\augmented_data_random_backgrounds\images\train\Needle_Holder_Ryder_Straight_Carb-bite_Serrated_Jaws_8in_closed_09_aug003.jpg","Needle Holder Ryder Straight Carb-bite Serrated Jaws 8in","closed","9","3.0"
"D:\augmented_data_random_backgrounds\images\train\Needle_Holder_Ryder_Straight_Carb-bite_Serrated_Jaws_8in_closed_09_aug004.jpg","Needle Holder Ryder Straight Carb-bite Serrated Jaws 8in","closed","9","4.0"
"D:\augmented_data_random_backgrounds\images\train\Needle_Holder_Ryder_Straight_Carb-bite_Serrated_Jaws_8in_closed_09_aug005.jpg","Needle Holder Ryder Straight Carb-bite Serrated Jaws 8in","closed","9","5.0"
"D:\augmented_data_random_backgrounds\images\train\Needle_Holder_Ryder_Straight_Carb-bite_Serrated_Jaws_8in_closed_09_aug006.jpg","Needle Holder Ryder Straight Carb-bite Serrated Jaws 8in","closed","9","6.0"
"D:\augmented_data_random_backgrounds\images\train\Needle_Holder_Ryder_Straight_Carb-bite_Serrated_Jaws_8in_closed_09_aug007.jpg","Needle Holder Ryder Straight Carb-bite Serrated Jaws 8in","closed","9","7.0"
"D:\augmented_data_random_backgrounds\images\train\Needle_Holder_Ryder_Straight_Carb-bite_Serrated_Jaws_8in_closed_09_aug008.jpg","Needle Holder Ryder Straight Carb-bite Serrated Jaws 8in","closed","9","8.0"
"D:\augmented_data_random_backgrounds\images\train\Needle_Holder_Ryder_Straight_Carb-bite_Serrated_Jaws_8in_closed_09_aug009.jpg","Needle Holder Ryder Straight Carb-bite Serrated Jaws 8in","closed","9","9.0"
"D:\augmented_data_random_backgrounds\images\train\Needle_Holder_Ryder_Straight_Carb-bite_Serrated_Jaws_8in_closed_09_aug010.jpg","Needle Holder Ryder Straight Carb-bite Serrated Jaws 8in","closed","9","10.0"
"D:\augmented_data_random_backgrounds\images\train\Needle_Holder_Ryder_Straight_Carb-bite_Serrated_Jaws_8in_closed_09_aug011.jpg","Needle Holder Ryder Straight Carb-bite Serrated Jaws 8in","closed","9","11.0"
"D:\augmented_data_random_backgrounds\images\train\Needle_Holder_Ryder_Straight_Carb-bite_Serrated_Jaws_8in_closed_09_aug012.jpg","Needle Holder Ryder Straight Carb-bite Serrated Jaws 8in","closed","9","12.0"
"D:\augmented_data_random_backgrounds\images\train\Needle_Holder_Ryder_Straight_Carb-bite_Serrated_Jaws_8in_closed_09_aug013.jpg","Needle Holder Ryder Straight Carb-bite Serrated Jaws 8in","closed","9","13.0"
"D:\augmented_data_random_backgrounds\images\train\Needle_Holder_Ryder_Straight_Carb-bite_Serrated_Jaws_8in_closed_09_aug014.jpg","Needle Holder Ryder Straight Carb-bite Serrated Jaws 8in","closed","9","14.0"
"D:\augmented_data_random_backgrounds\images\train\Needle_Holder_Ryder_Straight_Carb-bite_Serrated_Jaws_8in_closed_09_aug015.jpg","Needle Holder Ryder Straight Carb-bite Serrated Jaws 8in","closed","9","15.0"
"D:\augmented_data_random_backgrounds\images\train\Needle_Holder_Ryder_Straight_Carb-bite_Serrated_Jaws_8in_closed_09_aug016.jpg","Needle Holder Ryder Straight Carb-bite Serrated Jaws 8in","closed","9","16.0"
"D:\augmented_data_random_backgrounds\images\train\Needle_Holder_Ryder_Straight_Carb-bite_Serrated_Jaws_8in_closed_09_aug018.jpg","Needle Holder Ryder Straight Carb-bite Serrated Jaws 8in","closed","9","18.0"
"D:\augmented_data_random_backgrounds\images\train\Needle_Holder_Ryder_Straight_Carb-bite_Serrated_Jaws_8in_closed_09_aug019.jpg","Needle Holder Ryder Straight Carb-bite Serrated Jaws 8in","closed","9","19.0"
"D:\augmented_data_random_backgrounds\images\train\Needle_Holder_Ryder_Straight_Carb-bite_Serrated_Jaws_8in_closed_10.jpg","Needle Holder Ryder Straight Carb-bite Serrated Jaws 8in","closed","10",""
"D:\augmented_data_random_backgrounds\images\train\Needle_Holder_Ryder_Straight_Carb-bite_Serrated_Jaws_8in_closed_10_aug001.jpg","Needle Holder Ryder Straight Carb-bite Serrated Jaws 8in","closed","10","1.0"
"D:\augmented_data_random_backgrounds\images\train\Needle_Holder_Ryder_Straight_Carb-bite_Serrated_Jaws_8in_closed_10_aug003.jpg","Needle Holder Ryder Straight Carb-bite Serrated Jaws 8in","closed","10","3.0"
"D:\augmented_data_random_backgrounds\images\train\Needle_Holder_Ryder_Straight_Carb-bite_Serrated_Jaws_8in_closed_10_aug004.jpg","Needle Holder Ryder Straight Carb-bite Serrated Jaws 8in","closed","10","4.0"
"D:\augmented_data_random_backgrounds\images\train\Needle_Holder_Ryder_Straight_Carb-bite_Serrated_Jaws_8in_closed_10_aug005.jpg","Needle Holder Ryder Straight Carb-bite Serrated Jaws 8in","closed","10","5.0"
"D:\augmented_data_random_backgrounds\images\train\Needle_Holder_Ryder_Straight_Carb-bite_Serrated_Jaws_8in_closed_10_aug006.jpg","Needle Holder Ryder Straight Carb-bite Serrated Jaws 8in","closed","10","6.0"
"D:\augmented_data_random_backgrounds\images\train\Needle_Holder_Ryder_Straight_Carb-bite_Serrated_Jaws_8in_closed_10_aug007.jpg","Needle Holder Ryder Straight Carb-bite Serrated Jaws 8in","closed","10","7.0"
"D:\augmented_data_random_backgrounds\images\train\Needle_Holder_Ryder_Straight_Carb-bite_Serrated_Jaws_8in_closed_10_aug008.jpg","Needle Holder Ryder Straight Carb-bite Serrated Jaws 8in","closed","10","8.0"
"D:\augmented_data_random_backgrounds\images\train\Needle_Holder_Ryder_Straight_Carb-bite_Serrated_Jaws_8in_closed_10_aug009.jpg","Needle Holder Ryder Straight Carb-bite Serrated Jaws 8in","closed","10","9.0"
"D:\augmented_data_random_backgrounds\images\train\Needle_Holder_Ryder_Straight_Carb-bite_Serrated_Jaws_8in_closed_10_aug010.jpg","Needle Holder Ryder Straight Carb-bite Serrated Jaws 8in","closed","10","10.0"
"D:\augmented_data_random_backgrounds\images\train\Needle_Holder_Ryder_Straight_Carb-bite_Serrated_Jaws_8in_closed_10_aug014.jpg","Needle Holder Ryder Straight Carb-bite Serrated Jaws 8in","closed","10","14.0"
"D:\augmented_data_random_backgrounds\images\train\Needle_Holder_Ryder_Straight_Carb-bite_Serrated_Jaws_8in_closed_10_aug015.jpg","Needle Holder Ryder Straight Carb-bite Serrated Jaws 8in","closed","10","15.0"
"D:\augmented_data_random_backgrounds\images\train\Needle_Holder_Ryder_Straight_Carb-bite_Serrated_Jaws_8in_closed_10_aug016.jpg","Needle Holder Ryder Straight Carb-bite Serrated Jaws 8in","closed","10","16.0"
"D:\augmented_data_random_backgrounds\images\train\Needle_Holder_Ryder_Straight_Carb-bite_Serrated_Jaws_8in_closed_10_aug019.jpg","Needle Holder Ryder Straight Carb-bite Serrated Jaws 8in","closed","10","19.0"
"D:\augmented_data_random_backgrounds\images\train\Needle_Holder_Ryder_Straight_Carb-bite_Serrated_Jaws_8in_closed_11.jpg","Needle Holder Ryder Straight Carb-bite Serrated Jaws 8in","closed","11",""
"D:\augmented_data_random_backgrounds\images\train\Needle_Holder_Ryder_Straight_Carb-bite_Serrated_Jaws_8in_closed_11_aug000.jpg","Needle Holder Ryder Straight Carb-bite Serrated Jaws 8in","closed","11","0.0"
"D:\augmented_data_random_backgrounds\images\train\Needle_Holder_Ryder_Straight_Carb-bite_Serrated_Jaws_8in_closed_11_aug001.jpg","Needle Holder Ryder Straight Carb-bite Serrated Jaws 8in","closed","11","1.0"
"D:\augmented_data_random_backgrounds\images\train\Needle_Holder_Ryder_Straight_Carb-bite_Serrated_Jaws_8in_closed_11_aug003.jpg","Needle Holder Ryder Straight Carb-bite Serrated Jaws 8in","closed","11","3.0"
"D:\augmented_data_random_backgrounds\images\train\Needle_Holder_Ryder_Straight_Carb-bite_Serrated_Jaws_8in_closed_11_aug004.jpg","Needle Holder Ryder Straight Carb-bite Serrated Jaws 8in","closed","11","4.0"
"D:\augmented_data_random_backgrounds\images\train\Needle_Holder_Ryder_Straight_Carb-bite_Serrated_Jaws_8in_closed_11_aug005.jpg","Needle Holder Ryder Straight Carb-bite Serrated Jaws 8in","closed","11","5.0"
"D:\augmented_data_random_backgrounds\images\train\Needle_Holder_Ryder_Straight_Carb-bite_Serrated_Jaws_8in_closed_11_aug007.jpg","Needle Holder Ryder Straight Carb-bite Serrated Jaws 8in","closed","11","7.0"
"D:\augmented_data_random_backgrounds\images\train\Needle_Holder_Ryder_Straight_Carb-bite_Serrated_Jaws_8in_closed_11_aug010.jpg","Needle Holder Ryder Straight Carb-bite Serrated Jaws 8in","closed","11","10.0"
"D:\augmented_data_random_backgrounds\images\train\Needle_Holder_Ryder_Straight_Carb-bite_Serrated_Jaws_8in_closed_11_aug011.jpg","Needle Holder Ryder Straight Carb-bite Serrated Jaws 8in","closed","11","11.0"
"D:\augmented_data_random_backgrounds\images\train\Needle_Holder_Ryder_Straight_Carb-bite_Serrated_Jaws_8in_closed_11_aug012.jpg","Needle Holder Ryder Straight Carb-bite Serrated Jaws 8in","closed","11","12.0"
"D:\augmented_data_random_backgrounds\images\train\Needle_Holder_Ryder_Straight_Carb-bite_Serrated_Jaws_8in_closed_11_aug013.jpg","Needle Holder Ryder Straight Carb-bite Serrated Jaws 8in","closed","11","13.0"
"D:\augmented_data_random_backgrounds\images\train\Needle_Holder_Ryder_Straight_Carb-bite_Serrated_Jaws_8in_closed_11_aug014.jpg","Needle Holder Ryder Straight Carb-bite Serrated Jaws 8in","closed","11","14.0"
"D:\augmented_data_random_backgrounds\images\train\Needle_Holder_Ryder_Straight_Carb-bite_Serrated_Jaws_8in_closed_11_aug015.jpg","Needle Holder Ryder Straight Carb-bite Serrated Jaws 8in","closed","11","15.0"
"D:\augmented_data_random_backgrounds\images\train\Needle_Holder_Ryder_Straight_Carb-bite_Serrated_Jaws_8in_closed_11_aug016.jpg","Needle Holder Ryder Straight Carb-bite Serrated Jaws 8in","closed","11","16.0"
"D:\augmented_data_random_backgrounds\images\train\Needle_Holder_Ryder_Straight_Carb-bite_Serrated_Jaws_8in_closed_11_aug017.jpg","Needle Holder Ryder Straight Carb-bite Serrated Jaws 8in","closed","11","17.0"
"D:\augmented_data_random_backgrounds\images\train\Needle_Holder_Ryder_Straight_Carb-bite_Serrated_Jaws_8in_closed_11_aug018.jpg","Needle Holder Ryder Straight Carb-bite Serrated Jaws 8in","closed","11","18.0"
"D:\augmented_data_random_backgrounds\images\train\Needle_Holder_Ryder_Straight_Carb-bite_Serrated_Jaws_8in_closed_12.jpg","Needle Holder Ryder Straight Carb-bite Serrated Jaws 8in","closed","12",""
"D:\augmented_data_random_backgrounds\images\train\Needle_Holder_Ryder_Straight_Carb-bite_Serrated_Jaws_8in_closed_12_aug001.jpg","Needle Holder Ryder Straight Carb-bite Serrated Jaws 8in","closed","12","1.0"
"D:\augmented_data_random_backgrounds\images\train\Needle_Holder_Ryder_Straight_Carb-bite_Serrated_Jaws_8in_closed_12_aug002.jpg","Needle Holder Ryder Straight Carb-bite Serrated Jaws 8in","closed","12","2.0"
"D:\augmented_data_random_backgrounds\images\train\Needle_Holder_Ryder_Straight_Carb-bite_Serrated_Jaws_8in_closed_12_aug003.jpg","Needle Holder Ryder Straight Carb-bite Serrated Jaws 8in","closed","12","3.0"
"D:\augmented_data_random_backgrounds\images\train\Needle_Holder_Ryder_Straight_Carb-bite_Serrated_Jaws_8in_closed_12_aug004.jpg","Needle Holder Ryder Straight Carb-bite Serrated Jaws 8in","closed","12","4.0"
"D:\augmented_data_random_backgrounds\images\train\Needle_Holder_Ryder_Straight_Carb-bite_Serrated_Jaws_8in_closed_12_aug006.jpg","Needle Holder Ryder Straight Carb-bite Serrated Jaws 8in","closed","12","6.0"
"D:\augmented_data_random_backgrounds\images\train\Needle_Holder_Ryder_Straight_Carb-bite_Serrated_Jaws_8in_closed_12_aug007.jpg","Needle Holder Ryder Straight Carb-bite Serrated Jaws 8in","closed","12","7.0"
"D:\augmented_data_random_backgrounds\images\train\Needle_Holder_Ryder_Straight_Carb-bite_Serrated_Jaws_8in_closed_12_aug009.jpg","Needle Holder Ryder Straight Carb-bite Serrated Jaws 8in","closed","12","9.0"
"D:\augmented_data_random_backgrounds\images\train\Needle_Holder_Ryder_Straight_Carb-bite_Serrated_Jaws_8in_closed_12_aug010.jpg","Needle Holder Ryder Straight Carb-bite Serrated Jaws 8in","closed","12","10.0"
"D:\augmented_data_random_backgrounds\images\train\Needle_Holder_Ryder_Straight_Carb-bite_Serrated_Jaws_8in_closed_12_aug011.jpg","Needle Holder Ryder Straight Carb-bite Serrated Jaws 8in","closed","12","11.0"
"D:\augmented_data_random_backgrounds\images\train\Needle_Holder_Ryder_Straight_Carb-bite_Serrated_Jaws_8in_closed_12_aug012.jpg","Needle Holder Ryder Straight Carb-bite Serrated Jaws 8in","closed","12","12.0"
"D:\augmented_data_random_backgrounds\images\train\Needle_Holder_Ryder_Straight_Carb-bite_Serrated_Jaws_8in_closed_12_aug013.jpg","Needle Holder Ryder Straight Carb-bite Serrated Jaws 8in","closed","12","13.0"
"D:\augmented_data_random_backgrounds\images\train\Needle_Holder_Ryder_Straight_Carb-bite_Serrated_Jaws_8in_closed_12_aug014.jpg","Needle Holder Ryder Straight Carb-bite Serrated Jaws 8in","closed","12","14.0"
"D:\augmented_data_random_backgrounds\images\train\Needle_Holder_Ryder_Straight_Carb-bite_Serrated_Jaws_8in_closed_12_aug015.jpg","Needle Holder Ryder Straight Carb-bite Serrated Jaws 8in","closed","12","15.0"
"D:\augmented_data_random_backgrounds\images\train\Needle_Holder_Ryder_Straight_Carb-bite_Serrated_Jaws_8in_closed_12_aug016.jpg","Needle Holder Ryder Straight Carb-bite Serrated Jaws 8in","closed","12","16.0"
"D:\augmented_data_random_backgrounds\images\train\Needle_Holder_Ryder_Straight_Carb-bite_Serrated_Jaws_8in_closed_12_aug017.jpg","Needle Holder Ryder Straight Carb-bite Serrated Jaws 8in","closed","12","17.0"
"D:\augmented_data_random_backgrounds\images\train\Needle_Holder_Ryder_Straight_Carb-bite_Serrated_Jaws_8in_closed_12_aug019.jpg","Needle Holder Ryder Straight Carb-bite Serrated Jaws 8in","closed","12","19.0"
"D:\augmented_data_random_backgrounds\images\train\Needle_Holder_Ryder_Straight_Carb-bite_Serrated_Jaws_8in_closed_13.jpg","Needle Holder Ryder Straight Carb-bite Serrated Jaws 8in","closed","13",""
"D:\augmented_data_random_backgrounds\images\train\Needle_Holder_Ryder_Straight_Carb-bite_Serrated_Jaws_8in_closed_13_aug000.jpg","Needle Holder Ryder Straight Carb-bite Serrated Jaws 8in","closed","13","0.0"
"D:\augmented_data_random_backgrounds\images\train\Needle_Holder_Ryder_Straight_Carb-bite_Serrated_Jaws_8in_closed_13_aug001.jpg","Needle Holder Ryder Straight Carb-bite Serrated Jaws 8in","closed","13","1.0"
"D:\augmented_data_random_backgrounds\images\train\Needle_Holder_Ryder_Straight_Carb-bite_Serrated_Jaws_8in_closed_13_aug004.jpg","Needle Holder Ryder Straight Carb-bite Serrated Jaws 8in","closed","13","4.0"
"D:\augmented_data_random_backgrounds\images\train\Needle_Holder_Ryder_Straight_Carb-bite_Serrated_Jaws_8in_closed_13_aug005.jpg","Needle Holder Ryder Straight Carb-bite Serrated Jaws 8in","closed","13","5.0"
"D:\augmented_data_random_backgrounds\images\train\Needle_Holder_Ryder_Straight_Carb-bite_Serrated_Jaws_8in_closed_13_aug006.jpg","Needle Holder Ryder Straight Carb-bite Serrated Jaws 8in","closed","13","6.0"
"D:\augmented_data_random_backgrounds\images\train\Needle_Holder_Ryder_Straight_Carb-bite_Serrated_Jaws_8in_closed_13_aug007.jpg","Needle Holder Ryder Straight Carb-bite Serrated Jaws 8in","closed","13","7.0"
"D:\augmented_data_random_backgrounds\images\train\Needle_Holder_Ryder_Straight_Carb-bite_Serrated_Jaws_8in_closed_13_aug008.jpg","Needle Holder Ryder Straight Carb-bite Serrated Jaws 8in","closed","13","8.0"
"D:\augmented_data_random_backgrounds\images\train\Needle_Holder_Ryder_Straight_Carb-bite_Serrated_Jaws_8in_closed_13_aug009.jpg","Needle Holder Ryder Straight Carb-bite Serrated Jaws 8in","closed","13","9.0"
"D:\augmented_data_random_backgrounds\images\train\Needle_Holder_Ryder_Straight_Carb-bite_Serrated_Jaws_8in_closed_13_aug010.jpg","Needle Holder Ryder Straight Carb-bite Serrated Jaws 8in","closed","13","10.0"
"D:\augmented_data_random_backgrounds\images\train\Needle_Holder_Ryder_Straight_Carb-bite_Serrated_Jaws_8in_closed_13_aug011.jpg","Needle Holder Ryder Straight Carb-bite Serrated Jaws 8in","closed","13","11.0"
"D:\augmented_data_random_backgrounds\images\train\Needle_Holder_Ryder_Straight_Carb-bite_Serrated_Jaws_8in_closed_13_aug012.jpg","Needle Holder Ryder Straight Carb-bite Serrated Jaws 8in","closed","13","12.0"
"D:\augmented_data_random_backgrounds\images\train\Needle_Holder_Ryder_Straight_Carb-bite_Serrated_Jaws_8in_closed_13_aug013.jpg","Needle Holder Ryder Straight Carb-bite Serrated Jaws 8in","closed","13","13.0"
"D:\augmented_data_random_backgrounds\images\train\Needle_Holder_Ryder_Straight_Carb-bite_Serrated_Jaws_8in_closed_13_aug014.jpg","Needle Holder Ryder Straight Carb-bite Serrated Jaws 8in","closed","13","14.0"
"D:\augmented_data_random_backgrounds\images\train\Needle_Holder_Ryder_Straight_Carb-bite_Serrated_Jaws_8in_closed_13_aug015.jpg","Needle Holder Ryder Straight Carb-bite Serrated Jaws 8in","closed","13","15.0"
"D:\augmented_data_random_backgrounds\images\train\Needle_Holder_Ryder_Straight_Carb-bite_Serrated_Jaws_8in_closed_13_aug016.jpg","Needle Holder Ryder Straight Carb-bite Serrated Jaws 8in","closed","13","16.0"
"D:\augmented_data_random_backgrounds\images\train\Needle_Holder_Ryder_Straight_Carb-bite_Serrated_Jaws_8in_closed_13_aug017.jpg","Needle Holder Ryder Straight Carb-bite Serrated Jaws 8in","closed","13","17.0"
"D:\augmented_data_random_backgrounds\images\train\Needle_Holder_Ryder_Straight_Carb-bite_Serrated_Jaws_8in_closed_13_aug018.jpg","Needle Holder Ryder Straight Carb-bite Serrated Jaws 8in","closed","13","18.0"
"D:\augmented_data_random_backgrounds\images\train\Needle_Holder_Ryder_Straight_Carb-bite_Serrated_Jaws_8in_closed_14.jpg","Needle Holder Ryder Straight Carb-bite Serrated Jaws 8in","closed","14",""
"D:\augmented_data_random_backgrounds\images\train\Needle_Holder_Ryder_Straight_Carb-bite_Serrated_Jaws_8in_closed_14_aug000.jpg","Needle Holder Ryder Straight Carb-bite Serrated Jaws 8in","closed","14","0.0"
"D:\augmented_data_random_backgrounds\images\train\Needle_Holder_Ryder_Straight_Carb-bite_Serrated_Jaws_8in_closed_14_aug001.jpg","Needle Holder Ryder Straight Carb-bite Serrated Jaws 8in","closed","14","1.0"
"D:\augmented_data_random_backgrounds\images\train\Needle_Holder_Ryder_Straight_Carb-bite_Serrated_Jaws_8in_closed_14_aug002.jpg","Needle Holder Ryder Straight Carb-bite Serrated Jaws 8in","closed","14","2.0"
"D:\augmented_data_random_backgrounds\images\train\Needle_Holder_Ryder_Straight_Carb-bite_Serrated_Jaws_8in_closed_14_aug003.jpg","Needle Holder Ryder Straight Carb-bite Serrated Jaws 8in","closed","14","3.0"
"D:\augmented_data_random_backgrounds\images\train\Needle_Holder_Ryder_Straight_Carb-bite_Serrated_Jaws_8in_closed_14_aug004.jpg","Needle Holder Ryder Straight Carb-bite Serrated Jaws 8in","closed","14","4.0"
"D:\augmented_data_random_backgrounds\images\train\Needle_Holder_Ryder_Straight_Carb-bite_Serrated_Jaws_8in_closed_14_aug005.jpg","Needle Holder Ryder Straight Carb-bite Serrated Jaws 8in","closed","14","5.0"
"D:\augmented_data_random_backgrounds\images\train\Needle_Holder_Ryder_Straight_Carb-bite_Serrated_Jaws_8in_closed_14_aug006.jpg","Needle Holder Ryder Straight Carb-bite Serrated Jaws 8in","closed","14","6.0"
"D:\augmented_data_random_backgrounds\images\train\Needle_Holder_Ryder_Straight_Carb-bite_Serrated_Jaws_8in_closed_14_aug007.jpg","Needle Holder Ryder Straight Carb-bite Serrated Jaws 8in","closed","14","7.0"
"D:\augmented_data_random_backgrounds\images\train\Needle_Holder_Ryder_Straight_Carb-bite_Serrated_Jaws_8in_closed_14_aug009.jpg","Needle Holder Ryder Straight Carb-bite Serrated Jaws 8in","closed","14","9.0"
"D:\augmented_data_random_backgrounds\images\train\Needle_Holder_Ryder_Straight_Carb-bite_Serrated_Jaws_8in_closed_14_aug010.jpg","Needle Holder Ryder Straight Carb-bite Serrated Jaws 8in","closed","14","10.0"
"D:\augmented_data_random_backgrounds\images\train\Needle_Holder_Ryder_Straight_Carb-bite_Serrated_Jaws_8in_closed_14_aug011.jpg","Needle Holder Ryder Straight Carb-bite Serrated Jaws 8in","closed","14","11.0"
"D:\augmented_data_random_backgrounds\images\train\Needle_Holder_Ryder_Straight_Carb-bite_Serrated_Jaws_8in_closed_14_aug012.jpg","Needle Holder Ryder Straight Carb-bite Serrated Jaws 8in","closed","14","12.0"
"D:\augmented_data_random_backgrounds\images\train\Needle_Holder_Ryder_Straight_Carb-bite_Serrated_Jaws_8in_closed_14_aug013.jpg","Needle Holder Ryder Straight Carb-bite Serrated Jaws 8in","closed","14","13.0"
"D:\augmented_data_random_backgrounds\images\train\Needle_Holder_Ryder_Straight_Carb-bite_Serrated_Jaws_8in_closed_14_aug014.jpg","Needle Holder Ryder Straight Carb-bite Serrated Jaws 8in","closed","14","14.0"
"D:\augmented_data_random_backgrounds\images\train\Needle_Holder_Ryder_Straight_Carb-bite_Serrated_Jaws_8in_closed_14_aug015.jpg","Needle Holder Ryder Straight Carb-bite Serrated Jaws 8in","closed","14","15.0"
"D:\augmented_data_random_backgrounds\images\train\Needle_Holder_Ryder_Straight_Carb-bite_Serrated_Jaws_8in_closed_14_aug016.jpg","Needle Holder Ryder Straight Carb-bite Serrated Jaws 8in","closed","14","16.0"
"D:\augmented_data_random_backgrounds\images\train\Needle_Holder_Ryder_Straight_Carb-bite_Serrated_Jaws_8in_closed_14_aug017.jpg","Needle Holder Ryder Straight Carb-bite Serrated Jaws 8in","closed","14","17.0"
"D:\augmented_data_random_backgrounds\images\train\Needle_Holder_Ryder_Straight_Carb-bite_Serrated_Jaws_8in_closed_14_aug018.jpg","Needle Holder Ryder Straight Carb-bite Serrated Jaws 8in","closed","14","18.0"
"D:\augmented_data_random_backgrounds\images\train\Needle_Holder_Ryder_Straight_Carb-bite_Serrated_Jaws_8in_closed_14_aug019.jpg","Needle Holder Ryder Straight Carb-bite Serrated Jaws 8in","closed","14","19.0"
"D:\augmented_data_random_backgrounds\images\train\Needle_Holder_Ryder_Straight_Carb-bite_Serrated_Jaws_8in_closed_15.jpg","Needle Holder Ryder Straight Carb-bite Serrated Jaws 8in","closed","15",""
"D:\augmented_data_random_backgrounds\images\train\Needle_Holder_Ryder_Straight_Carb-bite_Serrated_Jaws_8in_closed_15_aug000.jpg","Needle Holder Ryder Straight Carb-bite Serrated Jaws 8in","closed","15","0.0"
"D:\augmented_data_random_backgrounds\images\train\Needle_Holder_Ryder_Straight_Carb-bite_Serrated_Jaws_8in_closed_15_aug001.jpg","Needle Holder Ryder Straight Carb-bite Serrated Jaws 8in","closed","15","1.0"
"D:\augmented_data_random_backgrounds\images\train\Needle_Holder_Ryder_Straight_Carb-bite_Serrated_Jaws_8in_closed_15_aug002.jpg","Needle Holder Ryder Straight Carb-bite Serrated Jaws 8in","closed","15","2.0"
"D:\augmented_data_random_backgrounds\images\train\Needle_Holder_Ryder_Straight_Carb-bite_Serrated_Jaws_8in_closed_15_aug003.jpg","Needle Holder Ryder Straight Carb-bite Serrated Jaws 8in","closed","15","3.0"
"D:\augmented_data_random_backgrounds\images\train\Needle_Holder_Ryder_Straight_Carb-bite_Serrated_Jaws_8in_closed_15_aug004.jpg","Needle Holder Ryder Straight Carb-bite Serrated Jaws 8in","closed","15","4.0"
"D:\augmented_data_random_backgrounds\images\train\Needle_Holder_Ryder_Straight_Carb-bite_Serrated_Jaws_8in_closed_15_aug005.jpg","Needle Holder Ryder Straight Carb-bite Serrated Jaws 8in","closed","15","5.0"
"D:\augmented_data_random_backgrounds\images\train\Needle_Holder_Ryder_Straight_Carb-bite_Serrated_Jaws_8in_closed_15_aug007.jpg","Needle Holder Ryder Straight Carb-bite Serrated Jaws 8in","closed","15","7.0"
"D:\augmented_data_random_backgrounds\images\train\Needle_Holder_Ryder_Straight_Carb-bite_Serrated_Jaws_8in_closed_15_aug008.jpg","Needle Holder Ryder Straight Carb-bite Serrated Jaws 8in","closed","15","8.0"
"D:\augmented_data_random_backgrounds\images\train\Needle_Holder_Ryder_Straight_Carb-bite_Serrated_Jaws_8in_closed_15_aug009.jpg","Needle Holder Ryder Straight Carb-bite Serrated Jaws 8in","closed","15","9.0"
"D:\augmented_data_random_backgrounds\images\train\Needle_Holder_Ryder_Straight_Carb-bite_Serrated_Jaws_8in_closed_15_aug010.jpg","Needle Holder Ryder Straight Carb-bite Serrated Jaws 8in","closed","15","10.0"
"D:\augmented_data_random_backgrounds\images\train\Needle_Holder_Ryder_Straight_Carb-bite_Serrated_Jaws_8in_closed_15_aug011.jpg","Needle Holder Ryder Straight Carb-bite Serrated Jaws 8in","closed","15","11.0"
"D:\augmented_data_random_backgrounds\images\train\Needle_Holder_Ryder_Straight_Carb-bite_Serrated_Jaws_8in_closed_15_aug012.jpg","Needle Holder Ryder Straight Carb-bite Serrated Jaws 8in","closed","15","12.0"
"D:\augmented_data_random_backgrounds\images\train\Needle_Holder_Ryder_Straight_Carb-bite_Serrated_Jaws_8in_closed_15_aug013.jpg","Needle Holder Ryder Straight Carb-bite Serrated Jaws 8in","closed","15","13.0"
"D:\augmented_data_random_backgrounds\images\train\Needle_Holder_Ryder_Straight_Carb-bite_Serrated_Jaws_8in_closed_15_aug014.jpg","Needle Holder Ryder Straight Carb-bite Serrated Jaws 8in","closed","15","14.0"
"D:\augmented_data_random_backgrounds\images\train\Needle_Holder_Ryder_Straight_Carb-bite_Serrated_Jaws_8in_closed_15_aug015.jpg","Needle Holder Ryder Straight Carb-bite Serrated Jaws 8in","closed","15","15.0"
"D:\augmented_data_random_backgrounds\images\train\Needle_Holder_Ryder_Straight_Carb-bite_Serrated_Jaws_8in_closed_15_aug016.jpg","Needle Holder Ryder Straight Carb-bite Serrated Jaws 8in","closed","15","16.0"
"D:\augmented_data_random_backgrounds\images\train\Needle_Holder_Ryder_Straight_Carb-bite_Serrated_Jaws_8in_closed_15_aug017.jpg","Needle Holder Ryder Straight Carb-bite Serrated Jaws 8in","closed","15","17.0"
"D:\augmented_data_random_backgrounds\images\train\Needle_Holder_Ryder_Straight_Carb-bite_Serrated_Jaws_8in_closed_15_aug019.jpg","Needle Holder Ryder Straight Carb-bite Serrated Jaws 8in","closed","15","19.0"
"D:\augmented_data_random_backgrounds\images\train\Needle_Holder_Ryder_Straight_Carb-bite_Serrated_Jaws_8in_closed_16.jpg","Needle Holder Ryder Straight Carb-bite Serrated Jaws 8in","closed","16",""
"D:\augmented_data_random_backgrounds\images\train\Needle_Holder_Ryder_Straight_Carb-bite_Serrated_Jaws_8in_closed_16_aug000.jpg","Needle Holder Ryder Straight Carb-bite Serrated Jaws 8in","closed","16","0.0"
"D:\augmented_data_random_backgrounds\images\train\Needle_Holder_Ryder_Straight_Carb-bite_Serrated_Jaws_8in_closed_16_aug002.jpg","Needle Holder Ryder Straight Carb-bite Serrated Jaws 8in","closed","16","2.0"
"D:\augmented_data_random_backgrounds\images\train\Needle_Holder_Ryder_Straight_Carb-bite_Serrated_Jaws_8in_closed_16_aug003.jpg","Needle Holder Ryder Straight Carb-bite Serrated Jaws 8in","closed","16","3.0"
"D:\augmented_data_random_backgrounds\images\train\Needle_Holder_Ryder_Straight_Carb-bite_Serrated_Jaws_8in_closed_16_aug004.jpg","Needle Holder Ryder Straight Carb-bite Serrated Jaws 8in","closed","16","4.0"
"D:\augmented_data_random_backgrounds\images\train\Needle_Holder_Ryder_Straight_Carb-bite_Serrated_Jaws_8in_closed_16_aug005.jpg","Needle Holder Ryder Straight Carb-bite Serrated Jaws 8in","closed","16","5.0"
"D:\augmented_data_random_backgrounds\images\train\Needle_Holder_Ryder_Straight_Carb-bite_Serrated_Jaws_8in_closed_16_aug006.jpg","Needle Holder Ryder Straight Carb-bite Serrated Jaws 8in","closed","16","6.0"
"D:\augmented_data_random_backgrounds\images\train\Needle_Holder_Ryder_Straight_Carb-bite_Serrated_Jaws_8in_closed_16_aug007.jpg","Needle Holder Ryder Straight Carb-bite Serrated Jaws 8in","closed","16","7.0"
"D:\augmented_data_random_backgrounds\images\train\Needle_Holder_Ryder_Straight_Carb-bite_Serrated_Jaws_8in_closed_16_aug008.jpg","Needle Holder Ryder Straight Carb-bite Serrated Jaws 8in","closed","16","8.0"
"D:\augmented_data_random_backgrounds\images\train\Needle_Holder_Ryder_Straight_Carb-bite_Serrated_Jaws_8in_closed_16_aug009.jpg","Needle Holder Ryder Straight Carb-bite Serrated Jaws 8in","closed","16","9.0"
"D:\augmented_data_random_backgrounds\images\train\Needle_Holder_Ryder_Straight_Carb-bite_Serrated_Jaws_8in_closed_16_aug010.jpg","Needle Holder Ryder Straight Carb-bite Serrated Jaws 8in","closed","16","10.0"
"D:\augmented_data_random_backgrounds\images\train\Needle_Holder_Ryder_Straight_Carb-bite_Serrated_Jaws_8in_closed_16_aug011.jpg","Needle Holder Ryder Straight Carb-bite Serrated Jaws 8in","closed","16","11.0"
"D:\augmented_data_random_backgrounds\images\train\Needle_Holder_Ryder_Straight_Carb-bite_Serrated_Jaws_8in_closed_16_aug012.jpg","Needle Holder Ryder Straight Carb-bite Serrated Jaws 8in","closed","16","12.0"
"D:\augmented_data_random_backgrounds\images\train\Needle_Holder_Ryder_Straight_Carb-bite_Serrated_Jaws_8in_closed_16_aug014.jpg","Needle Holder Ryder Straight Carb-bite Serrated Jaws 8in","closed","16","14.0"
"D:\augmented_data_random_backgrounds\images\train\Needle_Holder_Ryder_Straight_Carb-bite_Serrated_Jaws_8in_closed_16_aug015.jpg","Needle Holder Ryder Straight Carb-bite Serrated Jaws 8in","closed","16","15.0"
"D:\augmented_data_random_backgrounds\images\train\Needle_Holder_Ryder_Straight_Carb-bite_Serrated_Jaws_8in_closed_16_aug016.jpg","Needle Holder Ryder Straight Carb-bite Serrated Jaws 8in","closed","16","16.0"
"D:\augmented_data_random_backgrounds\images\train\Needle_Holder_Ryder_Straight_Carb-bite_Serrated_Jaws_8in_closed_16_aug017.jpg","Needle Holder Ryder Straight Carb-bite Serrated Jaws 8in","closed","16","17.0"
"D:\augmented_data_random_backgrounds\images\train\Needle_Holder_Ryder_Straight_Carb-bite_Serrated_Jaws_8in_closed_16_aug018.jpg","Needle Holder Ryder Straight Carb-bite Serrated Jaws 8in","closed","16","18.0"
"D:\augmented_data_random_backgrounds\images\train\Needle_Holder_Ryder_Straight_Carb-bite_Serrated_Jaws_8in_closed_16_aug019.jpg","Needle Holder Ryder Straight Carb-bite Serrated Jaws 8in","closed","16","19.0"
"D:\augmented_data_random_backgrounds\images\train\Needle_Holder_Ryder_Straight_Carb-bite_Serrated_Jaws_8in_closed_17.jpg","Needle Holder Ryder Straight Carb-bite Serrated Jaws 8in","closed","17",""
"D:\augmented_data_random_backgrounds\images\train\Needle_Holder_Ryder_Straight_Carb-bite_Serrated_Jaws_8in_closed_17_aug000.jpg","Needle Holder Ryder Straight Carb-bite Serrated Jaws 8in","closed","17","0.0"
"D:\augmented_data_random_backgrounds\images\train\Needle_Holder_Ryder_Straight_Carb-bite_Serrated_Jaws_8in_closed_17_aug001.jpg","Needle Holder Ryder Straight Carb-bite Serrated Jaws 8in","closed","17","1.0"
"D:\augmented_data_random_backgrounds\images\train\Needle_Holder_Ryder_Straight_Carb-bite_Serrated_Jaws_8in_closed_17_aug002.jpg","Needle Holder Ryder Straight Carb-bite Serrated Jaws 8in","closed","17","2.0"
"D:\augmented_data_random_backgrounds\images\train\Needle_Holder_Ryder_Straight_Carb-bite_Serrated_Jaws_8in_closed_17_aug003.jpg","Needle Holder Ryder Straight Carb-bite Serrated Jaws 8in","closed","17","3.0"
"D:\augmented_data_random_backgrounds\images\train\Needle_Holder_Ryder_Straight_Carb-bite_Serrated_Jaws_8in_closed_17_aug004.jpg","Needle Holder Ryder Straight Carb-bite Serrated Jaws 8in","closed","17","4.0"
"D:\augmented_data_random_backgrounds\images\train\Needle_Holder_Ryder_Straight_Carb-bite_Serrated_Jaws_8in_closed_17_aug005.jpg","Needle Holder Ryder Straight Carb-bite Serrated Jaws 8in","closed","17","5.0"
"D:\augmented_data_random_backgrounds\images\train\Needle_Holder_Ryder_Straight_Carb-bite_Serrated_Jaws_8in_closed_17_aug006.jpg","Needle Holder Ryder Straight Carb-bite Serrated Jaws 8in","closed","17","6.0"
"D:\augmented_data_random_backgrounds\images\train\Needle_Holder_Ryder_Straight_Carb-bite_Serrated_Jaws_8in_closed_17_aug007.jpg","Needle Holder Ryder Straight Carb-bite Serrated Jaws 8in","closed","17","7.0"
"D:\augmented_data_random_backgrounds\images\train\Needle_Holder_Ryder_Straight_Carb-bite_Serrated_Jaws_8in_closed_17_aug008.jpg","Needle Holder Ryder Straight Carb-bite Serrated Jaws 8in","closed","17","8.0"
"D:\augmented_data_random_backgrounds\images\train\Needle_Holder_Ryder_Straight_Carb-bite_Serrated_Jaws_8in_closed_17_aug009.jpg","Needle Holder Ryder Straight Carb-bite Serrated Jaws 8in","closed","17","9.0"
"D:\augmented_data_random_backgrounds\images\train\Needle_Holder_Ryder_Straight_Carb-bite_Serrated_Jaws_8in_closed_17_aug010.jpg","Needle Holder Ryder Straight Carb-bite Serrated Jaws 8in","closed","17","10.0"
"D:\augmented_data_random_backgrounds\images\train\Needle_Holder_Ryder_Straight_Carb-bite_Serrated_Jaws_8in_closed_17_aug011.jpg","Needle Holder Ryder Straight Carb-bite Serrated Jaws 8in","closed","17","11.0"
"D:\augmented_data_random_backgrounds\images\train\Needle_Holder_Ryder_Straight_Carb-bite_Serrated_Jaws_8in_closed_17_aug013.jpg","Needle Holder Ryder Straight Carb-bite Serrated Jaws 8in","closed","17","13.0"
"D:\augmented_data_random_backgrounds\images\train\Needle_Holder_Ryder_Straight_Carb-bite_Serrated_Jaws_8in_closed_17_aug016.jpg","Needle Holder Ryder Straight Carb-bite Serrated Jaws 8in","closed","17","16.0"
"D:\augmented_data_random_backgrounds\images\train\Needle_Holder_Ryder_Straight_Carb-bite_Serrated_Jaws_8in_closed_17_aug017.jpg","Needle Holder Ryder Straight Carb-bite Serrated Jaws 8in","closed","17","17.0"
"D:\augmented_data_random_backgrounds\images\train\Needle_Holder_Ryder_Straight_Carb-bite_Serrated_Jaws_8in_closed_17_aug018.jpg","Needle Holder Ryder Straight Carb-bite Serrated Jaws 8in","closed","17","18.0"
"D:\augmented_data_random_backgrounds\images\train\Needle_Holder_Ryder_Straight_Carb-bite_Serrated_Jaws_8in_closed_17_aug019.jpg","Needle Holder Ryder Straight Carb-bite Serrated Jaws 8in","closed","17","19.0"
"D:\augmented_data_random_backgrounds\images\train\Needle_Holder_Ryder_Straight_Carb-bite_Serrated_Jaws_8in_closed_18_aug000.jpg","Needle Holder Ryder Straight Carb-bite Serrated Jaws 8in","closed","18","0.0"
"D:\augmented_data_random_backgrounds\images\train\Needle_Holder_Ryder_Straight_Carb-bite_Serrated_Jaws_8in_closed_18_aug001.jpg","Needle Holder Ryder Straight Carb-bite Serrated Jaws 8in","closed","18","1.0"
"D:\augmented_data_random_backgrounds\images\train\Needle_Holder_Ryder_Straight_Carb-bite_Serrated_Jaws_8in_closed_18_aug002.jpg","Needle Holder Ryder Straight Carb-bite Serrated Jaws 8in","closed","18","2.0"
"D:\augmented_data_random_backgrounds\images\train\Needle_Holder_Ryder_Straight_Carb-bite_Serrated_Jaws_8in_closed_18_aug004.jpg","Needle Holder Ryder Straight Carb-bite Serrated Jaws 8in","closed","18","4.0"
"D:\augmented_data_random_backgrounds\images\train\Needle_Holder_Ryder_Straight_Carb-bite_Serrated_Jaws_8in_closed_18_aug005.jpg","Needle Holder Ryder Straight Carb-bite Serrated Jaws 8in","closed","18","5.0"
"D:\augmented_data_random_backgrounds\images\train\Needle_Holder_Ryder_Straight_Carb-bite_Serrated_Jaws_8in_closed_18_aug007.jpg","Needle Holder Ryder Straight Carb-bite Serrated Jaws 8in","closed","18","7.0"
"D:\augmented_data_random_backgrounds\images\train\Needle_Holder_Ryder_Straight_Carb-bite_Serrated_Jaws_8in_closed_18_aug008.jpg","Needle Holder Ryder Straight Carb-bite Serrated Jaws 8in","closed","18","8.0"
"D:\augmented_data_random_backgrounds\images\train\Needle_Holder_Ryder_Straight_Carb-bite_Serrated_Jaws_8in_closed_18_aug010.jpg","Needle Holder Ryder Straight Carb-bite Serrated Jaws 8in","closed","18","10.0"
"D:\augmented_data_random_backgrounds\images\train\Needle_Holder_Ryder_Straight_Carb-bite_Serrated_Jaws_8in_closed_18_aug011.jpg","Needle Holder Ryder Straight Carb-bite Serrated Jaws 8in","closed","18","11.0"
"D:\augmented_data_random_backgrounds\images\train\Needle_Holder_Ryder_Straight_Carb-bite_Serrated_Jaws_8in_closed_18_aug012.jpg","Needle Holder Ryder Straight Carb-bite Serrated Jaws 8in","closed","18","12.0"
"D:\augmented_data_random_backgrounds\images\train\Needle_Holder_Ryder_Straight_Carb-bite_Serrated_Jaws_8in_closed_18_aug014.jpg","Needle Holder Ryder Straight Carb-bite Serrated Jaws 8in","closed","18","14.0"
"D:\augmented_data_random_backgrounds\images\train\Needle_Holder_Ryder_Straight_Carb-bite_Serrated_Jaws_8in_closed_18_aug016.jpg","Needle Holder Ryder Straight Carb-bite Serrated Jaws 8in","closed","18","16.0"
"D:\augmented_data_random_backgrounds\images\train\Needle_Holder_Ryder_Straight_Carb-bite_Serrated_Jaws_8in_closed_18_aug017.jpg","Needle Holder Ryder Straight Carb-bite Serrated Jaws 8in","closed","18","17.0"
"D:\augmented_data_random_backgrounds\images\train\Needle_Holder_Ryder_Straight_Carb-bite_Serrated_Jaws_8in_closed_18_aug018.jpg","Needle Holder Ryder Straight Carb-bite Serrated Jaws 8in","closed","18","18.0"
"D:\augmented_data_random_backgrounds\images\train\Needle_Holder_Ryder_Straight_Carb-bite_Serrated_Jaws_8in_closed_19.jpg","Needle Holder Ryder Straight Carb-bite Serrated Jaws 8in","closed","19",""
"D:\augmented_data_random_backgrounds\images\train\Needle_Holder_Ryder_Straight_Carb-bite_Serrated_Jaws_8in_closed_19_aug000.jpg","Needle Holder Ryder Straight Carb-bite Serrated Jaws 8in","closed","19","0.0"
"D:\augmented_data_random_backgrounds\images\train\Needle_Holder_Ryder_Straight_Carb-bite_Serrated_Jaws_8in_closed_19_aug001.jpg","Needle Holder Ryder Straight Carb-bite Serrated Jaws 8in","closed","19","1.0"
"D:\augmented_data_random_backgrounds\images\train\Needle_Holder_Ryder_Straight_Carb-bite_Serrated_Jaws_8in_closed_19_aug002.jpg","Needle Holder Ryder Straight Carb-bite Serrated Jaws 8in","closed","19","2.0"
"D:\augmented_data_random_backgrounds\images\train\Needle_Holder_Ryder_Straight_Carb-bite_Serrated_Jaws_8in_closed_19_aug003.jpg","Needle Holder Ryder Straight Carb-bite Serrated Jaws 8in","closed","19","3.0"
"D:\augmented_data_random_backgrounds\images\train\Needle_Holder_Ryder_Straight_Carb-bite_Serrated_Jaws_8in_closed_19_aug004.jpg","Needle Holder Ryder Straight Carb-bite Serrated Jaws 8in","closed","19","4.0"
"D:\augmented_data_random_backgrounds\images\train\Needle_Holder_Ryder_Straight_Carb-bite_Serrated_Jaws_8in_closed_19_aug006.jpg","Needle Holder Ryder Straight Carb-bite Serrated Jaws 8in","closed","19","6.0"
"D:\augmented_data_random_backgrounds\images\train\Needle_Holder_Ryder_Straight_Carb-bite_Serrated_Jaws_8in_closed_19_aug008.jpg","Needle Holder Ryder Straight Carb-bite Serrated Jaws 8in","closed","19","8.0"
"D:\augmented_data_random_backgrounds\images\train\Needle_Holder_Ryder_Straight_Carb-bite_Serrated_Jaws_8in_closed_19_aug009.jpg","Needle Holder Ryder Straight Carb-bite Serrated Jaws 8in","closed","19","9.0"
"D:\augmented_data_random_backgrounds\images\train\Needle_Holder_Ryder_Straight_Carb-bite_Serrated_Jaws_8in_closed_19_aug010.jpg","Needle Holder Ryder Straight Carb-bite Serrated Jaws 8in","closed","19","10.0"
"D:\augmented_data_random_backgrounds\images\train\Needle_Holder_Ryder_Straight_Carb-bite_Serrated_Jaws_8in_closed_19_aug011.jpg","Needle Holder Ryder Straight Carb-bite Serrated Jaws 8in","closed","19","11.0"
"D:\augmented_data_random_backgrounds\images\train\Needle_Holder_Ryder_Straight_Carb-bite_Serrated_Jaws_8in_closed_19_aug012.jpg","Needle Holder Ryder Straight Carb-bite Serrated Jaws 8in","closed","19","12.0"
"D:\augmented_data_random_backgrounds\images\train\Needle_Holder_Ryder_Straight_Carb-bite_Serrated_Jaws_8in_closed_19_aug014.jpg","Needle Holder Ryder Straight Carb-bite Serrated Jaws 8in","closed","19","14.0"
"D:\augmented_data_random_backgrounds\images\train\Needle_Holder_Ryder_Straight_Carb-bite_Serrated_Jaws_8in_closed_19_aug015.jpg","Needle Holder Ryder Straight Carb-bite Serrated Jaws 8in","closed","19","15.0"
"D:\augmented_data_random_backgrounds\images\train\Needle_Holder_Ryder_Straight_Carb-bite_Serrated_Jaws_8in_closed_19_aug019.jpg","Needle Holder Ryder Straight Carb-bite Serrated Jaws 8in","closed","19","19.0"
"D:\augmented_data_random_backgrounds\images\train\Needle_Holder_Ryder_Straight_Carb-bite_Serrated_Jaws_8in_closed_20.jpg","Needle Holder Ryder Straight Carb-bite Serrated Jaws 8in","closed","20",""
"D:\augmented_data_random_backgrounds\images\train\Needle_Holder_Ryder_Straight_Carb-bite_Serrated_Jaws_8in_closed_20_aug001.jpg","Needle Holder Ryder Straight Carb-bite Serrated Jaws 8in","closed","20","1.0"
"D:\augmented_data_random_backgrounds\images\train\Needle_Holder_Ryder_Straight_Carb-bite_Serrated_Jaws_8in_closed_20_aug002.jpg","Needle Holder Ryder Straight Carb-bite Serrated Jaws 8in","closed","20","2.0"
"D:\augmented_data_random_backgrounds\images\train\Needle_Holder_Ryder_Straight_Carb-bite_Serrated_Jaws_8in_closed_20_aug003.jpg","Needle Holder Ryder Straight Carb-bite Serrated Jaws 8in","closed","20","3.0"
"D:\augmented_data_random_backgrounds\images\train\Needle_Holder_Ryder_Straight_Carb-bite_Serrated_Jaws_8in_closed_20_aug004.jpg","Needle Holder Ryder Straight Carb-bite Serrated Jaws 8in","closed","20","4.0"
"D:\augmented_data_random_backgrounds\images\train\Needle_Holder_Ryder_Straight_Carb-bite_Serrated_Jaws_8in_closed_20_aug005.jpg","Needle Holder Ryder Straight Carb-bite Serrated Jaws 8in","closed","20","5.0"
"D:\augmented_data_random_backgrounds\images\train\Needle_Holder_Ryder_Straight_Carb-bite_Serrated_Jaws_8in_closed_20_aug006.jpg","Needle Holder Ryder Straight Carb-bite Serrated Jaws 8in","closed","20","6.0"
"D:\augmented_data_random_backgrounds\images\train\Needle_Holder_Ryder_Straight_Carb-bite_Serrated_Jaws_8in_closed_20_aug007.jpg","Needle Holder Ryder Straight Carb-bite Serrated Jaws 8in","closed","20","7.0"
"D:\augmented_data_random_backgrounds\images\train\Needle_Holder_Ryder_Straight_Carb-bite_Serrated_Jaws_8in_closed_20_aug008.jpg","Needle Holder Ryder Straight Carb-bite Serrated Jaws 8in","closed","20","8.0"
"D:\augmented_data_random_backgrounds\images\train\Needle_Holder_Ryder_Straight_Carb-bite_Serrated_Jaws_8in_closed_20_aug009.jpg","Needle Holder Ryder Straight Carb-bite Serrated Jaws 8in","closed","20","9.0"
"D:\augmented_data_random_backgrounds\images\train\Needle_Holder_Ryder_Straight_Carb-bite_Serrated_Jaws_8in_closed_20_aug011.jpg","Needle Holder Ryder Straight Carb-bite Serrated Jaws 8in","closed","20","11.0"
"D:\augmented_data_random_backgrounds\images\train\Needle_Holder_Ryder_Straight_Carb-bite_Serrated_Jaws_8in_closed_20_aug012.jpg","Needle Holder Ryder Straight Carb-bite Serrated Jaws 8in","closed","20","12.0"
"D:\augmented_data_random_backgrounds\images\train\Needle_Holder_Ryder_Straight_Carb-bite_Serrated_Jaws_8in_closed_20_aug013.jpg","Needle Holder Ryder Straight Carb-bite Serrated Jaws 8in","closed","20","13.0"
"D:\augmented_data_random_backgrounds\images\train\Needle_Holder_Ryder_Straight_Carb-bite_Serrated_Jaws_8in_closed_20_aug015.jpg","Needle Holder Ryder Straight Carb-bite Serrated Jaws 8in","closed","20","15.0"
"D:\augmented_data_random_backgrounds\images\train\Needle_Holder_Ryder_Straight_Carb-bite_Serrated_Jaws_8in_closed_20_aug016.jpg","Needle Holder Ryder Straight Carb-bite Serrated Jaws 8in","closed","20","16.0"
"D:\augmented_data_random_backgrounds\images\train\Needle_Holder_Ryder_Straight_Carb-bite_Serrated_Jaws_8in_closed_20_aug017.jpg","Needle Holder Ryder Straight Carb-bite Serrated Jaws 8in","closed","20","17.0"
"D:\augmented_data_random_backgrounds\images\train\Needle_Holder_Ryder_Straight_Carb-bite_Serrated_Jaws_8in_closed_20_aug018.jpg","Needle Holder Ryder Straight Carb-bite Serrated Jaws 8in","closed","20","18.0"
"D:\augmented_data_random_backgrounds\images\train\Needle_Holder_Ryder_Straight_Carb-bite_Serrated_Jaws_8in_closed_20_aug019.jpg","Needle Holder Ryder Straight Carb-bite Serrated Jaws 8in","closed","20","19.0"
"D:\augmented_data_random_backgrounds\images\train\Needle_Holder_Ryder_Straight_Carb-bite_Serrated_Jaws_8in_closed_21.jpg","Needle Holder Ryder Straight Carb-bite Serrated Jaws 8in","closed","21",""
"D:\augmented_data_random_backgrounds\images\train\Needle_Holder_Ryder_Straight_Carb-bite_Serrated_Jaws_8in_closed_21_aug001.jpg","Needle Holder Ryder Straight Carb-bite Serrated Jaws 8in","closed","21","1.0"
"D:\augmented_data_random_backgrounds\images\train\Needle_Holder_Ryder_Straight_Carb-bite_Serrated_Jaws_8in_closed_21_aug002.jpg","Needle Holder Ryder Straight Carb-bite Serrated Jaws 8in","closed","21","2.0"
"D:\augmented_data_random_backgrounds\images\train\Needle_Holder_Ryder_Straight_Carb-bite_Serrated_Jaws_8in_closed_21_aug003.jpg","Needle Holder Ryder Straight Carb-bite Serrated Jaws 8in","closed","21","3.0"
"D:\augmented_data_random_backgrounds\images\train\Needle_Holder_Ryder_Straight_Carb-bite_Serrated_Jaws_8in_closed_21_aug005.jpg","Needle Holder Ryder Straight Carb-bite Serrated Jaws 8in","closed","21","5.0"
"D:\augmented_data_random_backgrounds\images\train\Needle_Holder_Ryder_Straight_Carb-bite_Serrated_Jaws_8in_closed_21_aug006.jpg","Needle Holder Ryder Straight Carb-bite Serrated Jaws 8in","closed","21","6.0"
"D:\augmented_data_random_backgrounds\images\train\Needle_Holder_Ryder_Straight_Carb-bite_Serrated_Jaws_8in_closed_21_aug007.jpg","Needle Holder Ryder Straight Carb-bite Serrated Jaws 8in","closed","21","7.0"
"D:\augmented_data_random_backgrounds\images\train\Needle_Holder_Ryder_Straight_Carb-bite_Serrated_Jaws_8in_closed_21_aug010.jpg","Needle Holder Ryder Straight Carb-bite Serrated Jaws 8in","closed","21","10.0"
"D:\augmented_data_random_backgrounds\images\train\Needle_Holder_Ryder_Straight_Carb-bite_Serrated_Jaws_8in_closed_21_aug011.jpg","Needle Holder Ryder Straight Carb-bite Serrated Jaws 8in","closed","21","11.0"
"D:\augmented_data_random_backgrounds\images\train\Needle_Holder_Ryder_Straight_Carb-bite_Serrated_Jaws_8in_closed_21_aug012.jpg","Needle Holder Ryder Straight Carb-bite Serrated Jaws 8in","closed","21","12.0"
"D:\augmented_data_random_backgrounds\images\train\Needle_Holder_Ryder_Straight_Carb-bite_Serrated_Jaws_8in_closed_21_aug014.jpg","Needle Holder Ryder Straight Carb-bite Serrated Jaws 8in","closed","21","14.0"
"D:\augmented_data_random_backgrounds\images\train\Needle_Holder_Ryder_Straight_Carb-bite_Serrated_Jaws_8in_closed_21_aug015.jpg","Needle Holder Ryder Straight Carb-bite Serrated Jaws 8in","closed","21","15.0"
"D:\augmented_data_random_backgrounds\images\train\Needle_Holder_Ryder_Straight_Carb-bite_Serrated_Jaws_8in_closed_21_aug016.jpg","Needle Holder Ryder Straight Carb-bite Serrated Jaws 8in","closed","21","16.0"
"D:\augmented_data_random_backgrounds\images\train\Needle_Holder_Ryder_Straight_Carb-bite_Serrated_Jaws_8in_closed_21_aug017.jpg","Needle Holder Ryder Straight Carb-bite Serrated Jaws 8in","closed","21","17.0"
"D:\augmented_data_random_backgrounds\images\train\Needle_Holder_Ryder_Straight_Carb-bite_Serrated_Jaws_8in_closed_21_aug018.jpg","Needle Holder Ryder Straight Carb-bite Serrated Jaws 8in","closed","21","18.0"
"D:\augmented_data_random_backgrounds\images\train\Needle_Holder_Ryder_Straight_Carb-bite_Serrated_Jaws_8in_closed_22.jpg","Needle Holder Ryder Straight Carb-bite Serrated Jaws 8in","closed","22",""
"D:\augmented_data_random_backgrounds\images\train\Needle_Holder_Ryder_Straight_Carb-bite_Serrated_Jaws_8in_closed_22_aug001.jpg","Needle Holder Ryder Straight Carb-bite Serrated Jaws 8in","closed","22","1.0"
"D:\augmented_data_random_backgrounds\images\train\Needle_Holder_Ryder_Straight_Carb-bite_Serrated_Jaws_8in_closed_22_aug002.jpg","Needle Holder Ryder Straight Carb-bite Serrated Jaws 8in","closed","22","2.0"
"D:\augmented_data_random_backgrounds\images\train\Needle_Holder_Ryder_Straight_Carb-bite_Serrated_Jaws_8in_closed_22_aug003.jpg","Needle Holder Ryder Straight Carb-bite Serrated Jaws 8in","closed","22","3.0"
"D:\augmented_data_random_backgrounds\images\train\Needle_Holder_Ryder_Straight_Carb-bite_Serrated_Jaws_8in_closed_22_aug004.jpg","Needle Holder Ryder Straight Carb-bite Serrated Jaws 8in","closed","22","4.0"
"D:\augmented_data_random_backgrounds\images\train\Needle_Holder_Ryder_Straight_Carb-bite_Serrated_Jaws_8in_closed_22_aug005.jpg","Needle Holder Ryder Straight Carb-bite Serrated Jaws 8in","closed","22","5.0"
"D:\augmented_data_random_backgrounds\images\train\Needle_Holder_Ryder_Straight_Carb-bite_Serrated_Jaws_8in_closed_22_aug007.jpg","Needle Holder Ryder Straight Carb-bite Serrated Jaws 8in","closed","22","7.0"
"D:\augmented_data_random_backgrounds\images\train\Needle_Holder_Ryder_Straight_Carb-bite_Serrated_Jaws_8in_closed_22_aug009.jpg","Needle Holder Ryder Straight Carb-bite Serrated Jaws 8in","closed","22","9.0"
"D:\augmented_data_random_backgrounds\images\train\Needle_Holder_Ryder_Straight_Carb-bite_Serrated_Jaws_8in_closed_22_aug010.jpg","Needle Holder Ryder Straight Carb-bite Serrated Jaws 8in","closed","22","10.0"
"D:\augmented_data_random_backgrounds\images\train\Needle_Holder_Ryder_Straight_Carb-bite_Serrated_Jaws_8in_closed_22_aug013.jpg","Needle Holder Ryder Straight Carb-bite Serrated Jaws 8in","closed","22","13.0"
"D:\augmented_data_random_backgrounds\images\train\Needle_Holder_Ryder_Straight_Carb-bite_Serrated_Jaws_8in_closed_22_aug014.jpg","Needle Holder Ryder Straight Carb-bite Serrated Jaws 8in","closed","22","14.0"
"D:\augmented_data_random_backgrounds\images\train\Needle_Holder_Ryder_Straight_Carb-bite_Serrated_Jaws_8in_closed_22_aug016.jpg","Needle Holder Ryder Straight Carb-bite Serrated Jaws 8in","closed","22","16.0"
"D:\augmented_data_random_backgrounds\images\train\Needle_Holder_Ryder_Straight_Carb-bite_Serrated_Jaws_8in_closed_22_aug018.jpg","Needle Holder Ryder Straight Carb-bite Serrated Jaws 8in","closed","22","18.0"
"D:\augmented_data_random_backgrounds\images\train\Needle_Holder_Ryder_Straight_Carb-bite_Serrated_Jaws_8in_closed_22_aug019.jpg","Needle Holder Ryder Straight Carb-bite Serrated Jaws 8in","closed","22","19.0"
"D:\augmented_data_random_backgrounds\images\train\Needle_Holder_Ryder_Straight_Carb-bite_Serrated_Jaws_8in_closed_23.jpg","Needle Holder Ryder Straight Carb-bite Serrated Jaws 8in","closed","23",""
"D:\augmented_data_random_backgrounds\images\train\Needle_Holder_Ryder_Straight_Carb-bite_Serrated_Jaws_8in_closed_23_aug000.jpg","Needle Holder Ryder Straight Carb-bite Serrated Jaws 8in","closed","23","0.0"
"D:\augmented_data_random_backgrounds\images\train\Needle_Holder_Ryder_Straight_Carb-bite_Serrated_Jaws_8in_closed_23_aug003.jpg","Needle Holder Ryder Straight Carb-bite Serrated Jaws 8in","closed","23","3.0"
"D:\augmented_data_random_backgrounds\images\train\Needle_Holder_Ryder_Straight_Carb-bite_Serrated_Jaws_8in_closed_23_aug004.jpg","Needle Holder Ryder Straight Carb-bite Serrated Jaws 8in","closed","23","4.0"
"D:\augmented_data_random_backgrounds\images\train\Needle_Holder_Ryder_Straight_Carb-bite_Serrated_Jaws_8in_closed_23_aug005.jpg","Needle Holder Ryder Straight Carb-bite Serrated Jaws 8in","closed","23","5.0"
"D:\augmented_data_random_backgrounds\images\train\Needle_Holder_Ryder_Straight_Carb-bite_Serrated_Jaws_8in_closed_23_aug006.jpg","Needle Holder Ryder Straight Carb-bite Serrated Jaws 8in","closed","23","6.0"
"D:\augmented_data_random_backgrounds\images\train\Needle_Holder_Ryder_Straight_Carb-bite_Serrated_Jaws_8in_closed_23_aug007.jpg","Needle Holder Ryder Straight Carb-bite Serrated Jaws 8in","closed","23","7.0"
"D:\augmented_data_random_backgrounds\images\train\Needle_Holder_Ryder_Straight_Carb-bite_Serrated_Jaws_8in_closed_23_aug008.jpg","Needle Holder Ryder Straight Carb-bite Serrated Jaws 8in","closed","23","8.0"
"D:\augmented_data_random_backgrounds\images\train\Needle_Holder_Ryder_Straight_Carb-bite_Serrated_Jaws_8in_closed_23_aug009.jpg","Needle Holder Ryder Straight Carb-bite Serrated Jaws 8in","closed","23","9.0"
"D:\augmented_data_random_backgrounds\images\train\Needle_Holder_Ryder_Straight_Carb-bite_Serrated_Jaws_8in_closed_23_aug011.jpg","Needle Holder Ryder Straight Carb-bite Serrated Jaws 8in","closed","23","11.0"
"D:\augmented_data_random_backgrounds\images\train\Needle_Holder_Ryder_Straight_Carb-bite_Serrated_Jaws_8in_closed_23_aug012.jpg","Needle Holder Ryder Straight Carb-bite Serrated Jaws 8in","closed","23","12.0"
"D:\augmented_data_random_backgrounds\images\train\Needle_Holder_Ryder_Straight_Carb-bite_Serrated_Jaws_8in_closed_23_aug013.jpg","Needle Holder Ryder Straight Carb-bite Serrated Jaws 8in","closed","23","13.0"
"D:\augmented_data_random_backgrounds\images\train\Needle_Holder_Ryder_Straight_Carb-bite_Serrated_Jaws_8in_closed_23_aug014.jpg","Needle Holder Ryder Straight Carb-bite Serrated Jaws 8in","closed","23","14.0"
"D:\augmented_data_random_backgrounds\images\train\Needle_Holder_Ryder_Straight_Carb-bite_Serrated_Jaws_8in_closed_23_aug015.jpg","Needle Holder Ryder Straight Carb-bite Serrated Jaws 8in","closed","23","15.0"
"D:\augmented_data_random_backgrounds\images\train\Needle_Holder_Ryder_Straight_Carb-bite_Serrated_Jaws_8in_closed_23_aug016.jpg","Needle Holder Ryder Straight Carb-bite Serrated Jaws 8in","closed","23","16.0"
"D:\augmented_data_random_backgrounds\images\train\Needle_Holder_Ryder_Straight_Carb-bite_Serrated_Jaws_8in_closed_23_aug017.jpg","Needle Holder Ryder Straight Carb-bite Serrated Jaws 8in","closed","23","17.0"
"D:\augmented_data_random_backgrounds\images\train\Needle_Holder_Ryder_Straight_Carb-bite_Serrated_Jaws_8in_closed_23_aug018.jpg","Needle Holder Ryder Straight Carb-bite Serrated Jaws 8in","closed","23","18.0"
"D:\augmented_data_random_backgrounds\images\train\Needle_Holder_Ryder_Straight_Carb-bite_Serrated_Jaws_8in_closed_23_aug019.jpg","Needle Holder Ryder Straight Carb-bite Serrated Jaws 8in","closed","23","19.0"
"D:\augmented_data_random_backgrounds\images\train\Needle_Holder_Ryder_Straight_Carb-bite_Serrated_Jaws_8in_closed_24.jpg","Needle Holder Ryder Straight Carb-bite Serrated Jaws 8in","closed","24",""
"D:\augmented_data_random_backgrounds\images\train\Needle_Holder_Ryder_Straight_Carb-bite_Serrated_Jaws_8in_closed_24_aug000.jpg","Needle Holder Ryder Straight Carb-bite Serrated Jaws 8in","closed","24","0.0"
"D:\augmented_data_random_backgrounds\images\train\Needle_Holder_Ryder_Straight_Carb-bite_Serrated_Jaws_8in_closed_24_aug001.jpg","Needle Holder Ryder Straight Carb-bite Serrated Jaws 8in","closed","24","1.0"
"D:\augmented_data_random_backgrounds\images\train\Needle_Holder_Ryder_Straight_Carb-bite_Serrated_Jaws_8in_closed_24_aug002.jpg","Needle Holder Ryder Straight Carb-bite Serrated Jaws 8in","closed","24","2.0"
"D:\augmented_data_random_backgrounds\images\train\Needle_Holder_Ryder_Straight_Carb-bite_Serrated_Jaws_8in_closed_24_aug003.jpg","Needle Holder Ryder Straight Carb-bite Serrated Jaws 8in","closed","24","3.0"
"D:\augmented_data_random_backgrounds\images\train\Needle_Holder_Ryder_Straight_Carb-bite_Serrated_Jaws_8in_closed_24_aug004.jpg","Needle Holder Ryder Straight Carb-bite Serrated Jaws 8in","closed","24","4.0"
"D:\augmented_data_random_backgrounds\images\train\Needle_Holder_Ryder_Straight_Carb-bite_Serrated_Jaws_8in_closed_24_aug006.jpg","Needle Holder Ryder Straight Carb-bite Serrated Jaws 8in","closed","24","6.0"
"D:\augmented_data_random_backgrounds\images\train\Needle_Holder_Ryder_Straight_Carb-bite_Serrated_Jaws_8in_closed_24_aug008.jpg","Needle Holder Ryder Straight Carb-bite Serrated Jaws 8in","closed","24","8.0"
"D:\augmented_data_random_backgrounds\images\train\Needle_Holder_Ryder_Straight_Carb-bite_Serrated_Jaws_8in_closed_24_aug010.jpg","Needle Holder Ryder Straight Carb-bite Serrated Jaws 8in","closed","24","10.0"
"D:\augmented_data_random_backgrounds\images\train\Needle_Holder_Ryder_Straight_Carb-bite_Serrated_Jaws_8in_closed_24_aug011.jpg","Needle Holder Ryder Straight Carb-bite Serrated Jaws 8in","closed","24","11.0"
"D:\augmented_data_random_backgrounds\images\train\Needle_Holder_Ryder_Straight_Carb-bite_Serrated_Jaws_8in_closed_24_aug012.jpg","Needle Holder Ryder Straight Carb-bite Serrated Jaws 8in","closed","24","12.0"
"D:\augmented_data_random_backgrounds\images\train\Needle_Holder_Ryder_Straight_Carb-bite_Serrated_Jaws_8in_closed_24_aug013.jpg","Needle Holder Ryder Straight Carb-bite Serrated Jaws 8in","closed","24","13.0"
"D:\augmented_data_random_backgrounds\images\train\Needle_Holder_Ryder_Straight_Carb-bite_Serrated_Jaws_8in_closed_24_aug014.jpg","Needle Holder Ryder Straight Carb-bite Serrated Jaws 8in","closed","24","14.0"
"D:\augmented_data_random_backgrounds\images\train\Needle_Holder_Ryder_Straight_Carb-bite_Serrated_Jaws_8in_closed_24_aug016.jpg","Needle Holder Ryder Straight Carb-bite Serrated Jaws 8in","closed","24","16.0"
"D:\augmented_data_random_backgrounds\images\train\Needle_Holder_Ryder_Straight_Carb-bite_Serrated_Jaws_8in_closed_24_aug017.jpg","Needle Holder Ryder Straight Carb-bite Serrated Jaws 8in","closed","24","17.0"
"D:\augmented_data_random_backgrounds\images\train\Needle_Holder_Ryder_Straight_Carb-bite_Serrated_Jaws_8in_closed_24_aug018.jpg","Needle Holder Ryder Straight Carb-bite Serrated Jaws 8in","closed","24","18.0"
"D:\augmented_data_random_backgrounds\images\train\Needle_Holder_Ryder_Straight_Carb-bite_Serrated_Jaws_8in_closed_24_aug019.jpg","Needle Holder Ryder Straight Carb-bite Serrated Jaws 8in","closed","24","19.0"
"D:\augmented_data_random_backgrounds\images\train\Needle_Holder_Ryder_Straight_Carb-bite_Serrated_Jaws_8in_closed_25.jpg","Needle Holder Ryder Straight Carb-bite Serrated Jaws 8in","closed","25",""
"D:\augmented_data_random_backgrounds\images\train\Needle_Holder_Ryder_Straight_Carb-bite_Serrated_Jaws_8in_closed_25_aug001.jpg","Needle Holder Ryder Straight Carb-bite Serrated Jaws 8in","closed","25","1.0"
"D:\augmented_data_random_backgrounds\images\train\Needle_Holder_Ryder_Straight_Carb-bite_Serrated_Jaws_8in_closed_25_aug003.jpg","Needle Holder Ryder Straight Carb-bite Serrated Jaws 8in","closed","25","3.0"
"D:\augmented_data_random_backgrounds\images\train\Needle_Holder_Ryder_Straight_Carb-bite_Serrated_Jaws_8in_closed_25_aug005.jpg","Needle Holder Ryder Straight Carb-bite Serrated Jaws 8in","closed","25","5.0"
"D:\augmented_data_random_backgrounds\images\train\Needle_Holder_Ryder_Straight_Carb-bite_Serrated_Jaws_8in_closed_25_aug006.jpg","Needle Holder Ryder Straight Carb-bite Serrated Jaws 8in","closed","25","6.0"
"D:\augmented_data_random_backgrounds\images\train\Needle_Holder_Ryder_Straight_Carb-bite_Serrated_Jaws_8in_closed_25_aug008.jpg","Needle Holder Ryder Straight Carb-bite Serrated Jaws 8in","closed","25","8.0"
"D:\augmented_data_random_backgrounds\images\train\Needle_Holder_Ryder_Straight_Carb-bite_Serrated_Jaws_8in_closed_25_aug009.jpg","Needle Holder Ryder Straight Carb-bite Serrated Jaws 8in","closed","25","9.0"
"D:\augmented_data_random_backgrounds\images\train\Needle_Holder_Ryder_Straight_Carb-bite_Serrated_Jaws_8in_closed_25_aug010.jpg","Needle Holder Ryder Straight Carb-bite Serrated Jaws 8in","closed","25","10.0"
"D:\augmented_data_random_backgrounds\images\train\Needle_Holder_Ryder_Straight_Carb-bite_Serrated_Jaws_8in_closed_25_aug011.jpg","Needle Holder Ryder Straight Carb-bite Serrated Jaws 8in","closed","25","11.0"
"D:\augmented_data_random_backgrounds\images\train\Needle_Holder_Ryder_Straight_Carb-bite_Serrated_Jaws_8in_closed_25_aug012.jpg","Needle Holder Ryder Straight Carb-bite Serrated Jaws 8in","closed","25","12.0"
"D:\augmented_data_random_backgrounds\images\train\Needle_Holder_Ryder_Straight_Carb-bite_Serrated_Jaws_8in_closed_25_aug013.jpg","Needle Holder Ryder Straight Carb-bite Serrated Jaws 8in","closed","25","13.0"
"D:\augmented_data_random_backgrounds\images\train\Needle_Holder_Ryder_Straight_Carb-bite_Serrated_Jaws_8in_closed_25_aug016.jpg","Needle Holder Ryder Straight Carb-bite Serrated Jaws 8in","closed","25","16.0"
"D:\augmented_data_random_backgrounds\images\train\Needle_Holder_Ryder_Straight_Carb-bite_Serrated_Jaws_8in_closed_25_aug017.jpg","Needle Holder Ryder Straight Carb-bite Serrated Jaws 8in","closed","25","17.0"
"D:\augmented_data_random_backgrounds\images\train\Needle_Holder_Ryder_Straight_Carb-bite_Serrated_Jaws_8in_closed_25_aug019.jpg","Needle Holder Ryder Straight Carb-bite Serrated Jaws 8in","closed","25","19.0"
"D:\augmented_data_random_backgrounds\images\train\Needle_Holder_Ryder_Straight_Carb-bite_Serrated_Jaws_8in_open_01.jpg","Needle Holder Ryder Straight Carb-bite Serrated Jaws 8in","open","1",""
"D:\augmented_data_random_backgrounds\images\train\Needle_Holder_Ryder_Straight_Carb-bite_Serrated_Jaws_8in_open_01_aug000.jpg","Needle Holder Ryder Straight Carb-bite Serrated Jaws 8in","open","1","0.0"
"D:\augmented_data_random_backgrounds\images\train\Needle_Holder_Ryder_Straight_Carb-bite_Serrated_Jaws_8in_open_01_aug001.jpg","Needle Holder Ryder Straight Carb-bite Serrated Jaws 8in","open","1","1.0"
"D:\augmented_data_random_backgrounds\images\train\Needle_Holder_Ryder_Straight_Carb-bite_Serrated_Jaws_8in_open_01_aug002.jpg","Needle Holder Ryder Straight Carb-bite Serrated Jaws 8in","open","1","2.0"
"D:\augmented_data_random_backgrounds\images\train\Needle_Holder_Ryder_Straight_Carb-bite_Serrated_Jaws_8in_open_01_aug003.jpg","Needle Holder Ryder Straight Carb-bite Serrated Jaws 8in","open","1","3.0"
"D:\augmented_data_random_backgrounds\images\train\Needle_Holder_Ryder_Straight_Carb-bite_Serrated_Jaws_8in_open_01_aug005.jpg","Needle Holder Ryder Straight Carb-bite Serrated Jaws 8in","open","1","5.0"
"D:\augmented_data_random_backgrounds\images\train\Needle_Holder_Ryder_Straight_Carb-bite_Serrated_Jaws_8in_open_01_aug006.jpg","Needle Holder Ryder Straight Carb-bite Serrated Jaws 8in","open","1","6.0"
"D:\augmented_data_random_backgrounds\images\train\Needle_Holder_Ryder_Straight_Carb-bite_Serrated_Jaws_8in_open_01_aug008.jpg","Needle Holder Ryder Straight Carb-bite Serrated Jaws 8in","open","1","8.0"
"D:\augmented_data_random_backgrounds\images\train\Needle_Holder_Ryder_Straight_Carb-bite_Serrated_Jaws_8in_open_01_aug009.jpg","Needle Holder Ryder Straight Carb-bite Serrated Jaws 8in","open","1","9.0"
"D:\augmented_data_random_backgrounds\images\train\Needle_Holder_Ryder_Straight_Carb-bite_Serrated_Jaws_8in_open_01_aug010.jpg","Needle Holder Ryder Straight Carb-bite Serrated Jaws 8in","open","1","10.0"
"D:\augmented_data_random_backgrounds\images\train\Needle_Holder_Ryder_Straight_Carb-bite_Serrated_Jaws_8in_open_01_aug011.jpg","Needle Holder Ryder Straight Carb-bite Serrated Jaws 8in","open","1","11.0"
"D:\augmented_data_random_backgrounds\images\train\Needle_Holder_Ryder_Straight_Carb-bite_Serrated_Jaws_8in_open_01_aug012.jpg","Needle Holder Ryder Straight Carb-bite Serrated Jaws 8in","open","1","12.0"
"D:\augmented_data_random_backgrounds\images\train\Needle_Holder_Ryder_Straight_Carb-bite_Serrated_Jaws_8in_open_01_aug013.jpg","Needle Holder Ryder Straight Carb-bite Serrated Jaws 8in","open","1","13.0"
"D:\augmented_data_random_backgrounds\images\train\Needle_Holder_Ryder_Straight_Carb-bite_Serrated_Jaws_8in_open_01_aug015.jpg","Needle Holder Ryder Straight Carb-bite Serrated Jaws 8in","open","1","15.0"
"D:\augmented_data_random_backgrounds\images\train\Needle_Holder_Ryder_Straight_Carb-bite_Serrated_Jaws_8in_open_01_aug016.jpg","Needle Holder Ryder Straight Carb-bite Serrated Jaws 8in","open","1","16.0"
"D:\augmented_data_random_backgrounds\images\train\Needle_Holder_Ryder_Straight_Carb-bite_Serrated_Jaws_8in_open_01_aug017.jpg","Needle Holder Ryder Straight Carb-bite Serrated Jaws 8in","open","1","17.0"
"D:\augmented_data_random_backgrounds\images\train\Needle_Holder_Ryder_Straight_Carb-bite_Serrated_Jaws_8in_open_01_aug019.jpg","Needle Holder Ryder Straight Carb-bite Serrated Jaws 8in","open","1","19.0"
"D:\augmented_data_random_backgrounds\images\train\Needle_Holder_Ryder_Straight_Carb-bite_Serrated_Jaws_8in_open_02.jpg","Needle Holder Ryder Straight Carb-bite Serrated Jaws 8in","open","2",""
"D:\augmented_data_random_backgrounds\images\train\Needle_Holder_Ryder_Straight_Carb-bite_Serrated_Jaws_8in_open_02_aug000.jpg","Needle Holder Ryder Straight Carb-bite Serrated Jaws 8in","open","2","0.0"
"D:\augmented_data_random_backgrounds\images\train\Needle_Holder_Ryder_Straight_Carb-bite_Serrated_Jaws_8in_open_02_aug002.jpg","Needle Holder Ryder Straight Carb-bite Serrated Jaws 8in","open","2","2.0"
"D:\augmented_data_random_backgrounds\images\train\Needle_Holder_Ryder_Straight_Carb-bite_Serrated_Jaws_8in_open_02_aug003.jpg","Needle Holder Ryder Straight Carb-bite Serrated Jaws 8in","open","2","3.0"
"D:\augmented_data_random_backgrounds\images\train\Needle_Holder_Ryder_Straight_Carb-bite_Serrated_Jaws_8in_open_02_aug004.jpg","Needle Holder Ryder Straight Carb-bite Serrated Jaws 8in","open","2","4.0"
"D:\augmented_data_random_backgrounds\images\train\Needle_Holder_Ryder_Straight_Carb-bite_Serrated_Jaws_8in_open_02_aug006.jpg","Needle Holder Ryder Straight Carb-bite Serrated Jaws 8in","open","2","6.0"
"D:\augmented_data_random_backgrounds\images\train\Needle_Holder_Ryder_Straight_Carb-bite_Serrated_Jaws_8in_open_02_aug007.jpg","Needle Holder Ryder Straight Carb-bite Serrated Jaws 8in","open","2","7.0"
"D:\augmented_data_random_backgrounds\images\train\Needle_Holder_Ryder_Straight_Carb-bite_Serrated_Jaws_8in_open_02_aug008.jpg","Needle Holder Ryder Straight Carb-bite Serrated Jaws 8in","open","2","8.0"
"D:\augmented_data_random_backgrounds\images\train\Needle_Holder_Ryder_Straight_Carb-bite_Serrated_Jaws_8in_open_02_aug010.jpg","Needle Holder Ryder Straight Carb-bite Serrated Jaws 8in","open","2","10.0"
"D:\augmented_data_random_backgrounds\images\train\Needle_Holder_Ryder_Straight_Carb-bite_Serrated_Jaws_8in_open_02_aug013.jpg","Needle Holder Ryder Straight Carb-bite Serrated Jaws 8in","open","2","13.0"
"D:\augmented_data_random_backgrounds\images\train\Needle_Holder_Ryder_Straight_Carb-bite_Serrated_Jaws_8in_open_02_aug014.jpg","Needle Holder Ryder Straight Carb-bite Serrated Jaws 8in","open","2","14.0"
"D:\augmented_data_random_backgrounds\images\train\Needle_Holder_Ryder_Straight_Carb-bite_Serrated_Jaws_8in_open_02_aug015.jpg","Needle Holder Ryder Straight Carb-bite Serrated Jaws 8in","open","2","15.0"
"D:\augmented_data_random_backgrounds\images\train\Needle_Holder_Ryder_Straight_Carb-bite_Serrated_Jaws_8in_open_02_aug016.jpg","Needle Holder Ryder Straight Carb-bite Serrated Jaws 8in","open","2","16.0"
"D:\augmented_data_random_backgrounds\images\train\Needle_Holder_Ryder_Straight_Carb-bite_Serrated_Jaws_8in_open_02_aug017.jpg","Needle Holder Ryder Straight Carb-bite Serrated Jaws 8in","open","2","17.0"
"D:\augmented_data_random_backgrounds\images\train\Needle_Holder_Ryder_Straight_Carb-bite_Serrated_Jaws_8in_open_02_aug018.jpg","Needle Holder Ryder Straight Carb-bite Serrated Jaws 8in","open","2","18.0"
"D:\augmented_data_random_backgrounds\images\train\Needle_Holder_Ryder_Straight_Carb-bite_Serrated_Jaws_8in_open_03.jpg","Needle Holder Ryder Straight Carb-bite Serrated Jaws 8in","open","3",""
"D:\augmented_data_random_backgrounds\images\train\Needle_Holder_Ryder_Straight_Carb-bite_Serrated_Jaws_8in_open_03_aug000.jpg","Needle Holder Ryder Straight Carb-bite Serrated Jaws 8in","open","3","0.0"
"D:\augmented_data_random_backgrounds\images\train\Needle_Holder_Ryder_Straight_Carb-bite_Serrated_Jaws_8in_open_03_aug001.jpg","Needle Holder Ryder Straight Carb-bite Serrated Jaws 8in","open","3","1.0"
"D:\augmented_data_random_backgrounds\images\train\Needle_Holder_Ryder_Straight_Carb-bite_Serrated_Jaws_8in_open_03_aug002.jpg","Needle Holder Ryder Straight Carb-bite Serrated Jaws 8in","open","3","2.0"
"D:\augmented_data_random_backgrounds\images\train\Needle_Holder_Ryder_Straight_Carb-bite_Serrated_Jaws_8in_open_03_aug003.jpg","Needle Holder Ryder Straight Carb-bite Serrated Jaws 8in","open","3","3.0"
"D:\augmented_data_random_backgrounds\images\train\Needle_Holder_Ryder_Straight_Carb-bite_Serrated_Jaws_8in_open_03_aug004.jpg","Needle Holder Ryder Straight Carb-bite Serrated Jaws 8in","open","3","4.0"
"D:\augmented_data_random_backgrounds\images\train\Needle_Holder_Ryder_Straight_Carb-bite_Serrated_Jaws_8in_open_03_aug005.jpg","Needle Holder Ryder Straight Carb-bite Serrated Jaws 8in","open","3","5.0"
"D:\augmented_data_random_backgrounds\images\train\Needle_Holder_Ryder_Straight_Carb-bite_Serrated_Jaws_8in_open_03_aug006.jpg","Needle Holder Ryder Straight Carb-bite Serrated Jaws 8in","open","3","6.0"
"D:\augmented_data_random_backgrounds\images\train\Needle_Holder_Ryder_Straight_Carb-bite_Serrated_Jaws_8in_open_03_aug007.jpg","Needle Holder Ryder Straight Carb-bite Serrated Jaws 8in","open","3","7.0"
"D:\augmented_data_random_backgrounds\images\train\Needle_Holder_Ryder_Straight_Carb-bite_Serrated_Jaws_8in_open_03_aug010.jpg","Needle Holder Ryder Straight Carb-bite Serrated Jaws 8in","open","3","10.0"
"D:\augmented_data_random_backgrounds\images\train\Needle_Holder_Ryder_Straight_Carb-bite_Serrated_Jaws_8in_open_03_aug011.jpg","Needle Holder Ryder Straight Carb-bite Serrated Jaws 8in","open","3","11.0"
"D:\augmented_data_random_backgrounds\images\train\Needle_Holder_Ryder_Straight_Carb-bite_Serrated_Jaws_8in_open_03_aug012.jpg","Needle Holder Ryder Straight Carb-bite Serrated Jaws 8in","open","3","12.0"
"D:\augmented_data_random_backgrounds\images\train\Needle_Holder_Ryder_Straight_Carb-bite_Serrated_Jaws_8in_open_03_aug014.jpg","Needle Holder Ryder Straight Carb-bite Serrated Jaws 8in","open","3","14.0"
"D:\augmented_data_random_backgrounds\images\train\Needle_Holder_Ryder_Straight_Carb-bite_Serrated_Jaws_8in_open_03_aug015.jpg","Needle Holder Ryder Straight Carb-bite Serrated Jaws 8in","open","3","15.0"
"D:\augmented_data_random_backgrounds\images\train\Needle_Holder_Ryder_Straight_Carb-bite_Serrated_Jaws_8in_open_03_aug016.jpg","Needle Holder Ryder Straight Carb-bite Serrated Jaws 8in","open","3","16.0"
"D:\augmented_data_random_backgrounds\images\train\Needle_Holder_Ryder_Straight_Carb-bite_Serrated_Jaws_8in_open_03_aug017.jpg","Needle Holder Ryder Straight Carb-bite Serrated Jaws 8in","open","3","17.0"
"D:\augmented_data_random_backgrounds\images\train\Needle_Holder_Ryder_Straight_Carb-bite_Serrated_Jaws_8in_open_03_aug018.jpg","Needle Holder Ryder Straight Carb-bite Serrated Jaws 8in","open","3","18.0"
"D:\augmented_data_random_backgrounds\images\train\Needle_Holder_Ryder_Straight_Carb-bite_Serrated_Jaws_8in_open_03_aug019.jpg","Needle Holder Ryder Straight Carb-bite Serrated Jaws 8in","open","3","19.0"
"D:\augmented_data_random_backgrounds\images\train\Needle_Holder_Ryder_Straight_Carb-bite_Serrated_Jaws_8in_open_04_aug000.jpg","Needle Holder Ryder Straight Carb-bite Serrated Jaws 8in","open","4","0.0"
"D:\augmented_data_random_backgrounds\images\train\Needle_Holder_Ryder_Straight_Carb-bite_Serrated_Jaws_8in_open_04_aug001.jpg","Needle Holder Ryder Straight Carb-bite Serrated Jaws 8in","open","4","1.0"
"D:\augmented_data_random_backgrounds\images\train\Needle_Holder_Ryder_Straight_Carb-bite_Serrated_Jaws_8in_open_04_aug002.jpg","Needle Holder Ryder Straight Carb-bite Serrated Jaws 8in","open","4","2.0"
"D:\augmented_data_random_backgrounds\images\train\Needle_Holder_Ryder_Straight_Carb-bite_Serrated_Jaws_8in_open_04_aug003.jpg","Needle Holder Ryder Straight Carb-bite Serrated Jaws 8in","open","4","3.0"
"D:\augmented_data_random_backgrounds\images\train\Needle_Holder_Ryder_Straight_Carb-bite_Serrated_Jaws_8in_open_04_aug004.jpg","Needle Holder Ryder Straight Carb-bite Serrated Jaws 8in","open","4","4.0"
"D:\augmented_data_random_backgrounds\images\train\Needle_Holder_Ryder_Straight_Carb-bite_Serrated_Jaws_8in_open_04_aug005.jpg","Needle Holder Ryder Straight Carb-bite Serrated Jaws 8in","open","4","5.0"
"D:\augmented_data_random_backgrounds\images\train\Needle_Holder_Ryder_Straight_Carb-bite_Serrated_Jaws_8in_open_04_aug007.jpg","Needle Holder Ryder Straight Carb-bite Serrated Jaws 8in","open","4","7.0"
"D:\augmented_data_random_backgrounds\images\train\Needle_Holder_Ryder_Straight_Carb-bite_Serrated_Jaws_8in_open_04_aug008.jpg","Needle Holder Ryder Straight Carb-bite Serrated Jaws 8in","open","4","8.0"
"D:\augmented_data_random_backgrounds\images\train\Needle_Holder_Ryder_Straight_Carb-bite_Serrated_Jaws_8in_open_04_aug009.jpg","Needle Holder Ryder Straight Carb-bite Serrated Jaws 8in","open","4","9.0"
"D:\augmented_data_random_backgrounds\images\train\Needle_Holder_Ryder_Straight_Carb-bite_Serrated_Jaws_8in_open_04_aug010.jpg","Needle Holder Ryder Straight Carb-bite Serrated Jaws 8in","open","4","10.0"
"D:\augmented_data_random_backgrounds\images\train\Needle_Holder_Ryder_Straight_Carb-bite_Serrated_Jaws_8in_open_04_aug012.jpg","Needle Holder Ryder Straight Carb-bite Serrated Jaws 8in","open","4","12.0"
"D:\augmented_data_random_backgrounds\images\train\Needle_Holder_Ryder_Straight_Carb-bite_Serrated_Jaws_8in_open_04_aug014.jpg","Needle Holder Ryder Straight Carb-bite Serrated Jaws 8in","open","4","14.0"
"D:\augmented_data_random_backgrounds\images\train\Needle_Holder_Ryder_Straight_Carb-bite_Serrated_Jaws_8in_open_04_aug015.jpg","Needle Holder Ryder Straight Carb-bite Serrated Jaws 8in","open","4","15.0"
"D:\augmented_data_random_backgrounds\images\train\Needle_Holder_Ryder_Straight_Carb-bite_Serrated_Jaws_8in_open_04_aug016.jpg","Needle Holder Ryder Straight Carb-bite Serrated Jaws 8in","open","4","16.0"
"D:\augmented_data_random_backgrounds\images\train\Needle_Holder_Ryder_Straight_Carb-bite_Serrated_Jaws_8in_open_04_aug017.jpg","Needle Holder Ryder Straight Carb-bite Serrated Jaws 8in","open","4","17.0"
"D:\augmented_data_random_backgrounds\images\train\Needle_Holder_Ryder_Straight_Carb-bite_Serrated_Jaws_8in_open_04_aug018.jpg","Needle Holder Ryder Straight Carb-bite Serrated Jaws 8in","open","4","18.0"
"D:\augmented_data_random_backgrounds\images\train\Needle_Holder_Ryder_Straight_Carb-bite_Serrated_Jaws_8in_open_04_aug019.jpg","Needle Holder Ryder Straight Carb-bite Serrated Jaws 8in","open","4","19.0"
"D:\augmented_data_random_backgrounds\images\train\Needle_Holder_Ryder_Straight_Carb-bite_Serrated_Jaws_8in_open_05.jpg","Needle Holder Ryder Straight Carb-bite Serrated Jaws 8in","open","5",""
"D:\augmented_data_random_backgrounds\images\train\Needle_Holder_Ryder_Straight_Carb-bite_Serrated_Jaws_8in_open_05_aug000.jpg","Needle Holder Ryder Straight Carb-bite Serrated Jaws 8in","open","5","0.0"
"D:\augmented_data_random_backgrounds\images\train\Needle_Holder_Ryder_Straight_Carb-bite_Serrated_Jaws_8in_open_05_aug001.jpg","Needle Holder Ryder Straight Carb-bite Serrated Jaws 8in","open","5","1.0"
"D:\augmented_data_random_backgrounds\images\train\Needle_Holder_Ryder_Straight_Carb-bite_Serrated_Jaws_8in_open_05_aug002.jpg","Needle Holder Ryder Straight Carb-bite Serrated Jaws 8in","open","5","2.0"
"D:\augmented_data_random_backgrounds\images\train\Needle_Holder_Ryder_Straight_Carb-bite_Serrated_Jaws_8in_open_05_aug003.jpg","Needle Holder Ryder Straight Carb-bite Serrated Jaws 8in","open","5","3.0"
"D:\augmented_data_random_backgrounds\images\train\Needle_Holder_Ryder_Straight_Carb-bite_Serrated_Jaws_8in_open_05_aug004.jpg","Needle Holder Ryder Straight Carb-bite Serrated Jaws 8in","open","5","4.0"
"D:\augmented_data_random_backgrounds\images\train\Needle_Holder_Ryder_Straight_Carb-bite_Serrated_Jaws_8in_open_05_aug005.jpg","Needle Holder Ryder Straight Carb-bite Serrated Jaws 8in","open","5","5.0"
"D:\augmented_data_random_backgrounds\images\train\Needle_Holder_Ryder_Straight_Carb-bite_Serrated_Jaws_8in_open_05_aug007.jpg","Needle Holder Ryder Straight Carb-bite Serrated Jaws 8in","open","5","7.0"
"D:\augmented_data_random_backgrounds\images\train\Needle_Holder_Ryder_Straight_Carb-bite_Serrated_Jaws_8in_open_05_aug008.jpg","Needle Holder Ryder Straight Carb-bite Serrated Jaws 8in","open","5","8.0"
"D:\augmented_data_random_backgrounds\images\train\Needle_Holder_Ryder_Straight_Carb-bite_Serrated_Jaws_8in_open_05_aug009.jpg","Needle Holder Ryder Straight Carb-bite Serrated Jaws 8in","open","5","9.0"
"D:\augmented_data_random_backgrounds\images\train\Needle_Holder_Ryder_Straight_Carb-bite_Serrated_Jaws_8in_open_05_aug010.jpg","Needle Holder Ryder Straight Carb-bite Serrated Jaws 8in","open","5","10.0"
"D:\augmented_data_random_backgrounds\images\train\Needle_Holder_Ryder_Straight_Carb-bite_Serrated_Jaws_8in_open_05_aug011.jpg","Needle Holder Ryder Straight Carb-bite Serrated Jaws 8in","open","5","11.0"
"D:\augmented_data_random_backgrounds\images\train\Needle_Holder_Ryder_Straight_Carb-bite_Serrated_Jaws_8in_open_05_aug012.jpg","Needle Holder Ryder Straight Carb-bite Serrated Jaws 8in","open","5","12.0"
"D:\augmented_data_random_backgrounds\images\train\Needle_Holder_Ryder_Straight_Carb-bite_Serrated_Jaws_8in_open_05_aug013.jpg","Needle Holder Ryder Straight Carb-bite Serrated Jaws 8in","open","5","13.0"
"D:\augmented_data_random_backgrounds\images\train\Needle_Holder_Ryder_Straight_Carb-bite_Serrated_Jaws_8in_open_05_aug014.jpg","Needle Holder Ryder Straight Carb-bite Serrated Jaws 8in","open","5","14.0"
"D:\augmented_data_random_backgrounds\images\train\Needle_Holder_Ryder_Straight_Carb-bite_Serrated_Jaws_8in_open_05_aug016.jpg","Needle Holder Ryder Straight Carb-bite Serrated Jaws 8in","open","5","16.0"
"D:\augmented_data_random_backgrounds\images\train\Needle_Holder_Ryder_Straight_Carb-bite_Serrated_Jaws_8in_open_05_aug017.jpg","Needle Holder Ryder Straight Carb-bite Serrated Jaws 8in","open","5","17.0"
"D:\augmented_data_random_backgrounds\images\train\Needle_Holder_Ryder_Straight_Carb-bite_Serrated_Jaws_8in_open_05_aug018.jpg","Needle Holder Ryder Straight Carb-bite Serrated Jaws 8in","open","5","18.0"
"D:\augmented_data_random_backgrounds\images\train\Needle_Holder_Ryder_Straight_Carb-bite_Serrated_Jaws_8in_open_05_aug019.jpg","Needle Holder Ryder Straight Carb-bite Serrated Jaws 8in","open","5","19.0"
"D:\augmented_data_random_backgrounds\images\train\Needle_Holder_Ryder_Straight_Carb-bite_Serrated_Jaws_8in_open_06.jpg","Needle Holder Ryder Straight Carb-bite Serrated Jaws 8in","open","6",""
"D:\augmented_data_random_backgrounds\images\train\Needle_Holder_Ryder_Straight_Carb-bite_Serrated_Jaws_8in_open_06_aug001.jpg","Needle Holder Ryder Straight Carb-bite Serrated Jaws 8in","open","6","1.0"
"D:\augmented_data_random_backgrounds\images\train\Needle_Holder_Ryder_Straight_Carb-bite_Serrated_Jaws_8in_open_06_aug002.jpg","Needle Holder Ryder Straight Carb-bite Serrated Jaws 8in","open","6","2.0"
"D:\augmented_data_random_backgrounds\images\train\Needle_Holder_Ryder_Straight_Carb-bite_Serrated_Jaws_8in_open_06_aug003.jpg","Needle Holder Ryder Straight Carb-bite Serrated Jaws 8in","open","6","3.0"
"D:\augmented_data_random_backgrounds\images\train\Needle_Holder_Ryder_Straight_Carb-bite_Serrated_Jaws_8in_open_06_aug004.jpg","Needle Holder Ryder Straight Carb-bite Serrated Jaws 8in","open","6","4.0"
"D:\augmented_data_random_backgrounds\images\train\Needle_Holder_Ryder_Straight_Carb-bite_Serrated_Jaws_8in_open_06_aug005.jpg","Needle Holder Ryder Straight Carb-bite Serrated Jaws 8in","open","6","5.0"
"D:\augmented_data_random_backgrounds\images\train\Needle_Holder_Ryder_Straight_Carb-bite_Serrated_Jaws_8in_open_06_aug006.jpg","Needle Holder Ryder Straight Carb-bite Serrated Jaws 8in","open","6","6.0"
"D:\augmented_data_random_backgrounds\images\train\Needle_Holder_Ryder_Straight_Carb-bite_Serrated_Jaws_8in_open_06_aug007.jpg","Needle Holder Ryder Straight Carb-bite Serrated Jaws 8in","open","6","7.0"
"D:\augmented_data_random_backgrounds\images\train\Needle_Holder_Ryder_Straight_Carb-bite_Serrated_Jaws_8in_open_06_aug008.jpg","Needle Holder Ryder Straight Carb-bite Serrated Jaws 8in","open","6","8.0"
"D:\augmented_data_random_backgrounds\images\train\Needle_Holder_Ryder_Straight_Carb-bite_Serrated_Jaws_8in_open_06_aug009.jpg","Needle Holder Ryder Straight Carb-bite Serrated Jaws 8in","open","6","9.0"
"D:\augmented_data_random_backgrounds\images\train\Needle_Holder_Ryder_Straight_Carb-bite_Serrated_Jaws_8in_open_06_aug010.jpg","Needle Holder Ryder Straight Carb-bite Serrated Jaws 8in","open","6","10.0"
"D:\augmented_data_random_backgrounds\images\train\Needle_Holder_Ryder_Straight_Carb-bite_Serrated_Jaws_8in_open_06_aug011.jpg","Needle Holder Ryder Straight Carb-bite Serrated Jaws 8in","open","6","11.0"
"D:\augmented_data_random_backgrounds\images\train\Needle_Holder_Ryder_Straight_Carb-bite_Serrated_Jaws_8in_open_06_aug012.jpg","Needle Holder Ryder Straight Carb-bite Serrated Jaws 8in","open","6","12.0"
"D:\augmented_data_random_backgrounds\images\train\Needle_Holder_Ryder_Straight_Carb-bite_Serrated_Jaws_8in_open_06_aug014.jpg","Needle Holder Ryder Straight Carb-bite Serrated Jaws 8in","open","6","14.0"
"D:\augmented_data_random_backgrounds\images\train\Needle_Holder_Ryder_Straight_Carb-bite_Serrated_Jaws_8in_open_06_aug015.jpg","Needle Holder Ryder Straight Carb-bite Serrated Jaws 8in","open","6","15.0"
"D:\augmented_data_random_backgrounds\images\train\Needle_Holder_Ryder_Straight_Carb-bite_Serrated_Jaws_8in_open_06_aug016.jpg","Needle Holder Ryder Straight Carb-bite Serrated Jaws 8in","open","6","16.0"
"D:\augmented_data_random_backgrounds\images\train\Needle_Holder_Ryder_Straight_Carb-bite_Serrated_Jaws_8in_open_06_aug017.jpg","Needle Holder Ryder Straight Carb-bite Serrated Jaws 8in","open","6","17.0"
"D:\augmented_data_random_backgrounds\images\train\Needle_Holder_Ryder_Straight_Carb-bite_Serrated_Jaws_8in_open_06_aug018.jpg","Needle Holder Ryder Straight Carb-bite Serrated Jaws 8in","open","6","18.0"
"D:\augmented_data_random_backgrounds\images\train\Needle_Holder_Ryder_Straight_Carb-bite_Serrated_Jaws_8in_open_06_aug019.jpg","Needle Holder Ryder Straight Carb-bite Serrated Jaws 8in","open","6","19.0"
"D:\augmented_data_random_backgrounds\images\train\Needle_Holder_Ryder_Straight_Carb-bite_Serrated_Jaws_8in_open_07.jpg","Needle Holder Ryder Straight Carb-bite Serrated Jaws 8in","open","7",""
"D:\augmented_data_random_backgrounds\images\train\Needle_Holder_Ryder_Straight_Carb-bite_Serrated_Jaws_8in_open_07_aug001.jpg","Needle Holder Ryder Straight Carb-bite Serrated Jaws 8in","open","7","1.0"
"D:\augmented_data_random_backgrounds\images\train\Needle_Holder_Ryder_Straight_Carb-bite_Serrated_Jaws_8in_open_07_aug002.jpg","Needle Holder Ryder Straight Carb-bite Serrated Jaws 8in","open","7","2.0"
"D:\augmented_data_random_backgrounds\images\train\Needle_Holder_Ryder_Straight_Carb-bite_Serrated_Jaws_8in_open_07_aug003.jpg","Needle Holder Ryder Straight Carb-bite Serrated Jaws 8in","open","7","3.0"
"D:\augmented_data_random_backgrounds\images\train\Needle_Holder_Ryder_Straight_Carb-bite_Serrated_Jaws_8in_open_07_aug004.jpg","Needle Holder Ryder Straight Carb-bite Serrated Jaws 8in","open","7","4.0"
"D:\augmented_data_random_backgrounds\images\train\Needle_Holder_Ryder_Straight_Carb-bite_Serrated_Jaws_8in_open_07_aug005.jpg","Needle Holder Ryder Straight Carb-bite Serrated Jaws 8in","open","7","5.0"
"D:\augmented_data_random_backgrounds\images\train\Needle_Holder_Ryder_Straight_Carb-bite_Serrated_Jaws_8in_open_07_aug006.jpg","Needle Holder Ryder Straight Carb-bite Serrated Jaws 8in","open","7","6.0"
"D:\augmented_data_random_backgrounds\images\train\Needle_Holder_Ryder_Straight_Carb-bite_Serrated_Jaws_8in_open_07_aug007.jpg","Needle Holder Ryder Straight Carb-bite Serrated Jaws 8in","open","7","7.0"
"D:\augmented_data_random_backgrounds\images\train\Needle_Holder_Ryder_Straight_Carb-bite_Serrated_Jaws_8in_open_07_aug009.jpg","Needle Holder Ryder Straight Carb-bite Serrated Jaws 8in","open","7","9.0"
"D:\augmented_data_random_backgrounds\images\train\Needle_Holder_Ryder_Straight_Carb-bite_Serrated_Jaws_8in_open_07_aug010.jpg","Needle Holder Ryder Straight Carb-bite Serrated Jaws 8in","open","7","10.0"
"D:\augmented_data_random_backgrounds\images\train\Needle_Holder_Ryder_Straight_Carb-bite_Serrated_Jaws_8in_open_07_aug012.jpg","Needle Holder Ryder Straight Carb-bite Serrated Jaws 8in","open","7","12.0"
"D:\augmented_data_random_backgrounds\images\train\Needle_Holder_Ryder_Straight_Carb-bite_Serrated_Jaws_8in_open_07_aug013.jpg","Needle Holder Ryder Straight Carb-bite Serrated Jaws 8in","open","7","13.0"
"D:\augmented_data_random_backgrounds\images\train\Needle_Holder_Ryder_Straight_Carb-bite_Serrated_Jaws_8in_open_07_aug014.jpg","Needle Holder Ryder Straight Carb-bite Serrated Jaws 8in","open","7","14.0"
"D:\augmented_data_random_backgrounds\images\train\Needle_Holder_Ryder_Straight_Carb-bite_Serrated_Jaws_8in_open_07_aug015.jpg","Needle Holder Ryder Straight Carb-bite Serrated Jaws 8in","open","7","15.0"
"D:\augmented_data_random_backgrounds\images\train\Needle_Holder_Ryder_Straight_Carb-bite_Serrated_Jaws_8in_open_07_aug016.jpg","Needle Holder Ryder Straight Carb-bite Serrated Jaws 8in","open","7","16.0"
"D:\augmented_data_random_backgrounds\images\train\Needle_Holder_Ryder_Straight_Carb-bite_Serrated_Jaws_8in_open_07_aug017.jpg","Needle Holder Ryder Straight Carb-bite Serrated Jaws 8in","open","7","17.0"
"D:\augmented_data_random_backgrounds\images\train\Needle_Holder_Ryder_Straight_Carb-bite_Serrated_Jaws_8in_open_07_aug018.jpg","Needle Holder Ryder Straight Carb-bite Serrated Jaws 8in","open","7","18.0"
"D:\augmented_data_random_backgrounds\images\train\Needle_Holder_Ryder_Straight_Carb-bite_Serrated_Jaws_8in_open_07_aug019.jpg","Needle Holder Ryder Straight Carb-bite Serrated Jaws 8in","open","7","19.0"
"D:\augmented_data_random_backgrounds\images\train\Needle_Holder_Ryder_Straight_Carb-bite_Serrated_Jaws_8in_open_08.jpg","Needle Holder Ryder Straight Carb-bite Serrated Jaws 8in","open","8",""
"D:\augmented_data_random_backgrounds\images\train\Needle_Holder_Ryder_Straight_Carb-bite_Serrated_Jaws_8in_open_08_aug001.jpg","Needle Holder Ryder Straight Carb-bite Serrated Jaws 8in","open","8","1.0"
"D:\augmented_data_random_backgrounds\images\train\Needle_Holder_Ryder_Straight_Carb-bite_Serrated_Jaws_8in_open_08_aug003.jpg","Needle Holder Ryder Straight Carb-bite Serrated Jaws 8in","open","8","3.0"
"D:\augmented_data_random_backgrounds\images\train\Needle_Holder_Ryder_Straight_Carb-bite_Serrated_Jaws_8in_open_08_aug005.jpg","Needle Holder Ryder Straight Carb-bite Serrated Jaws 8in","open","8","5.0"
"D:\augmented_data_random_backgrounds\images\train\Needle_Holder_Ryder_Straight_Carb-bite_Serrated_Jaws_8in_open_08_aug006.jpg","Needle Holder Ryder Straight Carb-bite Serrated Jaws 8in","open","8","6.0"
"D:\augmented_data_random_backgrounds\images\train\Needle_Holder_Ryder_Straight_Carb-bite_Serrated_Jaws_8in_open_08_aug008.jpg","Needle Holder Ryder Straight Carb-bite Serrated Jaws 8in","open","8","8.0"
"D:\augmented_data_random_backgrounds\images\train\Needle_Holder_Ryder_Straight_Carb-bite_Serrated_Jaws_8in_open_08_aug009.jpg","Needle Holder Ryder Straight Carb-bite Serrated Jaws 8in","open","8","9.0"
"D:\augmented_data_random_backgrounds\images\train\Needle_Holder_Ryder_Straight_Carb-bite_Serrated_Jaws_8in_open_08_aug010.jpg","Needle Holder Ryder Straight Carb-bite Serrated Jaws 8in","open","8","10.0"
"D:\augmented_data_random_backgrounds\images\train\Needle_Holder_Ryder_Straight_Carb-bite_Serrated_Jaws_8in_open_08_aug011.jpg","Needle Holder Ryder Straight Carb-bite Serrated Jaws 8in","open","8","11.0"
"D:\augmented_data_random_backgrounds\images\train\Needle_Holder_Ryder_Straight_Carb-bite_Serrated_Jaws_8in_open_08_aug012.jpg","Needle Holder Ryder Straight Carb-bite Serrated Jaws 8in","open","8","12.0"
"D:\augmented_data_random_backgrounds\images\train\Needle_Holder_Ryder_Straight_Carb-bite_Serrated_Jaws_8in_open_08_aug013.jpg","Needle Holder Ryder Straight Carb-bite Serrated Jaws 8in","open","8","13.0"
"D:\augmented_data_random_backgrounds\images\train\Needle_Holder_Ryder_Straight_Carb-bite_Serrated_Jaws_8in_open_08_aug014.jpg","Needle Holder Ryder Straight Carb-bite Serrated Jaws 8in","open","8","14.0"
"D:\augmented_data_random_backgrounds\images\train\Needle_Holder_Ryder_Straight_Carb-bite_Serrated_Jaws_8in_open_08_aug015.jpg","Needle Holder Ryder Straight Carb-bite Serrated Jaws 8in","open","8","15.0"
"D:\augmented_data_random_backgrounds\images\train\Needle_Holder_Ryder_Straight_Carb-bite_Serrated_Jaws_8in_open_08_aug016.jpg","Needle Holder Ryder Straight Carb-bite Serrated Jaws 8in","open","8","16.0"
"D:\augmented_data_random_backgrounds\images\train\Needle_Holder_Ryder_Straight_Carb-bite_Serrated_Jaws_8in_open_08_aug017.jpg","Needle Holder Ryder Straight Carb-bite Serrated Jaws 8in","open","8","17.0"
"D:\augmented_data_random_backgrounds\images\train\Needle_Holder_Ryder_Straight_Carb-bite_Serrated_Jaws_8in_open_08_aug018.jpg","Needle Holder Ryder Straight Carb-bite Serrated Jaws 8in","open","8","18.0"
"D:\augmented_data_random_backgrounds\images\train\Needle_Holder_Ryder_Straight_Carb-bite_Serrated_Jaws_8in_open_08_aug019.jpg","Needle Holder Ryder Straight Carb-bite Serrated Jaws 8in","open","8","19.0"
"D:\augmented_data_random_backgrounds\images\train\Needle_Holder_Ryder_Straight_Carb-bite_Serrated_Jaws_8in_open_09_aug000.jpg","Needle Holder Ryder Straight Carb-bite Serrated Jaws 8in","open","9","0.0"
"D:\augmented_data_random_backgrounds\images\train\Needle_Holder_Ryder_Straight_Carb-bite_Serrated_Jaws_8in_open_09_aug003.jpg","Needle Holder Ryder Straight Carb-bite Serrated Jaws 8in","open","9","3.0"
"D:\augmented_data_random_backgrounds\images\train\Needle_Holder_Ryder_Straight_Carb-bite_Serrated_Jaws_8in_open_09_aug004.jpg","Needle Holder Ryder Straight Carb-bite Serrated Jaws 8in","open","9","4.0"
"D:\augmented_data_random_backgrounds\images\train\Needle_Holder_Ryder_Straight_Carb-bite_Serrated_Jaws_8in_open_09_aug005.jpg","Needle Holder Ryder Straight Carb-bite Serrated Jaws 8in","open","9","5.0"
"D:\augmented_data_random_backgrounds\images\train\Needle_Holder_Ryder_Straight_Carb-bite_Serrated_Jaws_8in_open_09_aug006.jpg","Needle Holder Ryder Straight Carb-bite Serrated Jaws 8in","open","9","6.0"
"D:\augmented_data_random_backgrounds\images\train\Needle_Holder_Ryder_Straight_Carb-bite_Serrated_Jaws_8in_open_09_aug007.jpg","Needle Holder Ryder Straight Carb-bite Serrated Jaws 8in","open","9","7.0"
"D:\augmented_data_random_backgrounds\images\train\Needle_Holder_Ryder_Straight_Carb-bite_Serrated_Jaws_8in_open_09_aug009.jpg","Needle Holder Ryder Straight Carb-bite Serrated Jaws 8in","open","9","9.0"
"D:\augmented_data_random_backgrounds\images\train\Needle_Holder_Ryder_Straight_Carb-bite_Serrated_Jaws_8in_open_09_aug010.jpg","Needle Holder Ryder Straight Carb-bite Serrated Jaws 8in","open","9","10.0"
"D:\augmented_data_random_backgrounds\images\train\Needle_Holder_Ryder_Straight_Carb-bite_Serrated_Jaws_8in_open_09_aug011.jpg","Needle Holder Ryder Straight Carb-bite Serrated Jaws 8in","open","9","11.0"
"D:\augmented_data_random_backgrounds\images\train\Needle_Holder_Ryder_Straight_Carb-bite_Serrated_Jaws_8in_open_09_aug012.jpg","Needle Holder Ryder Straight Carb-bite Serrated Jaws 8in","open","9","12.0"
"D:\augmented_data_random_backgrounds\images\train\Needle_Holder_Ryder_Straight_Carb-bite_Serrated_Jaws_8in_open_09_aug013.jpg","Needle Holder Ryder Straight Carb-bite Serrated Jaws 8in","open","9","13.0"
"D:\augmented_data_random_backgrounds\images\train\Needle_Holder_Ryder_Straight_Carb-bite_Serrated_Jaws_8in_open_09_aug014.jpg","Needle Holder Ryder Straight Carb-bite Serrated Jaws 8in","open","9","14.0"
"D:\augmented_data_random_backgrounds\images\train\Needle_Holder_Ryder_Straight_Carb-bite_Serrated_Jaws_8in_open_09_aug015.jpg","Needle Holder Ryder Straight Carb-bite Serrated Jaws 8in","open","9","15.0"
"D:\augmented_data_random_backgrounds\images\train\Needle_Holder_Ryder_Straight_Carb-bite_Serrated_Jaws_8in_open_09_aug016.jpg","Needle Holder Ryder Straight Carb-bite Serrated Jaws 8in","open","9","16.0"
"D:\augmented_data_random_backgrounds\images\train\Needle_Holder_Ryder_Straight_Carb-bite_Serrated_Jaws_8in_open_09_aug017.jpg","Needle Holder Ryder Straight Carb-bite Serrated Jaws 8in","open","9","17.0"
"D:\augmented_data_random_backgrounds\images\train\Needle_Holder_Ryder_Straight_Carb-bite_Serrated_Jaws_8in_open_09_aug018.jpg","Needle Holder Ryder Straight Carb-bite Serrated Jaws 8in","open","9","18.0"
"D:\augmented_data_random_backgrounds\images\train\Needle_Holder_Ryder_Straight_Carb-bite_Serrated_Jaws_8in_open_09_aug019.jpg","Needle Holder Ryder Straight Carb-bite Serrated Jaws 8in","open","9","19.0"
"D:\augmented_data_random_backgrounds\images\train\Needle_Holder_Ryder_Straight_Carb-bite_Serrated_Jaws_8in_open_10.jpg","Needle Holder Ryder Straight Carb-bite Serrated Jaws 8in","open","10",""
"D:\augmented_data_random_backgrounds\images\train\Needle_Holder_Ryder_Straight_Carb-bite_Serrated_Jaws_8in_open_10_aug000.jpg","Needle Holder Ryder Straight Carb-bite Serrated Jaws 8in","open","10","0.0"
"D:\augmented_data_random_backgrounds\images\train\Needle_Holder_Ryder_Straight_Carb-bite_Serrated_Jaws_8in_open_10_aug001.jpg","Needle Holder Ryder Straight Carb-bite Serrated Jaws 8in","open","10","1.0"
"D:\augmented_data_random_backgrounds\images\train\Needle_Holder_Ryder_Straight_Carb-bite_Serrated_Jaws_8in_open_10_aug002.jpg","Needle Holder Ryder Straight Carb-bite Serrated Jaws 8in","open","10","2.0"
"D:\augmented_data_random_backgrounds\images\train\Needle_Holder_Ryder_Straight_Carb-bite_Serrated_Jaws_8in_open_10_aug003.jpg","Needle Holder Ryder Straight Carb-bite Serrated Jaws 8in","open","10","3.0"
"D:\augmented_data_random_backgrounds\images\train\Needle_Holder_Ryder_Straight_Carb-bite_Serrated_Jaws_8in_open_10_aug004.jpg","Needle Holder Ryder Straight Carb-bite Serrated Jaws 8in","open","10","4.0"
"D:\augmented_data_random_backgrounds\images\train\Needle_Holder_Ryder_Straight_Carb-bite_Serrated_Jaws_8in_open_10_aug005.jpg","Needle Holder Ryder Straight Carb-bite Serrated Jaws 8in","open","10","5.0"
"D:\augmented_data_random_backgrounds\images\train\Needle_Holder_Ryder_Straight_Carb-bite_Serrated_Jaws_8in_open_10_aug006.jpg","Needle Holder Ryder Straight Carb-bite Serrated Jaws 8in","open","10","6.0"
"D:\augmented_data_random_backgrounds\images\train\Needle_Holder_Ryder_Straight_Carb-bite_Serrated_Jaws_8in_open_10_aug007.jpg","Needle Holder Ryder Straight Carb-bite Serrated Jaws 8in","open","10","7.0"
"D:\augmented_data_random_backgrounds\images\train\Needle_Holder_Ryder_Straight_Carb-bite_Serrated_Jaws_8in_open_10_aug008.jpg","Needle Holder Ryder Straight Carb-bite Serrated Jaws 8in","open","10","8.0"
"D:\augmented_data_random_backgrounds\images\train\Needle_Holder_Ryder_Straight_Carb-bite_Serrated_Jaws_8in_open_10_aug009.jpg","Needle Holder Ryder Straight Carb-bite Serrated Jaws 8in","open","10","9.0"
"D:\augmented_data_random_backgrounds\images\train\Needle_Holder_Ryder_Straight_Carb-bite_Serrated_Jaws_8in_open_10_aug010.jpg","Needle Holder Ryder Straight Carb-bite Serrated Jaws 8in","open","10","10.0"
"D:\augmented_data_random_backgrounds\images\train\Needle_Holder_Ryder_Straight_Carb-bite_Serrated_Jaws_8in_open_10_aug012.jpg","Needle Holder Ryder Straight Carb-bite Serrated Jaws 8in","open","10","12.0"
"D:\augmented_data_random_backgrounds\images\train\Needle_Holder_Ryder_Straight_Carb-bite_Serrated_Jaws_8in_open_10_aug014.jpg","Needle Holder Ryder Straight Carb-bite Serrated Jaws 8in","open","10","14.0"
"D:\augmented_data_random_backgrounds\images\train\Needle_Holder_Ryder_Straight_Carb-bite_Serrated_Jaws_8in_open_10_aug015.jpg","Needle Holder Ryder Straight Carb-bite Serrated Jaws 8in","open","10","15.0"
"D:\augmented_data_random_backgrounds\images\train\Needle_Holder_Ryder_Straight_Carb-bite_Serrated_Jaws_8in_open_10_aug016.jpg","Needle Holder Ryder Straight Carb-bite Serrated Jaws 8in","open","10","16.0"
"D:\augmented_data_random_backgrounds\images\train\Needle_Holder_Ryder_Straight_Carb-bite_Serrated_Jaws_8in_open_10_aug017.jpg","Needle Holder Ryder Straight Carb-bite Serrated Jaws 8in","open","10","17.0"
"D:\augmented_data_random_backgrounds\images\train\Needle_Holder_Ryder_Straight_Carb-bite_Serrated_Jaws_8in_open_10_aug018.jpg","Needle Holder Ryder Straight Carb-bite Serrated Jaws 8in","open","10","18.0"
"D:\augmented_data_random_backgrounds\images\train\Needle_Holder_Ryder_Straight_Carb-bite_Serrated_Jaws_8in_open_10_aug019.jpg","Needle Holder Ryder Straight Carb-bite Serrated Jaws 8in","open","10","19.0"
"D:\augmented_data_random_backgrounds\images\train\Needle_Holder_Ryder_Straight_Carb-bite_Serrated_Jaws_8in_open_11.jpg","Needle Holder Ryder Straight Carb-bite Serrated Jaws 8in","open","11",""
"D:\augmented_data_random_backgrounds\images\train\Needle_Holder_Ryder_Straight_Carb-bite_Serrated_Jaws_8in_open_11_aug000.jpg","Needle Holder Ryder Straight Carb-bite Serrated Jaws 8in","open","11","0.0"
"D:\augmented_data_random_backgrounds\images\train\Needle_Holder_Ryder_Straight_Carb-bite_Serrated_Jaws_8in_open_11_aug001.jpg","Needle Holder Ryder Straight Carb-bite Serrated Jaws 8in","open","11","1.0"
"D:\augmented_data_random_backgrounds\images\train\Needle_Holder_Ryder_Straight_Carb-bite_Serrated_Jaws_8in_open_11_aug003.jpg","Needle Holder Ryder Straight Carb-bite Serrated Jaws 8in","open","11","3.0"
"D:\augmented_data_random_backgrounds\images\train\Needle_Holder_Ryder_Straight_Carb-bite_Serrated_Jaws_8in_open_11_aug004.jpg","Needle Holder Ryder Straight Carb-bite Serrated Jaws 8in","open","11","4.0"
"D:\augmented_data_random_backgrounds\images\train\Needle_Holder_Ryder_Straight_Carb-bite_Serrated_Jaws_8in_open_11_aug005.jpg","Needle Holder Ryder Straight Carb-bite Serrated Jaws 8in","open","11","5.0"
"D:\augmented_data_random_backgrounds\images\train\Needle_Holder_Ryder_Straight_Carb-bite_Serrated_Jaws_8in_open_11_aug006.jpg","Needle Holder Ryder Straight Carb-bite Serrated Jaws 8in","open","11","6.0"
"D:\augmented_data_random_backgrounds\images\train\Needle_Holder_Ryder_Straight_Carb-bite_Serrated_Jaws_8in_open_11_aug007.jpg","Needle Holder Ryder Straight Carb-bite Serrated Jaws 8in","open","11","7.0"
"D:\augmented_data_random_backgrounds\images\train\Needle_Holder_Ryder_Straight_Carb-bite_Serrated_Jaws_8in_open_11_aug008.jpg","Needle Holder Ryder Straight Carb-bite Serrated Jaws 8in","open","11","8.0"
"D:\augmented_data_random_backgrounds\images\train\Needle_Holder_Ryder_Straight_Carb-bite_Serrated_Jaws_8in_open_11_aug009.jpg","Needle Holder Ryder Straight Carb-bite Serrated Jaws 8in","open","11","9.0"
"D:\augmented_data_random_backgrounds\images\train\Needle_Holder_Ryder_Straight_Carb-bite_Serrated_Jaws_8in_open_11_aug010.jpg","Needle Holder Ryder Straight Carb-bite Serrated Jaws 8in","open","11","10.0"
"D:\augmented_data_random_backgrounds\images\train\Needle_Holder_Ryder_Straight_Carb-bite_Serrated_Jaws_8in_open_11_aug011.jpg","Needle Holder Ryder Straight Carb-bite Serrated Jaws 8in","open","11","11.0"
"D:\augmented_data_random_backgrounds\images\train\Needle_Holder_Ryder_Straight_Carb-bite_Serrated_Jaws_8in_open_11_aug012.jpg","Needle Holder Ryder Straight Carb-bite Serrated Jaws 8in","open","11","12.0"
"D:\augmented_data_random_backgrounds\images\train\Needle_Holder_Ryder_Straight_Carb-bite_Serrated_Jaws_8in_open_11_aug015.jpg","Needle Holder Ryder Straight Carb-bite Serrated Jaws 8in","open","11","15.0"
"D:\augmented_data_random_backgrounds\images\train\Needle_Holder_Ryder_Straight_Carb-bite_Serrated_Jaws_8in_open_11_aug016.jpg","Needle Holder Ryder Straight Carb-bite Serrated Jaws 8in","open","11","16.0"
"D:\augmented_data_random_backgrounds\images\train\Needle_Holder_Ryder_Straight_Carb-bite_Serrated_Jaws_8in_open_11_aug017.jpg","Needle Holder Ryder Straight Carb-bite Serrated Jaws 8in","open","11","17.0"
"D:\augmented_data_random_backgrounds\images\train\Needle_Holder_Ryder_Straight_Carb-bite_Serrated_Jaws_8in_open_11_aug018.jpg","Needle Holder Ryder Straight Carb-bite Serrated Jaws 8in","open","11","18.0"
"D:\augmented_data_random_backgrounds\images\train\Needle_Holder_Ryder_Straight_Carb-bite_Serrated_Jaws_8in_open_11_aug019.jpg","Needle Holder Ryder Straight Carb-bite Serrated Jaws 8in","open","11","19.0"
"D:\augmented_data_random_backgrounds\images\train\Needle_Holder_Ryder_Straight_Carb-bite_Serrated_Jaws_8in_open_12.jpg","Needle Holder Ryder Straight Carb-bite Serrated Jaws 8in","open","12",""
"D:\augmented_data_random_backgrounds\images\train\Needle_Holder_Ryder_Straight_Carb-bite_Serrated_Jaws_8in_open_12_aug000.jpg","Needle Holder Ryder Straight Carb-bite Serrated Jaws 8in","open","12","0.0"
"D:\augmented_data_random_backgrounds\images\train\Needle_Holder_Ryder_Straight_Carb-bite_Serrated_Jaws_8in_open_12_aug002.jpg","Needle Holder Ryder Straight Carb-bite Serrated Jaws 8in","open","12","2.0"
"D:\augmented_data_random_backgrounds\images\train\Needle_Holder_Ryder_Straight_Carb-bite_Serrated_Jaws_8in_open_12_aug003.jpg","Needle Holder Ryder Straight Carb-bite Serrated Jaws 8in","open","12","3.0"
"D:\augmented_data_random_backgrounds\images\train\Needle_Holder_Ryder_Straight_Carb-bite_Serrated_Jaws_8in_open_12_aug004.jpg","Needle Holder Ryder Straight Carb-bite Serrated Jaws 8in","open","12","4.0"
"D:\augmented_data_random_backgrounds\images\train\Needle_Holder_Ryder_Straight_Carb-bite_Serrated_Jaws_8in_open_12_aug005.jpg","Needle Holder Ryder Straight Carb-bite Serrated Jaws 8in","open","12","5.0"
"D:\augmented_data_random_backgrounds\images\train\Needle_Holder_Ryder_Straight_Carb-bite_Serrated_Jaws_8in_open_12_aug006.jpg","Needle Holder Ryder Straight Carb-bite Serrated Jaws 8in","open","12","6.0"
"D:\augmented_data_random_backgrounds\images\train\Needle_Holder_Ryder_Straight_Carb-bite_Serrated_Jaws_8in_open_12_aug007.jpg","Needle Holder Ryder Straight Carb-bite Serrated Jaws 8in","open","12","7.0"
"D:\augmented_data_random_backgrounds\images\train\Needle_Holder_Ryder_Straight_Carb-bite_Serrated_Jaws_8in_open_12_aug008.jpg","Needle Holder Ryder Straight Carb-bite Serrated Jaws 8in","open","12","8.0"
"D:\augmented_data_random_backgrounds\images\train\Needle_Holder_Ryder_Straight_Carb-bite_Serrated_Jaws_8in_open_12_aug009.jpg","Needle Holder Ryder Straight Carb-bite Serrated Jaws 8in","open","12","9.0"
"D:\augmented_data_random_backgrounds\images\train\Needle_Holder_Ryder_Straight_Carb-bite_Serrated_Jaws_8in_open_12_aug010.jpg","Needle Holder Ryder Straight Carb-bite Serrated Jaws 8in","open","12","10.0"
"D:\augmented_data_random_backgrounds\images\train\Needle_Holder_Ryder_Straight_Carb-bite_Serrated_Jaws_8in_open_12_aug011.jpg","Needle Holder Ryder Straight Carb-bite Serrated Jaws 8in","open","12","11.0"
"D:\augmented_data_random_backgrounds\images\train\Needle_Holder_Ryder_Straight_Carb-bite_Serrated_Jaws_8in_open_12_aug012.jpg","Needle Holder Ryder Straight Carb-bite Serrated Jaws 8in","open","12","12.0"
"D:\augmented_data_random_backgrounds\images\train\Needle_Holder_Ryder_Straight_Carb-bite_Serrated_Jaws_8in_open_12_aug013.jpg","Needle Holder Ryder Straight Carb-bite Serrated Jaws 8in","open","12","13.0"
"D:\augmented_data_random_backgrounds\images\train\Needle_Holder_Ryder_Straight_Carb-bite_Serrated_Jaws_8in_open_12_aug014.jpg","Needle Holder Ryder Straight Carb-bite Serrated Jaws 8in","open","12","14.0"
"D:\augmented_data_random_backgrounds\images\train\Needle_Holder_Ryder_Straight_Carb-bite_Serrated_Jaws_8in_open_12_aug015.jpg","Needle Holder Ryder Straight Carb-bite Serrated Jaws 8in","open","12","15.0"
"D:\augmented_data_random_backgrounds\images\train\Needle_Holder_Ryder_Straight_Carb-bite_Serrated_Jaws_8in_open_12_aug016.jpg","Needle Holder Ryder Straight Carb-bite Serrated Jaws 8in","open","12","16.0"
"D:\augmented_data_random_backgrounds\images\train\Needle_Holder_Ryder_Straight_Carb-bite_Serrated_Jaws_8in_open_12_aug017.jpg","Needle Holder Ryder Straight Carb-bite Serrated Jaws 8in","open","12","17.0"
"D:\augmented_data_random_backgrounds\images\train\Needle_Holder_Ryder_Straight_Carb-bite_Serrated_Jaws_8in_open_12_aug019.jpg","Needle Holder Ryder Straight Carb-bite Serrated Jaws 8in","open","12","19.0"
"D:\augmented_data_random_backgrounds\images\train\Needle_Holder_Ryder_Straight_Carb-bite_Serrated_Jaws_8in_open_13.jpg","Needle Holder Ryder Straight Carb-bite Serrated Jaws 8in","open","13",""
"D:\augmented_data_random_backgrounds\images\train\Needle_Holder_Ryder_Straight_Carb-bite_Serrated_Jaws_8in_open_13_aug001.jpg","Needle Holder Ryder Straight Carb-bite Serrated Jaws 8in","open","13","1.0"
"D:\augmented_data_random_backgrounds\images\train\Needle_Holder_Ryder_Straight_Carb-bite_Serrated_Jaws_8in_open_13_aug003.jpg","Needle Holder Ryder Straight Carb-bite Serrated Jaws 8in","open","13","3.0"
"D:\augmented_data_random_backgrounds\images\train\Needle_Holder_Ryder_Straight_Carb-bite_Serrated_Jaws_8in_open_13_aug005.jpg","Needle Holder Ryder Straight Carb-bite Serrated Jaws 8in","open","13","5.0"
"D:\augmented_data_random_backgrounds\images\train\Needle_Holder_Ryder_Straight_Carb-bite_Serrated_Jaws_8in_open_13_aug006.jpg","Needle Holder Ryder Straight Carb-bite Serrated Jaws 8in","open","13","6.0"
"D:\augmented_data_random_backgrounds\images\train\Needle_Holder_Ryder_Straight_Carb-bite_Serrated_Jaws_8in_open_13_aug007.jpg","Needle Holder Ryder Straight Carb-bite Serrated Jaws 8in","open","13","7.0"
"D:\augmented_data_random_backgrounds\images\train\Needle_Holder_Ryder_Straight_Carb-bite_Serrated_Jaws_8in_open_13_aug008.jpg","Needle Holder Ryder Straight Carb-bite Serrated Jaws 8in","open","13","8.0"
"D:\augmented_data_random_backgrounds\images\train\Needle_Holder_Ryder_Straight_Carb-bite_Serrated_Jaws_8in_open_13_aug009.jpg","Needle Holder Ryder Straight Carb-bite Serrated Jaws 8in","open","13","9.0"
"D:\augmented_data_random_backgrounds\images\train\Needle_Holder_Ryder_Straight_Carb-bite_Serrated_Jaws_8in_open_13_aug010.jpg","Needle Holder Ryder Straight Carb-bite Serrated Jaws 8in","open","13","10.0"
"D:\augmented_data_random_backgrounds\images\train\Needle_Holder_Ryder_Straight_Carb-bite_Serrated_Jaws_8in_open_13_aug011.jpg","Needle Holder Ryder Straight Carb-bite Serrated Jaws 8in","open","13","11.0"
"D:\augmented_data_random_backgrounds\images\train\Needle_Holder_Ryder_Straight_Carb-bite_Serrated_Jaws_8in_open_13_aug013.jpg","Needle Holder Ryder Straight Carb-bite Serrated Jaws 8in","open","13","13.0"
"D:\augmented_data_random_backgrounds\images\train\Needle_Holder_Ryder_Straight_Carb-bite_Serrated_Jaws_8in_open_13_aug015.jpg","Needle Holder Ryder Straight Carb-bite Serrated Jaws 8in","open","13","15.0"
"D:\augmented_data_random_backgrounds\images\train\Needle_Holder_Ryder_Straight_Carb-bite_Serrated_Jaws_8in_open_13_aug017.jpg","Needle Holder Ryder Straight Carb-bite Serrated Jaws 8in","open","13","17.0"
"D:\augmented_data_random_backgrounds\images\train\Needle_Holder_Ryder_Straight_Carb-bite_Serrated_Jaws_8in_open_13_aug018.jpg","Needle Holder Ryder Straight Carb-bite Serrated Jaws 8in","open","13","18.0"
"D:\augmented_data_random_backgrounds\images\train\Needle_Holder_Ryder_Straight_Carb-bite_Serrated_Jaws_8in_open_13_aug019.jpg","Needle Holder Ryder Straight Carb-bite Serrated Jaws 8in","open","13","19.0"
"D:\augmented_data_random_backgrounds\images\train\Needle_Holder_Ryder_Straight_Carb-bite_Serrated_Jaws_8in_open_14.jpg","Needle Holder Ryder Straight Carb-bite Serrated Jaws 8in","open","14",""
"D:\augmented_data_random_backgrounds\images\train\Needle_Holder_Ryder_Straight_Carb-bite_Serrated_Jaws_8in_open_14_aug000.jpg","Needle Holder Ryder Straight Carb-bite Serrated Jaws 8in","open","14","0.0"
"D:\augmented_data_random_backgrounds\images\train\Needle_Holder_Ryder_Straight_Carb-bite_Serrated_Jaws_8in_open_14_aug001.jpg","Needle Holder Ryder Straight Carb-bite Serrated Jaws 8in","open","14","1.0"
"D:\augmented_data_random_backgrounds\images\train\Needle_Holder_Ryder_Straight_Carb-bite_Serrated_Jaws_8in_open_14_aug002.jpg","Needle Holder Ryder Straight Carb-bite Serrated Jaws 8in","open","14","2.0"
"D:\augmented_data_random_backgrounds\images\train\Needle_Holder_Ryder_Straight_Carb-bite_Serrated_Jaws_8in_open_14_aug003.jpg","Needle Holder Ryder Straight Carb-bite Serrated Jaws 8in","open","14","3.0"
"D:\augmented_data_random_backgrounds\images\train\Needle_Holder_Ryder_Straight_Carb-bite_Serrated_Jaws_8in_open_14_aug004.jpg","Needle Holder Ryder Straight Carb-bite Serrated Jaws 8in","open","14","4.0"
"D:\augmented_data_random_backgrounds\images\train\Needle_Holder_Ryder_Straight_Carb-bite_Serrated_Jaws_8in_open_14_aug005.jpg","Needle Holder Ryder Straight Carb-bite Serrated Jaws 8in","open","14","5.0"
"D:\augmented_data_random_backgrounds\images\train\Needle_Holder_Ryder_Straight_Carb-bite_Serrated_Jaws_8in_open_14_aug006.jpg","Needle Holder Ryder Straight Carb-bite Serrated Jaws 8in","open","14","6.0"
"D:\augmented_data_random_backgrounds\images\train\Needle_Holder_Ryder_Straight_Carb-bite_Serrated_Jaws_8in_open_14_aug007.jpg","Needle Holder Ryder Straight Carb-bite Serrated Jaws 8in","open","14","7.0"
"D:\augmented_data_random_backgrounds\images\train\Needle_Holder_Ryder_Straight_Carb-bite_Serrated_Jaws_8in_open_14_aug008.jpg","Needle Holder Ryder Straight Carb-bite Serrated Jaws 8in","open","14","8.0"
"D:\augmented_data_random_backgrounds\images\train\Needle_Holder_Ryder_Straight_Carb-bite_Serrated_Jaws_8in_open_14_aug009.jpg","Needle Holder Ryder Straight Carb-bite Serrated Jaws 8in","open","14","9.0"
"D:\augmented_data_random_backgrounds\images\train\Needle_Holder_Ryder_Straight_Carb-bite_Serrated_Jaws_8in_open_14_aug010.jpg","Needle Holder Ryder Straight Carb-bite Serrated Jaws 8in","open","14","10.0"
"D:\augmented_data_random_backgrounds\images\train\Needle_Holder_Ryder_Straight_Carb-bite_Serrated_Jaws_8in_open_14_aug011.jpg","Needle Holder Ryder Straight Carb-bite Serrated Jaws 8in","open","14","11.0"
"D:\augmented_data_random_backgrounds\images\train\Needle_Holder_Ryder_Straight_Carb-bite_Serrated_Jaws_8in_open_14_aug012.jpg","Needle Holder Ryder Straight Carb-bite Serrated Jaws 8in","open","14","12.0"
"D:\augmented_data_random_backgrounds\images\train\Needle_Holder_Ryder_Straight_Carb-bite_Serrated_Jaws_8in_open_14_aug013.jpg","Needle Holder Ryder Straight Carb-bite Serrated Jaws 8in","open","14","13.0"
"D:\augmented_data_random_backgrounds\images\train\Needle_Holder_Ryder_Straight_Carb-bite_Serrated_Jaws_8in_open_14_aug014.jpg","Needle Holder Ryder Straight Carb-bite Serrated Jaws 8in","open","14","14.0"
"D:\augmented_data_random_backgrounds\images\train\Needle_Holder_Ryder_Straight_Carb-bite_Serrated_Jaws_8in_open_14_aug015.jpg","Needle Holder Ryder Straight Carb-bite Serrated Jaws 8in","open","14","15.0"
"D:\augmented_data_random_backgrounds\images\train\Needle_Holder_Ryder_Straight_Carb-bite_Serrated_Jaws_8in_open_14_aug016.jpg","Needle Holder Ryder Straight Carb-bite Serrated Jaws 8in","open","14","16.0"
"D:\augmented_data_random_backgrounds\images\train\Needle_Holder_Ryder_Straight_Carb-bite_Serrated_Jaws_8in_open_14_aug019.jpg","Needle Holder Ryder Straight Carb-bite Serrated Jaws 8in","open","14","19.0"
"D:\augmented_data_random_backgrounds\images\train\Needle_Holder_Ryder_Straight_Carb-bite_Serrated_Jaws_8in_open_15.jpg","Needle Holder Ryder Straight Carb-bite Serrated Jaws 8in","open","15",""
"D:\augmented_data_random_backgrounds\images\train\Needle_Holder_Ryder_Straight_Carb-bite_Serrated_Jaws_8in_open_15_aug000.jpg","Needle Holder Ryder Straight Carb-bite Serrated Jaws 8in","open","15","0.0"
"D:\augmented_data_random_backgrounds\images\train\Needle_Holder_Ryder_Straight_Carb-bite_Serrated_Jaws_8in_open_15_aug001.jpg","Needle Holder Ryder Straight Carb-bite Serrated Jaws 8in","open","15","1.0"
"D:\augmented_data_random_backgrounds\images\train\Needle_Holder_Ryder_Straight_Carb-bite_Serrated_Jaws_8in_open_15_aug002.jpg","Needle Holder Ryder Straight Carb-bite Serrated Jaws 8in","open","15","2.0"
"D:\augmented_data_random_backgrounds\images\train\Needle_Holder_Ryder_Straight_Carb-bite_Serrated_Jaws_8in_open_15_aug003.jpg","Needle Holder Ryder Straight Carb-bite Serrated Jaws 8in","open","15","3.0"
"D:\augmented_data_random_backgrounds\images\train\Needle_Holder_Ryder_Straight_Carb-bite_Serrated_Jaws_8in_open_15_aug004.jpg","Needle Holder Ryder Straight Carb-bite Serrated Jaws 8in","open","15","4.0"
"D:\augmented_data_random_backgrounds\images\train\Needle_Holder_Ryder_Straight_Carb-bite_Serrated_Jaws_8in_open_15_aug005.jpg","Needle Holder Ryder Straight Carb-bite Serrated Jaws 8in","open","15","5.0"
"D:\augmented_data_random_backgrounds\images\train\Needle_Holder_Ryder_Straight_Carb-bite_Serrated_Jaws_8in_open_15_aug007.jpg","Needle Holder Ryder Straight Carb-bite Serrated Jaws 8in","open","15","7.0"
"D:\augmented_data_random_backgrounds\images\train\Needle_Holder_Ryder_Straight_Carb-bite_Serrated_Jaws_8in_open_15_aug009.jpg","Needle Holder Ryder Straight Carb-bite Serrated Jaws 8in","open","15","9.0"
"D:\augmented_data_random_backgrounds\images\train\Needle_Holder_Ryder_Straight_Carb-bite_Serrated_Jaws_8in_open_15_aug010.jpg","Needle Holder Ryder Straight Carb-bite Serrated Jaws 8in","open","15","10.0"
"D:\augmented_data_random_backgrounds\images\train\Needle_Holder_Ryder_Straight_Carb-bite_Serrated_Jaws_8in_open_15_aug011.jpg","Needle Holder Ryder Straight Carb-bite Serrated Jaws 8in","open","15","11.0"
"D:\augmented_data_random_backgrounds\images\train\Needle_Holder_Ryder_Straight_Carb-bite_Serrated_Jaws_8in_open_15_aug012.jpg","Needle Holder Ryder Straight Carb-bite Serrated Jaws 8in","open","15","12.0"
"D:\augmented_data_random_backgrounds\images\train\Needle_Holder_Ryder_Straight_Carb-bite_Serrated_Jaws_8in_open_15_aug013.jpg","Needle Holder Ryder Straight Carb-bite Serrated Jaws 8in","open","15","13.0"
"D:\augmented_data_random_backgrounds\images\train\Needle_Holder_Ryder_Straight_Carb-bite_Serrated_Jaws_8in_open_15_aug014.jpg","Needle Holder Ryder Straight Carb-bite Serrated Jaws 8in","open","15","14.0"
"D:\augmented_data_random_backgrounds\images\train\Needle_Holder_Ryder_Straight_Carb-bite_Serrated_Jaws_8in_open_15_aug015.jpg","Needle Holder Ryder Straight Carb-bite Serrated Jaws 8in","open","15","15.0"
"D:\augmented_data_random_backgrounds\images\train\Needle_Holder_Ryder_Straight_Carb-bite_Serrated_Jaws_8in_open_15_aug016.jpg","Needle Holder Ryder Straight Carb-bite Serrated Jaws 8in","open","15","16.0"
"D:\augmented_data_random_backgrounds\images\train\Needle_Holder_Ryder_Straight_Carb-bite_Serrated_Jaws_8in_open_15_aug018.jpg","Needle Holder Ryder Straight Carb-bite Serrated Jaws 8in","open","15","18.0"
"D:\augmented_data_random_backgrounds\images\train\Needle_Holder_Ryder_Straight_Carb-bite_Serrated_Jaws_8in_open_15_aug019.jpg","Needle Holder Ryder Straight Carb-bite Serrated Jaws 8in","open","15","19.0"
"D:\augmented_data_random_backgrounds\images\train\Needle_Holder_Ryder_Straight_Carb-bite_Serrated_Jaws_8in_open_16.jpg","Needle Holder Ryder Straight Carb-bite Serrated Jaws 8in","open","16",""
"D:\augmented_data_random_backgrounds\images\train\Needle_Holder_Ryder_Straight_Carb-bite_Serrated_Jaws_8in_open_16_aug000.jpg","Needle Holder Ryder Straight Carb-bite Serrated Jaws 8in","open","16","0.0"
"D:\augmented_data_random_backgrounds\images\train\Needle_Holder_Ryder_Straight_Carb-bite_Serrated_Jaws_8in_open_16_aug001.jpg","Needle Holder Ryder Straight Carb-bite Serrated Jaws 8in","open","16","1.0"
"D:\augmented_data_random_backgrounds\images\train\Needle_Holder_Ryder_Straight_Carb-bite_Serrated_Jaws_8in_open_16_aug002.jpg","Needle Holder Ryder Straight Carb-bite Serrated Jaws 8in","open","16","2.0"
"D:\augmented_data_random_backgrounds\images\train\Needle_Holder_Ryder_Straight_Carb-bite_Serrated_Jaws_8in_open_16_aug003.jpg","Needle Holder Ryder Straight Carb-bite Serrated Jaws 8in","open","16","3.0"
"D:\augmented_data_random_backgrounds\images\train\Needle_Holder_Ryder_Straight_Carb-bite_Serrated_Jaws_8in_open_16_aug004.jpg","Needle Holder Ryder Straight Carb-bite Serrated Jaws 8in","open","16","4.0"
"D:\augmented_data_random_backgrounds\images\train\Needle_Holder_Ryder_Straight_Carb-bite_Serrated_Jaws_8in_open_16_aug005.jpg","Needle Holder Ryder Straight Carb-bite Serrated Jaws 8in","open","16","5.0"
"D:\augmented_data_random_backgrounds\images\train\Needle_Holder_Ryder_Straight_Carb-bite_Serrated_Jaws_8in_open_16_aug006.jpg","Needle Holder Ryder Straight Carb-bite Serrated Jaws 8in","open","16","6.0"
"D:\augmented_data_random_backgrounds\images\train\Needle_Holder_Ryder_Straight_Carb-bite_Serrated_Jaws_8in_open_16_aug007.jpg","Needle Holder Ryder Straight Carb-bite Serrated Jaws 8in","open","16","7.0"
"D:\augmented_data_random_backgrounds\images\train\Needle_Holder_Ryder_Straight_Carb-bite_Serrated_Jaws_8in_open_16_aug008.jpg","Needle Holder Ryder Straight Carb-bite Serrated Jaws 8in","open","16","8.0"
"D:\augmented_data_random_backgrounds\images\train\Needle_Holder_Ryder_Straight_Carb-bite_Serrated_Jaws_8in_open_16_aug009.jpg","Needle Holder Ryder Straight Carb-bite Serrated Jaws 8in","open","16","9.0"
"D:\augmented_data_random_backgrounds\images\train\Needle_Holder_Ryder_Straight_Carb-bite_Serrated_Jaws_8in_open_16_aug010.jpg","Needle Holder Ryder Straight Carb-bite Serrated Jaws 8in","open","16","10.0"
"D:\augmented_data_random_backgrounds\images\train\Needle_Holder_Ryder_Straight_Carb-bite_Serrated_Jaws_8in_open_16_aug011.jpg","Needle Holder Ryder Straight Carb-bite Serrated Jaws 8in","open","16","11.0"
"D:\augmented_data_random_backgrounds\images\train\Needle_Holder_Ryder_Straight_Carb-bite_Serrated_Jaws_8in_open_16_aug012.jpg","Needle Holder Ryder Straight Carb-bite Serrated Jaws 8in","open","16","12.0"
"D:\augmented_data_random_backgrounds\images\train\Needle_Holder_Ryder_Straight_Carb-bite_Serrated_Jaws_8in_open_16_aug013.jpg","Needle Holder Ryder Straight Carb-bite Serrated Jaws 8in","open","16","13.0"
"D:\augmented_data_random_backgrounds\images\train\Needle_Holder_Ryder_Straight_Carb-bite_Serrated_Jaws_8in_open_16_aug014.jpg","Needle Holder Ryder Straight Carb-bite Serrated Jaws 8in","open","16","14.0"
"D:\augmented_data_random_backgrounds\images\train\Needle_Holder_Ryder_Straight_Carb-bite_Serrated_Jaws_8in_open_16_aug015.jpg","Needle Holder Ryder Straight Carb-bite Serrated Jaws 8in","open","16","15.0"
"D:\augmented_data_random_backgrounds\images\train\Needle_Holder_Ryder_Straight_Carb-bite_Serrated_Jaws_8in_open_16_aug017.jpg","Needle Holder Ryder Straight Carb-bite Serrated Jaws 8in","open","16","17.0"
"D:\augmented_data_random_backgrounds\images\train\Needle_Holder_Ryder_Straight_Carb-bite_Serrated_Jaws_8in_open_16_aug018.jpg","Needle Holder Ryder Straight Carb-bite Serrated Jaws 8in","open","16","18.0"
"D:\augmented_data_random_backgrounds\images\train\Needle_Holder_Ryder_Straight_Carb-bite_Serrated_Jaws_8in_open_16_aug019.jpg","Needle Holder Ryder Straight Carb-bite Serrated Jaws 8in","open","16","19.0"
"D:\augmented_data_random_backgrounds\images\train\Needle_Holder_Ryder_Straight_Carb-bite_Serrated_Jaws_8in_open_17_aug000.jpg","Needle Holder Ryder Straight Carb-bite Serrated Jaws 8in","open","17","0.0"
"D:\augmented_data_random_backgrounds\images\train\Needle_Holder_Ryder_Straight_Carb-bite_Serrated_Jaws_8in_open_17_aug002.jpg","Needle Holder Ryder Straight Carb-bite Serrated Jaws 8in","open","17","2.0"
"D:\augmented_data_random_backgrounds\images\train\Needle_Holder_Ryder_Straight_Carb-bite_Serrated_Jaws_8in_open_17_aug003.jpg","Needle Holder Ryder Straight Carb-bite Serrated Jaws 8in","open","17","3.0"
"D:\augmented_data_random_backgrounds\images\train\Needle_Holder_Ryder_Straight_Carb-bite_Serrated_Jaws_8in_open_17_aug005.jpg","Needle Holder Ryder Straight Carb-bite Serrated Jaws 8in","open","17","5.0"
"D:\augmented_data_random_backgrounds\images\train\Needle_Holder_Ryder_Straight_Carb-bite_Serrated_Jaws_8in_open_17_aug006.jpg","Needle Holder Ryder Straight Carb-bite Serrated Jaws 8in","open","17","6.0"
"D:\augmented_data_random_backgrounds\images\train\Needle_Holder_Ryder_Straight_Carb-bite_Serrated_Jaws_8in_open_17_aug007.jpg","Needle Holder Ryder Straight Carb-bite Serrated Jaws 8in","open","17","7.0"
"D:\augmented_data_random_backgrounds\images\train\Needle_Holder_Ryder_Straight_Carb-bite_Serrated_Jaws_8in_open_17_aug008.jpg","Needle Holder Ryder Straight Carb-bite Serrated Jaws 8in","open","17","8.0"
"D:\augmented_data_random_backgrounds\images\train\Needle_Holder_Ryder_Straight_Carb-bite_Serrated_Jaws_8in_open_17_aug010.jpg","Needle Holder Ryder Straight Carb-bite Serrated Jaws 8in","open","17","10.0"
"D:\augmented_data_random_backgrounds\images\train\Needle_Holder_Ryder_Straight_Carb-bite_Serrated_Jaws_8in_open_17_aug011.jpg","Needle Holder Ryder Straight Carb-bite Serrated Jaws 8in","open","17","11.0"
"D:\augmented_data_random_backgrounds\images\train\Needle_Holder_Ryder_Straight_Carb-bite_Serrated_Jaws_8in_open_17_aug012.jpg","Needle Holder Ryder Straight Carb-bite Serrated Jaws 8in","open","17","12.0"
"D:\augmented_data_random_backgrounds\images\train\Needle_Holder_Ryder_Straight_Carb-bite_Serrated_Jaws_8in_open_17_aug013.jpg","Needle Holder Ryder Straight Carb-bite Serrated Jaws 8in","open","17","13.0"
"D:\augmented_data_random_backgrounds\images\train\Needle_Holder_Ryder_Straight_Carb-bite_Serrated_Jaws_8in_open_17_aug014.jpg","Needle Holder Ryder Straight Carb-bite Serrated Jaws 8in","open","17","14.0"
"D:\augmented_data_random_backgrounds\images\train\Needle_Holder_Ryder_Straight_Carb-bite_Serrated_Jaws_8in_open_17_aug015.jpg","Needle Holder Ryder Straight Carb-bite Serrated Jaws 8in","open","17","15.0"
"D:\augmented_data_random_backgrounds\images\train\Needle_Holder_Ryder_Straight_Carb-bite_Serrated_Jaws_8in_open_17_aug016.jpg","Needle Holder Ryder Straight Carb-bite Serrated Jaws 8in","open","17","16.0"
"D:\augmented_data_random_backgrounds\images\train\Needle_Holder_Ryder_Straight_Carb-bite_Serrated_Jaws_8in_open_17_aug018.jpg","Needle Holder Ryder Straight Carb-bite Serrated Jaws 8in","open","17","18.0"
"D:\augmented_data_random_backgrounds\images\train\Needle_Holder_Ryder_Straight_Carb-bite_Serrated_Jaws_8in_open_17_aug019.jpg","Needle Holder Ryder Straight Carb-bite Serrated Jaws 8in","open","17","19.0"
"D:\augmented_data_random_backgrounds\images\train\Needle_Holder_Ryder_Straight_Carb-bite_Serrated_Jaws_8in_open_18.jpg","Needle Holder Ryder Straight Carb-bite Serrated Jaws 8in","open","18",""
"D:\augmented_data_random_backgrounds\images\train\Needle_Holder_Ryder_Straight_Carb-bite_Serrated_Jaws_8in_open_18_aug000.jpg","Needle Holder Ryder Straight Carb-bite Serrated Jaws 8in","open","18","0.0"
"D:\augmented_data_random_backgrounds\images\train\Needle_Holder_Ryder_Straight_Carb-bite_Serrated_Jaws_8in_open_18_aug001.jpg","Needle Holder Ryder Straight Carb-bite Serrated Jaws 8in","open","18","1.0"
"D:\augmented_data_random_backgrounds\images\train\Needle_Holder_Ryder_Straight_Carb-bite_Serrated_Jaws_8in_open_18_aug002.jpg","Needle Holder Ryder Straight Carb-bite Serrated Jaws 8in","open","18","2.0"
"D:\augmented_data_random_backgrounds\images\train\Needle_Holder_Ryder_Straight_Carb-bite_Serrated_Jaws_8in_open_18_aug003.jpg","Needle Holder Ryder Straight Carb-bite Serrated Jaws 8in","open","18","3.0"
"D:\augmented_data_random_backgrounds\images\train\Needle_Holder_Ryder_Straight_Carb-bite_Serrated_Jaws_8in_open_18_aug004.jpg","Needle Holder Ryder Straight Carb-bite Serrated Jaws 8in","open","18","4.0"
"D:\augmented_data_random_backgrounds\images\train\Needle_Holder_Ryder_Straight_Carb-bite_Serrated_Jaws_8in_open_18_aug005.jpg","Needle Holder Ryder Straight Carb-bite Serrated Jaws 8in","open","18","5.0"
"D:\augmented_data_random_backgrounds\images\train\Needle_Holder_Ryder_Straight_Carb-bite_Serrated_Jaws_8in_open_18_aug006.jpg","Needle Holder Ryder Straight Carb-bite Serrated Jaws 8in","open","18","6.0"
"D:\augmented_data_random_backgrounds\images\train\Needle_Holder_Ryder_Straight_Carb-bite_Serrated_Jaws_8in_open_18_aug010.jpg","Needle Holder Ryder Straight Carb-bite Serrated Jaws 8in","open","18","10.0"
"D:\augmented_data_random_backgrounds\images\train\Needle_Holder_Ryder_Straight_Carb-bite_Serrated_Jaws_8in_open_18_aug011.jpg","Needle Holder Ryder Straight Carb-bite Serrated Jaws 8in","open","18","11.0"
"D:\augmented_data_random_backgrounds\images\train\Needle_Holder_Ryder_Straight_Carb-bite_Serrated_Jaws_8in_open_18_aug013.jpg","Needle Holder Ryder Straight Carb-bite Serrated Jaws 8in","open","18","13.0"
"D:\augmented_data_random_backgrounds\images\train\Needle_Holder_Ryder_Straight_Carb-bite_Serrated_Jaws_8in_open_18_aug015.jpg","Needle Holder Ryder Straight Carb-bite Serrated Jaws 8in","open","18","15.0"
"D:\augmented_data_random_backgrounds\images\train\Needle_Holder_Ryder_Straight_Carb-bite_Serrated_Jaws_8in_open_18_aug016.jpg","Needle Holder Ryder Straight Carb-bite Serrated Jaws 8in","open","18","16.0"
"D:\augmented_data_random_backgrounds\images\train\Needle_Holder_Ryder_Straight_Carb-bite_Serrated_Jaws_8in_open_18_aug017.jpg","Needle Holder Ryder Straight Carb-bite Serrated Jaws 8in","open","18","17.0"
"D:\augmented_data_random_backgrounds\images\train\Needle_Holder_Ryder_Straight_Carb-bite_Serrated_Jaws_8in_open_18_aug018.jpg","Needle Holder Ryder Straight Carb-bite Serrated Jaws 8in","open","18","18.0"
"D:\augmented_data_random_backgrounds\images\train\Needle_Holder_Ryder_Straight_Carb-bite_Serrated_Jaws_8in_open_18_aug019.jpg","Needle Holder Ryder Straight Carb-bite Serrated Jaws 8in","open","18","19.0"
"D:\augmented_data_random_backgrounds\images\train\Needle_Holder_Ryder_Straight_Carb-bite_Serrated_Jaws_8in_open_19.jpg","Needle Holder Ryder Straight Carb-bite Serrated Jaws 8in","open","19",""
"D:\augmented_data_random_backgrounds\images\train\Needle_Holder_Ryder_Straight_Carb-bite_Serrated_Jaws_8in_open_19_aug000.jpg","Needle Holder Ryder Straight Carb-bite Serrated Jaws 8in","open","19","0.0"
"D:\augmented_data_random_backgrounds\images\train\Needle_Holder_Ryder_Straight_Carb-bite_Serrated_Jaws_8in_open_19_aug002.jpg","Needle Holder Ryder Straight Carb-bite Serrated Jaws 8in","open","19","2.0"
"D:\augmented_data_random_backgrounds\images\train\Needle_Holder_Ryder_Straight_Carb-bite_Serrated_Jaws_8in_open_19_aug003.jpg","Needle Holder Ryder Straight Carb-bite Serrated Jaws 8in","open","19","3.0"
"D:\augmented_data_random_backgrounds\images\train\Needle_Holder_Ryder_Straight_Carb-bite_Serrated_Jaws_8in_open_19_aug004.jpg","Needle Holder Ryder Straight Carb-bite Serrated Jaws 8in","open","19","4.0"
"D:\augmented_data_random_backgrounds\images\train\Needle_Holder_Ryder_Straight_Carb-bite_Serrated_Jaws_8in_open_19_aug005.jpg","Needle Holder Ryder Straight Carb-bite Serrated Jaws 8in","open","19","5.0"
"D:\augmented_data_random_backgrounds\images\train\Needle_Holder_Ryder_Straight_Carb-bite_Serrated_Jaws_8in_open_19_aug006.jpg","Needle Holder Ryder Straight Carb-bite Serrated Jaws 8in","open","19","6.0"
"D:\augmented_data_random_backgrounds\images\train\Needle_Holder_Ryder_Straight_Carb-bite_Serrated_Jaws_8in_open_19_aug007.jpg","Needle Holder Ryder Straight Carb-bite Serrated Jaws 8in","open","19","7.0"
"D:\augmented_data_random_backgrounds\images\train\Needle_Holder_Ryder_Straight_Carb-bite_Serrated_Jaws_8in_open_19_aug008.jpg","Needle Holder Ryder Straight Carb-bite Serrated Jaws 8in","open","19","8.0"
"D:\augmented_data_random_backgrounds\images\train\Needle_Holder_Ryder_Straight_Carb-bite_Serrated_Jaws_8in_open_19_aug010.jpg","Needle Holder Ryder Straight Carb-bite Serrated Jaws 8in","open","19","10.0"
"D:\augmented_data_random_backgrounds\images\train\Needle_Holder_Ryder_Straight_Carb-bite_Serrated_Jaws_8in_open_19_aug012.jpg","Needle Holder Ryder Straight Carb-bite Serrated Jaws 8in","open","19","12.0"
"D:\augmented_data_random_backgrounds\images\train\Needle_Holder_Ryder_Straight_Carb-bite_Serrated_Jaws_8in_open_19_aug013.jpg","Needle Holder Ryder Straight Carb-bite Serrated Jaws 8in","open","19","13.0"
"D:\augmented_data_random_backgrounds\images\train\Needle_Holder_Ryder_Straight_Carb-bite_Serrated_Jaws_8in_open_19_aug014.jpg","Needle Holder Ryder Straight Carb-bite Serrated Jaws 8in","open","19","14.0"
"D:\augmented_data_random_backgrounds\images\train\Needle_Holder_Ryder_Straight_Carb-bite_Serrated_Jaws_8in_open_19_aug015.jpg","Needle Holder Ryder Straight Carb-bite Serrated Jaws 8in","open","19","15.0"
"D:\augmented_data_random_backgrounds\images\train\Needle_Holder_Ryder_Straight_Carb-bite_Serrated_Jaws_8in_open_19_aug016.jpg","Needle Holder Ryder Straight Carb-bite Serrated Jaws 8in","open","19","16.0"
"D:\augmented_data_random_backgrounds\images\train\Needle_Holder_Ryder_Straight_Carb-bite_Serrated_Jaws_8in_open_19_aug017.jpg","Needle Holder Ryder Straight Carb-bite Serrated Jaws 8in","open","19","17.0"
"D:\augmented_data_random_backgrounds\images\train\Needle_Holder_Ryder_Straight_Carb-bite_Serrated_Jaws_8in_open_19_aug018.jpg","Needle Holder Ryder Straight Carb-bite Serrated Jaws 8in","open","19","18.0"
"D:\augmented_data_random_backgrounds\images\train\Needle_Holder_Ryder_Straight_Carb-bite_Serrated_Jaws_8in_open_20.jpg","Needle Holder Ryder Straight Carb-bite Serrated Jaws 8in","open","20",""
"D:\augmented_data_random_backgrounds\images\train\Needle_Holder_Ryder_Straight_Carb-bite_Serrated_Jaws_8in_open_20_aug000.jpg","Needle Holder Ryder Straight Carb-bite Serrated Jaws 8in","open","20","0.0"
"D:\augmented_data_random_backgrounds\images\train\Needle_Holder_Ryder_Straight_Carb-bite_Serrated_Jaws_8in_open_20_aug001.jpg","Needle Holder Ryder Straight Carb-bite Serrated Jaws 8in","open","20","1.0"
"D:\augmented_data_random_backgrounds\images\train\Needle_Holder_Ryder_Straight_Carb-bite_Serrated_Jaws_8in_open_20_aug002.jpg","Needle Holder Ryder Straight Carb-bite Serrated Jaws 8in","open","20","2.0"
"D:\augmented_data_random_backgrounds\images\train\Needle_Holder_Ryder_Straight_Carb-bite_Serrated_Jaws_8in_open_20_aug004.jpg","Needle Holder Ryder Straight Carb-bite Serrated Jaws 8in","open","20","4.0"
"D:\augmented_data_random_backgrounds\images\train\Needle_Holder_Ryder_Straight_Carb-bite_Serrated_Jaws_8in_open_20_aug005.jpg","Needle Holder Ryder Straight Carb-bite Serrated Jaws 8in","open","20","5.0"
"D:\augmented_data_random_backgrounds\images\train\Needle_Holder_Ryder_Straight_Carb-bite_Serrated_Jaws_8in_open_20_aug007.jpg","Needle Holder Ryder Straight Carb-bite Serrated Jaws 8in","open","20","7.0"
"D:\augmented_data_random_backgrounds\images\train\Needle_Holder_Ryder_Straight_Carb-bite_Serrated_Jaws_8in_open_20_aug008.jpg","Needle Holder Ryder Straight Carb-bite Serrated Jaws 8in","open","20","8.0"
"D:\augmented_data_random_backgrounds\images\train\Needle_Holder_Ryder_Straight_Carb-bite_Serrated_Jaws_8in_open_20_aug009.jpg","Needle Holder Ryder Straight Carb-bite Serrated Jaws 8in","open","20","9.0"
"D:\augmented_data_random_backgrounds\images\train\Needle_Holder_Ryder_Straight_Carb-bite_Serrated_Jaws_8in_open_20_aug010.jpg","Needle Holder Ryder Straight Carb-bite Serrated Jaws 8in","open","20","10.0"
"D:\augmented_data_random_backgrounds\images\train\Needle_Holder_Ryder_Straight_Carb-bite_Serrated_Jaws_8in_open_20_aug011.jpg","Needle Holder Ryder Straight Carb-bite Serrated Jaws 8in","open","20","11.0"
"D:\augmented_data_random_backgrounds\images\train\Needle_Holder_Ryder_Straight_Carb-bite_Serrated_Jaws_8in_open_20_aug013.jpg","Needle Holder Ryder Straight Carb-bite Serrated Jaws 8in","open","20","13.0"
"D:\augmented_data_random_backgrounds\images\train\Needle_Holder_Ryder_Straight_Carb-bite_Serrated_Jaws_8in_open_20_aug014.jpg","Needle Holder Ryder Straight Carb-bite Serrated Jaws 8in","open","20","14.0"
"D:\augmented_data_random_backgrounds\images\train\Needle_Holder_Ryder_Straight_Carb-bite_Serrated_Jaws_8in_open_20_aug015.jpg","Needle Holder Ryder Straight Carb-bite Serrated Jaws 8in","open","20","15.0"
"D:\augmented_data_random_backgrounds\images\train\Needle_Holder_Ryder_Straight_Carb-bite_Serrated_Jaws_8in_open_20_aug016.jpg","Needle Holder Ryder Straight Carb-bite Serrated Jaws 8in","open","20","16.0"
"D:\augmented_data_random_backgrounds\images\train\Needle_Holder_Ryder_Straight_Carb-bite_Serrated_Jaws_8in_open_20_aug018.jpg","Needle Holder Ryder Straight Carb-bite Serrated Jaws 8in","open","20","18.0"
"D:\augmented_data_random_backgrounds\images\train\Needle_Holder_Ryder_Straight_Carb-bite_Serrated_Jaws_8in_open_20_aug019.jpg","Needle Holder Ryder Straight Carb-bite Serrated Jaws 8in","open","20","19.0"
"D:\augmented_data_random_backgrounds\images\train\Needle_Holder_Ryder_Straight_Carb-bite_Serrated_Jaws_8in_open_21.jpg","Needle Holder Ryder Straight Carb-bite Serrated Jaws 8in","open","21",""
"D:\augmented_data_random_backgrounds\images\train\Needle_Holder_Ryder_Straight_Carb-bite_Serrated_Jaws_8in_open_21_aug000.jpg","Needle Holder Ryder Straight Carb-bite Serrated Jaws 8in","open","21","0.0"
"D:\augmented_data_random_backgrounds\images\train\Needle_Holder_Ryder_Straight_Carb-bite_Serrated_Jaws_8in_open_21_aug001.jpg","Needle Holder Ryder Straight Carb-bite Serrated Jaws 8in","open","21","1.0"
"D:\augmented_data_random_backgrounds\images\train\Needle_Holder_Ryder_Straight_Carb-bite_Serrated_Jaws_8in_open_21_aug002.jpg","Needle Holder Ryder Straight Carb-bite Serrated Jaws 8in","open","21","2.0"
"D:\augmented_data_random_backgrounds\images\train\Needle_Holder_Ryder_Straight_Carb-bite_Serrated_Jaws_8in_open_21_aug003.jpg","Needle Holder Ryder Straight Carb-bite Serrated Jaws 8in","open","21","3.0"
"D:\augmented_data_random_backgrounds\images\train\Needle_Holder_Ryder_Straight_Carb-bite_Serrated_Jaws_8in_open_21_aug004.jpg","Needle Holder Ryder Straight Carb-bite Serrated Jaws 8in","open","21","4.0"
"D:\augmented_data_random_backgrounds\images\train\Needle_Holder_Ryder_Straight_Carb-bite_Serrated_Jaws_8in_open_21_aug005.jpg","Needle Holder Ryder Straight Carb-bite Serrated Jaws 8in","open","21","5.0"
"D:\augmented_data_random_backgrounds\images\train\Needle_Holder_Ryder_Straight_Carb-bite_Serrated_Jaws_8in_open_21_aug006.jpg","Needle Holder Ryder Straight Carb-bite Serrated Jaws 8in","open","21","6.0"
"D:\augmented_data_random_backgrounds\images\train\Needle_Holder_Ryder_Straight_Carb-bite_Serrated_Jaws_8in_open_21_aug007.jpg","Needle Holder Ryder Straight Carb-bite Serrated Jaws 8in","open","21","7.0"
"D:\augmented_data_random_backgrounds\images\train\Needle_Holder_Ryder_Straight_Carb-bite_Serrated_Jaws_8in_open_21_aug009.jpg","Needle Holder Ryder Straight Carb-bite Serrated Jaws 8in","open","21","9.0"
"D:\augmented_data_random_backgrounds\images\train\Needle_Holder_Ryder_Straight_Carb-bite_Serrated_Jaws_8in_open_21_aug010.jpg","Needle Holder Ryder Straight Carb-bite Serrated Jaws 8in","open","21","10.0"
"D:\augmented_data_random_backgrounds\images\train\Needle_Holder_Ryder_Straight_Carb-bite_Serrated_Jaws_8in_open_21_aug011.jpg","Needle Holder Ryder Straight Carb-bite Serrated Jaws 8in","open","21","11.0"
"D:\augmented_data_random_backgrounds\images\train\Needle_Holder_Ryder_Straight_Carb-bite_Serrated_Jaws_8in_open_21_aug012.jpg","Needle Holder Ryder Straight Carb-bite Serrated Jaws 8in","open","21","12.0"
"D:\augmented_data_random_backgrounds\images\train\Needle_Holder_Ryder_Straight_Carb-bite_Serrated_Jaws_8in_open_21_aug014.jpg","Needle Holder Ryder Straight Carb-bite Serrated Jaws 8in","open","21","14.0"
"D:\augmented_data_random_backgrounds\images\train\Needle_Holder_Ryder_Straight_Carb-bite_Serrated_Jaws_8in_open_21_aug015.jpg","Needle Holder Ryder Straight Carb-bite Serrated Jaws 8in","open","21","15.0"
"D:\augmented_data_random_backgrounds\images\train\Needle_Holder_Ryder_Straight_Carb-bite_Serrated_Jaws_8in_open_21_aug016.jpg","Needle Holder Ryder Straight Carb-bite Serrated Jaws 8in","open","21","16.0"
"D:\augmented_data_random_backgrounds\images\train\Needle_Holder_Ryder_Straight_Carb-bite_Serrated_Jaws_8in_open_21_aug017.jpg","Needle Holder Ryder Straight Carb-bite Serrated Jaws 8in","open","21","17.0"
"D:\augmented_data_random_backgrounds\images\train\Needle_Holder_Ryder_Straight_Carb-bite_Serrated_Jaws_8in_open_21_aug018.jpg","Needle Holder Ryder Straight Carb-bite Serrated Jaws 8in","open","21","18.0"
"D:\augmented_data_random_backgrounds\images\train\Needle_Holder_Ryder_Straight_Carb-bite_Serrated_Jaws_8in_open_22.jpg","Needle Holder Ryder Straight Carb-bite Serrated Jaws 8in","open","22",""
"D:\augmented_data_random_backgrounds\images\train\Needle_Holder_Ryder_Straight_Carb-bite_Serrated_Jaws_8in_open_22_aug000.jpg","Needle Holder Ryder Straight Carb-bite Serrated Jaws 8in","open","22","0.0"
"D:\augmented_data_random_backgrounds\images\train\Needle_Holder_Ryder_Straight_Carb-bite_Serrated_Jaws_8in_open_22_aug001.jpg","Needle Holder Ryder Straight Carb-bite Serrated Jaws 8in","open","22","1.0"
"D:\augmented_data_random_backgrounds\images\train\Needle_Holder_Ryder_Straight_Carb-bite_Serrated_Jaws_8in_open_22_aug002.jpg","Needle Holder Ryder Straight Carb-bite Serrated Jaws 8in","open","22","2.0"
"D:\augmented_data_random_backgrounds\images\train\Needle_Holder_Ryder_Straight_Carb-bite_Serrated_Jaws_8in_open_22_aug003.jpg","Needle Holder Ryder Straight Carb-bite Serrated Jaws 8in","open","22","3.0"
"D:\augmented_data_random_backgrounds\images\train\Needle_Holder_Ryder_Straight_Carb-bite_Serrated_Jaws_8in_open_22_aug004.jpg","Needle Holder Ryder Straight Carb-bite Serrated Jaws 8in","open","22","4.0"
"D:\augmented_data_random_backgrounds\images\train\Needle_Holder_Ryder_Straight_Carb-bite_Serrated_Jaws_8in_open_22_aug005.jpg","Needle Holder Ryder Straight Carb-bite Serrated Jaws 8in","open","22","5.0"
"D:\augmented_data_random_backgrounds\images\train\Needle_Holder_Ryder_Straight_Carb-bite_Serrated_Jaws_8in_open_22_aug006.jpg","Needle Holder Ryder Straight Carb-bite Serrated Jaws 8in","open","22","6.0"
"D:\augmented_data_random_backgrounds\images\train\Needle_Holder_Ryder_Straight_Carb-bite_Serrated_Jaws_8in_open_22_aug007.jpg","Needle Holder Ryder Straight Carb-bite Serrated Jaws 8in","open","22","7.0"
"D:\augmented_data_random_backgrounds\images\train\Needle_Holder_Ryder_Straight_Carb-bite_Serrated_Jaws_8in_open_22_aug009.jpg","Needle Holder Ryder Straight Carb-bite Serrated Jaws 8in","open","22","9.0"
"D:\augmented_data_random_backgrounds\images\train\Needle_Holder_Ryder_Straight_Carb-bite_Serrated_Jaws_8in_open_22_aug010.jpg","Needle Holder Ryder Straight Carb-bite Serrated Jaws 8in","open","22","10.0"
"D:\augmented_data_random_backgrounds\images\train\Needle_Holder_Ryder_Straight_Carb-bite_Serrated_Jaws_8in_open_22_aug011.jpg","Needle Holder Ryder Straight Carb-bite Serrated Jaws 8in","open","22","11.0"
"D:\augmented_data_random_backgrounds\images\train\Needle_Holder_Ryder_Straight_Carb-bite_Serrated_Jaws_8in_open_22_aug012.jpg","Needle Holder Ryder Straight Carb-bite Serrated Jaws 8in","open","22","12.0"
"D:\augmented_data_random_backgrounds\images\train\Needle_Holder_Ryder_Straight_Carb-bite_Serrated_Jaws_8in_open_22_aug013.jpg","Needle Holder Ryder Straight Carb-bite Serrated Jaws 8in","open","22","13.0"
"D:\augmented_data_random_backgrounds\images\train\Needle_Holder_Ryder_Straight_Carb-bite_Serrated_Jaws_8in_open_22_aug014.jpg","Needle Holder Ryder Straight Carb-bite Serrated Jaws 8in","open","22","14.0"
"D:\augmented_data_random_backgrounds\images\train\Needle_Holder_Ryder_Straight_Carb-bite_Serrated_Jaws_8in_open_22_aug015.jpg","Needle Holder Ryder Straight Carb-bite Serrated Jaws 8in","open","22","15.0"
"D:\augmented_data_random_backgrounds\images\train\Needle_Holder_Ryder_Straight_Carb-bite_Serrated_Jaws_8in_open_22_aug016.jpg","Needle Holder Ryder Straight Carb-bite Serrated Jaws 8in","open","22","16.0"
"D:\augmented_data_random_backgrounds\images\train\Needle_Holder_Ryder_Straight_Carb-bite_Serrated_Jaws_8in_open_22_aug017.jpg","Needle Holder Ryder Straight Carb-bite Serrated Jaws 8in","open","22","17.0"
"D:\augmented_data_random_backgrounds\images\train\Needle_Holder_Ryder_Straight_Carb-bite_Serrated_Jaws_8in_open_22_aug018.jpg","Needle Holder Ryder Straight Carb-bite Serrated Jaws 8in","open","22","18.0"
"D:\augmented_data_random_backgrounds\images\train\Needle_Holder_Ryder_Straight_Carb-bite_Serrated_Jaws_8in_open_22_aug019.jpg","Needle Holder Ryder Straight Carb-bite Serrated Jaws 8in","open","22","19.0"
"D:\augmented_data_random_backgrounds\images\train\Needle_Holder_Ryder_Straight_Carb-bite_Serrated_Jaws_8in_open_23_aug000.jpg","Needle Holder Ryder Straight Carb-bite Serrated Jaws 8in","open","23","0.0"
"D:\augmented_data_random_backgrounds\images\train\Needle_Holder_Ryder_Straight_Carb-bite_Serrated_Jaws_8in_open_23_aug001.jpg","Needle Holder Ryder Straight Carb-bite Serrated Jaws 8in","open","23","1.0"
"D:\augmented_data_random_backgrounds\images\train\Needle_Holder_Ryder_Straight_Carb-bite_Serrated_Jaws_8in_open_23_aug002.jpg","Needle Holder Ryder Straight Carb-bite Serrated Jaws 8in","open","23","2.0"
"D:\augmented_data_random_backgrounds\images\train\Needle_Holder_Ryder_Straight_Carb-bite_Serrated_Jaws_8in_open_23_aug003.jpg","Needle Holder Ryder Straight Carb-bite Serrated Jaws 8in","open","23","3.0"
"D:\augmented_data_random_backgrounds\images\train\Needle_Holder_Ryder_Straight_Carb-bite_Serrated_Jaws_8in_open_23_aug004.jpg","Needle Holder Ryder Straight Carb-bite Serrated Jaws 8in","open","23","4.0"
"D:\augmented_data_random_backgrounds\images\train\Needle_Holder_Ryder_Straight_Carb-bite_Serrated_Jaws_8in_open_23_aug005.jpg","Needle Holder Ryder Straight Carb-bite Serrated Jaws 8in","open","23","5.0"
"D:\augmented_data_random_backgrounds\images\train\Needle_Holder_Ryder_Straight_Carb-bite_Serrated_Jaws_8in_open_23_aug006.jpg","Needle Holder Ryder Straight Carb-bite Serrated Jaws 8in","open","23","6.0"
"D:\augmented_data_random_backgrounds\images\train\Needle_Holder_Ryder_Straight_Carb-bite_Serrated_Jaws_8in_open_23_aug007.jpg","Needle Holder Ryder Straight Carb-bite Serrated Jaws 8in","open","23","7.0"
"D:\augmented_data_random_backgrounds\images\train\Needle_Holder_Ryder_Straight_Carb-bite_Serrated_Jaws_8in_open_23_aug010.jpg","Needle Holder Ryder Straight Carb-bite Serrated Jaws 8in","open","23","10.0"
"D:\augmented_data_random_backgrounds\images\train\Needle_Holder_Ryder_Straight_Carb-bite_Serrated_Jaws_8in_open_23_aug011.jpg","Needle Holder Ryder Straight Carb-bite Serrated Jaws 8in","open","23","11.0"
"D:\augmented_data_random_backgrounds\images\train\Needle_Holder_Ryder_Straight_Carb-bite_Serrated_Jaws_8in_open_23_aug012.jpg","Needle Holder Ryder Straight Carb-bite Serrated Jaws 8in","open","23","12.0"
"D:\augmented_data_random_backgrounds\images\train\Needle_Holder_Ryder_Straight_Carb-bite_Serrated_Jaws_8in_open_23_aug013.jpg","Needle Holder Ryder Straight Carb-bite Serrated Jaws 8in","open","23","13.0"
"D:\augmented_data_random_backgrounds\images\train\Needle_Holder_Ryder_Straight_Carb-bite_Serrated_Jaws_8in_open_23_aug015.jpg","Needle Holder Ryder Straight Carb-bite Serrated Jaws 8in","open","23","15.0"
"D:\augmented_data_random_backgrounds\images\train\Needle_Holder_Ryder_Straight_Carb-bite_Serrated_Jaws_8in_open_23_aug016.jpg","Needle Holder Ryder Straight Carb-bite Serrated Jaws 8in","open","23","16.0"
"D:\augmented_data_random_backgrounds\images\train\Needle_Holder_Ryder_Straight_Carb-bite_Serrated_Jaws_8in_open_23_aug017.jpg","Needle Holder Ryder Straight Carb-bite Serrated Jaws 8in","open","23","17.0"
"D:\augmented_data_random_backgrounds\images\train\Needle_Holder_Ryder_Straight_Carb-bite_Serrated_Jaws_8in_open_23_aug019.jpg","Needle Holder Ryder Straight Carb-bite Serrated Jaws 8in","open","23","19.0"
"D:\augmented_data_random_backgrounds\images\train\Needle_Holder_Ryder_Straight_Carb-bite_Serrated_Jaws_8in_open_24_aug000.jpg","Needle Holder Ryder Straight Carb-bite Serrated Jaws 8in","open","24","0.0"
"D:\augmented_data_random_backgrounds\images\train\Needle_Holder_Ryder_Straight_Carb-bite_Serrated_Jaws_8in_open_24_aug001.jpg","Needle Holder Ryder Straight Carb-bite Serrated Jaws 8in","open","24","1.0"
"D:\augmented_data_random_backgrounds\images\train\Needle_Holder_Ryder_Straight_Carb-bite_Serrated_Jaws_8in_open_24_aug002.jpg","Needle Holder Ryder Straight Carb-bite Serrated Jaws 8in","open","24","2.0"
"D:\augmented_data_random_backgrounds\images\train\Needle_Holder_Ryder_Straight_Carb-bite_Serrated_Jaws_8in_open_24_aug003.jpg","Needle Holder Ryder Straight Carb-bite Serrated Jaws 8in","open","24","3.0"
"D:\augmented_data_random_backgrounds\images\train\Needle_Holder_Ryder_Straight_Carb-bite_Serrated_Jaws_8in_open_24_aug004.jpg","Needle Holder Ryder Straight Carb-bite Serrated Jaws 8in","open","24","4.0"
"D:\augmented_data_random_backgrounds\images\train\Needle_Holder_Ryder_Straight_Carb-bite_Serrated_Jaws_8in_open_24_aug006.jpg","Needle Holder Ryder Straight Carb-bite Serrated Jaws 8in","open","24","6.0"
"D:\augmented_data_random_backgrounds\images\train\Needle_Holder_Ryder_Straight_Carb-bite_Serrated_Jaws_8in_open_24_aug008.jpg","Needle Holder Ryder Straight Carb-bite Serrated Jaws 8in","open","24","8.0"
"D:\augmented_data_random_backgrounds\images\train\Needle_Holder_Ryder_Straight_Carb-bite_Serrated_Jaws_8in_open_24_aug009.jpg","Needle Holder Ryder Straight Carb-bite Serrated Jaws 8in","open","24","9.0"
"D:\augmented_data_random_backgrounds\images\train\Needle_Holder_Ryder_Straight_Carb-bite_Serrated_Jaws_8in_open_24_aug010.jpg","Needle Holder Ryder Straight Carb-bite Serrated Jaws 8in","open","24","10.0"
"D:\augmented_data_random_backgrounds\images\train\Needle_Holder_Ryder_Straight_Carb-bite_Serrated_Jaws_8in_open_24_aug011.jpg","Needle Holder Ryder Straight Carb-bite Serrated Jaws 8in","open","24","11.0"
"D:\augmented_data_random_backgrounds\images\train\Needle_Holder_Ryder_Straight_Carb-bite_Serrated_Jaws_8in_open_24_aug012.jpg","Needle Holder Ryder Straight Carb-bite Serrated Jaws 8in","open","24","12.0"
"D:\augmented_data_random_backgrounds\images\train\Needle_Holder_Ryder_Straight_Carb-bite_Serrated_Jaws_8in_open_24_aug013.jpg","Needle Holder Ryder Straight Carb-bite Serrated Jaws 8in","open","24","13.0"
"D:\augmented_data_random_backgrounds\images\train\Needle_Holder_Ryder_Straight_Carb-bite_Serrated_Jaws_8in_open_24_aug017.jpg","Needle Holder Ryder Straight Carb-bite Serrated Jaws 8in","open","24","17.0"
"D:\augmented_data_random_backgrounds\images\train\Needle_Holder_Ryder_Straight_Carb-bite_Serrated_Jaws_8in_open_24_aug018.jpg","Needle Holder Ryder Straight Carb-bite Serrated Jaws 8in","open","24","18.0"
"D:\augmented_data_random_backgrounds\images\train\Needle_Holder_Ryder_Straight_Carb-bite_Serrated_Jaws_8in_open_24_aug019.jpg","Needle Holder Ryder Straight Carb-bite Serrated Jaws 8in","open","24","19.0"
"D:\augmented_data_random_backgrounds\images\train\Needle_Holder_Ryder_Straight_Carb-bite_Serrated_Jaws_8in_open_25.jpg","Needle Holder Ryder Straight Carb-bite Serrated Jaws 8in","open","25",""
"D:\augmented_data_random_backgrounds\images\train\Needle_Holder_Ryder_Straight_Carb-bite_Serrated_Jaws_8in_open_25_aug000.jpg","Needle Holder Ryder Straight Carb-bite Serrated Jaws 8in","open","25","0.0"
"D:\augmented_data_random_backgrounds\images\train\Needle_Holder_Ryder_Straight_Carb-bite_Serrated_Jaws_8in_open_25_aug001.jpg","Needle Holder Ryder Straight Carb-bite Serrated Jaws 8in","open","25","1.0"
"D:\augmented_data_random_backgrounds\images\train\Needle_Holder_Ryder_Straight_Carb-bite_Serrated_Jaws_8in_open_25_aug002.jpg","Needle Holder Ryder Straight Carb-bite Serrated Jaws 8in","open","25","2.0"
"D:\augmented_data_random_backgrounds\images\train\Needle_Holder_Ryder_Straight_Carb-bite_Serrated_Jaws_8in_open_25_aug003.jpg","Needle Holder Ryder Straight Carb-bite Serrated Jaws 8in","open","25","3.0"
"D:\augmented_data_random_backgrounds\images\train\Needle_Holder_Ryder_Straight_Carb-bite_Serrated_Jaws_8in_open_25_aug004.jpg","Needle Holder Ryder Straight Carb-bite Serrated Jaws 8in","open","25","4.0"
"D:\augmented_data_random_backgrounds\images\train\Needle_Holder_Ryder_Straight_Carb-bite_Serrated_Jaws_8in_open_25_aug005.jpg","Needle Holder Ryder Straight Carb-bite Serrated Jaws 8in","open","25","5.0"
"D:\augmented_data_random_backgrounds\images\train\Needle_Holder_Ryder_Straight_Carb-bite_Serrated_Jaws_8in_open_25_aug006.jpg","Needle Holder Ryder Straight Carb-bite Serrated Jaws 8in","open","25","6.0"
"D:\augmented_data_random_backgrounds\images\train\Needle_Holder_Ryder_Straight_Carb-bite_Serrated_Jaws_8in_open_25_aug007.jpg","Needle Holder Ryder Straight Carb-bite Serrated Jaws 8in","open","25","7.0"
"D:\augmented_data_random_backgrounds\images\train\Needle_Holder_Ryder_Straight_Carb-bite_Serrated_Jaws_8in_open_25_aug009.jpg","Needle Holder Ryder Straight Carb-bite Serrated Jaws 8in","open","25","9.0"
"D:\augmented_data_random_backgrounds\images\train\Needle_Holder_Ryder_Straight_Carb-bite_Serrated_Jaws_8in_open_25_aug010.jpg","Needle Holder Ryder Straight Carb-bite Serrated Jaws 8in","open","25","10.0"
"D:\augmented_data_random_backgrounds\images\train\Needle_Holder_Ryder_Straight_Carb-bite_Serrated_Jaws_8in_open_25_aug011.jpg","Needle Holder Ryder Straight Carb-bite Serrated Jaws 8in","open","25","11.0"
"D:\augmented_data_random_backgrounds\images\train\Needle_Holder_Ryder_Straight_Carb-bite_Serrated_Jaws_8in_open_25_aug013.jpg","Needle Holder Ryder Straight Carb-bite Serrated Jaws 8in","open","25","13.0"
"D:\augmented_data_random_backgrounds\images\train\Needle_Holder_Ryder_Straight_Carb-bite_Serrated_Jaws_8in_open_25_aug014.jpg","Needle Holder Ryder Straight Carb-bite Serrated Jaws 8in","open","25","14.0"
"D:\augmented_data_random_backgrounds\images\train\Needle_Holder_Ryder_Straight_Carb-bite_Serrated_Jaws_8in_open_25_aug015.jpg","Needle Holder Ryder Straight Carb-bite Serrated Jaws 8in","open","25","15.0"
"D:\augmented_data_random_backgrounds\images\train\Needle_Holder_Ryder_Straight_Carb-bite_Serrated_Jaws_8in_open_25_aug016.jpg","Needle Holder Ryder Straight Carb-bite Serrated Jaws 8in","open","25","16.0"
"D:\augmented_data_random_backgrounds\images\train\Needle_Holder_Ryder_Straight_Carb-bite_Serrated_Jaws_8in_open_25_aug018.jpg","Needle Holder Ryder Straight Carb-bite Serrated Jaws 8in","open","25","18.0"
"D:\augmented_data_random_backgrounds\images\train\Needle_Holder_Ryder_Straight_Carb-bite_Serrated_Jaws_8in_open_25_aug019.jpg","Needle Holder Ryder Straight Carb-bite Serrated Jaws 8in","open","25","19.0"
"D:\augmented_data_random_backgrounds\images\train\Sponge_Holding_Forceps_Foerster_Straight_Serrated_9.5in_closed_01.jpg","Sponge Holding Forceps Foerster Straight Serrated 9.5in","closed","1",""
"D:\augmented_data_random_backgrounds\images\train\Sponge_Holding_Forceps_Foerster_Straight_Serrated_9.5in_closed_01_aug000.jpg","Sponge Holding Forceps Foerster Straight Serrated 9.5in","closed","1","0.0"
"D:\augmented_data_random_backgrounds\images\train\Sponge_Holding_Forceps_Foerster_Straight_Serrated_9.5in_closed_01_aug001.jpg","Sponge Holding Forceps Foerster Straight Serrated 9.5in","closed","1","1.0"
"D:\augmented_data_random_backgrounds\images\train\Sponge_Holding_Forceps_Foerster_Straight_Serrated_9.5in_closed_01_aug002.jpg","Sponge Holding Forceps Foerster Straight Serrated 9.5in","closed","1","2.0"
"D:\augmented_data_random_backgrounds\images\train\Sponge_Holding_Forceps_Foerster_Straight_Serrated_9.5in_closed_01_aug003.jpg","Sponge Holding Forceps Foerster Straight Serrated 9.5in","closed","1","3.0"
"D:\augmented_data_random_backgrounds\images\train\Sponge_Holding_Forceps_Foerster_Straight_Serrated_9.5in_closed_01_aug004.jpg","Sponge Holding Forceps Foerster Straight Serrated 9.5in","closed","1","4.0"
"D:\augmented_data_random_backgrounds\images\train\Sponge_Holding_Forceps_Foerster_Straight_Serrated_9.5in_closed_01_aug005.jpg","Sponge Holding Forceps Foerster Straight Serrated 9.5in","closed","1","5.0"
"D:\augmented_data_random_backgrounds\images\train\Sponge_Holding_Forceps_Foerster_Straight_Serrated_9.5in_closed_01_aug006.jpg","Sponge Holding Forceps Foerster Straight Serrated 9.5in","closed","1","6.0"
"D:\augmented_data_random_backgrounds\images\train\Sponge_Holding_Forceps_Foerster_Straight_Serrated_9.5in_closed_01_aug008.jpg","Sponge Holding Forceps Foerster Straight Serrated 9.5in","closed","1","8.0"
"D:\augmented_data_random_backgrounds\images\train\Sponge_Holding_Forceps_Foerster_Straight_Serrated_9.5in_closed_01_aug009.jpg","Sponge Holding Forceps Foerster Straight Serrated 9.5in","closed","1","9.0"
"D:\augmented_data_random_backgrounds\images\train\Sponge_Holding_Forceps_Foerster_Straight_Serrated_9.5in_closed_01_aug010.jpg","Sponge Holding Forceps Foerster Straight Serrated 9.5in","closed","1","10.0"
"D:\augmented_data_random_backgrounds\images\train\Sponge_Holding_Forceps_Foerster_Straight_Serrated_9.5in_closed_01_aug011.jpg","Sponge Holding Forceps Foerster Straight Serrated 9.5in","closed","1","11.0"
"D:\augmented_data_random_backgrounds\images\train\Sponge_Holding_Forceps_Foerster_Straight_Serrated_9.5in_closed_01_aug012.jpg","Sponge Holding Forceps Foerster Straight Serrated 9.5in","closed","1","12.0"
"D:\augmented_data_random_backgrounds\images\train\Sponge_Holding_Forceps_Foerster_Straight_Serrated_9.5in_closed_01_aug014.jpg","Sponge Holding Forceps Foerster Straight Serrated 9.5in","closed","1","14.0"
"D:\augmented_data_random_backgrounds\images\train\Sponge_Holding_Forceps_Foerster_Straight_Serrated_9.5in_closed_01_aug015.jpg","Sponge Holding Forceps Foerster Straight Serrated 9.5in","closed","1","15.0"
"D:\augmented_data_random_backgrounds\images\train\Sponge_Holding_Forceps_Foerster_Straight_Serrated_9.5in_closed_01_aug017.jpg","Sponge Holding Forceps Foerster Straight Serrated 9.5in","closed","1","17.0"
"D:\augmented_data_random_backgrounds\images\train\Sponge_Holding_Forceps_Foerster_Straight_Serrated_9.5in_closed_01_aug018.jpg","Sponge Holding Forceps Foerster Straight Serrated 9.5in","closed","1","18.0"
"D:\augmented_data_random_backgrounds\images\train\Sponge_Holding_Forceps_Foerster_Straight_Serrated_9.5in_closed_01_aug019.jpg","Sponge Holding Forceps Foerster Straight Serrated 9.5in","closed","1","19.0"
"D:\augmented_data_random_backgrounds\images\train\Sponge_Holding_Forceps_Foerster_Straight_Serrated_9.5in_closed_02.jpg","Sponge Holding Forceps Foerster Straight Serrated 9.5in","closed","2",""
"D:\augmented_data_random_backgrounds\images\train\Sponge_Holding_Forceps_Foerster_Straight_Serrated_9.5in_closed_02_aug000.jpg","Sponge Holding Forceps Foerster Straight Serrated 9.5in","closed","2","0.0"
"D:\augmented_data_random_backgrounds\images\train\Sponge_Holding_Forceps_Foerster_Straight_Serrated_9.5in_closed_02_aug001.jpg","Sponge Holding Forceps Foerster Straight Serrated 9.5in","closed","2","1.0"
"D:\augmented_data_random_backgrounds\images\train\Sponge_Holding_Forceps_Foerster_Straight_Serrated_9.5in_closed_02_aug002.jpg","Sponge Holding Forceps Foerster Straight Serrated 9.5in","closed","2","2.0"
"D:\augmented_data_random_backgrounds\images\train\Sponge_Holding_Forceps_Foerster_Straight_Serrated_9.5in_closed_02_aug003.jpg","Sponge Holding Forceps Foerster Straight Serrated 9.5in","closed","2","3.0"
"D:\augmented_data_random_backgrounds\images\train\Sponge_Holding_Forceps_Foerster_Straight_Serrated_9.5in_closed_02_aug004.jpg","Sponge Holding Forceps Foerster Straight Serrated 9.5in","closed","2","4.0"
"D:\augmented_data_random_backgrounds\images\train\Sponge_Holding_Forceps_Foerster_Straight_Serrated_9.5in_closed_02_aug006.jpg","Sponge Holding Forceps Foerster Straight Serrated 9.5in","closed","2","6.0"
"D:\augmented_data_random_backgrounds\images\train\Sponge_Holding_Forceps_Foerster_Straight_Serrated_9.5in_closed_02_aug007.jpg","Sponge Holding Forceps Foerster Straight Serrated 9.5in","closed","2","7.0"
"D:\augmented_data_random_backgrounds\images\train\Sponge_Holding_Forceps_Foerster_Straight_Serrated_9.5in_closed_02_aug009.jpg","Sponge Holding Forceps Foerster Straight Serrated 9.5in","closed","2","9.0"
"D:\augmented_data_random_backgrounds\images\train\Sponge_Holding_Forceps_Foerster_Straight_Serrated_9.5in_closed_02_aug010.jpg","Sponge Holding Forceps Foerster Straight Serrated 9.5in","closed","2","10.0"
"D:\augmented_data_random_backgrounds\images\train\Sponge_Holding_Forceps_Foerster_Straight_Serrated_9.5in_closed_02_aug011.jpg","Sponge Holding Forceps Foerster Straight Serrated 9.5in","closed","2","11.0"
"D:\augmented_data_random_backgrounds\images\train\Sponge_Holding_Forceps_Foerster_Straight_Serrated_9.5in_closed_02_aug013.jpg","Sponge Holding Forceps Foerster Straight Serrated 9.5in","closed","2","13.0"
"D:\augmented_data_random_backgrounds\images\train\Sponge_Holding_Forceps_Foerster_Straight_Serrated_9.5in_closed_02_aug015.jpg","Sponge Holding Forceps Foerster Straight Serrated 9.5in","closed","2","15.0"
"D:\augmented_data_random_backgrounds\images\train\Sponge_Holding_Forceps_Foerster_Straight_Serrated_9.5in_closed_02_aug016.jpg","Sponge Holding Forceps Foerster Straight Serrated 9.5in","closed","2","16.0"
"D:\augmented_data_random_backgrounds\images\train\Sponge_Holding_Forceps_Foerster_Straight_Serrated_9.5in_closed_02_aug017.jpg","Sponge Holding Forceps Foerster Straight Serrated 9.5in","closed","2","17.0"
"D:\augmented_data_random_backgrounds\images\train\Sponge_Holding_Forceps_Foerster_Straight_Serrated_9.5in_closed_02_aug018.jpg","Sponge Holding Forceps Foerster Straight Serrated 9.5in","closed","2","18.0"
"D:\augmented_data_random_backgrounds\images\train\Sponge_Holding_Forceps_Foerster_Straight_Serrated_9.5in_closed_02_aug019.jpg","Sponge Holding Forceps Foerster Straight Serrated 9.5in","closed","2","19.0"
"D:\augmented_data_random_backgrounds\images\train\Sponge_Holding_Forceps_Foerster_Straight_Serrated_9.5in_closed_03.jpg","Sponge Holding Forceps Foerster Straight Serrated 9.5in","closed","3",""
"D:\augmented_data_random_backgrounds\images\train\Sponge_Holding_Forceps_Foerster_Straight_Serrated_9.5in_closed_03_aug000.jpg","Sponge Holding Forceps Foerster Straight Serrated 9.5in","closed","3","0.0"
"D:\augmented_data_random_backgrounds\images\train\Sponge_Holding_Forceps_Foerster_Straight_Serrated_9.5in_closed_03_aug002.jpg","Sponge Holding Forceps Foerster Straight Serrated 9.5in","closed","3","2.0"
"D:\augmented_data_random_backgrounds\images\train\Sponge_Holding_Forceps_Foerster_Straight_Serrated_9.5in_closed_03_aug003.jpg","Sponge Holding Forceps Foerster Straight Serrated 9.5in","closed","3","3.0"
"D:\augmented_data_random_backgrounds\images\train\Sponge_Holding_Forceps_Foerster_Straight_Serrated_9.5in_closed_03_aug004.jpg","Sponge Holding Forceps Foerster Straight Serrated 9.5in","closed","3","4.0"
"D:\augmented_data_random_backgrounds\images\train\Sponge_Holding_Forceps_Foerster_Straight_Serrated_9.5in_closed_03_aug005.jpg","Sponge Holding Forceps Foerster Straight Serrated 9.5in","closed","3","5.0"
"D:\augmented_data_random_backgrounds\images\train\Sponge_Holding_Forceps_Foerster_Straight_Serrated_9.5in_closed_03_aug006.jpg","Sponge Holding Forceps Foerster Straight Serrated 9.5in","closed","3","6.0"
"D:\augmented_data_random_backgrounds\images\train\Sponge_Holding_Forceps_Foerster_Straight_Serrated_9.5in_closed_03_aug007.jpg","Sponge Holding Forceps Foerster Straight Serrated 9.5in","closed","3","7.0"
"D:\augmented_data_random_backgrounds\images\train\Sponge_Holding_Forceps_Foerster_Straight_Serrated_9.5in_closed_03_aug009.jpg","Sponge Holding Forceps Foerster Straight Serrated 9.5in","closed","3","9.0"
"D:\augmented_data_random_backgrounds\images\train\Sponge_Holding_Forceps_Foerster_Straight_Serrated_9.5in_closed_03_aug010.jpg","Sponge Holding Forceps Foerster Straight Serrated 9.5in","closed","3","10.0"
"D:\augmented_data_random_backgrounds\images\train\Sponge_Holding_Forceps_Foerster_Straight_Serrated_9.5in_closed_03_aug011.jpg","Sponge Holding Forceps Foerster Straight Serrated 9.5in","closed","3","11.0"
"D:\augmented_data_random_backgrounds\images\train\Sponge_Holding_Forceps_Foerster_Straight_Serrated_9.5in_closed_03_aug012.jpg","Sponge Holding Forceps Foerster Straight Serrated 9.5in","closed","3","12.0"
"D:\augmented_data_random_backgrounds\images\train\Sponge_Holding_Forceps_Foerster_Straight_Serrated_9.5in_closed_03_aug013.jpg","Sponge Holding Forceps Foerster Straight Serrated 9.5in","closed","3","13.0"
"D:\augmented_data_random_backgrounds\images\train\Sponge_Holding_Forceps_Foerster_Straight_Serrated_9.5in_closed_03_aug014.jpg","Sponge Holding Forceps Foerster Straight Serrated 9.5in","closed","3","14.0"
"D:\augmented_data_random_backgrounds\images\train\Sponge_Holding_Forceps_Foerster_Straight_Serrated_9.5in_closed_03_aug018.jpg","Sponge Holding Forceps Foerster Straight Serrated 9.5in","closed","3","18.0"
"D:\augmented_data_random_backgrounds\images\train\Sponge_Holding_Forceps_Foerster_Straight_Serrated_9.5in_closed_03_aug019.jpg","Sponge Holding Forceps Foerster Straight Serrated 9.5in","closed","3","19.0"
"D:\augmented_data_random_backgrounds\images\train\Sponge_Holding_Forceps_Foerster_Straight_Serrated_9.5in_closed_04.jpg","Sponge Holding Forceps Foerster Straight Serrated 9.5in","closed","4",""
"D:\augmented_data_random_backgrounds\images\train\Sponge_Holding_Forceps_Foerster_Straight_Serrated_9.5in_closed_04_aug001.jpg","Sponge Holding Forceps Foerster Straight Serrated 9.5in","closed","4","1.0"
"D:\augmented_data_random_backgrounds\images\train\Sponge_Holding_Forceps_Foerster_Straight_Serrated_9.5in_closed_04_aug002.jpg","Sponge Holding Forceps Foerster Straight Serrated 9.5in","closed","4","2.0"
"D:\augmented_data_random_backgrounds\images\train\Sponge_Holding_Forceps_Foerster_Straight_Serrated_9.5in_closed_04_aug003.jpg","Sponge Holding Forceps Foerster Straight Serrated 9.5in","closed","4","3.0"
"D:\augmented_data_random_backgrounds\images\train\Sponge_Holding_Forceps_Foerster_Straight_Serrated_9.5in_closed_04_aug004.jpg","Sponge Holding Forceps Foerster Straight Serrated 9.5in","closed","4","4.0"
"D:\augmented_data_random_backgrounds\images\train\Sponge_Holding_Forceps_Foerster_Straight_Serrated_9.5in_closed_04_aug005.jpg","Sponge Holding Forceps Foerster Straight Serrated 9.5in","closed","4","5.0"
"D:\augmented_data_random_backgrounds\images\train\Sponge_Holding_Forceps_Foerster_Straight_Serrated_9.5in_closed_04_aug006.jpg","Sponge Holding Forceps Foerster Straight Serrated 9.5in","closed","4","6.0"
"D:\augmented_data_random_backgrounds\images\train\Sponge_Holding_Forceps_Foerster_Straight_Serrated_9.5in_closed_04_aug007.jpg","Sponge Holding Forceps Foerster Straight Serrated 9.5in","closed","4","7.0"
"D:\augmented_data_random_backgrounds\images\train\Sponge_Holding_Forceps_Foerster_Straight_Serrated_9.5in_closed_04_aug008.jpg","Sponge Holding Forceps Foerster Straight Serrated 9.5in","closed","4","8.0"
"D:\augmented_data_random_backgrounds\images\train\Sponge_Holding_Forceps_Foerster_Straight_Serrated_9.5in_closed_04_aug009.jpg","Sponge Holding Forceps Foerster Straight Serrated 9.5in","closed","4","9.0"
"D:\augmented_data_random_backgrounds\images\train\Sponge_Holding_Forceps_Foerster_Straight_Serrated_9.5in_closed_04_aug010.jpg","Sponge Holding Forceps Foerster Straight Serrated 9.5in","closed","4","10.0"
"D:\augmented_data_random_backgrounds\images\train\Sponge_Holding_Forceps_Foerster_Straight_Serrated_9.5in_closed_04_aug011.jpg","Sponge Holding Forceps Foerster Straight Serrated 9.5in","closed","4","11.0"
"D:\augmented_data_random_backgrounds\images\train\Sponge_Holding_Forceps_Foerster_Straight_Serrated_9.5in_closed_04_aug015.jpg","Sponge Holding Forceps Foerster Straight Serrated 9.5in","closed","4","15.0"
"D:\augmented_data_random_backgrounds\images\train\Sponge_Holding_Forceps_Foerster_Straight_Serrated_9.5in_closed_04_aug017.jpg","Sponge Holding Forceps Foerster Straight Serrated 9.5in","closed","4","17.0"
"D:\augmented_data_random_backgrounds\images\train\Sponge_Holding_Forceps_Foerster_Straight_Serrated_9.5in_closed_04_aug018.jpg","Sponge Holding Forceps Foerster Straight Serrated 9.5in","closed","4","18.0"
"D:\augmented_data_random_backgrounds\images\train\Sponge_Holding_Forceps_Foerster_Straight_Serrated_9.5in_closed_05.jpg","Sponge Holding Forceps Foerster Straight Serrated 9.5in","closed","5",""
"D:\augmented_data_random_backgrounds\images\train\Sponge_Holding_Forceps_Foerster_Straight_Serrated_9.5in_closed_05_aug000.jpg","Sponge Holding Forceps Foerster Straight Serrated 9.5in","closed","5","0.0"
"D:\augmented_data_random_backgrounds\images\train\Sponge_Holding_Forceps_Foerster_Straight_Serrated_9.5in_closed_05_aug001.jpg","Sponge Holding Forceps Foerster Straight Serrated 9.5in","closed","5","1.0"
"D:\augmented_data_random_backgrounds\images\train\Sponge_Holding_Forceps_Foerster_Straight_Serrated_9.5in_closed_05_aug002.jpg","Sponge Holding Forceps Foerster Straight Serrated 9.5in","closed","5","2.0"
"D:\augmented_data_random_backgrounds\images\train\Sponge_Holding_Forceps_Foerster_Straight_Serrated_9.5in_closed_05_aug003.jpg","Sponge Holding Forceps Foerster Straight Serrated 9.5in","closed","5","3.0"
"D:\augmented_data_random_backgrounds\images\train\Sponge_Holding_Forceps_Foerster_Straight_Serrated_9.5in_closed_05_aug004.jpg","Sponge Holding Forceps Foerster Straight Serrated 9.5in","closed","5","4.0"
"D:\augmented_data_random_backgrounds\images\train\Sponge_Holding_Forceps_Foerster_Straight_Serrated_9.5in_closed_05_aug007.jpg","Sponge Holding Forceps Foerster Straight Serrated 9.5in","closed","5","7.0"
"D:\augmented_data_random_backgrounds\images\train\Sponge_Holding_Forceps_Foerster_Straight_Serrated_9.5in_closed_05_aug008.jpg","Sponge Holding Forceps Foerster Straight Serrated 9.5in","closed","5","8.0"
"D:\augmented_data_random_backgrounds\images\train\Sponge_Holding_Forceps_Foerster_Straight_Serrated_9.5in_closed_05_aug009.jpg","Sponge Holding Forceps Foerster Straight Serrated 9.5in","closed","5","9.0"
"D:\augmented_data_random_backgrounds\images\train\Sponge_Holding_Forceps_Foerster_Straight_Serrated_9.5in_closed_05_aug010.jpg","Sponge Holding Forceps Foerster Straight Serrated 9.5in","closed","5","10.0"
"D:\augmented_data_random_backgrounds\images\train\Sponge_Holding_Forceps_Foerster_Straight_Serrated_9.5in_closed_05_aug011.jpg","Sponge Holding Forceps Foerster Straight Serrated 9.5in","closed","5","11.0"
"D:\augmented_data_random_backgrounds\images\train\Sponge_Holding_Forceps_Foerster_Straight_Serrated_9.5in_closed_05_aug012.jpg","Sponge Holding Forceps Foerster Straight Serrated 9.5in","closed","5","12.0"
"D:\augmented_data_random_backgrounds\images\train\Sponge_Holding_Forceps_Foerster_Straight_Serrated_9.5in_closed_05_aug014.jpg","Sponge Holding Forceps Foerster Straight Serrated 9.5in","closed","5","14.0"
"D:\augmented_data_random_backgrounds\images\train\Sponge_Holding_Forceps_Foerster_Straight_Serrated_9.5in_closed_05_aug015.jpg","Sponge Holding Forceps Foerster Straight Serrated 9.5in","closed","5","15.0"
"D:\augmented_data_random_backgrounds\images\train\Sponge_Holding_Forceps_Foerster_Straight_Serrated_9.5in_closed_05_aug017.jpg","Sponge Holding Forceps Foerster Straight Serrated 9.5in","closed","5","17.0"
"D:\augmented_data_random_backgrounds\images\train\Sponge_Holding_Forceps_Foerster_Straight_Serrated_9.5in_closed_05_aug019.jpg","Sponge Holding Forceps Foerster Straight Serrated 9.5in","closed","5","19.0"
"D:\augmented_data_random_backgrounds\images\train\Sponge_Holding_Forceps_Foerster_Straight_Serrated_9.5in_closed_06.jpg","Sponge Holding Forceps Foerster Straight Serrated 9.5in","closed","6",""
"D:\augmented_data_random_backgrounds\images\train\Sponge_Holding_Forceps_Foerster_Straight_Serrated_9.5in_closed_06_aug000.jpg","Sponge Holding Forceps Foerster Straight Serrated 9.5in","closed","6","0.0"
"D:\augmented_data_random_backgrounds\images\train\Sponge_Holding_Forceps_Foerster_Straight_Serrated_9.5in_closed_06_aug001.jpg","Sponge Holding Forceps Foerster Straight Serrated 9.5in","closed","6","1.0"
"D:\augmented_data_random_backgrounds\images\train\Sponge_Holding_Forceps_Foerster_Straight_Serrated_9.5in_closed_06_aug002.jpg","Sponge Holding Forceps Foerster Straight Serrated 9.5in","closed","6","2.0"
"D:\augmented_data_random_backgrounds\images\train\Sponge_Holding_Forceps_Foerster_Straight_Serrated_9.5in_closed_06_aug003.jpg","Sponge Holding Forceps Foerster Straight Serrated 9.5in","closed","6","3.0"
"D:\augmented_data_random_backgrounds\images\train\Sponge_Holding_Forceps_Foerster_Straight_Serrated_9.5in_closed_06_aug004.jpg","Sponge Holding Forceps Foerster Straight Serrated 9.5in","closed","6","4.0"
"D:\augmented_data_random_backgrounds\images\train\Sponge_Holding_Forceps_Foerster_Straight_Serrated_9.5in_closed_06_aug005.jpg","Sponge Holding Forceps Foerster Straight Serrated 9.5in","closed","6","5.0"
"D:\augmented_data_random_backgrounds\images\train\Sponge_Holding_Forceps_Foerster_Straight_Serrated_9.5in_closed_06_aug006.jpg","Sponge Holding Forceps Foerster Straight Serrated 9.5in","closed","6","6.0"
"D:\augmented_data_random_backgrounds\images\train\Sponge_Holding_Forceps_Foerster_Straight_Serrated_9.5in_closed_06_aug007.jpg","Sponge Holding Forceps Foerster Straight Serrated 9.5in","closed","6","7.0"
"D:\augmented_data_random_backgrounds\images\train\Sponge_Holding_Forceps_Foerster_Straight_Serrated_9.5in_closed_06_aug008.jpg","Sponge Holding Forceps Foerster Straight Serrated 9.5in","closed","6","8.0"
"D:\augmented_data_random_backgrounds\images\train\Sponge_Holding_Forceps_Foerster_Straight_Serrated_9.5in_closed_06_aug009.jpg","Sponge Holding Forceps Foerster Straight Serrated 9.5in","closed","6","9.0"
"D:\augmented_data_random_backgrounds\images\train\Sponge_Holding_Forceps_Foerster_Straight_Serrated_9.5in_closed_06_aug010.jpg","Sponge Holding Forceps Foerster Straight Serrated 9.5in","closed","6","10.0"
"D:\augmented_data_random_backgrounds\images\train\Sponge_Holding_Forceps_Foerster_Straight_Serrated_9.5in_closed_06_aug012.jpg","Sponge Holding Forceps Foerster Straight Serrated 9.5in","closed","6","12.0"
"D:\augmented_data_random_backgrounds\images\train\Sponge_Holding_Forceps_Foerster_Straight_Serrated_9.5in_closed_06_aug014.jpg","Sponge Holding Forceps Foerster Straight Serrated 9.5in","closed","6","14.0"
"D:\augmented_data_random_backgrounds\images\train\Sponge_Holding_Forceps_Foerster_Straight_Serrated_9.5in_closed_06_aug016.jpg","Sponge Holding Forceps Foerster Straight Serrated 9.5in","closed","6","16.0"
"D:\augmented_data_random_backgrounds\images\train\Sponge_Holding_Forceps_Foerster_Straight_Serrated_9.5in_closed_06_aug017.jpg","Sponge Holding Forceps Foerster Straight Serrated 9.5in","closed","6","17.0"
"D:\augmented_data_random_backgrounds\images\train\Sponge_Holding_Forceps_Foerster_Straight_Serrated_9.5in_closed_06_aug019.jpg","Sponge Holding Forceps Foerster Straight Serrated 9.5in","closed","6","19.0"
"D:\augmented_data_random_backgrounds\images\train\Sponge_Holding_Forceps_Foerster_Straight_Serrated_9.5in_closed_07.jpg","Sponge Holding Forceps Foerster Straight Serrated 9.5in","closed","7",""
"D:\augmented_data_random_backgrounds\images\train\Sponge_Holding_Forceps_Foerster_Straight_Serrated_9.5in_closed_07_aug000.jpg","Sponge Holding Forceps Foerster Straight Serrated 9.5in","closed","7","0.0"
"D:\augmented_data_random_backgrounds\images\train\Sponge_Holding_Forceps_Foerster_Straight_Serrated_9.5in_closed_07_aug001.jpg","Sponge Holding Forceps Foerster Straight Serrated 9.5in","closed","7","1.0"
"D:\augmented_data_random_backgrounds\images\train\Sponge_Holding_Forceps_Foerster_Straight_Serrated_9.5in_closed_07_aug003.jpg","Sponge Holding Forceps Foerster Straight Serrated 9.5in","closed","7","3.0"
"D:\augmented_data_random_backgrounds\images\train\Sponge_Holding_Forceps_Foerster_Straight_Serrated_9.5in_closed_07_aug005.jpg","Sponge Holding Forceps Foerster Straight Serrated 9.5in","closed","7","5.0"
"D:\augmented_data_random_backgrounds\images\train\Sponge_Holding_Forceps_Foerster_Straight_Serrated_9.5in_closed_07_aug006.jpg","Sponge Holding Forceps Foerster Straight Serrated 9.5in","closed","7","6.0"
"D:\augmented_data_random_backgrounds\images\train\Sponge_Holding_Forceps_Foerster_Straight_Serrated_9.5in_closed_07_aug007.jpg","Sponge Holding Forceps Foerster Straight Serrated 9.5in","closed","7","7.0"
"D:\augmented_data_random_backgrounds\images\train\Sponge_Holding_Forceps_Foerster_Straight_Serrated_9.5in_closed_07_aug009.jpg","Sponge Holding Forceps Foerster Straight Serrated 9.5in","closed","7","9.0"
"D:\augmented_data_random_backgrounds\images\train\Sponge_Holding_Forceps_Foerster_Straight_Serrated_9.5in_closed_07_aug013.jpg","Sponge Holding Forceps Foerster Straight Serrated 9.5in","closed","7","13.0"
"D:\augmented_data_random_backgrounds\images\train\Sponge_Holding_Forceps_Foerster_Straight_Serrated_9.5in_closed_07_aug014.jpg","Sponge Holding Forceps Foerster Straight Serrated 9.5in","closed","7","14.0"
"D:\augmented_data_random_backgrounds\images\train\Sponge_Holding_Forceps_Foerster_Straight_Serrated_9.5in_closed_07_aug015.jpg","Sponge Holding Forceps Foerster Straight Serrated 9.5in","closed","7","15.0"
"D:\augmented_data_random_backgrounds\images\train\Sponge_Holding_Forceps_Foerster_Straight_Serrated_9.5in_closed_07_aug016.jpg","Sponge Holding Forceps Foerster Straight Serrated 9.5in","closed","7","16.0"
"D:\augmented_data_random_backgrounds\images\train\Sponge_Holding_Forceps_Foerster_Straight_Serrated_9.5in_closed_07_aug017.jpg","Sponge Holding Forceps Foerster Straight Serrated 9.5in","closed","7","17.0"
"D:\augmented_data_random_backgrounds\images\train\Sponge_Holding_Forceps_Foerster_Straight_Serrated_9.5in_closed_07_aug019.jpg","Sponge Holding Forceps Foerster Straight Serrated 9.5in","closed","7","19.0"
"D:\augmented_data_random_backgrounds\images\train\Sponge_Holding_Forceps_Foerster_Straight_Serrated_9.5in_closed_08_aug000.jpg","Sponge Holding Forceps Foerster Straight Serrated 9.5in","closed","8","0.0"
"D:\augmented_data_random_backgrounds\images\train\Sponge_Holding_Forceps_Foerster_Straight_Serrated_9.5in_closed_08_aug001.jpg","Sponge Holding Forceps Foerster Straight Serrated 9.5in","closed","8","1.0"
"D:\augmented_data_random_backgrounds\images\train\Sponge_Holding_Forceps_Foerster_Straight_Serrated_9.5in_closed_08_aug002.jpg","Sponge Holding Forceps Foerster Straight Serrated 9.5in","closed","8","2.0"
"D:\augmented_data_random_backgrounds\images\train\Sponge_Holding_Forceps_Foerster_Straight_Serrated_9.5in_closed_08_aug003.jpg","Sponge Holding Forceps Foerster Straight Serrated 9.5in","closed","8","3.0"
"D:\augmented_data_random_backgrounds\images\train\Sponge_Holding_Forceps_Foerster_Straight_Serrated_9.5in_closed_08_aug004.jpg","Sponge Holding Forceps Foerster Straight Serrated 9.5in","closed","8","4.0"
"D:\augmented_data_random_backgrounds\images\train\Sponge_Holding_Forceps_Foerster_Straight_Serrated_9.5in_closed_08_aug005.jpg","Sponge Holding Forceps Foerster Straight Serrated 9.5in","closed","8","5.0"
"D:\augmented_data_random_backgrounds\images\train\Sponge_Holding_Forceps_Foerster_Straight_Serrated_9.5in_closed_08_aug006.jpg","Sponge Holding Forceps Foerster Straight Serrated 9.5in","closed","8","6.0"
"D:\augmented_data_random_backgrounds\images\train\Sponge_Holding_Forceps_Foerster_Straight_Serrated_9.5in_closed_08_aug007.jpg","Sponge Holding Forceps Foerster Straight Serrated 9.5in","closed","8","7.0"
"D:\augmented_data_random_backgrounds\images\train\Sponge_Holding_Forceps_Foerster_Straight_Serrated_9.5in_closed_08_aug008.jpg","Sponge Holding Forceps Foerster Straight Serrated 9.5in","closed","8","8.0"
"D:\augmented_data_random_backgrounds\images\train\Sponge_Holding_Forceps_Foerster_Straight_Serrated_9.5in_closed_08_aug009.jpg","Sponge Holding Forceps Foerster Straight Serrated 9.5in","closed","8","9.0"
"D:\augmented_data_random_backgrounds\images\train\Sponge_Holding_Forceps_Foerster_Straight_Serrated_9.5in_closed_08_aug010.jpg","Sponge Holding Forceps Foerster Straight Serrated 9.5in","closed","8","10.0"
"D:\augmented_data_random_backgrounds\images\train\Sponge_Holding_Forceps_Foerster_Straight_Serrated_9.5in_closed_08_aug011.jpg","Sponge Holding Forceps Foerster Straight Serrated 9.5in","closed","8","11.0"
"D:\augmented_data_random_backgrounds\images\train\Sponge_Holding_Forceps_Foerster_Straight_Serrated_9.5in_closed_08_aug012.jpg","Sponge Holding Forceps Foerster Straight Serrated 9.5in","closed","8","12.0"
"D:\augmented_data_random_backgrounds\images\train\Sponge_Holding_Forceps_Foerster_Straight_Serrated_9.5in_closed_08_aug013.jpg","Sponge Holding Forceps Foerster Straight Serrated 9.5in","closed","8","13.0"
"D:\augmented_data_random_backgrounds\images\train\Sponge_Holding_Forceps_Foerster_Straight_Serrated_9.5in_closed_08_aug014.jpg","Sponge Holding Forceps Foerster Straight Serrated 9.5in","closed","8","14.0"
"D:\augmented_data_random_backgrounds\images\train\Sponge_Holding_Forceps_Foerster_Straight_Serrated_9.5in_closed_08_aug015.jpg","Sponge Holding Forceps Foerster Straight Serrated 9.5in","closed","8","15.0"
"D:\augmented_data_random_backgrounds\images\train\Sponge_Holding_Forceps_Foerster_Straight_Serrated_9.5in_closed_08_aug016.jpg","Sponge Holding Forceps Foerster Straight Serrated 9.5in","closed","8","16.0"
"D:\augmented_data_random_backgrounds\images\train\Sponge_Holding_Forceps_Foerster_Straight_Serrated_9.5in_closed_08_aug018.jpg","Sponge Holding Forceps Foerster Straight Serrated 9.5in","closed","8","18.0"
"D:\augmented_data_random_backgrounds\images\train\Sponge_Holding_Forceps_Foerster_Straight_Serrated_9.5in_closed_08_aug019.jpg","Sponge Holding Forceps Foerster Straight Serrated 9.5in","closed","8","19.0"
"D:\augmented_data_random_backgrounds\images\train\Sponge_Holding_Forceps_Foerster_Straight_Serrated_9.5in_closed_09.jpg","Sponge Holding Forceps Foerster Straight Serrated 9.5in","closed","9",""
"D:\augmented_data_random_backgrounds\images\train\Sponge_Holding_Forceps_Foerster_Straight_Serrated_9.5in_closed_09_aug000.jpg","Sponge Holding Forceps Foerster Straight Serrated 9.5in","closed","9","0.0"
"D:\augmented_data_random_backgrounds\images\train\Sponge_Holding_Forceps_Foerster_Straight_Serrated_9.5in_closed_09_aug001.jpg","Sponge Holding Forceps Foerster Straight Serrated 9.5in","closed","9","1.0"
"D:\augmented_data_random_backgrounds\images\train\Sponge_Holding_Forceps_Foerster_Straight_Serrated_9.5in_closed_09_aug002.jpg","Sponge Holding Forceps Foerster Straight Serrated 9.5in","closed","9","2.0"
"D:\augmented_data_random_backgrounds\images\train\Sponge_Holding_Forceps_Foerster_Straight_Serrated_9.5in_closed_09_aug003.jpg","Sponge Holding Forceps Foerster Straight Serrated 9.5in","closed","9","3.0"
"D:\augmented_data_random_backgrounds\images\train\Sponge_Holding_Forceps_Foerster_Straight_Serrated_9.5in_closed_09_aug004.jpg","Sponge Holding Forceps Foerster Straight Serrated 9.5in","closed","9","4.0"
"D:\augmented_data_random_backgrounds\images\train\Sponge_Holding_Forceps_Foerster_Straight_Serrated_9.5in_closed_09_aug005.jpg","Sponge Holding Forceps Foerster Straight Serrated 9.5in","closed","9","5.0"
"D:\augmented_data_random_backgrounds\images\train\Sponge_Holding_Forceps_Foerster_Straight_Serrated_9.5in_closed_09_aug006.jpg","Sponge Holding Forceps Foerster Straight Serrated 9.5in","closed","9","6.0"
"D:\augmented_data_random_backgrounds\images\train\Sponge_Holding_Forceps_Foerster_Straight_Serrated_9.5in_closed_09_aug007.jpg","Sponge Holding Forceps Foerster Straight Serrated 9.5in","closed","9","7.0"
"D:\augmented_data_random_backgrounds\images\train\Sponge_Holding_Forceps_Foerster_Straight_Serrated_9.5in_closed_09_aug009.jpg","Sponge Holding Forceps Foerster Straight Serrated 9.5in","closed","9","9.0"
"D:\augmented_data_random_backgrounds\images\train\Sponge_Holding_Forceps_Foerster_Straight_Serrated_9.5in_closed_09_aug010.jpg","Sponge Holding Forceps Foerster Straight Serrated 9.5in","closed","9","10.0"
"D:\augmented_data_random_backgrounds\images\train\Sponge_Holding_Forceps_Foerster_Straight_Serrated_9.5in_closed_09_aug011.jpg","Sponge Holding Forceps Foerster Straight Serrated 9.5in","closed","9","11.0"
"D:\augmented_data_random_backgrounds\images\train\Sponge_Holding_Forceps_Foerster_Straight_Serrated_9.5in_closed_09_aug012.jpg","Sponge Holding Forceps Foerster Straight Serrated 9.5in","closed","9","12.0"
"D:\augmented_data_random_backgrounds\images\train\Sponge_Holding_Forceps_Foerster_Straight_Serrated_9.5in_closed_09_aug013.jpg","Sponge Holding Forceps Foerster Straight Serrated 9.5in","closed","9","13.0"
"D:\augmented_data_random_backgrounds\images\train\Sponge_Holding_Forceps_Foerster_Straight_Serrated_9.5in_closed_09_aug014.jpg","Sponge Holding Forceps Foerster Straight Serrated 9.5in","closed","9","14.0"
"D:\augmented_data_random_backgrounds\images\train\Sponge_Holding_Forceps_Foerster_Straight_Serrated_9.5in_closed_09_aug015.jpg","Sponge Holding Forceps Foerster Straight Serrated 9.5in","closed","9","15.0"
"D:\augmented_data_random_backgrounds\images\train\Sponge_Holding_Forceps_Foerster_Straight_Serrated_9.5in_closed_09_aug016.jpg","Sponge Holding Forceps Foerster Straight Serrated 9.5in","closed","9","16.0"
"D:\augmented_data_random_backgrounds\images\train\Sponge_Holding_Forceps_Foerster_Straight_Serrated_9.5in_closed_09_aug017.jpg","Sponge Holding Forceps Foerster Straight Serrated 9.5in","closed","9","17.0"
"D:\augmented_data_random_backgrounds\images\train\Sponge_Holding_Forceps_Foerster_Straight_Serrated_9.5in_closed_09_aug018.jpg","Sponge Holding Forceps Foerster Straight Serrated 9.5in","closed","9","18.0"
"D:\augmented_data_random_backgrounds\images\train\Sponge_Holding_Forceps_Foerster_Straight_Serrated_9.5in_closed_10.jpg","Sponge Holding Forceps Foerster Straight Serrated 9.5in","closed","10",""
"D:\augmented_data_random_backgrounds\images\train\Sponge_Holding_Forceps_Foerster_Straight_Serrated_9.5in_closed_10_aug000.jpg","Sponge Holding Forceps Foerster Straight Serrated 9.5in","closed","10","0.0"
"D:\augmented_data_random_backgrounds\images\train\Sponge_Holding_Forceps_Foerster_Straight_Serrated_9.5in_closed_10_aug002.jpg","Sponge Holding Forceps Foerster Straight Serrated 9.5in","closed","10","2.0"
"D:\augmented_data_random_backgrounds\images\train\Sponge_Holding_Forceps_Foerster_Straight_Serrated_9.5in_closed_10_aug003.jpg","Sponge Holding Forceps Foerster Straight Serrated 9.5in","closed","10","3.0"
"D:\augmented_data_random_backgrounds\images\train\Sponge_Holding_Forceps_Foerster_Straight_Serrated_9.5in_closed_10_aug004.jpg","Sponge Holding Forceps Foerster Straight Serrated 9.5in","closed","10","4.0"
"D:\augmented_data_random_backgrounds\images\train\Sponge_Holding_Forceps_Foerster_Straight_Serrated_9.5in_closed_10_aug005.jpg","Sponge Holding Forceps Foerster Straight Serrated 9.5in","closed","10","5.0"
"D:\augmented_data_random_backgrounds\images\train\Sponge_Holding_Forceps_Foerster_Straight_Serrated_9.5in_closed_10_aug006.jpg","Sponge Holding Forceps Foerster Straight Serrated 9.5in","closed","10","6.0"
"D:\augmented_data_random_backgrounds\images\train\Sponge_Holding_Forceps_Foerster_Straight_Serrated_9.5in_closed_10_aug007.jpg","Sponge Holding Forceps Foerster Straight Serrated 9.5in","closed","10","7.0"
"D:\augmented_data_random_backgrounds\images\train\Sponge_Holding_Forceps_Foerster_Straight_Serrated_9.5in_closed_10_aug008.jpg","Sponge Holding Forceps Foerster Straight Serrated 9.5in","closed","10","8.0"
"D:\augmented_data_random_backgrounds\images\train\Sponge_Holding_Forceps_Foerster_Straight_Serrated_9.5in_closed_10_aug009.jpg","Sponge Holding Forceps Foerster Straight Serrated 9.5in","closed","10","9.0"
"D:\augmented_data_random_backgrounds\images\train\Sponge_Holding_Forceps_Foerster_Straight_Serrated_9.5in_closed_10_aug010.jpg","Sponge Holding Forceps Foerster Straight Serrated 9.5in","closed","10","10.0"
"D:\augmented_data_random_backgrounds\images\train\Sponge_Holding_Forceps_Foerster_Straight_Serrated_9.5in_closed_10_aug011.jpg","Sponge Holding Forceps Foerster Straight Serrated 9.5in","closed","10","11.0"
"D:\augmented_data_random_backgrounds\images\train\Sponge_Holding_Forceps_Foerster_Straight_Serrated_9.5in_closed_10_aug012.jpg","Sponge Holding Forceps Foerster Straight Serrated 9.5in","closed","10","12.0"
"D:\augmented_data_random_backgrounds\images\train\Sponge_Holding_Forceps_Foerster_Straight_Serrated_9.5in_closed_10_aug014.jpg","Sponge Holding Forceps Foerster Straight Serrated 9.5in","closed","10","14.0"
"D:\augmented_data_random_backgrounds\images\train\Sponge_Holding_Forceps_Foerster_Straight_Serrated_9.5in_closed_10_aug015.jpg","Sponge Holding Forceps Foerster Straight Serrated 9.5in","closed","10","15.0"
"D:\augmented_data_random_backgrounds\images\train\Sponge_Holding_Forceps_Foerster_Straight_Serrated_9.5in_closed_10_aug016.jpg","Sponge Holding Forceps Foerster Straight Serrated 9.5in","closed","10","16.0"
"D:\augmented_data_random_backgrounds\images\train\Sponge_Holding_Forceps_Foerster_Straight_Serrated_9.5in_closed_10_aug017.jpg","Sponge Holding Forceps Foerster Straight Serrated 9.5in","closed","10","17.0"
"D:\augmented_data_random_backgrounds\images\train\Sponge_Holding_Forceps_Foerster_Straight_Serrated_9.5in_closed_10_aug018.jpg","Sponge Holding Forceps Foerster Straight Serrated 9.5in","closed","10","18.0"
"D:\augmented_data_random_backgrounds\images\train\Sponge_Holding_Forceps_Foerster_Straight_Serrated_9.5in_closed_11.jpg","Sponge Holding Forceps Foerster Straight Serrated 9.5in","closed","11",""
"D:\augmented_data_random_backgrounds\images\train\Sponge_Holding_Forceps_Foerster_Straight_Serrated_9.5in_closed_11_aug000.jpg","Sponge Holding Forceps Foerster Straight Serrated 9.5in","closed","11","0.0"
"D:\augmented_data_random_backgrounds\images\train\Sponge_Holding_Forceps_Foerster_Straight_Serrated_9.5in_closed_11_aug001.jpg","Sponge Holding Forceps Foerster Straight Serrated 9.5in","closed","11","1.0"
"D:\augmented_data_random_backgrounds\images\train\Sponge_Holding_Forceps_Foerster_Straight_Serrated_9.5in_closed_11_aug003.jpg","Sponge Holding Forceps Foerster Straight Serrated 9.5in","closed","11","3.0"
"D:\augmented_data_random_backgrounds\images\train\Sponge_Holding_Forceps_Foerster_Straight_Serrated_9.5in_closed_11_aug004.jpg","Sponge Holding Forceps Foerster Straight Serrated 9.5in","closed","11","4.0"
"D:\augmented_data_random_backgrounds\images\train\Sponge_Holding_Forceps_Foerster_Straight_Serrated_9.5in_closed_11_aug005.jpg","Sponge Holding Forceps Foerster Straight Serrated 9.5in","closed","11","5.0"
"D:\augmented_data_random_backgrounds\images\train\Sponge_Holding_Forceps_Foerster_Straight_Serrated_9.5in_closed_11_aug006.jpg","Sponge Holding Forceps Foerster Straight Serrated 9.5in","closed","11","6.0"
"D:\augmented_data_random_backgrounds\images\train\Sponge_Holding_Forceps_Foerster_Straight_Serrated_9.5in_closed_11_aug007.jpg","Sponge Holding Forceps Foerster Straight Serrated 9.5in","closed","11","7.0"
"D:\augmented_data_random_backgrounds\images\train\Sponge_Holding_Forceps_Foerster_Straight_Serrated_9.5in_closed_11_aug008.jpg","Sponge Holding Forceps Foerster Straight Serrated 9.5in","closed","11","8.0"
"D:\augmented_data_random_backgrounds\images\train\Sponge_Holding_Forceps_Foerster_Straight_Serrated_9.5in_closed_11_aug009.jpg","Sponge Holding Forceps Foerster Straight Serrated 9.5in","closed","11","9.0"
"D:\augmented_data_random_backgrounds\images\train\Sponge_Holding_Forceps_Foerster_Straight_Serrated_9.5in_closed_11_aug010.jpg","Sponge Holding Forceps Foerster Straight Serrated 9.5in","closed","11","10.0"
"D:\augmented_data_random_backgrounds\images\train\Sponge_Holding_Forceps_Foerster_Straight_Serrated_9.5in_closed_11_aug011.jpg","Sponge Holding Forceps Foerster Straight Serrated 9.5in","closed","11","11.0"
"D:\augmented_data_random_backgrounds\images\train\Sponge_Holding_Forceps_Foerster_Straight_Serrated_9.5in_closed_11_aug012.jpg","Sponge Holding Forceps Foerster Straight Serrated 9.5in","closed","11","12.0"
"D:\augmented_data_random_backgrounds\images\train\Sponge_Holding_Forceps_Foerster_Straight_Serrated_9.5in_closed_11_aug013.jpg","Sponge Holding Forceps Foerster Straight Serrated 9.5in","closed","11","13.0"
"D:\augmented_data_random_backgrounds\images\train\Sponge_Holding_Forceps_Foerster_Straight_Serrated_9.5in_closed_11_aug014.jpg","Sponge Holding Forceps Foerster Straight Serrated 9.5in","closed","11","14.0"
"D:\augmented_data_random_backgrounds\images\train\Sponge_Holding_Forceps_Foerster_Straight_Serrated_9.5in_closed_11_aug015.jpg","Sponge Holding Forceps Foerster Straight Serrated 9.5in","closed","11","15.0"
"D:\augmented_data_random_backgrounds\images\train\Sponge_Holding_Forceps_Foerster_Straight_Serrated_9.5in_closed_11_aug016.jpg","Sponge Holding Forceps Foerster Straight Serrated 9.5in","closed","11","16.0"
"D:\augmented_data_random_backgrounds\images\train\Sponge_Holding_Forceps_Foerster_Straight_Serrated_9.5in_closed_11_aug018.jpg","Sponge Holding Forceps Foerster Straight Serrated 9.5in","closed","11","18.0"
"D:\augmented_data_random_backgrounds\images\train\Sponge_Holding_Forceps_Foerster_Straight_Serrated_9.5in_closed_12.jpg","Sponge Holding Forceps Foerster Straight Serrated 9.5in","closed","12",""
"D:\augmented_data_random_backgrounds\images\train\Sponge_Holding_Forceps_Foerster_Straight_Serrated_9.5in_closed_12_aug001.jpg","Sponge Holding Forceps Foerster Straight Serrated 9.5in","closed","12","1.0"
"D:\augmented_data_random_backgrounds\images\train\Sponge_Holding_Forceps_Foerster_Straight_Serrated_9.5in_closed_12_aug002.jpg","Sponge Holding Forceps Foerster Straight Serrated 9.5in","closed","12","2.0"
"D:\augmented_data_random_backgrounds\images\train\Sponge_Holding_Forceps_Foerster_Straight_Serrated_9.5in_closed_12_aug003.jpg","Sponge Holding Forceps Foerster Straight Serrated 9.5in","closed","12","3.0"
"D:\augmented_data_random_backgrounds\images\train\Sponge_Holding_Forceps_Foerster_Straight_Serrated_9.5in_closed_12_aug004.jpg","Sponge Holding Forceps Foerster Straight Serrated 9.5in","closed","12","4.0"
"D:\augmented_data_random_backgrounds\images\train\Sponge_Holding_Forceps_Foerster_Straight_Serrated_9.5in_closed_12_aug005.jpg","Sponge Holding Forceps Foerster Straight Serrated 9.5in","closed","12","5.0"
"D:\augmented_data_random_backgrounds\images\train\Sponge_Holding_Forceps_Foerster_Straight_Serrated_9.5in_closed_12_aug006.jpg","Sponge Holding Forceps Foerster Straight Serrated 9.5in","closed","12","6.0"
"D:\augmented_data_random_backgrounds\images\train\Sponge_Holding_Forceps_Foerster_Straight_Serrated_9.5in_closed_12_aug007.jpg","Sponge Holding Forceps Foerster Straight Serrated 9.5in","closed","12","7.0"
"D:\augmented_data_random_backgrounds\images\train\Sponge_Holding_Forceps_Foerster_Straight_Serrated_9.5in_closed_12_aug008.jpg","Sponge Holding Forceps Foerster Straight Serrated 9.5in","closed","12","8.0"
"D:\augmented_data_random_backgrounds\images\train\Sponge_Holding_Forceps_Foerster_Straight_Serrated_9.5in_closed_12_aug009.jpg","Sponge Holding Forceps Foerster Straight Serrated 9.5in","closed","12","9.0"
"D:\augmented_data_random_backgrounds\images\train\Sponge_Holding_Forceps_Foerster_Straight_Serrated_9.5in_closed_12_aug010.jpg","Sponge Holding Forceps Foerster Straight Serrated 9.5in","closed","12","10.0"
"D:\augmented_data_random_backgrounds\images\train\Sponge_Holding_Forceps_Foerster_Straight_Serrated_9.5in_closed_12_aug011.jpg","Sponge Holding Forceps Foerster Straight Serrated 9.5in","closed","12","11.0"
"D:\augmented_data_random_backgrounds\images\train\Sponge_Holding_Forceps_Foerster_Straight_Serrated_9.5in_closed_12_aug013.jpg","Sponge Holding Forceps Foerster Straight Serrated 9.5in","closed","12","13.0"
"D:\augmented_data_random_backgrounds\images\train\Sponge_Holding_Forceps_Foerster_Straight_Serrated_9.5in_closed_12_aug014.jpg","Sponge Holding Forceps Foerster Straight Serrated 9.5in","closed","12","14.0"
"D:\augmented_data_random_backgrounds\images\train\Sponge_Holding_Forceps_Foerster_Straight_Serrated_9.5in_closed_12_aug015.jpg","Sponge Holding Forceps Foerster Straight Serrated 9.5in","closed","12","15.0"
"D:\augmented_data_random_backgrounds\images\train\Sponge_Holding_Forceps_Foerster_Straight_Serrated_9.5in_closed_12_aug016.jpg","Sponge Holding Forceps Foerster Straight Serrated 9.5in","closed","12","16.0"
"D:\augmented_data_random_backgrounds\images\train\Sponge_Holding_Forceps_Foerster_Straight_Serrated_9.5in_closed_12_aug017.jpg","Sponge Holding Forceps Foerster Straight Serrated 9.5in","closed","12","17.0"
"D:\augmented_data_random_backgrounds\images\train\Sponge_Holding_Forceps_Foerster_Straight_Serrated_9.5in_closed_13.jpg","Sponge Holding Forceps Foerster Straight Serrated 9.5in","closed","13",""
"D:\augmented_data_random_backgrounds\images\train\Sponge_Holding_Forceps_Foerster_Straight_Serrated_9.5in_closed_13_aug000.jpg","Sponge Holding Forceps Foerster Straight Serrated 9.5in","closed","13","0.0"
"D:\augmented_data_random_backgrounds\images\train\Sponge_Holding_Forceps_Foerster_Straight_Serrated_9.5in_closed_13_aug001.jpg","Sponge Holding Forceps Foerster Straight Serrated 9.5in","closed","13","1.0"
"D:\augmented_data_random_backgrounds\images\train\Sponge_Holding_Forceps_Foerster_Straight_Serrated_9.5in_closed_13_aug002.jpg","Sponge Holding Forceps Foerster Straight Serrated 9.5in","closed","13","2.0"
"D:\augmented_data_random_backgrounds\images\train\Sponge_Holding_Forceps_Foerster_Straight_Serrated_9.5in_closed_13_aug003.jpg","Sponge Holding Forceps Foerster Straight Serrated 9.5in","closed","13","3.0"
"D:\augmented_data_random_backgrounds\images\train\Sponge_Holding_Forceps_Foerster_Straight_Serrated_9.5in_closed_13_aug004.jpg","Sponge Holding Forceps Foerster Straight Serrated 9.5in","closed","13","4.0"
"D:\augmented_data_random_backgrounds\images\train\Sponge_Holding_Forceps_Foerster_Straight_Serrated_9.5in_closed_13_aug005.jpg","Sponge Holding Forceps Foerster Straight Serrated 9.5in","closed","13","5.0"
"D:\augmented_data_random_backgrounds\images\train\Sponge_Holding_Forceps_Foerster_Straight_Serrated_9.5in_closed_13_aug006.jpg","Sponge Holding Forceps Foerster Straight Serrated 9.5in","closed","13","6.0"
"D:\augmented_data_random_backgrounds\images\train\Sponge_Holding_Forceps_Foerster_Straight_Serrated_9.5in_closed_13_aug007.jpg","Sponge Holding Forceps Foerster Straight Serrated 9.5in","closed","13","7.0"
"D:\augmented_data_random_backgrounds\images\train\Sponge_Holding_Forceps_Foerster_Straight_Serrated_9.5in_closed_13_aug008.jpg","Sponge Holding Forceps Foerster Straight Serrated 9.5in","closed","13","8.0"
"D:\augmented_data_random_backgrounds\images\train\Sponge_Holding_Forceps_Foerster_Straight_Serrated_9.5in_closed_13_aug009.jpg","Sponge Holding Forceps Foerster Straight Serrated 9.5in","closed","13","9.0"
"D:\augmented_data_random_backgrounds\images\train\Sponge_Holding_Forceps_Foerster_Straight_Serrated_9.5in_closed_13_aug010.jpg","Sponge Holding Forceps Foerster Straight Serrated 9.5in","closed","13","10.0"
"D:\augmented_data_random_backgrounds\images\train\Sponge_Holding_Forceps_Foerster_Straight_Serrated_9.5in_closed_13_aug011.jpg","Sponge Holding Forceps Foerster Straight Serrated 9.5in","closed","13","11.0"
"D:\augmented_data_random_backgrounds\images\train\Sponge_Holding_Forceps_Foerster_Straight_Serrated_9.5in_closed_13_aug012.jpg","Sponge Holding Forceps Foerster Straight Serrated 9.5in","closed","13","12.0"
"D:\augmented_data_random_backgrounds\images\train\Sponge_Holding_Forceps_Foerster_Straight_Serrated_9.5in_closed_13_aug013.jpg","Sponge Holding Forceps Foerster Straight Serrated 9.5in","closed","13","13.0"
"D:\augmented_data_random_backgrounds\images\train\Sponge_Holding_Forceps_Foerster_Straight_Serrated_9.5in_closed_13_aug015.jpg","Sponge Holding Forceps Foerster Straight Serrated 9.5in","closed","13","15.0"
"D:\augmented_data_random_backgrounds\images\train\Sponge_Holding_Forceps_Foerster_Straight_Serrated_9.5in_closed_13_aug016.jpg","Sponge Holding Forceps Foerster Straight Serrated 9.5in","closed","13","16.0"
"D:\augmented_data_random_backgrounds\images\train\Sponge_Holding_Forceps_Foerster_Straight_Serrated_9.5in_closed_13_aug017.jpg","Sponge Holding Forceps Foerster Straight Serrated 9.5in","closed","13","17.0"
"D:\augmented_data_random_backgrounds\images\train\Sponge_Holding_Forceps_Foerster_Straight_Serrated_9.5in_closed_13_aug018.jpg","Sponge Holding Forceps Foerster Straight Serrated 9.5in","closed","13","18.0"
"D:\augmented_data_random_backgrounds\images\train\Sponge_Holding_Forceps_Foerster_Straight_Serrated_9.5in_closed_13_aug019.jpg","Sponge Holding Forceps Foerster Straight Serrated 9.5in","closed","13","19.0"
"D:\augmented_data_random_backgrounds\images\train\Sponge_Holding_Forceps_Foerster_Straight_Serrated_9.5in_closed_14_aug000.jpg","Sponge Holding Forceps Foerster Straight Serrated 9.5in","closed","14","0.0"
"D:\augmented_data_random_backgrounds\images\train\Sponge_Holding_Forceps_Foerster_Straight_Serrated_9.5in_closed_14_aug001.jpg","Sponge Holding Forceps Foerster Straight Serrated 9.5in","closed","14","1.0"
"D:\augmented_data_random_backgrounds\images\train\Sponge_Holding_Forceps_Foerster_Straight_Serrated_9.5in_closed_14_aug002.jpg","Sponge Holding Forceps Foerster Straight Serrated 9.5in","closed","14","2.0"
"D:\augmented_data_random_backgrounds\images\train\Sponge_Holding_Forceps_Foerster_Straight_Serrated_9.5in_closed_14_aug003.jpg","Sponge Holding Forceps Foerster Straight Serrated 9.5in","closed","14","3.0"
"D:\augmented_data_random_backgrounds\images\train\Sponge_Holding_Forceps_Foerster_Straight_Serrated_9.5in_closed_14_aug004.jpg","Sponge Holding Forceps Foerster Straight Serrated 9.5in","closed","14","4.0"
"D:\augmented_data_random_backgrounds\images\train\Sponge_Holding_Forceps_Foerster_Straight_Serrated_9.5in_closed_14_aug005.jpg","Sponge Holding Forceps Foerster Straight Serrated 9.5in","closed","14","5.0"
"D:\augmented_data_random_backgrounds\images\train\Sponge_Holding_Forceps_Foerster_Straight_Serrated_9.5in_closed_14_aug007.jpg","Sponge Holding Forceps Foerster Straight Serrated 9.5in","closed","14","7.0"
"D:\augmented_data_random_backgrounds\images\train\Sponge_Holding_Forceps_Foerster_Straight_Serrated_9.5in_closed_14_aug008.jpg","Sponge Holding Forceps Foerster Straight Serrated 9.5in","closed","14","8.0"
"D:\augmented_data_random_backgrounds\images\train\Sponge_Holding_Forceps_Foerster_Straight_Serrated_9.5in_closed_14_aug009.jpg","Sponge Holding Forceps Foerster Straight Serrated 9.5in","closed","14","9.0"
"D:\augmented_data_random_backgrounds\images\train\Sponge_Holding_Forceps_Foerster_Straight_Serrated_9.5in_closed_14_aug010.jpg","Sponge Holding Forceps Foerster Straight Serrated 9.5in","closed","14","10.0"
"D:\augmented_data_random_backgrounds\images\train\Sponge_Holding_Forceps_Foerster_Straight_Serrated_9.5in_closed_14_aug011.jpg","Sponge Holding Forceps Foerster Straight Serrated 9.5in","closed","14","11.0"
"D:\augmented_data_random_backgrounds\images\train\Sponge_Holding_Forceps_Foerster_Straight_Serrated_9.5in_closed_14_aug014.jpg","Sponge Holding Forceps Foerster Straight Serrated 9.5in","closed","14","14.0"
"D:\augmented_data_random_backgrounds\images\train\Sponge_Holding_Forceps_Foerster_Straight_Serrated_9.5in_closed_14_aug015.jpg","Sponge Holding Forceps Foerster Straight Serrated 9.5in","closed","14","15.0"
"D:\augmented_data_random_backgrounds\images\train\Sponge_Holding_Forceps_Foerster_Straight_Serrated_9.5in_closed_14_aug016.jpg","Sponge Holding Forceps Foerster Straight Serrated 9.5in","closed","14","16.0"
"D:\augmented_data_random_backgrounds\images\train\Sponge_Holding_Forceps_Foerster_Straight_Serrated_9.5in_closed_14_aug017.jpg","Sponge Holding Forceps Foerster Straight Serrated 9.5in","closed","14","17.0"
"D:\augmented_data_random_backgrounds\images\train\Sponge_Holding_Forceps_Foerster_Straight_Serrated_9.5in_closed_14_aug018.jpg","Sponge Holding Forceps Foerster Straight Serrated 9.5in","closed","14","18.0"
"D:\augmented_data_random_backgrounds\images\train\Sponge_Holding_Forceps_Foerster_Straight_Serrated_9.5in_closed_14_aug019.jpg","Sponge Holding Forceps Foerster Straight Serrated 9.5in","closed","14","19.0"
"D:\augmented_data_random_backgrounds\images\train\Sponge_Holding_Forceps_Foerster_Straight_Serrated_9.5in_closed_15.jpg","Sponge Holding Forceps Foerster Straight Serrated 9.5in","closed","15",""
"D:\augmented_data_random_backgrounds\images\train\Sponge_Holding_Forceps_Foerster_Straight_Serrated_9.5in_closed_15_aug000.jpg","Sponge Holding Forceps Foerster Straight Serrated 9.5in","closed","15","0.0"
"D:\augmented_data_random_backgrounds\images\train\Sponge_Holding_Forceps_Foerster_Straight_Serrated_9.5in_closed_15_aug001.jpg","Sponge Holding Forceps Foerster Straight Serrated 9.5in","closed","15","1.0"
"D:\augmented_data_random_backgrounds\images\train\Sponge_Holding_Forceps_Foerster_Straight_Serrated_9.5in_closed_15_aug003.jpg","Sponge Holding Forceps Foerster Straight Serrated 9.5in","closed","15","3.0"
"D:\augmented_data_random_backgrounds\images\train\Sponge_Holding_Forceps_Foerster_Straight_Serrated_9.5in_closed_15_aug004.jpg","Sponge Holding Forceps Foerster Straight Serrated 9.5in","closed","15","4.0"
"D:\augmented_data_random_backgrounds\images\train\Sponge_Holding_Forceps_Foerster_Straight_Serrated_9.5in_closed_15_aug005.jpg","Sponge Holding Forceps Foerster Straight Serrated 9.5in","closed","15","5.0"
"D:\augmented_data_random_backgrounds\images\train\Sponge_Holding_Forceps_Foerster_Straight_Serrated_9.5in_closed_15_aug006.jpg","Sponge Holding Forceps Foerster Straight Serrated 9.5in","closed","15","6.0"
"D:\augmented_data_random_backgrounds\images\train\Sponge_Holding_Forceps_Foerster_Straight_Serrated_9.5in_closed_15_aug007.jpg","Sponge Holding Forceps Foerster Straight Serrated 9.5in","closed","15","7.0"
"D:\augmented_data_random_backgrounds\images\train\Sponge_Holding_Forceps_Foerster_Straight_Serrated_9.5in_closed_15_aug010.jpg","Sponge Holding Forceps Foerster Straight Serrated 9.5in","closed","15","10.0"
"D:\augmented_data_random_backgrounds\images\train\Sponge_Holding_Forceps_Foerster_Straight_Serrated_9.5in_closed_15_aug011.jpg","Sponge Holding Forceps Foerster Straight Serrated 9.5in","closed","15","11.0"
"D:\augmented_data_random_backgrounds\images\train\Sponge_Holding_Forceps_Foerster_Straight_Serrated_9.5in_closed_15_aug014.jpg","Sponge Holding Forceps Foerster Straight Serrated 9.5in","closed","15","14.0"
"D:\augmented_data_random_backgrounds\images\train\Sponge_Holding_Forceps_Foerster_Straight_Serrated_9.5in_closed_15_aug015.jpg","Sponge Holding Forceps Foerster Straight Serrated 9.5in","closed","15","15.0"
"D:\augmented_data_random_backgrounds\images\train\Sponge_Holding_Forceps_Foerster_Straight_Serrated_9.5in_closed_15_aug016.jpg","Sponge Holding Forceps Foerster Straight Serrated 9.5in","closed","15","16.0"
"D:\augmented_data_random_backgrounds\images\train\Sponge_Holding_Forceps_Foerster_Straight_Serrated_9.5in_closed_15_aug017.jpg","Sponge Holding Forceps Foerster Straight Serrated 9.5in","closed","15","17.0"
"D:\augmented_data_random_backgrounds\images\train\Sponge_Holding_Forceps_Foerster_Straight_Serrated_9.5in_closed_15_aug018.jpg","Sponge Holding Forceps Foerster Straight Serrated 9.5in","closed","15","18.0"
"D:\augmented_data_random_backgrounds\images\train\Sponge_Holding_Forceps_Foerster_Straight_Serrated_9.5in_closed_15_aug019.jpg","Sponge Holding Forceps Foerster Straight Serrated 9.5in","closed","15","19.0"
"D:\augmented_data_random_backgrounds\images\train\Sponge_Holding_Forceps_Foerster_Straight_Serrated_9.5in_closed_16_aug001.jpg","Sponge Holding Forceps Foerster Straight Serrated 9.5in","closed","16","1.0"
"D:\augmented_data_random_backgrounds\images\train\Sponge_Holding_Forceps_Foerster_Straight_Serrated_9.5in_closed_16_aug002.jpg","Sponge Holding Forceps Foerster Straight Serrated 9.5in","closed","16","2.0"
"D:\augmented_data_random_backgrounds\images\train\Sponge_Holding_Forceps_Foerster_Straight_Serrated_9.5in_closed_16_aug005.jpg","Sponge Holding Forceps Foerster Straight Serrated 9.5in","closed","16","5.0"
"D:\augmented_data_random_backgrounds\images\train\Sponge_Holding_Forceps_Foerster_Straight_Serrated_9.5in_closed_16_aug006.jpg","Sponge Holding Forceps Foerster Straight Serrated 9.5in","closed","16","6.0"
"D:\augmented_data_random_backgrounds\images\train\Sponge_Holding_Forceps_Foerster_Straight_Serrated_9.5in_closed_16_aug007.jpg","Sponge Holding Forceps Foerster Straight Serrated 9.5in","closed","16","7.0"
"D:\augmented_data_random_backgrounds\images\train\Sponge_Holding_Forceps_Foerster_Straight_Serrated_9.5in_closed_16_aug008.jpg","Sponge Holding Forceps Foerster Straight Serrated 9.5in","closed","16","8.0"
"D:\augmented_data_random_backgrounds\images\train\Sponge_Holding_Forceps_Foerster_Straight_Serrated_9.5in_closed_16_aug013.jpg","Sponge Holding Forceps Foerster Straight Serrated 9.5in","closed","16","13.0"
"D:\augmented_data_random_backgrounds\images\train\Sponge_Holding_Forceps_Foerster_Straight_Serrated_9.5in_closed_16_aug014.jpg","Sponge Holding Forceps Foerster Straight Serrated 9.5in","closed","16","14.0"
"D:\augmented_data_random_backgrounds\images\train\Sponge_Holding_Forceps_Foerster_Straight_Serrated_9.5in_closed_16_aug015.jpg","Sponge Holding Forceps Foerster Straight Serrated 9.5in","closed","16","15.0"
"D:\augmented_data_random_backgrounds\images\train\Sponge_Holding_Forceps_Foerster_Straight_Serrated_9.5in_closed_16_aug016.jpg","Sponge Holding Forceps Foerster Straight Serrated 9.5in","closed","16","16.0"
"D:\augmented_data_random_backgrounds\images\train\Sponge_Holding_Forceps_Foerster_Straight_Serrated_9.5in_closed_16_aug017.jpg","Sponge Holding Forceps Foerster Straight Serrated 9.5in","closed","16","17.0"
"D:\augmented_data_random_backgrounds\images\train\Sponge_Holding_Forceps_Foerster_Straight_Serrated_9.5in_closed_16_aug019.jpg","Sponge Holding Forceps Foerster Straight Serrated 9.5in","closed","16","19.0"
"D:\augmented_data_random_backgrounds\images\train\Sponge_Holding_Forceps_Foerster_Straight_Serrated_9.5in_closed_17_aug000.jpg","Sponge Holding Forceps Foerster Straight Serrated 9.5in","closed","17","0.0"
"D:\augmented_data_random_backgrounds\images\train\Sponge_Holding_Forceps_Foerster_Straight_Serrated_9.5in_closed_17_aug001.jpg","Sponge Holding Forceps Foerster Straight Serrated 9.5in","closed","17","1.0"
"D:\augmented_data_random_backgrounds\images\train\Sponge_Holding_Forceps_Foerster_Straight_Serrated_9.5in_closed_17_aug002.jpg","Sponge Holding Forceps Foerster Straight Serrated 9.5in","closed","17","2.0"
"D:\augmented_data_random_backgrounds\images\train\Sponge_Holding_Forceps_Foerster_Straight_Serrated_9.5in_closed_17_aug003.jpg","Sponge Holding Forceps Foerster Straight Serrated 9.5in","closed","17","3.0"
"D:\augmented_data_random_backgrounds\images\train\Sponge_Holding_Forceps_Foerster_Straight_Serrated_9.5in_closed_17_aug005.jpg","Sponge Holding Forceps Foerster Straight Serrated 9.5in","closed","17","5.0"
"D:\augmented_data_random_backgrounds\images\train\Sponge_Holding_Forceps_Foerster_Straight_Serrated_9.5in_closed_17_aug006.jpg","Sponge Holding Forceps Foerster Straight Serrated 9.5in","closed","17","6.0"
"D:\augmented_data_random_backgrounds\images\train\Sponge_Holding_Forceps_Foerster_Straight_Serrated_9.5in_closed_17_aug007.jpg","Sponge Holding Forceps Foerster Straight Serrated 9.5in","closed","17","7.0"
"D:\augmented_data_random_backgrounds\images\train\Sponge_Holding_Forceps_Foerster_Straight_Serrated_9.5in_closed_17_aug008.jpg","Sponge Holding Forceps Foerster Straight Serrated 9.5in","closed","17","8.0"
"D:\augmented_data_random_backgrounds\images\train\Sponge_Holding_Forceps_Foerster_Straight_Serrated_9.5in_closed_17_aug010.jpg","Sponge Holding Forceps Foerster Straight Serrated 9.5in","closed","17","10.0"
"D:\augmented_data_random_backgrounds\images\train\Sponge_Holding_Forceps_Foerster_Straight_Serrated_9.5in_closed_17_aug012.jpg","Sponge Holding Forceps Foerster Straight Serrated 9.5in","closed","17","12.0"
"D:\augmented_data_random_backgrounds\images\train\Sponge_Holding_Forceps_Foerster_Straight_Serrated_9.5in_closed_17_aug013.jpg","Sponge Holding Forceps Foerster Straight Serrated 9.5in","closed","17","13.0"
"D:\augmented_data_random_backgrounds\images\train\Sponge_Holding_Forceps_Foerster_Straight_Serrated_9.5in_closed_17_aug014.jpg","Sponge Holding Forceps Foerster Straight Serrated 9.5in","closed","17","14.0"
"D:\augmented_data_random_backgrounds\images\train\Sponge_Holding_Forceps_Foerster_Straight_Serrated_9.5in_closed_17_aug015.jpg","Sponge Holding Forceps Foerster Straight Serrated 9.5in","closed","17","15.0"
"D:\augmented_data_random_backgrounds\images\train\Sponge_Holding_Forceps_Foerster_Straight_Serrated_9.5in_closed_17_aug016.jpg","Sponge Holding Forceps Foerster Straight Serrated 9.5in","closed","17","16.0"
"D:\augmented_data_random_backgrounds\images\train\Sponge_Holding_Forceps_Foerster_Straight_Serrated_9.5in_closed_17_aug017.jpg","Sponge Holding Forceps Foerster Straight Serrated 9.5in","closed","17","17.0"
"D:\augmented_data_random_backgrounds\images\train\Sponge_Holding_Forceps_Foerster_Straight_Serrated_9.5in_closed_17_aug018.jpg","Sponge Holding Forceps Foerster Straight Serrated 9.5in","closed","17","18.0"
"D:\augmented_data_random_backgrounds\images\train\Sponge_Holding_Forceps_Foerster_Straight_Serrated_9.5in_closed_18.jpg","Sponge Holding Forceps Foerster Straight Serrated 9.5in","closed","18",""
"D:\augmented_data_random_backgrounds\images\train\Sponge_Holding_Forceps_Foerster_Straight_Serrated_9.5in_closed_18_aug000.jpg","Sponge Holding Forceps Foerster Straight Serrated 9.5in","closed","18","0.0"
"D:\augmented_data_random_backgrounds\images\train\Sponge_Holding_Forceps_Foerster_Straight_Serrated_9.5in_closed_18_aug001.jpg","Sponge Holding Forceps Foerster Straight Serrated 9.5in","closed","18","1.0"
"D:\augmented_data_random_backgrounds\images\train\Sponge_Holding_Forceps_Foerster_Straight_Serrated_9.5in_closed_18_aug002.jpg","Sponge Holding Forceps Foerster Straight Serrated 9.5in","closed","18","2.0"
"D:\augmented_data_random_backgrounds\images\train\Sponge_Holding_Forceps_Foerster_Straight_Serrated_9.5in_closed_18_aug003.jpg","Sponge Holding Forceps Foerster Straight Serrated 9.5in","closed","18","3.0"
"D:\augmented_data_random_backgrounds\images\train\Sponge_Holding_Forceps_Foerster_Straight_Serrated_9.5in_closed_18_aug005.jpg","Sponge Holding Forceps Foerster Straight Serrated 9.5in","closed","18","5.0"
"D:\augmented_data_random_backgrounds\images\train\Sponge_Holding_Forceps_Foerster_Straight_Serrated_9.5in_closed_18_aug007.jpg","Sponge Holding Forceps Foerster Straight Serrated 9.5in","closed","18","7.0"
"D:\augmented_data_random_backgrounds\images\train\Sponge_Holding_Forceps_Foerster_Straight_Serrated_9.5in_closed_18_aug010.jpg","Sponge Holding Forceps Foerster Straight Serrated 9.5in","closed","18","10.0"
"D:\augmented_data_random_backgrounds\images\train\Sponge_Holding_Forceps_Foerster_Straight_Serrated_9.5in_closed_18_aug011.jpg","Sponge Holding Forceps Foerster Straight Serrated 9.5in","closed","18","11.0"
"D:\augmented_data_random_backgrounds\images\train\Sponge_Holding_Forceps_Foerster_Straight_Serrated_9.5in_closed_18_aug012.jpg","Sponge Holding Forceps Foerster Straight Serrated 9.5in","closed","18","12.0"
"D:\augmented_data_random_backgrounds\images\train\Sponge_Holding_Forceps_Foerster_Straight_Serrated_9.5in_closed_18_aug014.jpg","Sponge Holding Forceps Foerster Straight Serrated 9.5in","closed","18","14.0"
"D:\augmented_data_random_backgrounds\images\train\Sponge_Holding_Forceps_Foerster_Straight_Serrated_9.5in_closed_18_aug015.jpg","Sponge Holding Forceps Foerster Straight Serrated 9.5in","closed","18","15.0"
"D:\augmented_data_random_backgrounds\images\train\Sponge_Holding_Forceps_Foerster_Straight_Serrated_9.5in_closed_18_aug016.jpg","Sponge Holding Forceps Foerster Straight Serrated 9.5in","closed","18","16.0"
"D:\augmented_data_random_backgrounds\images\train\Sponge_Holding_Forceps_Foerster_Straight_Serrated_9.5in_closed_18_aug019.jpg","Sponge Holding Forceps Foerster Straight Serrated 9.5in","closed","18","19.0"
"D:\augmented_data_random_backgrounds\images\train\Sponge_Holding_Forceps_Foerster_Straight_Serrated_9.5in_closed_19.jpg","Sponge Holding Forceps Foerster Straight Serrated 9.5in","closed","19",""
"D:\augmented_data_random_backgrounds\images\train\Sponge_Holding_Forceps_Foerster_Straight_Serrated_9.5in_closed_19_aug000.jpg","Sponge Holding Forceps Foerster Straight Serrated 9.5in","closed","19","0.0"
"D:\augmented_data_random_backgrounds\images\train\Sponge_Holding_Forceps_Foerster_Straight_Serrated_9.5in_closed_19_aug001.jpg","Sponge Holding Forceps Foerster Straight Serrated 9.5in","closed","19","1.0"
"D:\augmented_data_random_backgrounds\images\train\Sponge_Holding_Forceps_Foerster_Straight_Serrated_9.5in_closed_19_aug003.jpg","Sponge Holding Forceps Foerster Straight Serrated 9.5in","closed","19","3.0"
"D:\augmented_data_random_backgrounds\images\train\Sponge_Holding_Forceps_Foerster_Straight_Serrated_9.5in_closed_19_aug004.jpg","Sponge Holding Forceps Foerster Straight Serrated 9.5in","closed","19","4.0"
"D:\augmented_data_random_backgrounds\images\train\Sponge_Holding_Forceps_Foerster_Straight_Serrated_9.5in_closed_19_aug005.jpg","Sponge Holding Forceps Foerster Straight Serrated 9.5in","closed","19","5.0"
"D:\augmented_data_random_backgrounds\images\train\Sponge_Holding_Forceps_Foerster_Straight_Serrated_9.5in_closed_19_aug007.jpg","Sponge Holding Forceps Foerster Straight Serrated 9.5in","closed","19","7.0"
"D:\augmented_data_random_backgrounds\images\train\Sponge_Holding_Forceps_Foerster_Straight_Serrated_9.5in_closed_19_aug008.jpg","Sponge Holding Forceps Foerster Straight Serrated 9.5in","closed","19","8.0"
"D:\augmented_data_random_backgrounds\images\train\Sponge_Holding_Forceps_Foerster_Straight_Serrated_9.5in_closed_19_aug009.jpg","Sponge Holding Forceps Foerster Straight Serrated 9.5in","closed","19","9.0"
"D:\augmented_data_random_backgrounds\images\train\Sponge_Holding_Forceps_Foerster_Straight_Serrated_9.5in_closed_19_aug010.jpg","Sponge Holding Forceps Foerster Straight Serrated 9.5in","closed","19","10.0"
"D:\augmented_data_random_backgrounds\images\train\Sponge_Holding_Forceps_Foerster_Straight_Serrated_9.5in_closed_19_aug011.jpg","Sponge Holding Forceps Foerster Straight Serrated 9.5in","closed","19","11.0"
"D:\augmented_data_random_backgrounds\images\train\Sponge_Holding_Forceps_Foerster_Straight_Serrated_9.5in_closed_19_aug012.jpg","Sponge Holding Forceps Foerster Straight Serrated 9.5in","closed","19","12.0"
"D:\augmented_data_random_backgrounds\images\train\Sponge_Holding_Forceps_Foerster_Straight_Serrated_9.5in_closed_19_aug013.jpg","Sponge Holding Forceps Foerster Straight Serrated 9.5in","closed","19","13.0"
"D:\augmented_data_random_backgrounds\images\train\Sponge_Holding_Forceps_Foerster_Straight_Serrated_9.5in_closed_19_aug015.jpg","Sponge Holding Forceps Foerster Straight Serrated 9.5in","closed","19","15.0"
"D:\augmented_data_random_backgrounds\images\train\Sponge_Holding_Forceps_Foerster_Straight_Serrated_9.5in_closed_19_aug016.jpg","Sponge Holding Forceps Foerster Straight Serrated 9.5in","closed","19","16.0"
"D:\augmented_data_random_backgrounds\images\train\Sponge_Holding_Forceps_Foerster_Straight_Serrated_9.5in_closed_19_aug017.jpg","Sponge Holding Forceps Foerster Straight Serrated 9.5in","closed","19","17.0"
"D:\augmented_data_random_backgrounds\images\train\Sponge_Holding_Forceps_Foerster_Straight_Serrated_9.5in_closed_19_aug018.jpg","Sponge Holding Forceps Foerster Straight Serrated 9.5in","closed","19","18.0"
"D:\augmented_data_random_backgrounds\images\train\Sponge_Holding_Forceps_Foerster_Straight_Serrated_9.5in_closed_19_aug019.jpg","Sponge Holding Forceps Foerster Straight Serrated 9.5in","closed","19","19.0"
"D:\augmented_data_random_backgrounds\images\train\Sponge_Holding_Forceps_Foerster_Straight_Serrated_9.5in_closed_20.jpg","Sponge Holding Forceps Foerster Straight Serrated 9.5in","closed","20",""
"D:\augmented_data_random_backgrounds\images\train\Sponge_Holding_Forceps_Foerster_Straight_Serrated_9.5in_closed_20_aug000.jpg","Sponge Holding Forceps Foerster Straight Serrated 9.5in","closed","20","0.0"
"D:\augmented_data_random_backgrounds\images\train\Sponge_Holding_Forceps_Foerster_Straight_Serrated_9.5in_closed_20_aug001.jpg","Sponge Holding Forceps Foerster Straight Serrated 9.5in","closed","20","1.0"
"D:\augmented_data_random_backgrounds\images\train\Sponge_Holding_Forceps_Foerster_Straight_Serrated_9.5in_closed_20_aug002.jpg","Sponge Holding Forceps Foerster Straight Serrated 9.5in","closed","20","2.0"
"D:\augmented_data_random_backgrounds\images\train\Sponge_Holding_Forceps_Foerster_Straight_Serrated_9.5in_closed_20_aug003.jpg","Sponge Holding Forceps Foerster Straight Serrated 9.5in","closed","20","3.0"
"D:\augmented_data_random_backgrounds\images\train\Sponge_Holding_Forceps_Foerster_Straight_Serrated_9.5in_closed_20_aug004.jpg","Sponge Holding Forceps Foerster Straight Serrated 9.5in","closed","20","4.0"
"D:\augmented_data_random_backgrounds\images\train\Sponge_Holding_Forceps_Foerster_Straight_Serrated_9.5in_closed_20_aug005.jpg","Sponge Holding Forceps Foerster Straight Serrated 9.5in","closed","20","5.0"
"D:\augmented_data_random_backgrounds\images\train\Sponge_Holding_Forceps_Foerster_Straight_Serrated_9.5in_closed_20_aug007.jpg","Sponge Holding Forceps Foerster Straight Serrated 9.5in","closed","20","7.0"
"D:\augmented_data_random_backgrounds\images\train\Sponge_Holding_Forceps_Foerster_Straight_Serrated_9.5in_closed_20_aug009.jpg","Sponge Holding Forceps Foerster Straight Serrated 9.5in","closed","20","9.0"
"D:\augmented_data_random_backgrounds\images\train\Sponge_Holding_Forceps_Foerster_Straight_Serrated_9.5in_closed_20_aug012.jpg","Sponge Holding Forceps Foerster Straight Serrated 9.5in","closed","20","12.0"
"D:\augmented_data_random_backgrounds\images\train\Sponge_Holding_Forceps_Foerster_Straight_Serrated_9.5in_closed_20_aug013.jpg","Sponge Holding Forceps Foerster Straight Serrated 9.5in","closed","20","13.0"
"D:\augmented_data_random_backgrounds\images\train\Sponge_Holding_Forceps_Foerster_Straight_Serrated_9.5in_closed_20_aug014.jpg","Sponge Holding Forceps Foerster Straight Serrated 9.5in","closed","20","14.0"
"D:\augmented_data_random_backgrounds\images\train\Sponge_Holding_Forceps_Foerster_Straight_Serrated_9.5in_closed_20_aug015.jpg","Sponge Holding Forceps Foerster Straight Serrated 9.5in","closed","20","15.0"
"D:\augmented_data_random_backgrounds\images\train\Sponge_Holding_Forceps_Foerster_Straight_Serrated_9.5in_closed_20_aug016.jpg","Sponge Holding Forceps Foerster Straight Serrated 9.5in","closed","20","16.0"
"D:\augmented_data_random_backgrounds\images\train\Sponge_Holding_Forceps_Foerster_Straight_Serrated_9.5in_closed_20_aug017.jpg","Sponge Holding Forceps Foerster Straight Serrated 9.5in","closed","20","17.0"
"D:\augmented_data_random_backgrounds\images\train\Sponge_Holding_Forceps_Foerster_Straight_Serrated_9.5in_closed_20_aug019.jpg","Sponge Holding Forceps Foerster Straight Serrated 9.5in","closed","20","19.0"
"D:\augmented_data_random_backgrounds\images\train\Sponge_Holding_Forceps_Foerster_Straight_Serrated_9.5in_closed_21_aug000.jpg","Sponge Holding Forceps Foerster Straight Serrated 9.5in","closed","21","0.0"
"D:\augmented_data_random_backgrounds\images\train\Sponge_Holding_Forceps_Foerster_Straight_Serrated_9.5in_closed_21_aug001.jpg","Sponge Holding Forceps Foerster Straight Serrated 9.5in","closed","21","1.0"
"D:\augmented_data_random_backgrounds\images\train\Sponge_Holding_Forceps_Foerster_Straight_Serrated_9.5in_closed_21_aug002.jpg","Sponge Holding Forceps Foerster Straight Serrated 9.5in","closed","21","2.0"
"D:\augmented_data_random_backgrounds\images\train\Sponge_Holding_Forceps_Foerster_Straight_Serrated_9.5in_closed_21_aug003.jpg","Sponge Holding Forceps Foerster Straight Serrated 9.5in","closed","21","3.0"
"D:\augmented_data_random_backgrounds\images\train\Sponge_Holding_Forceps_Foerster_Straight_Serrated_9.5in_closed_21_aug004.jpg","Sponge Holding Forceps Foerster Straight Serrated 9.5in","closed","21","4.0"
"D:\augmented_data_random_backgrounds\images\train\Sponge_Holding_Forceps_Foerster_Straight_Serrated_9.5in_closed_21_aug005.jpg","Sponge Holding Forceps Foerster Straight Serrated 9.5in","closed","21","5.0"
"D:\augmented_data_random_backgrounds\images\train\Sponge_Holding_Forceps_Foerster_Straight_Serrated_9.5in_closed_21_aug006.jpg","Sponge Holding Forceps Foerster Straight Serrated 9.5in","closed","21","6.0"
"D:\augmented_data_random_backgrounds\images\train\Sponge_Holding_Forceps_Foerster_Straight_Serrated_9.5in_closed_21_aug008.jpg","Sponge Holding Forceps Foerster Straight Serrated 9.5in","closed","21","8.0"
"D:\augmented_data_random_backgrounds\images\train\Sponge_Holding_Forceps_Foerster_Straight_Serrated_9.5in_closed_21_aug009.jpg","Sponge Holding Forceps Foerster Straight Serrated 9.5in","closed","21","9.0"
"D:\augmented_data_random_backgrounds\images\train\Sponge_Holding_Forceps_Foerster_Straight_Serrated_9.5in_closed_21_aug010.jpg","Sponge Holding Forceps Foerster Straight Serrated 9.5in","closed","21","10.0"
"D:\augmented_data_random_backgrounds\images\train\Sponge_Holding_Forceps_Foerster_Straight_Serrated_9.5in_closed_21_aug012.jpg","Sponge Holding Forceps Foerster Straight Serrated 9.5in","closed","21","12.0"
"D:\augmented_data_random_backgrounds\images\train\Sponge_Holding_Forceps_Foerster_Straight_Serrated_9.5in_closed_21_aug013.jpg","Sponge Holding Forceps Foerster Straight Serrated 9.5in","closed","21","13.0"
"D:\augmented_data_random_backgrounds\images\train\Sponge_Holding_Forceps_Foerster_Straight_Serrated_9.5in_closed_21_aug015.jpg","Sponge Holding Forceps Foerster Straight Serrated 9.5in","closed","21","15.0"
"D:\augmented_data_random_backgrounds\images\train\Sponge_Holding_Forceps_Foerster_Straight_Serrated_9.5in_closed_21_aug016.jpg","Sponge Holding Forceps Foerster Straight Serrated 9.5in","closed","21","16.0"
"D:\augmented_data_random_backgrounds\images\train\Sponge_Holding_Forceps_Foerster_Straight_Serrated_9.5in_closed_21_aug017.jpg","Sponge Holding Forceps Foerster Straight Serrated 9.5in","closed","21","17.0"
"D:\augmented_data_random_backgrounds\images\train\Sponge_Holding_Forceps_Foerster_Straight_Serrated_9.5in_closed_21_aug019.jpg","Sponge Holding Forceps Foerster Straight Serrated 9.5in","closed","21","19.0"
"D:\augmented_data_random_backgrounds\images\train\Sponge_Holding_Forceps_Foerster_Straight_Serrated_9.5in_closed_22_aug000.jpg","Sponge Holding Forceps Foerster Straight Serrated 9.5in","closed","22","0.0"
"D:\augmented_data_random_backgrounds\images\train\Sponge_Holding_Forceps_Foerster_Straight_Serrated_9.5in_closed_22_aug001.jpg","Sponge Holding Forceps Foerster Straight Serrated 9.5in","closed","22","1.0"
"D:\augmented_data_random_backgrounds\images\train\Sponge_Holding_Forceps_Foerster_Straight_Serrated_9.5in_closed_22_aug002.jpg","Sponge Holding Forceps Foerster Straight Serrated 9.5in","closed","22","2.0"
"D:\augmented_data_random_backgrounds\images\train\Sponge_Holding_Forceps_Foerster_Straight_Serrated_9.5in_closed_22_aug003.jpg","Sponge Holding Forceps Foerster Straight Serrated 9.5in","closed","22","3.0"
"D:\augmented_data_random_backgrounds\images\train\Sponge_Holding_Forceps_Foerster_Straight_Serrated_9.5in_closed_22_aug004.jpg","Sponge Holding Forceps Foerster Straight Serrated 9.5in","closed","22","4.0"
"D:\augmented_data_random_backgrounds\images\train\Sponge_Holding_Forceps_Foerster_Straight_Serrated_9.5in_closed_22_aug005.jpg","Sponge Holding Forceps Foerster Straight Serrated 9.5in","closed","22","5.0"
"D:\augmented_data_random_backgrounds\images\train\Sponge_Holding_Forceps_Foerster_Straight_Serrated_9.5in_closed_22_aug006.jpg","Sponge Holding Forceps Foerster Straight Serrated 9.5in","closed","22","6.0"
"D:\augmented_data_random_backgrounds\images\train\Sponge_Holding_Forceps_Foerster_Straight_Serrated_9.5in_closed_22_aug007.jpg","Sponge Holding Forceps Foerster Straight Serrated 9.5in","closed","22","7.0"
"D:\augmented_data_random_backgrounds\images\train\Sponge_Holding_Forceps_Foerster_Straight_Serrated_9.5in_closed_22_aug008.jpg","Sponge Holding Forceps Foerster Straight Serrated 9.5in","closed","22","8.0"
"D:\augmented_data_random_backgrounds\images\train\Sponge_Holding_Forceps_Foerster_Straight_Serrated_9.5in_closed_22_aug009.jpg","Sponge Holding Forceps Foerster Straight Serrated 9.5in","closed","22","9.0"
"D:\augmented_data_random_backgrounds\images\train\Sponge_Holding_Forceps_Foerster_Straight_Serrated_9.5in_closed_22_aug010.jpg","Sponge Holding Forceps Foerster Straight Serrated 9.5in","closed","22","10.0"
"D:\augmented_data_random_backgrounds\images\train\Sponge_Holding_Forceps_Foerster_Straight_Serrated_9.5in_closed_22_aug013.jpg","Sponge Holding Forceps Foerster Straight Serrated 9.5in","closed","22","13.0"
"D:\augmented_data_random_backgrounds\images\train\Sponge_Holding_Forceps_Foerster_Straight_Serrated_9.5in_closed_22_aug014.jpg","Sponge Holding Forceps Foerster Straight Serrated 9.5in","closed","22","14.0"
"D:\augmented_data_random_backgrounds\images\train\Sponge_Holding_Forceps_Foerster_Straight_Serrated_9.5in_closed_22_aug015.jpg","Sponge Holding Forceps Foerster Straight Serrated 9.5in","closed","22","15.0"
"D:\augmented_data_random_backgrounds\images\train\Sponge_Holding_Forceps_Foerster_Straight_Serrated_9.5in_closed_22_aug018.jpg","Sponge Holding Forceps Foerster Straight Serrated 9.5in","closed","22","18.0"
"D:\augmented_data_random_backgrounds\images\train\Sponge_Holding_Forceps_Foerster_Straight_Serrated_9.5in_closed_22_aug019.jpg","Sponge Holding Forceps Foerster Straight Serrated 9.5in","closed","22","19.0"
"D:\augmented_data_random_backgrounds\images\train\Sponge_Holding_Forceps_Foerster_Straight_Serrated_9.5in_closed_23.jpg","Sponge Holding Forceps Foerster Straight Serrated 9.5in","closed","23",""
"D:\augmented_data_random_backgrounds\images\train\Sponge_Holding_Forceps_Foerster_Straight_Serrated_9.5in_closed_23_aug000.jpg","Sponge Holding Forceps Foerster Straight Serrated 9.5in","closed","23","0.0"
"D:\augmented_data_random_backgrounds\images\train\Sponge_Holding_Forceps_Foerster_Straight_Serrated_9.5in_closed_23_aug001.jpg","Sponge Holding Forceps Foerster Straight Serrated 9.5in","closed","23","1.0"
"D:\augmented_data_random_backgrounds\images\train\Sponge_Holding_Forceps_Foerster_Straight_Serrated_9.5in_closed_23_aug004.jpg","Sponge Holding Forceps Foerster Straight Serrated 9.5in","closed","23","4.0"
"D:\augmented_data_random_backgrounds\images\train\Sponge_Holding_Forceps_Foerster_Straight_Serrated_9.5in_closed_23_aug005.jpg","Sponge Holding Forceps Foerster Straight Serrated 9.5in","closed","23","5.0"
"D:\augmented_data_random_backgrounds\images\train\Sponge_Holding_Forceps_Foerster_Straight_Serrated_9.5in_closed_23_aug007.jpg","Sponge Holding Forceps Foerster Straight Serrated 9.5in","closed","23","7.0"
"D:\augmented_data_random_backgrounds\images\train\Sponge_Holding_Forceps_Foerster_Straight_Serrated_9.5in_closed_23_aug009.jpg","Sponge Holding Forceps Foerster Straight Serrated 9.5in","closed","23","9.0"
"D:\augmented_data_random_backgrounds\images\train\Sponge_Holding_Forceps_Foerster_Straight_Serrated_9.5in_closed_23_aug011.jpg","Sponge Holding Forceps Foerster Straight Serrated 9.5in","closed","23","11.0"
"D:\augmented_data_random_backgrounds\images\train\Sponge_Holding_Forceps_Foerster_Straight_Serrated_9.5in_closed_23_aug012.jpg","Sponge Holding Forceps Foerster Straight Serrated 9.5in","closed","23","12.0"
"D:\augmented_data_random_backgrounds\images\train\Sponge_Holding_Forceps_Foerster_Straight_Serrated_9.5in_closed_23_aug013.jpg","Sponge Holding Forceps Foerster Straight Serrated 9.5in","closed","23","13.0"
"D:\augmented_data_random_backgrounds\images\train\Sponge_Holding_Forceps_Foerster_Straight_Serrated_9.5in_closed_23_aug014.jpg","Sponge Holding Forceps Foerster Straight Serrated 9.5in","closed","23","14.0"
"D:\augmented_data_random_backgrounds\images\train\Sponge_Holding_Forceps_Foerster_Straight_Serrated_9.5in_closed_23_aug015.jpg","Sponge Holding Forceps Foerster Straight Serrated 9.5in","closed","23","15.0"
"D:\augmented_data_random_backgrounds\images\train\Sponge_Holding_Forceps_Foerster_Straight_Serrated_9.5in_closed_23_aug016.jpg","Sponge Holding Forceps Foerster Straight Serrated 9.5in","closed","23","16.0"
"D:\augmented_data_random_backgrounds\images\train\Sponge_Holding_Forceps_Foerster_Straight_Serrated_9.5in_closed_23_aug017.jpg","Sponge Holding Forceps Foerster Straight Serrated 9.5in","closed","23","17.0"
"D:\augmented_data_random_backgrounds\images\train\Sponge_Holding_Forceps_Foerster_Straight_Serrated_9.5in_closed_23_aug018.jpg","Sponge Holding Forceps Foerster Straight Serrated 9.5in","closed","23","18.0"
"D:\augmented_data_random_backgrounds\images\train\Sponge_Holding_Forceps_Foerster_Straight_Serrated_9.5in_closed_23_aug019.jpg","Sponge Holding Forceps Foerster Straight Serrated 9.5in","closed","23","19.0"
"D:\augmented_data_random_backgrounds\images\train\Sponge_Holding_Forceps_Foerster_Straight_Serrated_9.5in_closed_24.jpg","Sponge Holding Forceps Foerster Straight Serrated 9.5in","closed","24",""
"D:\augmented_data_random_backgrounds\images\train\Sponge_Holding_Forceps_Foerster_Straight_Serrated_9.5in_closed_24_aug000.jpg","Sponge Holding Forceps Foerster Straight Serrated 9.5in","closed","24","0.0"
"D:\augmented_data_random_backgrounds\images\train\Sponge_Holding_Forceps_Foerster_Straight_Serrated_9.5in_closed_24_aug001.jpg","Sponge Holding Forceps Foerster Straight Serrated 9.5in","closed","24","1.0"
"D:\augmented_data_random_backgrounds\images\train\Sponge_Holding_Forceps_Foerster_Straight_Serrated_9.5in_closed_24_aug002.jpg","Sponge Holding Forceps Foerster Straight Serrated 9.5in","closed","24","2.0"
"D:\augmented_data_random_backgrounds\images\train\Sponge_Holding_Forceps_Foerster_Straight_Serrated_9.5in_closed_24_aug003.jpg","Sponge Holding Forceps Foerster Straight Serrated 9.5in","closed","24","3.0"
"D:\augmented_data_random_backgrounds\images\train\Sponge_Holding_Forceps_Foerster_Straight_Serrated_9.5in_closed_24_aug004.jpg","Sponge Holding Forceps Foerster Straight Serrated 9.5in","closed","24","4.0"
"D:\augmented_data_random_backgrounds\images\train\Sponge_Holding_Forceps_Foerster_Straight_Serrated_9.5in_closed_24_aug005.jpg","Sponge Holding Forceps Foerster Straight Serrated 9.5in","closed","24","5.0"
"D:\augmented_data_random_backgrounds\images\train\Sponge_Holding_Forceps_Foerster_Straight_Serrated_9.5in_closed_24_aug006.jpg","Sponge Holding Forceps Foerster Straight Serrated 9.5in","closed","24","6.0"
"D:\augmented_data_random_backgrounds\images\train\Sponge_Holding_Forceps_Foerster_Straight_Serrated_9.5in_closed_24_aug007.jpg","Sponge Holding Forceps Foerster Straight Serrated 9.5in","closed","24","7.0"
"D:\augmented_data_random_backgrounds\images\train\Sponge_Holding_Forceps_Foerster_Straight_Serrated_9.5in_closed_24_aug008.jpg","Sponge Holding Forceps Foerster Straight Serrated 9.5in","closed","24","8.0"
"D:\augmented_data_random_backgrounds\images\train\Sponge_Holding_Forceps_Foerster_Straight_Serrated_9.5in_closed_24_aug009.jpg","Sponge Holding Forceps Foerster Straight Serrated 9.5in","closed","24","9.0"
"D:\augmented_data_random_backgrounds\images\train\Sponge_Holding_Forceps_Foerster_Straight_Serrated_9.5in_closed_24_aug011.jpg","Sponge Holding Forceps Foerster Straight Serrated 9.5in","closed","24","11.0"
"D:\augmented_data_random_backgrounds\images\train\Sponge_Holding_Forceps_Foerster_Straight_Serrated_9.5in_closed_24_aug012.jpg","Sponge Holding Forceps Foerster Straight Serrated 9.5in","closed","24","12.0"
"D:\augmented_data_random_backgrounds\images\train\Sponge_Holding_Forceps_Foerster_Straight_Serrated_9.5in_closed_24_aug013.jpg","Sponge Holding Forceps Foerster Straight Serrated 9.5in","closed","24","13.0"
"D:\augmented_data_random_backgrounds\images\train\Sponge_Holding_Forceps_Foerster_Straight_Serrated_9.5in_closed_24_aug014.jpg","Sponge Holding Forceps Foerster Straight Serrated 9.5in","closed","24","14.0"
"D:\augmented_data_random_backgrounds\images\train\Sponge_Holding_Forceps_Foerster_Straight_Serrated_9.5in_closed_24_aug015.jpg","Sponge Holding Forceps Foerster Straight Serrated 9.5in","closed","24","15.0"
"D:\augmented_data_random_backgrounds\images\train\Sponge_Holding_Forceps_Foerster_Straight_Serrated_9.5in_closed_24_aug016.jpg","Sponge Holding Forceps Foerster Straight Serrated 9.5in","closed","24","16.0"
"D:\augmented_data_random_backgrounds\images\train\Sponge_Holding_Forceps_Foerster_Straight_Serrated_9.5in_closed_24_aug017.jpg","Sponge Holding Forceps Foerster Straight Serrated 9.5in","closed","24","17.0"
"D:\augmented_data_random_backgrounds\images\train\Sponge_Holding_Forceps_Foerster_Straight_Serrated_9.5in_closed_24_aug018.jpg","Sponge Holding Forceps Foerster Straight Serrated 9.5in","closed","24","18.0"
"D:\augmented_data_random_backgrounds\images\train\Sponge_Holding_Forceps_Foerster_Straight_Serrated_9.5in_closed_24_aug019.jpg","Sponge Holding Forceps Foerster Straight Serrated 9.5in","closed","24","19.0"
"D:\augmented_data_random_backgrounds\images\train\Sponge_Holding_Forceps_Foerster_Straight_Serrated_9.5in_closed_25.jpg","Sponge Holding Forceps Foerster Straight Serrated 9.5in","closed","25",""
"D:\augmented_data_random_backgrounds\images\train\Sponge_Holding_Forceps_Foerster_Straight_Serrated_9.5in_closed_25_aug000.jpg","Sponge Holding Forceps Foerster Straight Serrated 9.5in","closed","25","0.0"
"D:\augmented_data_random_backgrounds\images\train\Sponge_Holding_Forceps_Foerster_Straight_Serrated_9.5in_closed_25_aug002.jpg","Sponge Holding Forceps Foerster Straight Serrated 9.5in","closed","25","2.0"
"D:\augmented_data_random_backgrounds\images\train\Sponge_Holding_Forceps_Foerster_Straight_Serrated_9.5in_closed_25_aug003.jpg","Sponge Holding Forceps Foerster Straight Serrated 9.5in","closed","25","3.0"
"D:\augmented_data_random_backgrounds\images\train\Sponge_Holding_Forceps_Foerster_Straight_Serrated_9.5in_closed_25_aug004.jpg","Sponge Holding Forceps Foerster Straight Serrated 9.5in","closed","25","4.0"
"D:\augmented_data_random_backgrounds\images\train\Sponge_Holding_Forceps_Foerster_Straight_Serrated_9.5in_closed_25_aug005.jpg","Sponge Holding Forceps Foerster Straight Serrated 9.5in","closed","25","5.0"
"D:\augmented_data_random_backgrounds\images\train\Sponge_Holding_Forceps_Foerster_Straight_Serrated_9.5in_closed_25_aug006.jpg","Sponge Holding Forceps Foerster Straight Serrated 9.5in","closed","25","6.0"
"D:\augmented_data_random_backgrounds\images\train\Sponge_Holding_Forceps_Foerster_Straight_Serrated_9.5in_closed_25_aug007.jpg","Sponge Holding Forceps Foerster Straight Serrated 9.5in","closed","25","7.0"
"D:\augmented_data_random_backgrounds\images\train\Sponge_Holding_Forceps_Foerster_Straight_Serrated_9.5in_closed_25_aug008.jpg","Sponge Holding Forceps Foerster Straight Serrated 9.5in","closed","25","8.0"
"D:\augmented_data_random_backgrounds\images\train\Sponge_Holding_Forceps_Foerster_Straight_Serrated_9.5in_closed_25_aug010.jpg","Sponge Holding Forceps Foerster Straight Serrated 9.5in","closed","25","10.0"
"D:\augmented_data_random_backgrounds\images\train\Sponge_Holding_Forceps_Foerster_Straight_Serrated_9.5in_closed_25_aug012.jpg","Sponge Holding Forceps Foerster Straight Serrated 9.5in","closed","25","12.0"
"D:\augmented_data_random_backgrounds\images\train\Sponge_Holding_Forceps_Foerster_Straight_Serrated_9.5in_closed_25_aug014.jpg","Sponge Holding Forceps Foerster Straight Serrated 9.5in","closed","25","14.0"
"D:\augmented_data_random_backgrounds\images\train\Sponge_Holding_Forceps_Foerster_Straight_Serrated_9.5in_closed_25_aug015.jpg","Sponge Holding Forceps Foerster Straight Serrated 9.5in","closed","25","15.0"
"D:\augmented_data_random_backgrounds\images\train\Sponge_Holding_Forceps_Foerster_Straight_Serrated_9.5in_closed_25_aug016.jpg","Sponge Holding Forceps Foerster Straight Serrated 9.5in","closed","25","16.0"
"D:\augmented_data_random_backgrounds\images\train\Sponge_Holding_Forceps_Foerster_Straight_Serrated_9.5in_closed_25_aug017.jpg","Sponge Holding Forceps Foerster Straight Serrated 9.5in","closed","25","17.0"
"D:\augmented_data_random_backgrounds\images\train\Sponge_Holding_Forceps_Foerster_Straight_Serrated_9.5in_closed_25_aug018.jpg","Sponge Holding Forceps Foerster Straight Serrated 9.5in","closed","25","18.0"
"D:\augmented_data_random_backgrounds\images\train\Sponge_Holding_Forceps_Foerster_Straight_Serrated_9.5in_closed_25_aug019.jpg","Sponge Holding Forceps Foerster Straight Serrated 9.5in","closed","25","19.0"
"D:\augmented_data_random_backgrounds\images\train\Sponge_Holding_Forceps_Foerster_Straight_Serrated_9.5in_open_01.jpg","Sponge Holding Forceps Foerster Straight Serrated 9.5in","open","1",""
"D:\augmented_data_random_backgrounds\images\train\Sponge_Holding_Forceps_Foerster_Straight_Serrated_9.5in_open_01_aug001.jpg","Sponge Holding Forceps Foerster Straight Serrated 9.5in","open","1","1.0"
"D:\augmented_data_random_backgrounds\images\train\Sponge_Holding_Forceps_Foerster_Straight_Serrated_9.5in_open_01_aug002.jpg","Sponge Holding Forceps Foerster Straight Serrated 9.5in","open","1","2.0"
"D:\augmented_data_random_backgrounds\images\train\Sponge_Holding_Forceps_Foerster_Straight_Serrated_9.5in_open_01_aug004.jpg","Sponge Holding Forceps Foerster Straight Serrated 9.5in","open","1","4.0"
"D:\augmented_data_random_backgrounds\images\train\Sponge_Holding_Forceps_Foerster_Straight_Serrated_9.5in_open_01_aug007.jpg","Sponge Holding Forceps Foerster Straight Serrated 9.5in","open","1","7.0"
"D:\augmented_data_random_backgrounds\images\train\Sponge_Holding_Forceps_Foerster_Straight_Serrated_9.5in_open_01_aug009.jpg","Sponge Holding Forceps Foerster Straight Serrated 9.5in","open","1","9.0"
"D:\augmented_data_random_backgrounds\images\train\Sponge_Holding_Forceps_Foerster_Straight_Serrated_9.5in_open_01_aug012.jpg","Sponge Holding Forceps Foerster Straight Serrated 9.5in","open","1","12.0"
"D:\augmented_data_random_backgrounds\images\train\Sponge_Holding_Forceps_Foerster_Straight_Serrated_9.5in_open_01_aug014.jpg","Sponge Holding Forceps Foerster Straight Serrated 9.5in","open","1","14.0"
"D:\augmented_data_random_backgrounds\images\train\Sponge_Holding_Forceps_Foerster_Straight_Serrated_9.5in_open_01_aug015.jpg","Sponge Holding Forceps Foerster Straight Serrated 9.5in","open","1","15.0"
"D:\augmented_data_random_backgrounds\images\train\Sponge_Holding_Forceps_Foerster_Straight_Serrated_9.5in_open_01_aug016.jpg","Sponge Holding Forceps Foerster Straight Serrated 9.5in","open","1","16.0"
"D:\augmented_data_random_backgrounds\images\train\Sponge_Holding_Forceps_Foerster_Straight_Serrated_9.5in_open_01_aug017.jpg","Sponge Holding Forceps Foerster Straight Serrated 9.5in","open","1","17.0"
"D:\augmented_data_random_backgrounds\images\train\Sponge_Holding_Forceps_Foerster_Straight_Serrated_9.5in_open_01_aug018.jpg","Sponge Holding Forceps Foerster Straight Serrated 9.5in","open","1","18.0"
"D:\augmented_data_random_backgrounds\images\train\Sponge_Holding_Forceps_Foerster_Straight_Serrated_9.5in_open_01_aug019.jpg","Sponge Holding Forceps Foerster Straight Serrated 9.5in","open","1","19.0"
"D:\augmented_data_random_backgrounds\images\train\Sponge_Holding_Forceps_Foerster_Straight_Serrated_9.5in_open_02.jpg","Sponge Holding Forceps Foerster Straight Serrated 9.5in","open","2",""
"D:\augmented_data_random_backgrounds\images\train\Sponge_Holding_Forceps_Foerster_Straight_Serrated_9.5in_open_02_aug000.jpg","Sponge Holding Forceps Foerster Straight Serrated 9.5in","open","2","0.0"
"D:\augmented_data_random_backgrounds\images\train\Sponge_Holding_Forceps_Foerster_Straight_Serrated_9.5in_open_02_aug001.jpg","Sponge Holding Forceps Foerster Straight Serrated 9.5in","open","2","1.0"
"D:\augmented_data_random_backgrounds\images\train\Sponge_Holding_Forceps_Foerster_Straight_Serrated_9.5in_open_02_aug004.jpg","Sponge Holding Forceps Foerster Straight Serrated 9.5in","open","2","4.0"
"D:\augmented_data_random_backgrounds\images\train\Sponge_Holding_Forceps_Foerster_Straight_Serrated_9.5in_open_02_aug005.jpg","Sponge Holding Forceps Foerster Straight Serrated 9.5in","open","2","5.0"
"D:\augmented_data_random_backgrounds\images\train\Sponge_Holding_Forceps_Foerster_Straight_Serrated_9.5in_open_02_aug006.jpg","Sponge Holding Forceps Foerster Straight Serrated 9.5in","open","2","6.0"
"D:\augmented_data_random_backgrounds\images\train\Sponge_Holding_Forceps_Foerster_Straight_Serrated_9.5in_open_02_aug007.jpg","Sponge Holding Forceps Foerster Straight Serrated 9.5in","open","2","7.0"
"D:\augmented_data_random_backgrounds\images\train\Sponge_Holding_Forceps_Foerster_Straight_Serrated_9.5in_open_02_aug008.jpg","Sponge Holding Forceps Foerster Straight Serrated 9.5in","open","2","8.0"
"D:\augmented_data_random_backgrounds\images\train\Sponge_Holding_Forceps_Foerster_Straight_Serrated_9.5in_open_02_aug010.jpg","Sponge Holding Forceps Foerster Straight Serrated 9.5in","open","2","10.0"
"D:\augmented_data_random_backgrounds\images\train\Sponge_Holding_Forceps_Foerster_Straight_Serrated_9.5in_open_02_aug011.jpg","Sponge Holding Forceps Foerster Straight Serrated 9.5in","open","2","11.0"
"D:\augmented_data_random_backgrounds\images\train\Sponge_Holding_Forceps_Foerster_Straight_Serrated_9.5in_open_02_aug012.jpg","Sponge Holding Forceps Foerster Straight Serrated 9.5in","open","2","12.0"
"D:\augmented_data_random_backgrounds\images\train\Sponge_Holding_Forceps_Foerster_Straight_Serrated_9.5in_open_02_aug013.jpg","Sponge Holding Forceps Foerster Straight Serrated 9.5in","open","2","13.0"
"D:\augmented_data_random_backgrounds\images\train\Sponge_Holding_Forceps_Foerster_Straight_Serrated_9.5in_open_02_aug014.jpg","Sponge Holding Forceps Foerster Straight Serrated 9.5in","open","2","14.0"
"D:\augmented_data_random_backgrounds\images\train\Sponge_Holding_Forceps_Foerster_Straight_Serrated_9.5in_open_02_aug015.jpg","Sponge Holding Forceps Foerster Straight Serrated 9.5in","open","2","15.0"
"D:\augmented_data_random_backgrounds\images\train\Sponge_Holding_Forceps_Foerster_Straight_Serrated_9.5in_open_02_aug016.jpg","Sponge Holding Forceps Foerster Straight Serrated 9.5in","open","2","16.0"
"D:\augmented_data_random_backgrounds\images\train\Sponge_Holding_Forceps_Foerster_Straight_Serrated_9.5in_open_02_aug018.jpg","Sponge Holding Forceps Foerster Straight Serrated 9.5in","open","2","18.0"
"D:\augmented_data_random_backgrounds\images\train\Sponge_Holding_Forceps_Foerster_Straight_Serrated_9.5in_open_03.jpg","Sponge Holding Forceps Foerster Straight Serrated 9.5in","open","3",""
"D:\augmented_data_random_backgrounds\images\train\Sponge_Holding_Forceps_Foerster_Straight_Serrated_9.5in_open_03_aug000.jpg","Sponge Holding Forceps Foerster Straight Serrated 9.5in","open","3","0.0"
"D:\augmented_data_random_backgrounds\images\train\Sponge_Holding_Forceps_Foerster_Straight_Serrated_9.5in_open_03_aug003.jpg","Sponge Holding Forceps Foerster Straight Serrated 9.5in","open","3","3.0"
"D:\augmented_data_random_backgrounds\images\train\Sponge_Holding_Forceps_Foerster_Straight_Serrated_9.5in_open_03_aug004.jpg","Sponge Holding Forceps Foerster Straight Serrated 9.5in","open","3","4.0"
"D:\augmented_data_random_backgrounds\images\train\Sponge_Holding_Forceps_Foerster_Straight_Serrated_9.5in_open_03_aug005.jpg","Sponge Holding Forceps Foerster Straight Serrated 9.5in","open","3","5.0"
"D:\augmented_data_random_backgrounds\images\train\Sponge_Holding_Forceps_Foerster_Straight_Serrated_9.5in_open_03_aug006.jpg","Sponge Holding Forceps Foerster Straight Serrated 9.5in","open","3","6.0"
"D:\augmented_data_random_backgrounds\images\train\Sponge_Holding_Forceps_Foerster_Straight_Serrated_9.5in_open_03_aug007.jpg","Sponge Holding Forceps Foerster Straight Serrated 9.5in","open","3","7.0"
"D:\augmented_data_random_backgrounds\images\train\Sponge_Holding_Forceps_Foerster_Straight_Serrated_9.5in_open_03_aug008.jpg","Sponge Holding Forceps Foerster Straight Serrated 9.5in","open","3","8.0"
"D:\augmented_data_random_backgrounds\images\train\Sponge_Holding_Forceps_Foerster_Straight_Serrated_9.5in_open_03_aug010.jpg","Sponge Holding Forceps Foerster Straight Serrated 9.5in","open","3","10.0"
"D:\augmented_data_random_backgrounds\images\train\Sponge_Holding_Forceps_Foerster_Straight_Serrated_9.5in_open_03_aug011.jpg","Sponge Holding Forceps Foerster Straight Serrated 9.5in","open","3","11.0"
"D:\augmented_data_random_backgrounds\images\train\Sponge_Holding_Forceps_Foerster_Straight_Serrated_9.5in_open_03_aug012.jpg","Sponge Holding Forceps Foerster Straight Serrated 9.5in","open","3","12.0"
"D:\augmented_data_random_backgrounds\images\train\Sponge_Holding_Forceps_Foerster_Straight_Serrated_9.5in_open_03_aug013.jpg","Sponge Holding Forceps Foerster Straight Serrated 9.5in","open","3","13.0"
"D:\augmented_data_random_backgrounds\images\train\Sponge_Holding_Forceps_Foerster_Straight_Serrated_9.5in_open_03_aug014.jpg","Sponge Holding Forceps Foerster Straight Serrated 9.5in","open","3","14.0"
"D:\augmented_data_random_backgrounds\images\train\Sponge_Holding_Forceps_Foerster_Straight_Serrated_9.5in_open_03_aug015.jpg","Sponge Holding Forceps Foerster Straight Serrated 9.5in","open","3","15.0"
"D:\augmented_data_random_backgrounds\images\train\Sponge_Holding_Forceps_Foerster_Straight_Serrated_9.5in_open_03_aug016.jpg","Sponge Holding Forceps Foerster Straight Serrated 9.5in","open","3","16.0"
"D:\augmented_data_random_backgrounds\images\train\Sponge_Holding_Forceps_Foerster_Straight_Serrated_9.5in_open_03_aug017.jpg","Sponge Holding Forceps Foerster Straight Serrated 9.5in","open","3","17.0"
"D:\augmented_data_random_backgrounds\images\train\Sponge_Holding_Forceps_Foerster_Straight_Serrated_9.5in_open_03_aug018.jpg","Sponge Holding Forceps Foerster Straight Serrated 9.5in","open","3","18.0"
"D:\augmented_data_random_backgrounds\images\train\Sponge_Holding_Forceps_Foerster_Straight_Serrated_9.5in_open_03_aug019.jpg","Sponge Holding Forceps Foerster Straight Serrated 9.5in","open","3","19.0"
"D:\augmented_data_random_backgrounds\images\train\Sponge_Holding_Forceps_Foerster_Straight_Serrated_9.5in_open_04.jpg","Sponge Holding Forceps Foerster Straight Serrated 9.5in","open","4",""
"D:\augmented_data_random_backgrounds\images\train\Sponge_Holding_Forceps_Foerster_Straight_Serrated_9.5in_open_04_aug000.jpg","Sponge Holding Forceps Foerster Straight Serrated 9.5in","open","4","0.0"
"D:\augmented_data_random_backgrounds\images\train\Sponge_Holding_Forceps_Foerster_Straight_Serrated_9.5in_open_04_aug001.jpg","Sponge Holding Forceps Foerster Straight Serrated 9.5in","open","4","1.0"
"D:\augmented_data_random_backgrounds\images\train\Sponge_Holding_Forceps_Foerster_Straight_Serrated_9.5in_open_04_aug002.jpg","Sponge Holding Forceps Foerster Straight Serrated 9.5in","open","4","2.0"
"D:\augmented_data_random_backgrounds\images\train\Sponge_Holding_Forceps_Foerster_Straight_Serrated_9.5in_open_04_aug003.jpg","Sponge Holding Forceps Foerster Straight Serrated 9.5in","open","4","3.0"
"D:\augmented_data_random_backgrounds\images\train\Sponge_Holding_Forceps_Foerster_Straight_Serrated_9.5in_open_04_aug004.jpg","Sponge Holding Forceps Foerster Straight Serrated 9.5in","open","4","4.0"
"D:\augmented_data_random_backgrounds\images\train\Sponge_Holding_Forceps_Foerster_Straight_Serrated_9.5in_open_04_aug005.jpg","Sponge Holding Forceps Foerster Straight Serrated 9.5in","open","4","5.0"
"D:\augmented_data_random_backgrounds\images\train\Sponge_Holding_Forceps_Foerster_Straight_Serrated_9.5in_open_04_aug006.jpg","Sponge Holding Forceps Foerster Straight Serrated 9.5in","open","4","6.0"
"D:\augmented_data_random_backgrounds\images\train\Sponge_Holding_Forceps_Foerster_Straight_Serrated_9.5in_open_04_aug007.jpg","Sponge Holding Forceps Foerster Straight Serrated 9.5in","open","4","7.0"
"D:\augmented_data_random_backgrounds\images\train\Sponge_Holding_Forceps_Foerster_Straight_Serrated_9.5in_open_04_aug009.jpg","Sponge Holding Forceps Foerster Straight Serrated 9.5in","open","4","9.0"
"D:\augmented_data_random_backgrounds\images\train\Sponge_Holding_Forceps_Foerster_Straight_Serrated_9.5in_open_04_aug010.jpg","Sponge Holding Forceps Foerster Straight Serrated 9.5in","open","4","10.0"
"D:\augmented_data_random_backgrounds\images\train\Sponge_Holding_Forceps_Foerster_Straight_Serrated_9.5in_open_04_aug011.jpg","Sponge Holding Forceps Foerster Straight Serrated 9.5in","open","4","11.0"
"D:\augmented_data_random_backgrounds\images\train\Sponge_Holding_Forceps_Foerster_Straight_Serrated_9.5in_open_04_aug012.jpg","Sponge Holding Forceps Foerster Straight Serrated 9.5in","open","4","12.0"
"D:\augmented_data_random_backgrounds\images\train\Sponge_Holding_Forceps_Foerster_Straight_Serrated_9.5in_open_04_aug013.jpg","Sponge Holding Forceps Foerster Straight Serrated 9.5in","open","4","13.0"
"D:\augmented_data_random_backgrounds\images\train\Sponge_Holding_Forceps_Foerster_Straight_Serrated_9.5in_open_04_aug014.jpg","Sponge Holding Forceps Foerster Straight Serrated 9.5in","open","4","14.0"
"D:\augmented_data_random_backgrounds\images\train\Sponge_Holding_Forceps_Foerster_Straight_Serrated_9.5in_open_04_aug017.jpg","Sponge Holding Forceps Foerster Straight Serrated 9.5in","open","4","17.0"
"D:\augmented_data_random_backgrounds\images\train\Sponge_Holding_Forceps_Foerster_Straight_Serrated_9.5in_open_04_aug018.jpg","Sponge Holding Forceps Foerster Straight Serrated 9.5in","open","4","18.0"
"D:\augmented_data_random_backgrounds\images\train\Sponge_Holding_Forceps_Foerster_Straight_Serrated_9.5in_open_04_aug019.jpg","Sponge Holding Forceps Foerster Straight Serrated 9.5in","open","4","19.0"
"D:\augmented_data_random_backgrounds\images\train\Sponge_Holding_Forceps_Foerster_Straight_Serrated_9.5in_open_05.jpg","Sponge Holding Forceps Foerster Straight Serrated 9.5in","open","5",""
"D:\augmented_data_random_backgrounds\images\train\Sponge_Holding_Forceps_Foerster_Straight_Serrated_9.5in_open_05_aug001.jpg","Sponge Holding Forceps Foerster Straight Serrated 9.5in","open","5","1.0"
"D:\augmented_data_random_backgrounds\images\train\Sponge_Holding_Forceps_Foerster_Straight_Serrated_9.5in_open_05_aug003.jpg","Sponge Holding Forceps Foerster Straight Serrated 9.5in","open","5","3.0"
"D:\augmented_data_random_backgrounds\images\train\Sponge_Holding_Forceps_Foerster_Straight_Serrated_9.5in_open_05_aug004.jpg","Sponge Holding Forceps Foerster Straight Serrated 9.5in","open","5","4.0"
"D:\augmented_data_random_backgrounds\images\train\Sponge_Holding_Forceps_Foerster_Straight_Serrated_9.5in_open_05_aug005.jpg","Sponge Holding Forceps Foerster Straight Serrated 9.5in","open","5","5.0"
"D:\augmented_data_random_backgrounds\images\train\Sponge_Holding_Forceps_Foerster_Straight_Serrated_9.5in_open_05_aug006.jpg","Sponge Holding Forceps Foerster Straight Serrated 9.5in","open","5","6.0"
"D:\augmented_data_random_backgrounds\images\train\Sponge_Holding_Forceps_Foerster_Straight_Serrated_9.5in_open_05_aug007.jpg","Sponge Holding Forceps Foerster Straight Serrated 9.5in","open","5","7.0"
"D:\augmented_data_random_backgrounds\images\train\Sponge_Holding_Forceps_Foerster_Straight_Serrated_9.5in_open_05_aug008.jpg","Sponge Holding Forceps Foerster Straight Serrated 9.5in","open","5","8.0"
"D:\augmented_data_random_backgrounds\images\train\Sponge_Holding_Forceps_Foerster_Straight_Serrated_9.5in_open_05_aug010.jpg","Sponge Holding Forceps Foerster Straight Serrated 9.5in","open","5","10.0"
"D:\augmented_data_random_backgrounds\images\train\Sponge_Holding_Forceps_Foerster_Straight_Serrated_9.5in_open_05_aug012.jpg","Sponge Holding Forceps Foerster Straight Serrated 9.5in","open","5","12.0"
"D:\augmented_data_random_backgrounds\images\train\Sponge_Holding_Forceps_Foerster_Straight_Serrated_9.5in_open_05_aug015.jpg","Sponge Holding Forceps Foerster Straight Serrated 9.5in","open","5","15.0"
"D:\augmented_data_random_backgrounds\images\train\Sponge_Holding_Forceps_Foerster_Straight_Serrated_9.5in_open_05_aug017.jpg","Sponge Holding Forceps Foerster Straight Serrated 9.5in","open","5","17.0"
"D:\augmented_data_random_backgrounds\images\train\Sponge_Holding_Forceps_Foerster_Straight_Serrated_9.5in_open_05_aug018.jpg","Sponge Holding Forceps Foerster Straight Serrated 9.5in","open","5","18.0"
"D:\augmented_data_random_backgrounds\images\train\Sponge_Holding_Forceps_Foerster_Straight_Serrated_9.5in_open_05_aug019.jpg","Sponge Holding Forceps Foerster Straight Serrated 9.5in","open","5","19.0"
"D:\augmented_data_random_backgrounds\images\train\Sponge_Holding_Forceps_Foerster_Straight_Serrated_9.5in_open_06_aug001.jpg","Sponge Holding Forceps Foerster Straight Serrated 9.5in","open","6","1.0"
"D:\augmented_data_random_backgrounds\images\train\Sponge_Holding_Forceps_Foerster_Straight_Serrated_9.5in_open_06_aug002.jpg","Sponge Holding Forceps Foerster Straight Serrated 9.5in","open","6","2.0"
"D:\augmented_data_random_backgrounds\images\train\Sponge_Holding_Forceps_Foerster_Straight_Serrated_9.5in_open_06_aug003.jpg","Sponge Holding Forceps Foerster Straight Serrated 9.5in","open","6","3.0"
"D:\augmented_data_random_backgrounds\images\train\Sponge_Holding_Forceps_Foerster_Straight_Serrated_9.5in_open_06_aug004.jpg","Sponge Holding Forceps Foerster Straight Serrated 9.5in","open","6","4.0"
"D:\augmented_data_random_backgrounds\images\train\Sponge_Holding_Forceps_Foerster_Straight_Serrated_9.5in_open_06_aug005.jpg","Sponge Holding Forceps Foerster Straight Serrated 9.5in","open","6","5.0"
"D:\augmented_data_random_backgrounds\images\train\Sponge_Holding_Forceps_Foerster_Straight_Serrated_9.5in_open_06_aug006.jpg","Sponge Holding Forceps Foerster Straight Serrated 9.5in","open","6","6.0"
"D:\augmented_data_random_backgrounds\images\train\Sponge_Holding_Forceps_Foerster_Straight_Serrated_9.5in_open_06_aug007.jpg","Sponge Holding Forceps Foerster Straight Serrated 9.5in","open","6","7.0"
"D:\augmented_data_random_backgrounds\images\train\Sponge_Holding_Forceps_Foerster_Straight_Serrated_9.5in_open_06_aug009.jpg","Sponge Holding Forceps Foerster Straight Serrated 9.5in","open","6","9.0"
"D:\augmented_data_random_backgrounds\images\train\Sponge_Holding_Forceps_Foerster_Straight_Serrated_9.5in_open_06_aug010.jpg","Sponge Holding Forceps Foerster Straight Serrated 9.5in","open","6","10.0"
"D:\augmented_data_random_backgrounds\images\train\Sponge_Holding_Forceps_Foerster_Straight_Serrated_9.5in_open_06_aug011.jpg","Sponge Holding Forceps Foerster Straight Serrated 9.5in","open","6","11.0"
"D:\augmented_data_random_backgrounds\images\train\Sponge_Holding_Forceps_Foerster_Straight_Serrated_9.5in_open_06_aug012.jpg","Sponge Holding Forceps Foerster Straight Serrated 9.5in","open","6","12.0"
"D:\augmented_data_random_backgrounds\images\train\Sponge_Holding_Forceps_Foerster_Straight_Serrated_9.5in_open_06_aug014.jpg","Sponge Holding Forceps Foerster Straight Serrated 9.5in","open","6","14.0"
"D:\augmented_data_random_backgrounds\images\train\Sponge_Holding_Forceps_Foerster_Straight_Serrated_9.5in_open_06_aug015.jpg","Sponge Holding Forceps Foerster Straight Serrated 9.5in","open","6","15.0"
"D:\augmented_data_random_backgrounds\images\train\Sponge_Holding_Forceps_Foerster_Straight_Serrated_9.5in_open_06_aug016.jpg","Sponge Holding Forceps Foerster Straight Serrated 9.5in","open","6","16.0"
"D:\augmented_data_random_backgrounds\images\train\Sponge_Holding_Forceps_Foerster_Straight_Serrated_9.5in_open_06_aug017.jpg","Sponge Holding Forceps Foerster Straight Serrated 9.5in","open","6","17.0"
"D:\augmented_data_random_backgrounds\images\train\Sponge_Holding_Forceps_Foerster_Straight_Serrated_9.5in_open_06_aug018.jpg","Sponge Holding Forceps Foerster Straight Serrated 9.5in","open","6","18.0"
"D:\augmented_data_random_backgrounds\images\train\Sponge_Holding_Forceps_Foerster_Straight_Serrated_9.5in_open_06_aug019.jpg","Sponge Holding Forceps Foerster Straight Serrated 9.5in","open","6","19.0"
"D:\augmented_data_random_backgrounds\images\train\Sponge_Holding_Forceps_Foerster_Straight_Serrated_9.5in_open_07.jpg","Sponge Holding Forceps Foerster Straight Serrated 9.5in","open","7",""
"D:\augmented_data_random_backgrounds\images\train\Sponge_Holding_Forceps_Foerster_Straight_Serrated_9.5in_open_07_aug000.jpg","Sponge Holding Forceps Foerster Straight Serrated 9.5in","open","7","0.0"
"D:\augmented_data_random_backgrounds\images\train\Sponge_Holding_Forceps_Foerster_Straight_Serrated_9.5in_open_07_aug001.jpg","Sponge Holding Forceps Foerster Straight Serrated 9.5in","open","7","1.0"
"D:\augmented_data_random_backgrounds\images\train\Sponge_Holding_Forceps_Foerster_Straight_Serrated_9.5in_open_07_aug002.jpg","Sponge Holding Forceps Foerster Straight Serrated 9.5in","open","7","2.0"
"D:\augmented_data_random_backgrounds\images\train\Sponge_Holding_Forceps_Foerster_Straight_Serrated_9.5in_open_07_aug003.jpg","Sponge Holding Forceps Foerster Straight Serrated 9.5in","open","7","3.0"
"D:\augmented_data_random_backgrounds\images\train\Sponge_Holding_Forceps_Foerster_Straight_Serrated_9.5in_open_07_aug004.jpg","Sponge Holding Forceps Foerster Straight Serrated 9.5in","open","7","4.0"
"D:\augmented_data_random_backgrounds\images\train\Sponge_Holding_Forceps_Foerster_Straight_Serrated_9.5in_open_07_aug005.jpg","Sponge Holding Forceps Foerster Straight Serrated 9.5in","open","7","5.0"
"D:\augmented_data_random_backgrounds\images\train\Sponge_Holding_Forceps_Foerster_Straight_Serrated_9.5in_open_07_aug006.jpg","Sponge Holding Forceps Foerster Straight Serrated 9.5in","open","7","6.0"
"D:\augmented_data_random_backgrounds\images\train\Sponge_Holding_Forceps_Foerster_Straight_Serrated_9.5in_open_07_aug007.jpg","Sponge Holding Forceps Foerster Straight Serrated 9.5in","open","7","7.0"
"D:\augmented_data_random_backgrounds\images\train\Sponge_Holding_Forceps_Foerster_Straight_Serrated_9.5in_open_07_aug008.jpg","Sponge Holding Forceps Foerster Straight Serrated 9.5in","open","7","8.0"
"D:\augmented_data_random_backgrounds\images\train\Sponge_Holding_Forceps_Foerster_Straight_Serrated_9.5in_open_07_aug009.jpg","Sponge Holding Forceps Foerster Straight Serrated 9.5in","open","7","9.0"
"D:\augmented_data_random_backgrounds\images\train\Sponge_Holding_Forceps_Foerster_Straight_Serrated_9.5in_open_07_aug010.jpg","Sponge Holding Forceps Foerster Straight Serrated 9.5in","open","7","10.0"
"D:\augmented_data_random_backgrounds\images\train\Sponge_Holding_Forceps_Foerster_Straight_Serrated_9.5in_open_07_aug012.jpg","Sponge Holding Forceps Foerster Straight Serrated 9.5in","open","7","12.0"
"D:\augmented_data_random_backgrounds\images\train\Sponge_Holding_Forceps_Foerster_Straight_Serrated_9.5in_open_07_aug013.jpg","Sponge Holding Forceps Foerster Straight Serrated 9.5in","open","7","13.0"
"D:\augmented_data_random_backgrounds\images\train\Sponge_Holding_Forceps_Foerster_Straight_Serrated_9.5in_open_07_aug014.jpg","Sponge Holding Forceps Foerster Straight Serrated 9.5in","open","7","14.0"
"D:\augmented_data_random_backgrounds\images\train\Sponge_Holding_Forceps_Foerster_Straight_Serrated_9.5in_open_07_aug015.jpg","Sponge Holding Forceps Foerster Straight Serrated 9.5in","open","7","15.0"
"D:\augmented_data_random_backgrounds\images\train\Sponge_Holding_Forceps_Foerster_Straight_Serrated_9.5in_open_07_aug017.jpg","Sponge Holding Forceps Foerster Straight Serrated 9.5in","open","7","17.0"
"D:\augmented_data_random_backgrounds\images\train\Sponge_Holding_Forceps_Foerster_Straight_Serrated_9.5in_open_07_aug018.jpg","Sponge Holding Forceps Foerster Straight Serrated 9.5in","open","7","18.0"
"D:\augmented_data_random_backgrounds\images\train\Sponge_Holding_Forceps_Foerster_Straight_Serrated_9.5in_open_07_aug019.jpg","Sponge Holding Forceps Foerster Straight Serrated 9.5in","open","7","19.0"
"D:\augmented_data_random_backgrounds\images\train\Sponge_Holding_Forceps_Foerster_Straight_Serrated_9.5in_open_08_aug000.jpg","Sponge Holding Forceps Foerster Straight Serrated 9.5in","open","8","0.0"
"D:\augmented_data_random_backgrounds\images\train\Sponge_Holding_Forceps_Foerster_Straight_Serrated_9.5in_open_08_aug001.jpg","Sponge Holding Forceps Foerster Straight Serrated 9.5in","open","8","1.0"
"D:\augmented_data_random_backgrounds\images\train\Sponge_Holding_Forceps_Foerster_Straight_Serrated_9.5in_open_08_aug002.jpg","Sponge Holding Forceps Foerster Straight Serrated 9.5in","open","8","2.0"
"D:\augmented_data_random_backgrounds\images\train\Sponge_Holding_Forceps_Foerster_Straight_Serrated_9.5in_open_08_aug004.jpg","Sponge Holding Forceps Foerster Straight Serrated 9.5in","open","8","4.0"
"D:\augmented_data_random_backgrounds\images\train\Sponge_Holding_Forceps_Foerster_Straight_Serrated_9.5in_open_08_aug005.jpg","Sponge Holding Forceps Foerster Straight Serrated 9.5in","open","8","5.0"
"D:\augmented_data_random_backgrounds\images\train\Sponge_Holding_Forceps_Foerster_Straight_Serrated_9.5in_open_08_aug006.jpg","Sponge Holding Forceps Foerster Straight Serrated 9.5in","open","8","6.0"
"D:\augmented_data_random_backgrounds\images\train\Sponge_Holding_Forceps_Foerster_Straight_Serrated_9.5in_open_08_aug007.jpg","Sponge Holding Forceps Foerster Straight Serrated 9.5in","open","8","7.0"
"D:\augmented_data_random_backgrounds\images\train\Sponge_Holding_Forceps_Foerster_Straight_Serrated_9.5in_open_08_aug008.jpg","Sponge Holding Forceps Foerster Straight Serrated 9.5in","open","8","8.0"
"D:\augmented_data_random_backgrounds\images\train\Sponge_Holding_Forceps_Foerster_Straight_Serrated_9.5in_open_08_aug009.jpg","Sponge Holding Forceps Foerster Straight Serrated 9.5in","open","8","9.0"
"D:\augmented_data_random_backgrounds\images\train\Sponge_Holding_Forceps_Foerster_Straight_Serrated_9.5in_open_08_aug010.jpg","Sponge Holding Forceps Foerster Straight Serrated 9.5in","open","8","10.0"
"D:\augmented_data_random_backgrounds\images\train\Sponge_Holding_Forceps_Foerster_Straight_Serrated_9.5in_open_08_aug011.jpg","Sponge Holding Forceps Foerster Straight Serrated 9.5in","open","8","11.0"
"D:\augmented_data_random_backgrounds\images\train\Sponge_Holding_Forceps_Foerster_Straight_Serrated_9.5in_open_08_aug012.jpg","Sponge Holding Forceps Foerster Straight Serrated 9.5in","open","8","12.0"
"D:\augmented_data_random_backgrounds\images\train\Sponge_Holding_Forceps_Foerster_Straight_Serrated_9.5in_open_08_aug013.jpg","Sponge Holding Forceps Foerster Straight Serrated 9.5in","open","8","13.0"
"D:\augmented_data_random_backgrounds\images\train\Sponge_Holding_Forceps_Foerster_Straight_Serrated_9.5in_open_08_aug014.jpg","Sponge Holding Forceps Foerster Straight Serrated 9.5in","open","8","14.0"
"D:\augmented_data_random_backgrounds\images\train\Sponge_Holding_Forceps_Foerster_Straight_Serrated_9.5in_open_08_aug015.jpg","Sponge Holding Forceps Foerster Straight Serrated 9.5in","open","8","15.0"
"D:\augmented_data_random_backgrounds\images\train\Sponge_Holding_Forceps_Foerster_Straight_Serrated_9.5in_open_08_aug016.jpg","Sponge Holding Forceps Foerster Straight Serrated 9.5in","open","8","16.0"
"D:\augmented_data_random_backgrounds\images\train\Sponge_Holding_Forceps_Foerster_Straight_Serrated_9.5in_open_08_aug018.jpg","Sponge Holding Forceps Foerster Straight Serrated 9.5in","open","8","18.0"
"D:\augmented_data_random_backgrounds\images\train\Sponge_Holding_Forceps_Foerster_Straight_Serrated_9.5in_open_08_aug019.jpg","Sponge Holding Forceps Foerster Straight Serrated 9.5in","open","8","19.0"
"D:\augmented_data_random_backgrounds\images\train\Sponge_Holding_Forceps_Foerster_Straight_Serrated_9.5in_open_09.jpg","Sponge Holding Forceps Foerster Straight Serrated 9.5in","open","9",""
"D:\augmented_data_random_backgrounds\images\train\Sponge_Holding_Forceps_Foerster_Straight_Serrated_9.5in_open_09_aug000.jpg","Sponge Holding Forceps Foerster Straight Serrated 9.5in","open","9","0.0"
"D:\augmented_data_random_backgrounds\images\train\Sponge_Holding_Forceps_Foerster_Straight_Serrated_9.5in_open_09_aug001.jpg","Sponge Holding Forceps Foerster Straight Serrated 9.5in","open","9","1.0"
"D:\augmented_data_random_backgrounds\images\train\Sponge_Holding_Forceps_Foerster_Straight_Serrated_9.5in_open_09_aug002.jpg","Sponge Holding Forceps Foerster Straight Serrated 9.5in","open","9","2.0"
"D:\augmented_data_random_backgrounds\images\train\Sponge_Holding_Forceps_Foerster_Straight_Serrated_9.5in_open_09_aug003.jpg","Sponge Holding Forceps Foerster Straight Serrated 9.5in","open","9","3.0"
"D:\augmented_data_random_backgrounds\images\train\Sponge_Holding_Forceps_Foerster_Straight_Serrated_9.5in_open_09_aug004.jpg","Sponge Holding Forceps Foerster Straight Serrated 9.5in","open","9","4.0"
"D:\augmented_data_random_backgrounds\images\train\Sponge_Holding_Forceps_Foerster_Straight_Serrated_9.5in_open_09_aug005.jpg","Sponge Holding Forceps Foerster Straight Serrated 9.5in","open","9","5.0"
"D:\augmented_data_random_backgrounds\images\train\Sponge_Holding_Forceps_Foerster_Straight_Serrated_9.5in_open_09_aug006.jpg","Sponge Holding Forceps Foerster Straight Serrated 9.5in","open","9","6.0"
"D:\augmented_data_random_backgrounds\images\train\Sponge_Holding_Forceps_Foerster_Straight_Serrated_9.5in_open_09_aug007.jpg","Sponge Holding Forceps Foerster Straight Serrated 9.5in","open","9","7.0"
"D:\augmented_data_random_backgrounds\images\train\Sponge_Holding_Forceps_Foerster_Straight_Serrated_9.5in_open_09_aug008.jpg","Sponge Holding Forceps Foerster Straight Serrated 9.5in","open","9","8.0"
"D:\augmented_data_random_backgrounds\images\train\Sponge_Holding_Forceps_Foerster_Straight_Serrated_9.5in_open_09_aug009.jpg","Sponge Holding Forceps Foerster Straight Serrated 9.5in","open","9","9.0"
"D:\augmented_data_random_backgrounds\images\train\Sponge_Holding_Forceps_Foerster_Straight_Serrated_9.5in_open_09_aug010.jpg","Sponge Holding Forceps Foerster Straight Serrated 9.5in","open","9","10.0"
"D:\augmented_data_random_backgrounds\images\train\Sponge_Holding_Forceps_Foerster_Straight_Serrated_9.5in_open_09_aug011.jpg","Sponge Holding Forceps Foerster Straight Serrated 9.5in","open","9","11.0"
"D:\augmented_data_random_backgrounds\images\train\Sponge_Holding_Forceps_Foerster_Straight_Serrated_9.5in_open_09_aug012.jpg","Sponge Holding Forceps Foerster Straight Serrated 9.5in","open","9","12.0"
"D:\augmented_data_random_backgrounds\images\train\Sponge_Holding_Forceps_Foerster_Straight_Serrated_9.5in_open_09_aug013.jpg","Sponge Holding Forceps Foerster Straight Serrated 9.5in","open","9","13.0"
"D:\augmented_data_random_backgrounds\images\train\Sponge_Holding_Forceps_Foerster_Straight_Serrated_9.5in_open_09_aug014.jpg","Sponge Holding Forceps Foerster Straight Serrated 9.5in","open","9","14.0"
"D:\augmented_data_random_backgrounds\images\train\Sponge_Holding_Forceps_Foerster_Straight_Serrated_9.5in_open_09_aug015.jpg","Sponge Holding Forceps Foerster Straight Serrated 9.5in","open","9","15.0"
"D:\augmented_data_random_backgrounds\images\train\Sponge_Holding_Forceps_Foerster_Straight_Serrated_9.5in_open_09_aug016.jpg","Sponge Holding Forceps Foerster Straight Serrated 9.5in","open","9","16.0"
"D:\augmented_data_random_backgrounds\images\train\Sponge_Holding_Forceps_Foerster_Straight_Serrated_9.5in_open_09_aug017.jpg","Sponge Holding Forceps Foerster Straight Serrated 9.5in","open","9","17.0"
"D:\augmented_data_random_backgrounds\images\train\Sponge_Holding_Forceps_Foerster_Straight_Serrated_9.5in_open_09_aug018.jpg","Sponge Holding Forceps Foerster Straight Serrated 9.5in","open","9","18.0"
"D:\augmented_data_random_backgrounds\images\train\Sponge_Holding_Forceps_Foerster_Straight_Serrated_9.5in_open_09_aug019.jpg","Sponge Holding Forceps Foerster Straight Serrated 9.5in","open","9","19.0"
"D:\augmented_data_random_backgrounds\images\train\Sponge_Holding_Forceps_Foerster_Straight_Serrated_9.5in_open_10.jpg","Sponge Holding Forceps Foerster Straight Serrated 9.5in","open","10",""
"D:\augmented_data_random_backgrounds\images\train\Sponge_Holding_Forceps_Foerster_Straight_Serrated_9.5in_open_10_aug000.jpg","Sponge Holding Forceps Foerster Straight Serrated 9.5in","open","10","0.0"
"D:\augmented_data_random_backgrounds\images\train\Sponge_Holding_Forceps_Foerster_Straight_Serrated_9.5in_open_10_aug001.jpg","Sponge Holding Forceps Foerster Straight Serrated 9.5in","open","10","1.0"
"D:\augmented_data_random_backgrounds\images\train\Sponge_Holding_Forceps_Foerster_Straight_Serrated_9.5in_open_10_aug002.jpg","Sponge Holding Forceps Foerster Straight Serrated 9.5in","open","10","2.0"
"D:\augmented_data_random_backgrounds\images\train\Sponge_Holding_Forceps_Foerster_Straight_Serrated_9.5in_open_10_aug003.jpg","Sponge Holding Forceps Foerster Straight Serrated 9.5in","open","10","3.0"
"D:\augmented_data_random_backgrounds\images\train\Sponge_Holding_Forceps_Foerster_Straight_Serrated_9.5in_open_10_aug004.jpg","Sponge Holding Forceps Foerster Straight Serrated 9.5in","open","10","4.0"
"D:\augmented_data_random_backgrounds\images\train\Sponge_Holding_Forceps_Foerster_Straight_Serrated_9.5in_open_10_aug005.jpg","Sponge Holding Forceps Foerster Straight Serrated 9.5in","open","10","5.0"
"D:\augmented_data_random_backgrounds\images\train\Sponge_Holding_Forceps_Foerster_Straight_Serrated_9.5in_open_10_aug006.jpg","Sponge Holding Forceps Foerster Straight Serrated 9.5in","open","10","6.0"
"D:\augmented_data_random_backgrounds\images\train\Sponge_Holding_Forceps_Foerster_Straight_Serrated_9.5in_open_10_aug010.jpg","Sponge Holding Forceps Foerster Straight Serrated 9.5in","open","10","10.0"
"D:\augmented_data_random_backgrounds\images\train\Sponge_Holding_Forceps_Foerster_Straight_Serrated_9.5in_open_10_aug012.jpg","Sponge Holding Forceps Foerster Straight Serrated 9.5in","open","10","12.0"
"D:\augmented_data_random_backgrounds\images\train\Sponge_Holding_Forceps_Foerster_Straight_Serrated_9.5in_open_10_aug013.jpg","Sponge Holding Forceps Foerster Straight Serrated 9.5in","open","10","13.0"
"D:\augmented_data_random_backgrounds\images\train\Sponge_Holding_Forceps_Foerster_Straight_Serrated_9.5in_open_10_aug014.jpg","Sponge Holding Forceps Foerster Straight Serrated 9.5in","open","10","14.0"
"D:\augmented_data_random_backgrounds\images\train\Sponge_Holding_Forceps_Foerster_Straight_Serrated_9.5in_open_10_aug015.jpg","Sponge Holding Forceps Foerster Straight Serrated 9.5in","open","10","15.0"
"D:\augmented_data_random_backgrounds\images\train\Sponge_Holding_Forceps_Foerster_Straight_Serrated_9.5in_open_10_aug016.jpg","Sponge Holding Forceps Foerster Straight Serrated 9.5in","open","10","16.0"
"D:\augmented_data_random_backgrounds\images\train\Sponge_Holding_Forceps_Foerster_Straight_Serrated_9.5in_open_10_aug017.jpg","Sponge Holding Forceps Foerster Straight Serrated 9.5in","open","10","17.0"
"D:\augmented_data_random_backgrounds\images\train\Sponge_Holding_Forceps_Foerster_Straight_Serrated_9.5in_open_10_aug019.jpg","Sponge Holding Forceps Foerster Straight Serrated 9.5in","open","10","19.0"
"D:\augmented_data_random_backgrounds\images\train\Sponge_Holding_Forceps_Foerster_Straight_Serrated_9.5in_open_11.jpg","Sponge Holding Forceps Foerster Straight Serrated 9.5in","open","11",""
"D:\augmented_data_random_backgrounds\images\train\Sponge_Holding_Forceps_Foerster_Straight_Serrated_9.5in_open_11_aug000.jpg","Sponge Holding Forceps Foerster Straight Serrated 9.5in","open","11","0.0"
"D:\augmented_data_random_backgrounds\images\train\Sponge_Holding_Forceps_Foerster_Straight_Serrated_9.5in_open_11_aug001.jpg","Sponge Holding Forceps Foerster Straight Serrated 9.5in","open","11","1.0"
"D:\augmented_data_random_backgrounds\images\train\Sponge_Holding_Forceps_Foerster_Straight_Serrated_9.5in_open_11_aug002.jpg","Sponge Holding Forceps Foerster Straight Serrated 9.5in","open","11","2.0"
"D:\augmented_data_random_backgrounds\images\train\Sponge_Holding_Forceps_Foerster_Straight_Serrated_9.5in_open_11_aug004.jpg","Sponge Holding Forceps Foerster Straight Serrated 9.5in","open","11","4.0"
"D:\augmented_data_random_backgrounds\images\train\Sponge_Holding_Forceps_Foerster_Straight_Serrated_9.5in_open_11_aug005.jpg","Sponge Holding Forceps Foerster Straight Serrated 9.5in","open","11","5.0"
"D:\augmented_data_random_backgrounds\images\train\Sponge_Holding_Forceps_Foerster_Straight_Serrated_9.5in_open_11_aug007.jpg","Sponge Holding Forceps Foerster Straight Serrated 9.5in","open","11","7.0"
"D:\augmented_data_random_backgrounds\images\train\Sponge_Holding_Forceps_Foerster_Straight_Serrated_9.5in_open_11_aug008.jpg","Sponge Holding Forceps Foerster Straight Serrated 9.5in","open","11","8.0"
"D:\augmented_data_random_backgrounds\images\train\Sponge_Holding_Forceps_Foerster_Straight_Serrated_9.5in_open_11_aug009.jpg","Sponge Holding Forceps Foerster Straight Serrated 9.5in","open","11","9.0"
"D:\augmented_data_random_backgrounds\images\train\Sponge_Holding_Forceps_Foerster_Straight_Serrated_9.5in_open_11_aug011.jpg","Sponge Holding Forceps Foerster Straight Serrated 9.5in","open","11","11.0"
"D:\augmented_data_random_backgrounds\images\train\Sponge_Holding_Forceps_Foerster_Straight_Serrated_9.5in_open_11_aug012.jpg","Sponge Holding Forceps Foerster Straight Serrated 9.5in","open","11","12.0"
"D:\augmented_data_random_backgrounds\images\train\Sponge_Holding_Forceps_Foerster_Straight_Serrated_9.5in_open_11_aug013.jpg","Sponge Holding Forceps Foerster Straight Serrated 9.5in","open","11","13.0"
"D:\augmented_data_random_backgrounds\images\train\Sponge_Holding_Forceps_Foerster_Straight_Serrated_9.5in_open_11_aug014.jpg","Sponge Holding Forceps Foerster Straight Serrated 9.5in","open","11","14.0"
"D:\augmented_data_random_backgrounds\images\train\Sponge_Holding_Forceps_Foerster_Straight_Serrated_9.5in_open_11_aug015.jpg","Sponge Holding Forceps Foerster Straight Serrated 9.5in","open","11","15.0"
"D:\augmented_data_random_backgrounds\images\train\Sponge_Holding_Forceps_Foerster_Straight_Serrated_9.5in_open_11_aug017.jpg","Sponge Holding Forceps Foerster Straight Serrated 9.5in","open","11","17.0"
"D:\augmented_data_random_backgrounds\images\train\Sponge_Holding_Forceps_Foerster_Straight_Serrated_9.5in_open_11_aug018.jpg","Sponge Holding Forceps Foerster Straight Serrated 9.5in","open","11","18.0"
"D:\augmented_data_random_backgrounds\images\train\Sponge_Holding_Forceps_Foerster_Straight_Serrated_9.5in_open_11_aug019.jpg","Sponge Holding Forceps Foerster Straight Serrated 9.5in","open","11","19.0"
"D:\augmented_data_random_backgrounds\images\train\Sponge_Holding_Forceps_Foerster_Straight_Serrated_9.5in_open_12.jpg","Sponge Holding Forceps Foerster Straight Serrated 9.5in","open","12",""
"D:\augmented_data_random_backgrounds\images\train\Sponge_Holding_Forceps_Foerster_Straight_Serrated_9.5in_open_12_aug000.jpg","Sponge Holding Forceps Foerster Straight Serrated 9.5in","open","12","0.0"
"D:\augmented_data_random_backgrounds\images\train\Sponge_Holding_Forceps_Foerster_Straight_Serrated_9.5in_open_12_aug001.jpg","Sponge Holding Forceps Foerster Straight Serrated 9.5in","open","12","1.0"
"D:\augmented_data_random_backgrounds\images\train\Sponge_Holding_Forceps_Foerster_Straight_Serrated_9.5in_open_12_aug002.jpg","Sponge Holding Forceps Foerster Straight Serrated 9.5in","open","12","2.0"
"D:\augmented_data_random_backgrounds\images\train\Sponge_Holding_Forceps_Foerster_Straight_Serrated_9.5in_open_12_aug004.jpg","Sponge Holding Forceps Foerster Straight Serrated 9.5in","open","12","4.0"
"D:\augmented_data_random_backgrounds\images\train\Sponge_Holding_Forceps_Foerster_Straight_Serrated_9.5in_open_12_aug005.jpg","Sponge Holding Forceps Foerster Straight Serrated 9.5in","open","12","5.0"
"D:\augmented_data_random_backgrounds\images\train\Sponge_Holding_Forceps_Foerster_Straight_Serrated_9.5in_open_12_aug006.jpg","Sponge Holding Forceps Foerster Straight Serrated 9.5in","open","12","6.0"
"D:\augmented_data_random_backgrounds\images\train\Sponge_Holding_Forceps_Foerster_Straight_Serrated_9.5in_open_12_aug008.jpg","Sponge Holding Forceps Foerster Straight Serrated 9.5in","open","12","8.0"
"D:\augmented_data_random_backgrounds\images\train\Sponge_Holding_Forceps_Foerster_Straight_Serrated_9.5in_open_12_aug009.jpg","Sponge Holding Forceps Foerster Straight Serrated 9.5in","open","12","9.0"
"D:\augmented_data_random_backgrounds\images\train\Sponge_Holding_Forceps_Foerster_Straight_Serrated_9.5in_open_12_aug011.jpg","Sponge Holding Forceps Foerster Straight Serrated 9.5in","open","12","11.0"
"D:\augmented_data_random_backgrounds\images\train\Sponge_Holding_Forceps_Foerster_Straight_Serrated_9.5in_open_12_aug012.jpg","Sponge Holding Forceps Foerster Straight Serrated 9.5in","open","12","12.0"
"D:\augmented_data_random_backgrounds\images\train\Sponge_Holding_Forceps_Foerster_Straight_Serrated_9.5in_open_12_aug013.jpg","Sponge Holding Forceps Foerster Straight Serrated 9.5in","open","12","13.0"
"D:\augmented_data_random_backgrounds\images\train\Sponge_Holding_Forceps_Foerster_Straight_Serrated_9.5in_open_12_aug014.jpg","Sponge Holding Forceps Foerster Straight Serrated 9.5in","open","12","14.0"
"D:\augmented_data_random_backgrounds\images\train\Sponge_Holding_Forceps_Foerster_Straight_Serrated_9.5in_open_12_aug015.jpg","Sponge Holding Forceps Foerster Straight Serrated 9.5in","open","12","15.0"
"D:\augmented_data_random_backgrounds\images\train\Sponge_Holding_Forceps_Foerster_Straight_Serrated_9.5in_open_12_aug016.jpg","Sponge Holding Forceps Foerster Straight Serrated 9.5in","open","12","16.0"
"D:\augmented_data_random_backgrounds\images\train\Sponge_Holding_Forceps_Foerster_Straight_Serrated_9.5in_open_12_aug017.jpg","Sponge Holding Forceps Foerster Straight Serrated 9.5in","open","12","17.0"
"D:\augmented_data_random_backgrounds\images\train\Sponge_Holding_Forceps_Foerster_Straight_Serrated_9.5in_open_12_aug018.jpg","Sponge Holding Forceps Foerster Straight Serrated 9.5in","open","12","18.0"
"D:\augmented_data_random_backgrounds\images\train\Sponge_Holding_Forceps_Foerster_Straight_Serrated_9.5in_open_13.jpg","Sponge Holding Forceps Foerster Straight Serrated 9.5in","open","13",""
"D:\augmented_data_random_backgrounds\images\train\Sponge_Holding_Forceps_Foerster_Straight_Serrated_9.5in_open_13_aug000.jpg","Sponge Holding Forceps Foerster Straight Serrated 9.5in","open","13","0.0"
"D:\augmented_data_random_backgrounds\images\train\Sponge_Holding_Forceps_Foerster_Straight_Serrated_9.5in_open_13_aug002.jpg","Sponge Holding Forceps Foerster Straight Serrated 9.5in","open","13","2.0"
"D:\augmented_data_random_backgrounds\images\train\Sponge_Holding_Forceps_Foerster_Straight_Serrated_9.5in_open_13_aug003.jpg","Sponge Holding Forceps Foerster Straight Serrated 9.5in","open","13","3.0"
"D:\augmented_data_random_backgrounds\images\train\Sponge_Holding_Forceps_Foerster_Straight_Serrated_9.5in_open_13_aug004.jpg","Sponge Holding Forceps Foerster Straight Serrated 9.5in","open","13","4.0"
"D:\augmented_data_random_backgrounds\images\train\Sponge_Holding_Forceps_Foerster_Straight_Serrated_9.5in_open_13_aug006.jpg","Sponge Holding Forceps Foerster Straight Serrated 9.5in","open","13","6.0"
"D:\augmented_data_random_backgrounds\images\train\Sponge_Holding_Forceps_Foerster_Straight_Serrated_9.5in_open_13_aug007.jpg","Sponge Holding Forceps Foerster Straight Serrated 9.5in","open","13","7.0"
"D:\augmented_data_random_backgrounds\images\train\Sponge_Holding_Forceps_Foerster_Straight_Serrated_9.5in_open_13_aug008.jpg","Sponge Holding Forceps Foerster Straight Serrated 9.5in","open","13","8.0"
"D:\augmented_data_random_backgrounds\images\train\Sponge_Holding_Forceps_Foerster_Straight_Serrated_9.5in_open_13_aug009.jpg","Sponge Holding Forceps Foerster Straight Serrated 9.5in","open","13","9.0"
"D:\augmented_data_random_backgrounds\images\train\Sponge_Holding_Forceps_Foerster_Straight_Serrated_9.5in_open_13_aug011.jpg","Sponge Holding Forceps Foerster Straight Serrated 9.5in","open","13","11.0"
"D:\augmented_data_random_backgrounds\images\train\Sponge_Holding_Forceps_Foerster_Straight_Serrated_9.5in_open_13_aug012.jpg","Sponge Holding Forceps Foerster Straight Serrated 9.5in","open","13","12.0"
"D:\augmented_data_random_backgrounds\images\train\Sponge_Holding_Forceps_Foerster_Straight_Serrated_9.5in_open_13_aug013.jpg","Sponge Holding Forceps Foerster Straight Serrated 9.5in","open","13","13.0"
"D:\augmented_data_random_backgrounds\images\train\Sponge_Holding_Forceps_Foerster_Straight_Serrated_9.5in_open_13_aug014.jpg","Sponge Holding Forceps Foerster Straight Serrated 9.5in","open","13","14.0"
"D:\augmented_data_random_backgrounds\images\train\Sponge_Holding_Forceps_Foerster_Straight_Serrated_9.5in_open_13_aug016.jpg","Sponge Holding Forceps Foerster Straight Serrated 9.5in","open","13","16.0"
"D:\augmented_data_random_backgrounds\images\train\Sponge_Holding_Forceps_Foerster_Straight_Serrated_9.5in_open_13_aug017.jpg","Sponge Holding Forceps Foerster Straight Serrated 9.5in","open","13","17.0"
"D:\augmented_data_random_backgrounds\images\train\Sponge_Holding_Forceps_Foerster_Straight_Serrated_9.5in_open_13_aug018.jpg","Sponge Holding Forceps Foerster Straight Serrated 9.5in","open","13","18.0"
"D:\augmented_data_random_backgrounds\images\train\Sponge_Holding_Forceps_Foerster_Straight_Serrated_9.5in_open_13_aug019.jpg","Sponge Holding Forceps Foerster Straight Serrated 9.5in","open","13","19.0"
"D:\augmented_data_random_backgrounds\images\train\Sponge_Holding_Forceps_Foerster_Straight_Serrated_9.5in_open_14.jpg","Sponge Holding Forceps Foerster Straight Serrated 9.5in","open","14",""
"D:\augmented_data_random_backgrounds\images\train\Sponge_Holding_Forceps_Foerster_Straight_Serrated_9.5in_open_14_aug000.jpg","Sponge Holding Forceps Foerster Straight Serrated 9.5in","open","14","0.0"
"D:\augmented_data_random_backgrounds\images\train\Sponge_Holding_Forceps_Foerster_Straight_Serrated_9.5in_open_14_aug001.jpg","Sponge Holding Forceps Foerster Straight Serrated 9.5in","open","14","1.0"
"D:\augmented_data_random_backgrounds\images\train\Sponge_Holding_Forceps_Foerster_Straight_Serrated_9.5in_open_14_aug002.jpg","Sponge Holding Forceps Foerster Straight Serrated 9.5in","open","14","2.0"
"D:\augmented_data_random_backgrounds\images\train\Sponge_Holding_Forceps_Foerster_Straight_Serrated_9.5in_open_14_aug003.jpg","Sponge Holding Forceps Foerster Straight Serrated 9.5in","open","14","3.0"
"D:\augmented_data_random_backgrounds\images\train\Sponge_Holding_Forceps_Foerster_Straight_Serrated_9.5in_open_14_aug004.jpg","Sponge Holding Forceps Foerster Straight Serrated 9.5in","open","14","4.0"
"D:\augmented_data_random_backgrounds\images\train\Sponge_Holding_Forceps_Foerster_Straight_Serrated_9.5in_open_14_aug005.jpg","Sponge Holding Forceps Foerster Straight Serrated 9.5in","open","14","5.0"
"D:\augmented_data_random_backgrounds\images\train\Sponge_Holding_Forceps_Foerster_Straight_Serrated_9.5in_open_14_aug006.jpg","Sponge Holding Forceps Foerster Straight Serrated 9.5in","open","14","6.0"
"D:\augmented_data_random_backgrounds\images\train\Sponge_Holding_Forceps_Foerster_Straight_Serrated_9.5in_open_14_aug007.jpg","Sponge Holding Forceps Foerster Straight Serrated 9.5in","open","14","7.0"
"D:\augmented_data_random_backgrounds\images\train\Sponge_Holding_Forceps_Foerster_Straight_Serrated_9.5in_open_14_aug008.jpg","Sponge Holding Forceps Foerster Straight Serrated 9.5in","open","14","8.0"
"D:\augmented_data_random_backgrounds\images\train\Sponge_Holding_Forceps_Foerster_Straight_Serrated_9.5in_open_14_aug009.jpg","Sponge Holding Forceps Foerster Straight Serrated 9.5in","open","14","9.0"
"D:\augmented_data_random_backgrounds\images\train\Sponge_Holding_Forceps_Foerster_Straight_Serrated_9.5in_open_14_aug010.jpg","Sponge Holding Forceps Foerster Straight Serrated 9.5in","open","14","10.0"
"D:\augmented_data_random_backgrounds\images\train\Sponge_Holding_Forceps_Foerster_Straight_Serrated_9.5in_open_14_aug011.jpg","Sponge Holding Forceps Foerster Straight Serrated 9.5in","open","14","11.0"
"D:\augmented_data_random_backgrounds\images\train\Sponge_Holding_Forceps_Foerster_Straight_Serrated_9.5in_open_14_aug012.jpg","Sponge Holding Forceps Foerster Straight Serrated 9.5in","open","14","12.0"
"D:\augmented_data_random_backgrounds\images\train\Sponge_Holding_Forceps_Foerster_Straight_Serrated_9.5in_open_14_aug013.jpg","Sponge Holding Forceps Foerster Straight Serrated 9.5in","open","14","13.0"
"D:\augmented_data_random_backgrounds\images\train\Sponge_Holding_Forceps_Foerster_Straight_Serrated_9.5in_open_14_aug015.jpg","Sponge Holding Forceps Foerster Straight Serrated 9.5in","open","14","15.0"
"D:\augmented_data_random_backgrounds\images\train\Sponge_Holding_Forceps_Foerster_Straight_Serrated_9.5in_open_14_aug017.jpg","Sponge Holding Forceps Foerster Straight Serrated 9.5in","open","14","17.0"
"D:\augmented_data_random_backgrounds\images\train\Sponge_Holding_Forceps_Foerster_Straight_Serrated_9.5in_open_14_aug018.jpg","Sponge Holding Forceps Foerster Straight Serrated 9.5in","open","14","18.0"
"D:\augmented_data_random_backgrounds\images\train\Sponge_Holding_Forceps_Foerster_Straight_Serrated_9.5in_open_15.jpg","Sponge Holding Forceps Foerster Straight Serrated 9.5in","open","15",""
"D:\augmented_data_random_backgrounds\images\train\Sponge_Holding_Forceps_Foerster_Straight_Serrated_9.5in_open_15_aug000.jpg","Sponge Holding Forceps Foerster Straight Serrated 9.5in","open","15","0.0"
"D:\augmented_data_random_backgrounds\images\train\Sponge_Holding_Forceps_Foerster_Straight_Serrated_9.5in_open_15_aug001.jpg","Sponge Holding Forceps Foerster Straight Serrated 9.5in","open","15","1.0"
"D:\augmented_data_random_backgrounds\images\train\Sponge_Holding_Forceps_Foerster_Straight_Serrated_9.5in_open_15_aug002.jpg","Sponge Holding Forceps Foerster Straight Serrated 9.5in","open","15","2.0"
"D:\augmented_data_random_backgrounds\images\train\Sponge_Holding_Forceps_Foerster_Straight_Serrated_9.5in_open_15_aug003.jpg","Sponge Holding Forceps Foerster Straight Serrated 9.5in","open","15","3.0"
"D:\augmented_data_random_backgrounds\images\train\Sponge_Holding_Forceps_Foerster_Straight_Serrated_9.5in_open_15_aug004.jpg","Sponge Holding Forceps Foerster Straight Serrated 9.5in","open","15","4.0"
"D:\augmented_data_random_backgrounds\images\train\Sponge_Holding_Forceps_Foerster_Straight_Serrated_9.5in_open_15_aug005.jpg","Sponge Holding Forceps Foerster Straight Serrated 9.5in","open","15","5.0"
"D:\augmented_data_random_backgrounds\images\train\Sponge_Holding_Forceps_Foerster_Straight_Serrated_9.5in_open_15_aug006.jpg","Sponge Holding Forceps Foerster Straight Serrated 9.5in","open","15","6.0"
"D:\augmented_data_random_backgrounds\images\train\Sponge_Holding_Forceps_Foerster_Straight_Serrated_9.5in_open_15_aug007.jpg","Sponge Holding Forceps Foerster Straight Serrated 9.5in","open","15","7.0"
"D:\augmented_data_random_backgrounds\images\train\Sponge_Holding_Forceps_Foerster_Straight_Serrated_9.5in_open_15_aug008.jpg","Sponge Holding Forceps Foerster Straight Serrated 9.5in","open","15","8.0"
"D:\augmented_data_random_backgrounds\images\train\Sponge_Holding_Forceps_Foerster_Straight_Serrated_9.5in_open_15_aug010.jpg","Sponge Holding Forceps Foerster Straight Serrated 9.5in","open","15","10.0"
"D:\augmented_data_random_backgrounds\images\train\Sponge_Holding_Forceps_Foerster_Straight_Serrated_9.5in_open_15_aug011.jpg","Sponge Holding Forceps Foerster Straight Serrated 9.5in","open","15","11.0"
"D:\augmented_data_random_backgrounds\images\train\Sponge_Holding_Forceps_Foerster_Straight_Serrated_9.5in_open_15_aug012.jpg","Sponge Holding Forceps Foerster Straight Serrated 9.5in","open","15","12.0"
"D:\augmented_data_random_backgrounds\images\train\Sponge_Holding_Forceps_Foerster_Straight_Serrated_9.5in_open_15_aug014.jpg","Sponge Holding Forceps Foerster Straight Serrated 9.5in","open","15","14.0"
"D:\augmented_data_random_backgrounds\images\train\Sponge_Holding_Forceps_Foerster_Straight_Serrated_9.5in_open_15_aug016.jpg","Sponge Holding Forceps Foerster Straight Serrated 9.5in","open","15","16.0"
"D:\augmented_data_random_backgrounds\images\train\Sponge_Holding_Forceps_Foerster_Straight_Serrated_9.5in_open_15_aug017.jpg","Sponge Holding Forceps Foerster Straight Serrated 9.5in","open","15","17.0"
"D:\augmented_data_random_backgrounds\images\train\Sponge_Holding_Forceps_Foerster_Straight_Serrated_9.5in_open_15_aug018.jpg","Sponge Holding Forceps Foerster Straight Serrated 9.5in","open","15","18.0"
"D:\augmented_data_random_backgrounds\images\train\Sponge_Holding_Forceps_Foerster_Straight_Serrated_9.5in_open_15_aug019.jpg","Sponge Holding Forceps Foerster Straight Serrated 9.5in","open","15","19.0"
"D:\augmented_data_random_backgrounds\images\train\Sponge_Holding_Forceps_Foerster_Straight_Serrated_9.5in_open_16.jpg","Sponge Holding Forceps Foerster Straight Serrated 9.5in","open","16",""
"D:\augmented_data_random_backgrounds\images\train\Sponge_Holding_Forceps_Foerster_Straight_Serrated_9.5in_open_16_aug002.jpg","Sponge Holding Forceps Foerster Straight Serrated 9.5in","open","16","2.0"
"D:\augmented_data_random_backgrounds\images\train\Sponge_Holding_Forceps_Foerster_Straight_Serrated_9.5in_open_16_aug003.jpg","Sponge Holding Forceps Foerster Straight Serrated 9.5in","open","16","3.0"
"D:\augmented_data_random_backgrounds\images\train\Sponge_Holding_Forceps_Foerster_Straight_Serrated_9.5in_open_16_aug004.jpg","Sponge Holding Forceps Foerster Straight Serrated 9.5in","open","16","4.0"
"D:\augmented_data_random_backgrounds\images\train\Sponge_Holding_Forceps_Foerster_Straight_Serrated_9.5in_open_16_aug005.jpg","Sponge Holding Forceps Foerster Straight Serrated 9.5in","open","16","5.0"
"D:\augmented_data_random_backgrounds\images\train\Sponge_Holding_Forceps_Foerster_Straight_Serrated_9.5in_open_16_aug006.jpg","Sponge Holding Forceps Foerster Straight Serrated 9.5in","open","16","6.0"
"D:\augmented_data_random_backgrounds\images\train\Sponge_Holding_Forceps_Foerster_Straight_Serrated_9.5in_open_16_aug007.jpg","Sponge Holding Forceps Foerster Straight Serrated 9.5in","open","16","7.0"
"D:\augmented_data_random_backgrounds\images\train\Sponge_Holding_Forceps_Foerster_Straight_Serrated_9.5in_open_16_aug008.jpg","Sponge Holding Forceps Foerster Straight Serrated 9.5in","open","16","8.0"
"D:\augmented_data_random_backgrounds\images\train\Sponge_Holding_Forceps_Foerster_Straight_Serrated_9.5in_open_16_aug009.jpg","Sponge Holding Forceps Foerster Straight Serrated 9.5in","open","16","9.0"
"D:\augmented_data_random_backgrounds\images\train\Sponge_Holding_Forceps_Foerster_Straight_Serrated_9.5in_open_16_aug010.jpg","Sponge Holding Forceps Foerster Straight Serrated 9.5in","open","16","10.0"
"D:\augmented_data_random_backgrounds\images\train\Sponge_Holding_Forceps_Foerster_Straight_Serrated_9.5in_open_16_aug011.jpg","Sponge Holding Forceps Foerster Straight Serrated 9.5in","open","16","11.0"
"D:\augmented_data_random_backgrounds\images\train\Sponge_Holding_Forceps_Foerster_Straight_Serrated_9.5in_open_16_aug013.jpg","Sponge Holding Forceps Foerster Straight Serrated 9.5in","open","16","13.0"
"D:\augmented_data_random_backgrounds\images\train\Sponge_Holding_Forceps_Foerster_Straight_Serrated_9.5in_open_16_aug014.jpg","Sponge Holding Forceps Foerster Straight Serrated 9.5in","open","16","14.0"
"D:\augmented_data_random_backgrounds\images\train\Sponge_Holding_Forceps_Foerster_Straight_Serrated_9.5in_open_16_aug015.jpg","Sponge Holding Forceps Foerster Straight Serrated 9.5in","open","16","15.0"
"D:\augmented_data_random_backgrounds\images\train\Sponge_Holding_Forceps_Foerster_Straight_Serrated_9.5in_open_16_aug016.jpg","Sponge Holding Forceps Foerster Straight Serrated 9.5in","open","16","16.0"
"D:\augmented_data_random_backgrounds\images\train\Sponge_Holding_Forceps_Foerster_Straight_Serrated_9.5in_open_16_aug017.jpg","Sponge Holding Forceps Foerster Straight Serrated 9.5in","open","16","17.0"
"D:\augmented_data_random_backgrounds\images\train\Sponge_Holding_Forceps_Foerster_Straight_Serrated_9.5in_open_16_aug019.jpg","Sponge Holding Forceps Foerster Straight Serrated 9.5in","open","16","19.0"
"D:\augmented_data_random_backgrounds\images\train\Sponge_Holding_Forceps_Foerster_Straight_Serrated_9.5in_open_17.jpg","Sponge Holding Forceps Foerster Straight Serrated 9.5in","open","17",""
"D:\augmented_data_random_backgrounds\images\train\Sponge_Holding_Forceps_Foerster_Straight_Serrated_9.5in_open_17_aug000.jpg","Sponge Holding Forceps Foerster Straight Serrated 9.5in","open","17","0.0"
"D:\augmented_data_random_backgrounds\images\train\Sponge_Holding_Forceps_Foerster_Straight_Serrated_9.5in_open_17_aug002.jpg","Sponge Holding Forceps Foerster Straight Serrated 9.5in","open","17","2.0"
"D:\augmented_data_random_backgrounds\images\train\Sponge_Holding_Forceps_Foerster_Straight_Serrated_9.5in_open_17_aug005.jpg","Sponge Holding Forceps Foerster Straight Serrated 9.5in","open","17","5.0"
"D:\augmented_data_random_backgrounds\images\train\Sponge_Holding_Forceps_Foerster_Straight_Serrated_9.5in_open_17_aug006.jpg","Sponge Holding Forceps Foerster Straight Serrated 9.5in","open","17","6.0"
"D:\augmented_data_random_backgrounds\images\train\Sponge_Holding_Forceps_Foerster_Straight_Serrated_9.5in_open_17_aug007.jpg","Sponge Holding Forceps Foerster Straight Serrated 9.5in","open","17","7.0"
"D:\augmented_data_random_backgrounds\images\train\Sponge_Holding_Forceps_Foerster_Straight_Serrated_9.5in_open_17_aug009.jpg","Sponge Holding Forceps Foerster Straight Serrated 9.5in","open","17","9.0"
"D:\augmented_data_random_backgrounds\images\train\Sponge_Holding_Forceps_Foerster_Straight_Serrated_9.5in_open_17_aug010.jpg","Sponge Holding Forceps Foerster Straight Serrated 9.5in","open","17","10.0"
"D:\augmented_data_random_backgrounds\images\train\Sponge_Holding_Forceps_Foerster_Straight_Serrated_9.5in_open_17_aug011.jpg","Sponge Holding Forceps Foerster Straight Serrated 9.5in","open","17","11.0"
"D:\augmented_data_random_backgrounds\images\train\Sponge_Holding_Forceps_Foerster_Straight_Serrated_9.5in_open_17_aug012.jpg","Sponge Holding Forceps Foerster Straight Serrated 9.5in","open","17","12.0"
"D:\augmented_data_random_backgrounds\images\train\Sponge_Holding_Forceps_Foerster_Straight_Serrated_9.5in_open_17_aug013.jpg","Sponge Holding Forceps Foerster Straight Serrated 9.5in","open","17","13.0"
"D:\augmented_data_random_backgrounds\images\train\Sponge_Holding_Forceps_Foerster_Straight_Serrated_9.5in_open_17_aug014.jpg","Sponge Holding Forceps Foerster Straight Serrated 9.5in","open","17","14.0"
"D:\augmented_data_random_backgrounds\images\train\Sponge_Holding_Forceps_Foerster_Straight_Serrated_9.5in_open_17_aug015.jpg","Sponge Holding Forceps Foerster Straight Serrated 9.5in","open","17","15.0"
"D:\augmented_data_random_backgrounds\images\train\Sponge_Holding_Forceps_Foerster_Straight_Serrated_9.5in_open_17_aug017.jpg","Sponge Holding Forceps Foerster Straight Serrated 9.5in","open","17","17.0"
"D:\augmented_data_random_backgrounds\images\train\Sponge_Holding_Forceps_Foerster_Straight_Serrated_9.5in_open_17_aug018.jpg","Sponge Holding Forceps Foerster Straight Serrated 9.5in","open","17","18.0"
"D:\augmented_data_random_backgrounds\images\train\Sponge_Holding_Forceps_Foerster_Straight_Serrated_9.5in_open_18.jpg","Sponge Holding Forceps Foerster Straight Serrated 9.5in","open","18",""
"D:\augmented_data_random_backgrounds\images\train\Sponge_Holding_Forceps_Foerster_Straight_Serrated_9.5in_open_18_aug001.jpg","Sponge Holding Forceps Foerster Straight Serrated 9.5in","open","18","1.0"
"D:\augmented_data_random_backgrounds\images\train\Sponge_Holding_Forceps_Foerster_Straight_Serrated_9.5in_open_18_aug003.jpg","Sponge Holding Forceps Foerster Straight Serrated 9.5in","open","18","3.0"
"D:\augmented_data_random_backgrounds\images\train\Sponge_Holding_Forceps_Foerster_Straight_Serrated_9.5in_open_18_aug004.jpg","Sponge Holding Forceps Foerster Straight Serrated 9.5in","open","18","4.0"
"D:\augmented_data_random_backgrounds\images\train\Sponge_Holding_Forceps_Foerster_Straight_Serrated_9.5in_open_18_aug005.jpg","Sponge Holding Forceps Foerster Straight Serrated 9.5in","open","18","5.0"
"D:\augmented_data_random_backgrounds\images\train\Sponge_Holding_Forceps_Foerster_Straight_Serrated_9.5in_open_18_aug006.jpg","Sponge Holding Forceps Foerster Straight Serrated 9.5in","open","18","6.0"
"D:\augmented_data_random_backgrounds\images\train\Sponge_Holding_Forceps_Foerster_Straight_Serrated_9.5in_open_18_aug007.jpg","Sponge Holding Forceps Foerster Straight Serrated 9.5in","open","18","7.0"
"D:\augmented_data_random_backgrounds\images\train\Sponge_Holding_Forceps_Foerster_Straight_Serrated_9.5in_open_18_aug008.jpg","Sponge Holding Forceps Foerster Straight Serrated 9.5in","open","18","8.0"
"D:\augmented_data_random_backgrounds\images\train\Sponge_Holding_Forceps_Foerster_Straight_Serrated_9.5in_open_18_aug010.jpg","Sponge Holding Forceps Foerster Straight Serrated 9.5in","open","18","10.0"
"D:\augmented_data_random_backgrounds\images\train\Sponge_Holding_Forceps_Foerster_Straight_Serrated_9.5in_open_18_aug011.jpg","Sponge Holding Forceps Foerster Straight Serrated 9.5in","open","18","11.0"
"D:\augmented_data_random_backgrounds\images\train\Sponge_Holding_Forceps_Foerster_Straight_Serrated_9.5in_open_18_aug012.jpg","Sponge Holding Forceps Foerster Straight Serrated 9.5in","open","18","12.0"
"D:\augmented_data_random_backgrounds\images\train\Sponge_Holding_Forceps_Foerster_Straight_Serrated_9.5in_open_18_aug018.jpg","Sponge Holding Forceps Foerster Straight Serrated 9.5in","open","18","18.0"
"D:\augmented_data_random_backgrounds\images\train\Sponge_Holding_Forceps_Foerster_Straight_Serrated_9.5in_open_18_aug019.jpg","Sponge Holding Forceps Foerster Straight Serrated 9.5in","open","18","19.0"
"D:\augmented_data_random_backgrounds\images\train\Sponge_Holding_Forceps_Foerster_Straight_Serrated_9.5in_open_19.jpg","Sponge Holding Forceps Foerster Straight Serrated 9.5in","open","19",""
"D:\augmented_data_random_backgrounds\images\train\Sponge_Holding_Forceps_Foerster_Straight_Serrated_9.5in_open_19_aug001.jpg","Sponge Holding Forceps Foerster Straight Serrated 9.5in","open","19","1.0"
"D:\augmented_data_random_backgrounds\images\train\Sponge_Holding_Forceps_Foerster_Straight_Serrated_9.5in_open_19_aug002.jpg","Sponge Holding Forceps Foerster Straight Serrated 9.5in","open","19","2.0"
"D:\augmented_data_random_backgrounds\images\train\Sponge_Holding_Forceps_Foerster_Straight_Serrated_9.5in_open_19_aug005.jpg","Sponge Holding Forceps Foerster Straight Serrated 9.5in","open","19","5.0"
"D:\augmented_data_random_backgrounds\images\train\Sponge_Holding_Forceps_Foerster_Straight_Serrated_9.5in_open_19_aug006.jpg","Sponge Holding Forceps Foerster Straight Serrated 9.5in","open","19","6.0"
"D:\augmented_data_random_backgrounds\images\train\Sponge_Holding_Forceps_Foerster_Straight_Serrated_9.5in_open_19_aug008.jpg","Sponge Holding Forceps Foerster Straight Serrated 9.5in","open","19","8.0"
"D:\augmented_data_random_backgrounds\images\train\Sponge_Holding_Forceps_Foerster_Straight_Serrated_9.5in_open_19_aug009.jpg","Sponge Holding Forceps Foerster Straight Serrated 9.5in","open","19","9.0"
"D:\augmented_data_random_backgrounds\images\train\Sponge_Holding_Forceps_Foerster_Straight_Serrated_9.5in_open_19_aug010.jpg","Sponge Holding Forceps Foerster Straight Serrated 9.5in","open","19","10.0"
"D:\augmented_data_random_backgrounds\images\train\Sponge_Holding_Forceps_Foerster_Straight_Serrated_9.5in_open_19_aug011.jpg","Sponge Holding Forceps Foerster Straight Serrated 9.5in","open","19","11.0"
"D:\augmented_data_random_backgrounds\images\train\Sponge_Holding_Forceps_Foerster_Straight_Serrated_9.5in_open_19_aug012.jpg","Sponge Holding Forceps Foerster Straight Serrated 9.5in","open","19","12.0"
"D:\augmented_data_random_backgrounds\images\train\Sponge_Holding_Forceps_Foerster_Straight_Serrated_9.5in_open_19_aug013.jpg","Sponge Holding Forceps Foerster Straight Serrated 9.5in","open","19","13.0"
"D:\augmented_data_random_backgrounds\images\train\Sponge_Holding_Forceps_Foerster_Straight_Serrated_9.5in_open_19_aug014.jpg","Sponge Holding Forceps Foerster Straight Serrated 9.5in","open","19","14.0"
"D:\augmented_data_random_backgrounds\images\train\Sponge_Holding_Forceps_Foerster_Straight_Serrated_9.5in_open_19_aug016.jpg","Sponge Holding Forceps Foerster Straight Serrated 9.5in","open","19","16.0"
"D:\augmented_data_random_backgrounds\images\train\Sponge_Holding_Forceps_Foerster_Straight_Serrated_9.5in_open_19_aug018.jpg","Sponge Holding Forceps Foerster Straight Serrated 9.5in","open","19","18.0"
"D:\augmented_data_random_backgrounds\images\train\Sponge_Holding_Forceps_Foerster_Straight_Serrated_9.5in_open_19_aug019.jpg","Sponge Holding Forceps Foerster Straight Serrated 9.5in","open","19","19.0"
"D:\augmented_data_random_backgrounds\images\train\Sponge_Holding_Forceps_Foerster_Straight_Serrated_9.5in_open_20.jpg","Sponge Holding Forceps Foerster Straight Serrated 9.5in","open","20",""
"D:\augmented_data_random_backgrounds\images\train\Sponge_Holding_Forceps_Foerster_Straight_Serrated_9.5in_open_20_aug000.jpg","Sponge Holding Forceps Foerster Straight Serrated 9.5in","open","20","0.0"
"D:\augmented_data_random_backgrounds\images\train\Sponge_Holding_Forceps_Foerster_Straight_Serrated_9.5in_open_20_aug002.jpg","Sponge Holding Forceps Foerster Straight Serrated 9.5in","open","20","2.0"
"D:\augmented_data_random_backgrounds\images\train\Sponge_Holding_Forceps_Foerster_Straight_Serrated_9.5in_open_20_aug003.jpg","Sponge Holding Forceps Foerster Straight Serrated 9.5in","open","20","3.0"
"D:\augmented_data_random_backgrounds\images\train\Sponge_Holding_Forceps_Foerster_Straight_Serrated_9.5in_open_20_aug005.jpg","Sponge Holding Forceps Foerster Straight Serrated 9.5in","open","20","5.0"
"D:\augmented_data_random_backgrounds\images\train\Sponge_Holding_Forceps_Foerster_Straight_Serrated_9.5in_open_20_aug006.jpg","Sponge Holding Forceps Foerster Straight Serrated 9.5in","open","20","6.0"
"D:\augmented_data_random_backgrounds\images\train\Sponge_Holding_Forceps_Foerster_Straight_Serrated_9.5in_open_20_aug007.jpg","Sponge Holding Forceps Foerster Straight Serrated 9.5in","open","20","7.0"
"D:\augmented_data_random_backgrounds\images\train\Sponge_Holding_Forceps_Foerster_Straight_Serrated_9.5in_open_20_aug008.jpg","Sponge Holding Forceps Foerster Straight Serrated 9.5in","open","20","8.0"
"D:\augmented_data_random_backgrounds\images\train\Sponge_Holding_Forceps_Foerster_Straight_Serrated_9.5in_open_20_aug009.jpg","Sponge Holding Forceps Foerster Straight Serrated 9.5in","open","20","9.0"
"D:\augmented_data_random_backgrounds\images\train\Sponge_Holding_Forceps_Foerster_Straight_Serrated_9.5in_open_20_aug010.jpg","Sponge Holding Forceps Foerster Straight Serrated 9.5in","open","20","10.0"
"D:\augmented_data_random_backgrounds\images\train\Sponge_Holding_Forceps_Foerster_Straight_Serrated_9.5in_open_20_aug011.jpg","Sponge Holding Forceps Foerster Straight Serrated 9.5in","open","20","11.0"
"D:\augmented_data_random_backgrounds\images\train\Sponge_Holding_Forceps_Foerster_Straight_Serrated_9.5in_open_20_aug012.jpg","Sponge Holding Forceps Foerster Straight Serrated 9.5in","open","20","12.0"
"D:\augmented_data_random_backgrounds\images\train\Sponge_Holding_Forceps_Foerster_Straight_Serrated_9.5in_open_20_aug014.jpg","Sponge Holding Forceps Foerster Straight Serrated 9.5in","open","20","14.0"
"D:\augmented_data_random_backgrounds\images\train\Sponge_Holding_Forceps_Foerster_Straight_Serrated_9.5in_open_20_aug015.jpg","Sponge Holding Forceps Foerster Straight Serrated 9.5in","open","20","15.0"
"D:\augmented_data_random_backgrounds\images\train\Sponge_Holding_Forceps_Foerster_Straight_Serrated_9.5in_open_20_aug016.jpg","Sponge Holding Forceps Foerster Straight Serrated 9.5in","open","20","16.0"
"D:\augmented_data_random_backgrounds\images\train\Sponge_Holding_Forceps_Foerster_Straight_Serrated_9.5in_open_20_aug017.jpg","Sponge Holding Forceps Foerster Straight Serrated 9.5in","open","20","17.0"
"D:\augmented_data_random_backgrounds\images\train\Sponge_Holding_Forceps_Foerster_Straight_Serrated_9.5in_open_20_aug018.jpg","Sponge Holding Forceps Foerster Straight Serrated 9.5in","open","20","18.0"
"D:\augmented_data_random_backgrounds\images\train\Sponge_Holding_Forceps_Foerster_Straight_Serrated_9.5in_open_20_aug019.jpg","Sponge Holding Forceps Foerster Straight Serrated 9.5in","open","20","19.0"
"D:\augmented_data_random_backgrounds\images\train\Sponge_Holding_Forceps_Foerster_Straight_Serrated_9.5in_open_21.jpg","Sponge Holding Forceps Foerster Straight Serrated 9.5in","open","21",""
"D:\augmented_data_random_backgrounds\images\train\Sponge_Holding_Forceps_Foerster_Straight_Serrated_9.5in_open_21_aug001.jpg","Sponge Holding Forceps Foerster Straight Serrated 9.5in","open","21","1.0"
"D:\augmented_data_random_backgrounds\images\train\Sponge_Holding_Forceps_Foerster_Straight_Serrated_9.5in_open_21_aug002.jpg","Sponge Holding Forceps Foerster Straight Serrated 9.5in","open","21","2.0"
"D:\augmented_data_random_backgrounds\images\train\Sponge_Holding_Forceps_Foerster_Straight_Serrated_9.5in_open_21_aug003.jpg","Sponge Holding Forceps Foerster Straight Serrated 9.5in","open","21","3.0"
"D:\augmented_data_random_backgrounds\images\train\Sponge_Holding_Forceps_Foerster_Straight_Serrated_9.5in_open_21_aug005.jpg","Sponge Holding Forceps Foerster Straight Serrated 9.5in","open","21","5.0"
"D:\augmented_data_random_backgrounds\images\train\Sponge_Holding_Forceps_Foerster_Straight_Serrated_9.5in_open_21_aug006.jpg","Sponge Holding Forceps Foerster Straight Serrated 9.5in","open","21","6.0"
"D:\augmented_data_random_backgrounds\images\train\Sponge_Holding_Forceps_Foerster_Straight_Serrated_9.5in_open_21_aug007.jpg","Sponge Holding Forceps Foerster Straight Serrated 9.5in","open","21","7.0"
"D:\augmented_data_random_backgrounds\images\train\Sponge_Holding_Forceps_Foerster_Straight_Serrated_9.5in_open_21_aug008.jpg","Sponge Holding Forceps Foerster Straight Serrated 9.5in","open","21","8.0"
"D:\augmented_data_random_backgrounds\images\train\Sponge_Holding_Forceps_Foerster_Straight_Serrated_9.5in_open_21_aug009.jpg","Sponge Holding Forceps Foerster Straight Serrated 9.5in","open","21","9.0"
"D:\augmented_data_random_backgrounds\images\train\Sponge_Holding_Forceps_Foerster_Straight_Serrated_9.5in_open_21_aug012.jpg","Sponge Holding Forceps Foerster Straight Serrated 9.5in","open","21","12.0"
"D:\augmented_data_random_backgrounds\images\train\Sponge_Holding_Forceps_Foerster_Straight_Serrated_9.5in_open_21_aug013.jpg","Sponge Holding Forceps Foerster Straight Serrated 9.5in","open","21","13.0"
"D:\augmented_data_random_backgrounds\images\train\Sponge_Holding_Forceps_Foerster_Straight_Serrated_9.5in_open_21_aug014.jpg","Sponge Holding Forceps Foerster Straight Serrated 9.5in","open","21","14.0"
"D:\augmented_data_random_backgrounds\images\train\Sponge_Holding_Forceps_Foerster_Straight_Serrated_9.5in_open_21_aug015.jpg","Sponge Holding Forceps Foerster Straight Serrated 9.5in","open","21","15.0"
"D:\augmented_data_random_backgrounds\images\train\Sponge_Holding_Forceps_Foerster_Straight_Serrated_9.5in_open_21_aug017.jpg","Sponge Holding Forceps Foerster Straight Serrated 9.5in","open","21","17.0"
"D:\augmented_data_random_backgrounds\images\train\Sponge_Holding_Forceps_Foerster_Straight_Serrated_9.5in_open_21_aug018.jpg","Sponge Holding Forceps Foerster Straight Serrated 9.5in","open","21","18.0"
"D:\augmented_data_random_backgrounds\images\train\Sponge_Holding_Forceps_Foerster_Straight_Serrated_9.5in_open_21_aug019.jpg","Sponge Holding Forceps Foerster Straight Serrated 9.5in","open","21","19.0"
"D:\augmented_data_random_backgrounds\images\train\Sponge_Holding_Forceps_Foerster_Straight_Serrated_9.5in_open_22_aug000.jpg","Sponge Holding Forceps Foerster Straight Serrated 9.5in","open","22","0.0"
"D:\augmented_data_random_backgrounds\images\train\Sponge_Holding_Forceps_Foerster_Straight_Serrated_9.5in_open_22_aug001.jpg","Sponge Holding Forceps Foerster Straight Serrated 9.5in","open","22","1.0"
"D:\augmented_data_random_backgrounds\images\train\Sponge_Holding_Forceps_Foerster_Straight_Serrated_9.5in_open_22_aug002.jpg","Sponge Holding Forceps Foerster Straight Serrated 9.5in","open","22","2.0"
"D:\augmented_data_random_backgrounds\images\train\Sponge_Holding_Forceps_Foerster_Straight_Serrated_9.5in_open_22_aug003.jpg","Sponge Holding Forceps Foerster Straight Serrated 9.5in","open","22","3.0"
"D:\augmented_data_random_backgrounds\images\train\Sponge_Holding_Forceps_Foerster_Straight_Serrated_9.5in_open_22_aug004.jpg","Sponge Holding Forceps Foerster Straight Serrated 9.5in","open","22","4.0"
"D:\augmented_data_random_backgrounds\images\train\Sponge_Holding_Forceps_Foerster_Straight_Serrated_9.5in_open_22_aug006.jpg","Sponge Holding Forceps Foerster Straight Serrated 9.5in","open","22","6.0"
"D:\augmented_data_random_backgrounds\images\train\Sponge_Holding_Forceps_Foerster_Straight_Serrated_9.5in_open_22_aug009.jpg","Sponge Holding Forceps Foerster Straight Serrated 9.5in","open","22","9.0"
"D:\augmented_data_random_backgrounds\images\train\Sponge_Holding_Forceps_Foerster_Straight_Serrated_9.5in_open_22_aug012.jpg","Sponge Holding Forceps Foerster Straight Serrated 9.5in","open","22","12.0"
"D:\augmented_data_random_backgrounds\images\train\Sponge_Holding_Forceps_Foerster_Straight_Serrated_9.5in_open_22_aug013.jpg","Sponge Holding Forceps Foerster Straight Serrated 9.5in","open","22","13.0"
"D:\augmented_data_random_backgrounds\images\train\Sponge_Holding_Forceps_Foerster_Straight_Serrated_9.5in_open_22_aug014.jpg","Sponge Holding Forceps Foerster Straight Serrated 9.5in","open","22","14.0"
"D:\augmented_data_random_backgrounds\images\train\Sponge_Holding_Forceps_Foerster_Straight_Serrated_9.5in_open_22_aug015.jpg","Sponge Holding Forceps Foerster Straight Serrated 9.5in","open","22","15.0"
"D:\augmented_data_random_backgrounds\images\train\Sponge_Holding_Forceps_Foerster_Straight_Serrated_9.5in_open_22_aug016.jpg","Sponge Holding Forceps Foerster Straight Serrated 9.5in","open","22","16.0"
"D:\augmented_data_random_backgrounds\images\train\Sponge_Holding_Forceps_Foerster_Straight_Serrated_9.5in_open_22_aug017.jpg","Sponge Holding Forceps Foerster Straight Serrated 9.5in","open","22","17.0"
"D:\augmented_data_random_backgrounds\images\train\Sponge_Holding_Forceps_Foerster_Straight_Serrated_9.5in_open_22_aug018.jpg","Sponge Holding Forceps Foerster Straight Serrated 9.5in","open","22","18.0"
"D:\augmented_data_random_backgrounds\images\train\Sponge_Holding_Forceps_Foerster_Straight_Serrated_9.5in_open_23.jpg","Sponge Holding Forceps Foerster Straight Serrated 9.5in","open","23",""
"D:\augmented_data_random_backgrounds\images\train\Sponge_Holding_Forceps_Foerster_Straight_Serrated_9.5in_open_23_aug000.jpg","Sponge Holding Forceps Foerster Straight Serrated 9.5in","open","23","0.0"
"D:\augmented_data_random_backgrounds\images\train\Sponge_Holding_Forceps_Foerster_Straight_Serrated_9.5in_open_23_aug002.jpg","Sponge Holding Forceps Foerster Straight Serrated 9.5in","open","23","2.0"
"D:\augmented_data_random_backgrounds\images\train\Sponge_Holding_Forceps_Foerster_Straight_Serrated_9.5in_open_23_aug003.jpg","Sponge Holding Forceps Foerster Straight Serrated 9.5in","open","23","3.0"
"D:\augmented_data_random_backgrounds\images\train\Sponge_Holding_Forceps_Foerster_Straight_Serrated_9.5in_open_23_aug004.jpg","Sponge Holding Forceps Foerster Straight Serrated 9.5in","open","23","4.0"
"D:\augmented_data_random_backgrounds\images\train\Sponge_Holding_Forceps_Foerster_Straight_Serrated_9.5in_open_23_aug005.jpg","Sponge Holding Forceps Foerster Straight Serrated 9.5in","open","23","5.0"
"D:\augmented_data_random_backgrounds\images\train\Sponge_Holding_Forceps_Foerster_Straight_Serrated_9.5in_open_23_aug006.jpg","Sponge Holding Forceps Foerster Straight Serrated 9.5in","open","23","6.0"
"D:\augmented_data_random_backgrounds\images\train\Sponge_Holding_Forceps_Foerster_Straight_Serrated_9.5in_open_23_aug008.jpg","Sponge Holding Forceps Foerster Straight Serrated 9.5in","open","23","8.0"
"D:\augmented_data_random_backgrounds\images\train\Sponge_Holding_Forceps_Foerster_Straight_Serrated_9.5in_open_23_aug009.jpg","Sponge Holding Forceps Foerster Straight Serrated 9.5in","open","23","9.0"
"D:\augmented_data_random_backgrounds\images\train\Sponge_Holding_Forceps_Foerster_Straight_Serrated_9.5in_open_23_aug010.jpg","Sponge Holding Forceps Foerster Straight Serrated 9.5in","open","23","10.0"
"D:\augmented_data_random_backgrounds\images\train\Sponge_Holding_Forceps_Foerster_Straight_Serrated_9.5in_open_23_aug011.jpg","Sponge Holding Forceps Foerster Straight Serrated 9.5in","open","23","11.0"
"D:\augmented_data_random_backgrounds\images\train\Sponge_Holding_Forceps_Foerster_Straight_Serrated_9.5in_open_23_aug014.jpg","Sponge Holding Forceps Foerster Straight Serrated 9.5in","open","23","14.0"
"D:\augmented_data_random_backgrounds\images\train\Sponge_Holding_Forceps_Foerster_Straight_Serrated_9.5in_open_23_aug015.jpg","Sponge Holding Forceps Foerster Straight Serrated 9.5in","open","23","15.0"
"D:\augmented_data_random_backgrounds\images\train\Sponge_Holding_Forceps_Foerster_Straight_Serrated_9.5in_open_23_aug016.jpg","Sponge Holding Forceps Foerster Straight Serrated 9.5in","open","23","16.0"
"D:\augmented_data_random_backgrounds\images\train\Sponge_Holding_Forceps_Foerster_Straight_Serrated_9.5in_open_23_aug018.jpg","Sponge Holding Forceps Foerster Straight Serrated 9.5in","open","23","18.0"
"D:\augmented_data_random_backgrounds\images\train\Sponge_Holding_Forceps_Foerster_Straight_Serrated_9.5in_open_23_aug019.jpg","Sponge Holding Forceps Foerster Straight Serrated 9.5in","open","23","19.0"
"D:\augmented_data_random_backgrounds\images\train\Sponge_Holding_Forceps_Foerster_Straight_Serrated_9.5in_open_24.jpg","Sponge Holding Forceps Foerster Straight Serrated 9.5in","open","24",""
"D:\augmented_data_random_backgrounds\images\train\Sponge_Holding_Forceps_Foerster_Straight_Serrated_9.5in_open_24_aug000.jpg","Sponge Holding Forceps Foerster Straight Serrated 9.5in","open","24","0.0"
"D:\augmented_data_random_backgrounds\images\train\Sponge_Holding_Forceps_Foerster_Straight_Serrated_9.5in_open_24_aug001.jpg","Sponge Holding Forceps Foerster Straight Serrated 9.5in","open","24","1.0"
"D:\augmented_data_random_backgrounds\images\train\Sponge_Holding_Forceps_Foerster_Straight_Serrated_9.5in_open_24_aug002.jpg","Sponge Holding Forceps Foerster Straight Serrated 9.5in","open","24","2.0"
"D:\augmented_data_random_backgrounds\images\train\Sponge_Holding_Forceps_Foerster_Straight_Serrated_9.5in_open_24_aug003.jpg","Sponge Holding Forceps Foerster Straight Serrated 9.5in","open","24","3.0"
"D:\augmented_data_random_backgrounds\images\train\Sponge_Holding_Forceps_Foerster_Straight_Serrated_9.5in_open_24_aug004.jpg","Sponge Holding Forceps Foerster Straight Serrated 9.5in","open","24","4.0"
"D:\augmented_data_random_backgrounds\images\train\Sponge_Holding_Forceps_Foerster_Straight_Serrated_9.5in_open_24_aug006.jpg","Sponge Holding Forceps Foerster Straight Serrated 9.5in","open","24","6.0"
"D:\augmented_data_random_backgrounds\images\train\Sponge_Holding_Forceps_Foerster_Straight_Serrated_9.5in_open_24_aug009.jpg","Sponge Holding Forceps Foerster Straight Serrated 9.5in","open","24","9.0"
"D:\augmented_data_random_backgrounds\images\train\Sponge_Holding_Forceps_Foerster_Straight_Serrated_9.5in_open_24_aug010.jpg","Sponge Holding Forceps Foerster Straight Serrated 9.5in","open","24","10.0"
"D:\augmented_data_random_backgrounds\images\train\Sponge_Holding_Forceps_Foerster_Straight_Serrated_9.5in_open_24_aug012.jpg","Sponge Holding Forceps Foerster Straight Serrated 9.5in","open","24","12.0"
"D:\augmented_data_random_backgrounds\images\train\Sponge_Holding_Forceps_Foerster_Straight_Serrated_9.5in_open_24_aug013.jpg","Sponge Holding Forceps Foerster Straight Serrated 9.5in","open","24","13.0"
"D:\augmented_data_random_backgrounds\images\train\Sponge_Holding_Forceps_Foerster_Straight_Serrated_9.5in_open_24_aug014.jpg","Sponge Holding Forceps Foerster Straight Serrated 9.5in","open","24","14.0"
"D:\augmented_data_random_backgrounds\images\train\Sponge_Holding_Forceps_Foerster_Straight_Serrated_9.5in_open_24_aug015.jpg","Sponge Holding Forceps Foerster Straight Serrated 9.5in","open","24","15.0"
"D:\augmented_data_random_backgrounds\images\train\Sponge_Holding_Forceps_Foerster_Straight_Serrated_9.5in_open_24_aug016.jpg","Sponge Holding Forceps Foerster Straight Serrated 9.5in","open","24","16.0"
"D:\augmented_data_random_backgrounds\images\train\Sponge_Holding_Forceps_Foerster_Straight_Serrated_9.5in_open_24_aug017.jpg","Sponge Holding Forceps Foerster Straight Serrated 9.5in","open","24","17.0"
"D:\augmented_data_random_backgrounds\images\train\Sponge_Holding_Forceps_Foerster_Straight_Serrated_9.5in_open_24_aug019.jpg","Sponge Holding Forceps Foerster Straight Serrated 9.5in","open","24","19.0"
"D:\augmented_data_random_backgrounds\images\train\Sponge_Holding_Forceps_Foerster_Straight_Serrated_9.5in_open_25_aug000.jpg","Sponge Holding Forceps Foerster Straight Serrated 9.5in","open","25","0.0"
"D:\augmented_data_random_backgrounds\images\train\Sponge_Holding_Forceps_Foerster_Straight_Serrated_9.5in_open_25_aug001.jpg","Sponge Holding Forceps Foerster Straight Serrated 9.5in","open","25","1.0"
"D:\augmented_data_random_backgrounds\images\train\Sponge_Holding_Forceps_Foerster_Straight_Serrated_9.5in_open_25_aug002.jpg","Sponge Holding Forceps Foerster Straight Serrated 9.5in","open","25","2.0"
"D:\augmented_data_random_backgrounds\images\train\Sponge_Holding_Forceps_Foerster_Straight_Serrated_9.5in_open_25_aug003.jpg","Sponge Holding Forceps Foerster Straight Serrated 9.5in","open","25","3.0"
"D:\augmented_data_random_backgrounds\images\train\Sponge_Holding_Forceps_Foerster_Straight_Serrated_9.5in_open_25_aug004.jpg","Sponge Holding Forceps Foerster Straight Serrated 9.5in","open","25","4.0"
"D:\augmented_data_random_backgrounds\images\train\Sponge_Holding_Forceps_Foerster_Straight_Serrated_9.5in_open_25_aug005.jpg","Sponge Holding Forceps Foerster Straight Serrated 9.5in","open","25","5.0"
"D:\augmented_data_random_backgrounds\images\train\Sponge_Holding_Forceps_Foerster_Straight_Serrated_9.5in_open_25_aug006.jpg","Sponge Holding Forceps Foerster Straight Serrated 9.5in","open","25","6.0"
"D:\augmented_data_random_backgrounds\images\train\Sponge_Holding_Forceps_Foerster_Straight_Serrated_9.5in_open_25_aug007.jpg","Sponge Holding Forceps Foerster Straight Serrated 9.5in","open","25","7.0"
"D:\augmented_data_random_backgrounds\images\train\Sponge_Holding_Forceps_Foerster_Straight_Serrated_9.5in_open_25_aug008.jpg","Sponge Holding Forceps Foerster Straight Serrated 9.5in","open","25","8.0"
"D:\augmented_data_random_backgrounds\images\train\Sponge_Holding_Forceps_Foerster_Straight_Serrated_9.5in_open_25_aug009.jpg","Sponge Holding Forceps Foerster Straight Serrated 9.5in","open","25","9.0"
"D:\augmented_data_random_backgrounds\images\train\Sponge_Holding_Forceps_Foerster_Straight_Serrated_9.5in_open_25_aug011.jpg","Sponge Holding Forceps Foerster Straight Serrated 9.5in","open","25","11.0"
"D:\augmented_data_random_backgrounds\images\train\Sponge_Holding_Forceps_Foerster_Straight_Serrated_9.5in_open_25_aug012.jpg","Sponge Holding Forceps Foerster Straight Serrated 9.5in","open","25","12.0"
"D:\augmented_data_random_backgrounds\images\train\Sponge_Holding_Forceps_Foerster_Straight_Serrated_9.5in_open_25_aug015.jpg","Sponge Holding Forceps Foerster Straight Serrated 9.5in","open","25","15.0"
"D:\augmented_data_random_backgrounds\images\train\Sponge_Holding_Forceps_Foerster_Straight_Serrated_9.5in_open_25_aug016.jpg","Sponge Holding Forceps Foerster Straight Serrated 9.5in","open","25","16.0"
"D:\augmented_data_random_backgrounds\images\train\Sponge_Holding_Forceps_Foerster_Straight_Serrated_9.5in_open_25_aug017.jpg","Sponge Holding Forceps Foerster Straight Serrated 9.5in","open","25","17.0"
"D:\augmented_data_random_backgrounds\images\train\Sponge_Holding_Forceps_Foerster_Straight_Serrated_9.5in_open_25_aug018.jpg","Sponge Holding Forceps Foerster Straight Serrated 9.5in","open","25","18.0"
"D:\augmented_data_random_backgrounds\images\train\Sponge_Holding_Forceps_Foerster_Straight_Serrated_9.5in_open_25_aug019.jpg","Sponge Holding Forceps Foerster Straight Serrated 9.5in","open","25","19.0"
"D:\augmented_data_random_backgrounds\images\train\Tissue_Forceps_Adson_Straight_1x2_Teeth_Mirror_Finish_4.75in_right_side_up_open_001.jpg","Tissue Forceps Adson Straight 1x2 Teeth Mirror Finish 4.75in right side up","open","1",""
"D:\augmented_data_random_backgrounds\images\train\Tissue_Forceps_Adson_Straight_1x2_Teeth_Mirror_Finish_4.75in_right_side_up_open_001_aug000.jpg","Tissue Forceps Adson Straight 1x2 Teeth Mirror Finish 4.75in right side up","open","1","0.0"
"D:\augmented_data_random_backgrounds\images\train\Tissue_Forceps_Adson_Straight_1x2_Teeth_Mirror_Finish_4.75in_right_side_up_open_001_aug001.jpg","Tissue Forceps Adson Straight 1x2 Teeth Mirror Finish 4.75in right side up","open","1","1.0"
"D:\augmented_data_random_backgrounds\images\train\Tissue_Forceps_Adson_Straight_1x2_Teeth_Mirror_Finish_4.75in_right_side_up_open_001_aug002.jpg","Tissue Forceps Adson Straight 1x2 Teeth Mirror Finish 4.75in right side up","open","1","2.0"
"D:\augmented_data_random_backgrounds\images\train\Tissue_Forceps_Adson_Straight_1x2_Teeth_Mirror_Finish_4.75in_right_side_up_open_001_aug003.jpg","Tissue Forceps Adson Straight 1x2 Teeth Mirror Finish 4.75in right side up","open","1","3.0"
"D:\augmented_data_random_backgrounds\images\train\Tissue_Forceps_Adson_Straight_1x2_Teeth_Mirror_Finish_4.75in_right_side_up_open_001_aug004.jpg","Tissue Forceps Adson Straight 1x2 Teeth Mirror Finish 4.75in right side up","open","1","4.0"
"D:\augmented_data_random_backgrounds\images\train\Tissue_Forceps_Adson_Straight_1x2_Teeth_Mirror_Finish_4.75in_right_side_up_open_001_aug005.jpg","Tissue Forceps Adson Straight 1x2 Teeth Mirror Finish 4.75in right side up","open","1","5.0"
"D:\augmented_data_random_backgrounds\images\train\Tissue_Forceps_Adson_Straight_1x2_Teeth_Mirror_Finish_4.75in_right_side_up_open_001_aug006.jpg","Tissue Forceps Adson Straight 1x2 Teeth Mirror Finish 4.75in right side up","open","1","6.0"
"D:\augmented_data_random_backgrounds\images\train\Tissue_Forceps_Adson_Straight_1x2_Teeth_Mirror_Finish_4.75in_right_side_up_open_001_aug007.jpg","Tissue Forceps Adson Straight 1x2 Teeth Mirror Finish 4.75in right side up","open","1","7.0"
"D:\augmented_data_random_backgrounds\images\train\Tissue_Forceps_Adson_Straight_1x2_Teeth_Mirror_Finish_4.75in_right_side_up_open_001_aug008.jpg","Tissue Forceps Adson Straight 1x2 Teeth Mirror Finish 4.75in right side up","open","1","8.0"
"D:\augmented_data_random_backgrounds\images\train\Tissue_Forceps_Adson_Straight_1x2_Teeth_Mirror_Finish_4.75in_right_side_up_open_001_aug009.jpg","Tissue Forceps Adson Straight 1x2 Teeth Mirror Finish 4.75in right side up","open","1","9.0"
"D:\augmented_data_random_backgrounds\images\train\Tissue_Forceps_Adson_Straight_1x2_Teeth_Mirror_Finish_4.75in_right_side_up_open_001_aug010.jpg","Tissue Forceps Adson Straight 1x2 Teeth Mirror Finish 4.75in right side up","open","1","10.0"
"D:\augmented_data_random_backgrounds\images\train\Tissue_Forceps_Adson_Straight_1x2_Teeth_Mirror_Finish_4.75in_right_side_up_open_001_aug011.jpg","Tissue Forceps Adson Straight 1x2 Teeth Mirror Finish 4.75in right side up","open","1","11.0"
"D:\augmented_data_random_backgrounds\images\train\Tissue_Forceps_Adson_Straight_1x2_Teeth_Mirror_Finish_4.75in_right_side_up_open_001_aug012.jpg","Tissue Forceps Adson Straight 1x2 Teeth Mirror Finish 4.75in right side up","open","1","12.0"
"D:\augmented_data_random_backgrounds\images\train\Tissue_Forceps_Adson_Straight_1x2_Teeth_Mirror_Finish_4.75in_right_side_up_open_001_aug013.jpg","Tissue Forceps Adson Straight 1x2 Teeth Mirror Finish 4.75in right side up","open","1","13.0"
"D:\augmented_data_random_backgrounds\images\train\Tissue_Forceps_Adson_Straight_1x2_Teeth_Mirror_Finish_4.75in_right_side_up_open_001_aug014.jpg","Tissue Forceps Adson Straight 1x2 Teeth Mirror Finish 4.75in right side up","open","1","14.0"
"D:\augmented_data_random_backgrounds\images\train\Tissue_Forceps_Adson_Straight_1x2_Teeth_Mirror_Finish_4.75in_right_side_up_open_001_aug015.jpg","Tissue Forceps Adson Straight 1x2 Teeth Mirror Finish 4.75in right side up","open","1","15.0"
"D:\augmented_data_random_backgrounds\images\train\Tissue_Forceps_Adson_Straight_1x2_Teeth_Mirror_Finish_4.75in_right_side_up_open_001_aug016.jpg","Tissue Forceps Adson Straight 1x2 Teeth Mirror Finish 4.75in right side up","open","1","16.0"
"D:\augmented_data_random_backgrounds\images\train\Tissue_Forceps_Adson_Straight_1x2_Teeth_Mirror_Finish_4.75in_right_side_up_open_001_aug017.jpg","Tissue Forceps Adson Straight 1x2 Teeth Mirror Finish 4.75in right side up","open","1","17.0"
"D:\augmented_data_random_backgrounds\images\train\Tissue_Forceps_Adson_Straight_1x2_Teeth_Mirror_Finish_4.75in_right_side_up_open_001_aug018.jpg","Tissue Forceps Adson Straight 1x2 Teeth Mirror Finish 4.75in right side up","open","1","18.0"
"D:\augmented_data_random_backgrounds\images\train\Tissue_Forceps_Adson_Straight_1x2_Teeth_Mirror_Finish_4.75in_right_side_up_open_001_aug019.jpg","Tissue Forceps Adson Straight 1x2 Teeth Mirror Finish 4.75in right side up","open","1","19.0"
"D:\augmented_data_random_backgrounds\images\train\Tissue_Forceps_Adson_Straight_1x2_Teeth_Mirror_Finish_4.75in_right_side_up_open_001_aug020.jpg","Tissue Forceps Adson Straight 1x2 Teeth Mirror Finish 4.75in right side up","open","1","20.0"
"D:\augmented_data_random_backgrounds\images\train\Tissue_Forceps_Adson_Straight_1x2_Teeth_Mirror_Finish_4.75in_right_side_up_open_001_aug021.jpg","Tissue Forceps Adson Straight 1x2 Teeth Mirror Finish 4.75in right side up","open","1","21.0"
"D:\augmented_data_random_backgrounds\images\train\Tissue_Forceps_Adson_Straight_1x2_Teeth_Mirror_Finish_4.75in_right_side_up_open_001_aug022.jpg","Tissue Forceps Adson Straight 1x2 Teeth Mirror Finish 4.75in right side up","open","1","22.0"
"D:\augmented_data_random_backgrounds\images\train\Tissue_Forceps_Adson_Straight_1x2_Teeth_Mirror_Finish_4.75in_right_side_up_open_001_aug023.jpg","Tissue Forceps Adson Straight 1x2 Teeth Mirror Finish 4.75in right side up","open","1","23.0"
"D:\augmented_data_random_backgrounds\images\train\Tissue_Forceps_Adson_Straight_1x2_Teeth_Mirror_Finish_4.75in_right_side_up_open_001_aug024.jpg","Tissue Forceps Adson Straight 1x2 Teeth Mirror Finish 4.75in right side up","open","1","24.0"
"D:\augmented_data_random_backgrounds\images\train\Tissue_Forceps_Adson_Straight_1x2_Teeth_Mirror_Finish_4.75in_right_side_up_open_002.jpg","Tissue Forceps Adson Straight 1x2 Teeth Mirror Finish 4.75in right side up","open","2",""
"D:\augmented_data_random_backgrounds\images\train\Tissue_Forceps_Adson_Straight_1x2_Teeth_Mirror_Finish_4.75in_right_side_up_open_002_aug000.jpg","Tissue Forceps Adson Straight 1x2 Teeth Mirror Finish 4.75in right side up","open","2","0.0"
"D:\augmented_data_random_backgrounds\images\train\Tissue_Forceps_Adson_Straight_1x2_Teeth_Mirror_Finish_4.75in_right_side_up_open_002_aug001.jpg","Tissue Forceps Adson Straight 1x2 Teeth Mirror Finish 4.75in right side up","open","2","1.0"
"D:\augmented_data_random_backgrounds\images\train\Tissue_Forceps_Adson_Straight_1x2_Teeth_Mirror_Finish_4.75in_right_side_up_open_002_aug002.jpg","Tissue Forceps Adson Straight 1x2 Teeth Mirror Finish 4.75in right side up","open","2","2.0"
"D:\augmented_data_random_backgrounds\images\train\Tissue_Forceps_Adson_Straight_1x2_Teeth_Mirror_Finish_4.75in_right_side_up_open_002_aug003.jpg","Tissue Forceps Adson Straight 1x2 Teeth Mirror Finish 4.75in right side up","open","2","3.0"
"D:\augmented_data_random_backgrounds\images\train\Tissue_Forceps_Adson_Straight_1x2_Teeth_Mirror_Finish_4.75in_right_side_up_open_002_aug004.jpg","Tissue Forceps Adson Straight 1x2 Teeth Mirror Finish 4.75in right side up","open","2","4.0"
"D:\augmented_data_random_backgrounds\images\train\Tissue_Forceps_Adson_Straight_1x2_Teeth_Mirror_Finish_4.75in_right_side_up_open_002_aug005.jpg","Tissue Forceps Adson Straight 1x2 Teeth Mirror Finish 4.75in right side up","open","2","5.0"
"D:\augmented_data_random_backgrounds\images\train\Tissue_Forceps_Adson_Straight_1x2_Teeth_Mirror_Finish_4.75in_right_side_up_open_002_aug006.jpg","Tissue Forceps Adson Straight 1x2 Teeth Mirror Finish 4.75in right side up","open","2","6.0"
"D:\augmented_data_random_backgrounds\images\train\Tissue_Forceps_Adson_Straight_1x2_Teeth_Mirror_Finish_4.75in_right_side_up_open_002_aug007.jpg","Tissue Forceps Adson Straight 1x2 Teeth Mirror Finish 4.75in right side up","open","2","7.0"
"D:\augmented_data_random_backgrounds\images\train\Tissue_Forceps_Adson_Straight_1x2_Teeth_Mirror_Finish_4.75in_right_side_up_open_002_aug008.jpg","Tissue Forceps Adson Straight 1x2 Teeth Mirror Finish 4.75in right side up","open","2","8.0"
"D:\augmented_data_random_backgrounds\images\train\Tissue_Forceps_Adson_Straight_1x2_Teeth_Mirror_Finish_4.75in_right_side_up_open_002_aug009.jpg","Tissue Forceps Adson Straight 1x2 Teeth Mirror Finish 4.75in right side up","open","2","9.0"
"D:\augmented_data_random_backgrounds\images\train\Tissue_Forceps_Adson_Straight_1x2_Teeth_Mirror_Finish_4.75in_right_side_up_open_002_aug010.jpg","Tissue Forceps Adson Straight 1x2 Teeth Mirror Finish 4.75in right side up","open","2","10.0"
"D:\augmented_data_random_backgrounds\images\train\Tissue_Forceps_Adson_Straight_1x2_Teeth_Mirror_Finish_4.75in_right_side_up_open_002_aug011.jpg","Tissue Forceps Adson Straight 1x2 Teeth Mirror Finish 4.75in right side up","open","2","11.0"
"D:\augmented_data_random_backgrounds\images\train\Tissue_Forceps_Adson_Straight_1x2_Teeth_Mirror_Finish_4.75in_right_side_up_open_002_aug012.jpg","Tissue Forceps Adson Straight 1x2 Teeth Mirror Finish 4.75in right side up","open","2","12.0"
"D:\augmented_data_random_backgrounds\images\train\Tissue_Forceps_Adson_Straight_1x2_Teeth_Mirror_Finish_4.75in_right_side_up_open_002_aug013.jpg","Tissue Forceps Adson Straight 1x2 Teeth Mirror Finish 4.75in right side up","open","2","13.0"
"D:\augmented_data_random_backgrounds\images\train\Tissue_Forceps_Adson_Straight_1x2_Teeth_Mirror_Finish_4.75in_right_side_up_open_002_aug014.jpg","Tissue Forceps Adson Straight 1x2 Teeth Mirror Finish 4.75in right side up","open","2","14.0"
"D:\augmented_data_random_backgrounds\images\train\Tissue_Forceps_Adson_Straight_1x2_Teeth_Mirror_Finish_4.75in_right_side_up_open_002_aug015.jpg","Tissue Forceps Adson Straight 1x2 Teeth Mirror Finish 4.75in right side up","open","2","15.0"
"D:\augmented_data_random_backgrounds\images\train\Tissue_Forceps_Adson_Straight_1x2_Teeth_Mirror_Finish_4.75in_right_side_up_open_002_aug016.jpg","Tissue Forceps Adson Straight 1x2 Teeth Mirror Finish 4.75in right side up","open","2","16.0"
"D:\augmented_data_random_backgrounds\images\train\Tissue_Forceps_Adson_Straight_1x2_Teeth_Mirror_Finish_4.75in_right_side_up_open_002_aug017.jpg","Tissue Forceps Adson Straight 1x2 Teeth Mirror Finish 4.75in right side up","open","2","17.0"
"D:\augmented_data_random_backgrounds\images\train\Tissue_Forceps_Adson_Straight_1x2_Teeth_Mirror_Finish_4.75in_right_side_up_open_002_aug018.jpg","Tissue Forceps Adson Straight 1x2 Teeth Mirror Finish 4.75in right side up","open","2","18.0"
"D:\augmented_data_random_backgrounds\images\train\Tissue_Forceps_Adson_Straight_1x2_Teeth_Mirror_Finish_4.75in_right_side_up_open_002_aug019.jpg","Tissue Forceps Adson Straight 1x2 Teeth Mirror Finish 4.75in right side up","open","2","19.0"
"D:\augmented_data_random_backgrounds\images\train\Tissue_Forceps_Adson_Straight_1x2_Teeth_Mirror_Finish_4.75in_right_side_up_open_002_aug020.jpg","Tissue Forceps Adson Straight 1x2 Teeth Mirror Finish 4.75in right side up","open","2","20.0"
"D:\augmented_data_random_backgrounds\images\train\Tissue_Forceps_Adson_Straight_1x2_Teeth_Mirror_Finish_4.75in_right_side_up_open_002_aug021.jpg","Tissue Forceps Adson Straight 1x2 Teeth Mirror Finish 4.75in right side up","open","2","21.0"
"D:\augmented_data_random_backgrounds\images\train\Tissue_Forceps_Adson_Straight_1x2_Teeth_Mirror_Finish_4.75in_right_side_up_open_002_aug022.jpg","Tissue Forceps Adson Straight 1x2 Teeth Mirror Finish 4.75in right side up","open","2","22.0"
"D:\augmented_data_random_backgrounds\images\train\Tissue_Forceps_Adson_Straight_1x2_Teeth_Mirror_Finish_4.75in_right_side_up_open_002_aug023.jpg","Tissue Forceps Adson Straight 1x2 Teeth Mirror Finish 4.75in right side up","open","2","23.0"
"D:\augmented_data_random_backgrounds\images\train\Tissue_Forceps_Adson_Straight_1x2_Teeth_Mirror_Finish_4.75in_right_side_up_open_002_aug024.jpg","Tissue Forceps Adson Straight 1x2 Teeth Mirror Finish 4.75in right side up","open","2","24.0"
"D:\augmented_data_random_backgrounds\images\train\Tissue_Forceps_Adson_Straight_1x2_Teeth_Mirror_Finish_4.75in_right_side_up_open_003.jpg","Tissue Forceps Adson Straight 1x2 Teeth Mirror Finish 4.75in right side up","open","3",""
"D:\augmented_data_random_backgrounds\images\train\Tissue_Forceps_Adson_Straight_1x2_Teeth_Mirror_Finish_4.75in_right_side_up_open_003_aug000.jpg","Tissue Forceps Adson Straight 1x2 Teeth Mirror Finish 4.75in right side up","open","3","0.0"
"D:\augmented_data_random_backgrounds\images\train\Tissue_Forceps_Adson_Straight_1x2_Teeth_Mirror_Finish_4.75in_right_side_up_open_003_aug001.jpg","Tissue Forceps Adson Straight 1x2 Teeth Mirror Finish 4.75in right side up","open","3","1.0"
"D:\augmented_data_random_backgrounds\images\train\Tissue_Forceps_Adson_Straight_1x2_Teeth_Mirror_Finish_4.75in_right_side_up_open_003_aug002.jpg","Tissue Forceps Adson Straight 1x2 Teeth Mirror Finish 4.75in right side up","open","3","2.0"
"D:\augmented_data_random_backgrounds\images\train\Tissue_Forceps_Adson_Straight_1x2_Teeth_Mirror_Finish_4.75in_right_side_up_open_003_aug003.jpg","Tissue Forceps Adson Straight 1x2 Teeth Mirror Finish 4.75in right side up","open","3","3.0"
"D:\augmented_data_random_backgrounds\images\train\Tissue_Forceps_Adson_Straight_1x2_Teeth_Mirror_Finish_4.75in_right_side_up_open_003_aug004.jpg","Tissue Forceps Adson Straight 1x2 Teeth Mirror Finish 4.75in right side up","open","3","4.0"
"D:\augmented_data_random_backgrounds\images\train\Tissue_Forceps_Adson_Straight_1x2_Teeth_Mirror_Finish_4.75in_right_side_up_open_003_aug005.jpg","Tissue Forceps Adson Straight 1x2 Teeth Mirror Finish 4.75in right side up","open","3","5.0"
"D:\augmented_data_random_backgrounds\images\train\Tissue_Forceps_Adson_Straight_1x2_Teeth_Mirror_Finish_4.75in_right_side_up_open_003_aug006.jpg","Tissue Forceps Adson Straight 1x2 Teeth Mirror Finish 4.75in right side up","open","3","6.0"
"D:\augmented_data_random_backgrounds\images\train\Tissue_Forceps_Adson_Straight_1x2_Teeth_Mirror_Finish_4.75in_right_side_up_open_003_aug007.jpg","Tissue Forceps Adson Straight 1x2 Teeth Mirror Finish 4.75in right side up","open","3","7.0"
"D:\augmented_data_random_backgrounds\images\train\Tissue_Forceps_Adson_Straight_1x2_Teeth_Mirror_Finish_4.75in_right_side_up_open_003_aug008.jpg","Tissue Forceps Adson Straight 1x2 Teeth Mirror Finish 4.75in right side up","open","3","8.0"
"D:\augmented_data_random_backgrounds\images\train\Tissue_Forceps_Adson_Straight_1x2_Teeth_Mirror_Finish_4.75in_right_side_up_open_003_aug009.jpg","Tissue Forceps Adson Straight 1x2 Teeth Mirror Finish 4.75in right side up","open","3","9.0"
"D:\augmented_data_random_backgrounds\images\train\Tissue_Forceps_Adson_Straight_1x2_Teeth_Mirror_Finish_4.75in_right_side_up_open_003_aug010.jpg","Tissue Forceps Adson Straight 1x2 Teeth Mirror Finish 4.75in right side up","open","3","10.0"
"D:\augmented_data_random_backgrounds\images\train\Tissue_Forceps_Adson_Straight_1x2_Teeth_Mirror_Finish_4.75in_right_side_up_open_003_aug011.jpg","Tissue Forceps Adson Straight 1x2 Teeth Mirror Finish 4.75in right side up","open","3","11.0"
"D:\augmented_data_random_backgrounds\images\train\Tissue_Forceps_Adson_Straight_1x2_Teeth_Mirror_Finish_4.75in_right_side_up_open_003_aug012.jpg","Tissue Forceps Adson Straight 1x2 Teeth Mirror Finish 4.75in right side up","open","3","12.0"
"D:\augmented_data_random_backgrounds\images\train\Tissue_Forceps_Adson_Straight_1x2_Teeth_Mirror_Finish_4.75in_right_side_up_open_003_aug013.jpg","Tissue Forceps Adson Straight 1x2 Teeth Mirror Finish 4.75in right side up","open","3","13.0"
"D:\augmented_data_random_backgrounds\images\train\Tissue_Forceps_Adson_Straight_1x2_Teeth_Mirror_Finish_4.75in_right_side_up_open_003_aug014.jpg","Tissue Forceps Adson Straight 1x2 Teeth Mirror Finish 4.75in right side up","open","3","14.0"
"D:\augmented_data_random_backgrounds\images\train\Tissue_Forceps_Adson_Straight_1x2_Teeth_Mirror_Finish_4.75in_right_side_up_open_003_aug015.jpg","Tissue Forceps Adson Straight 1x2 Teeth Mirror Finish 4.75in right side up","open","3","15.0"
"D:\augmented_data_random_backgrounds\images\train\Tissue_Forceps_Adson_Straight_1x2_Teeth_Mirror_Finish_4.75in_right_side_up_open_003_aug016.jpg","Tissue Forceps Adson Straight 1x2 Teeth Mirror Finish 4.75in right side up","open","3","16.0"
"D:\augmented_data_random_backgrounds\images\train\Tissue_Forceps_Adson_Straight_1x2_Teeth_Mirror_Finish_4.75in_right_side_up_open_003_aug017.jpg","Tissue Forceps Adson Straight 1x2 Teeth Mirror Finish 4.75in right side up","open","3","17.0"
"D:\augmented_data_random_backgrounds\images\train\Tissue_Forceps_Adson_Straight_1x2_Teeth_Mirror_Finish_4.75in_right_side_up_open_003_aug018.jpg","Tissue Forceps Adson Straight 1x2 Teeth Mirror Finish 4.75in right side up","open","3","18.0"
"D:\augmented_data_random_backgrounds\images\train\Tissue_Forceps_Adson_Straight_1x2_Teeth_Mirror_Finish_4.75in_right_side_up_open_003_aug019.jpg","Tissue Forceps Adson Straight 1x2 Teeth Mirror Finish 4.75in right side up","open","3","19.0"
"D:\augmented_data_random_backgrounds\images\train\Tissue_Forceps_Adson_Straight_1x2_Teeth_Mirror_Finish_4.75in_right_side_up_open_003_aug020.jpg","Tissue Forceps Adson Straight 1x2 Teeth Mirror Finish 4.75in right side up","open","3","20.0"
"D:\augmented_data_random_backgrounds\images\train\Tissue_Forceps_Adson_Straight_1x2_Teeth_Mirror_Finish_4.75in_right_side_up_open_003_aug021.jpg","Tissue Forceps Adson Straight 1x2 Teeth Mirror Finish 4.75in right side up","open","3","21.0"
"D:\augmented_data_random_backgrounds\images\train\Tissue_Forceps_Adson_Straight_1x2_Teeth_Mirror_Finish_4.75in_right_side_up_open_003_aug022.jpg","Tissue Forceps Adson Straight 1x2 Teeth Mirror Finish 4.75in right side up","open","3","22.0"
"D:\augmented_data_random_backgrounds\images\train\Tissue_Forceps_Adson_Straight_1x2_Teeth_Mirror_Finish_4.75in_right_side_up_open_003_aug023.jpg","Tissue Forceps Adson Straight 1x2 Teeth Mirror Finish 4.75in right side up","open","3","23.0"
"D:\augmented_data_random_backgrounds\images\train\Tissue_Forceps_Adson_Straight_1x2_Teeth_Mirror_Finish_4.75in_right_side_up_open_003_aug024.jpg","Tissue Forceps Adson Straight 1x2 Teeth Mirror Finish 4.75in right side up","open","3","24.0"
"D:\augmented_data_random_backgrounds\images\train\Tissue_Forceps_Adson_Straight_1x2_Teeth_Mirror_Finish_4.75in_right_side_up_open_004.jpg","Tissue Forceps Adson Straight 1x2 Teeth Mirror Finish 4.75in right side up","open","4",""
"D:\augmented_data_random_backgrounds\images\train\Tissue_Forceps_Adson_Straight_1x2_Teeth_Mirror_Finish_4.75in_right_side_up_open_004_aug000.jpg","Tissue Forceps Adson Straight 1x2 Teeth Mirror Finish 4.75in right side up","open","4","0.0"
"D:\augmented_data_random_backgrounds\images\train\Tissue_Forceps_Adson_Straight_1x2_Teeth_Mirror_Finish_4.75in_right_side_up_open_004_aug001.jpg","Tissue Forceps Adson Straight 1x2 Teeth Mirror Finish 4.75in right side up","open","4","1.0"
"D:\augmented_data_random_backgrounds\images\train\Tissue_Forceps_Adson_Straight_1x2_Teeth_Mirror_Finish_4.75in_right_side_up_open_004_aug002.jpg","Tissue Forceps Adson Straight 1x2 Teeth Mirror Finish 4.75in right side up","open","4","2.0"
"D:\augmented_data_random_backgrounds\images\train\Tissue_Forceps_Adson_Straight_1x2_Teeth_Mirror_Finish_4.75in_right_side_up_open_004_aug003.jpg","Tissue Forceps Adson Straight 1x2 Teeth Mirror Finish 4.75in right side up","open","4","3.0"
"D:\augmented_data_random_backgrounds\images\train\Tissue_Forceps_Adson_Straight_1x2_Teeth_Mirror_Finish_4.75in_right_side_up_open_004_aug004.jpg","Tissue Forceps Adson Straight 1x2 Teeth Mirror Finish 4.75in right side up","open","4","4.0"
"D:\augmented_data_random_backgrounds\images\train\Tissue_Forceps_Adson_Straight_1x2_Teeth_Mirror_Finish_4.75in_right_side_up_open_004_aug005.jpg","Tissue Forceps Adson Straight 1x2 Teeth Mirror Finish 4.75in right side up","open","4","5.0"
"D:\augmented_data_random_backgrounds\images\train\Tissue_Forceps_Adson_Straight_1x2_Teeth_Mirror_Finish_4.75in_right_side_up_open_004_aug006.jpg","Tissue Forceps Adson Straight 1x2 Teeth Mirror Finish 4.75in right side up","open","4","6.0"
"D:\augmented_data_random_backgrounds\images\train\Tissue_Forceps_Adson_Straight_1x2_Teeth_Mirror_Finish_4.75in_right_side_up_open_004_aug007.jpg","Tissue Forceps Adson Straight 1x2 Teeth Mirror Finish 4.75in right side up","open","4","7.0"
"D:\augmented_data_random_backgrounds\images\train\Tissue_Forceps_Adson_Straight_1x2_Teeth_Mirror_Finish_4.75in_right_side_up_open_004_aug008.jpg","Tissue Forceps Adson Straight 1x2 Teeth Mirror Finish 4.75in right side up","open","4","8.0"
"D:\augmented_data_random_backgrounds\images\train\Tissue_Forceps_Adson_Straight_1x2_Teeth_Mirror_Finish_4.75in_right_side_up_open_004_aug009.jpg","Tissue Forceps Adson Straight 1x2 Teeth Mirror Finish 4.75in right side up","open","4","9.0"
"D:\augmented_data_random_backgrounds\images\train\Tissue_Forceps_Adson_Straight_1x2_Teeth_Mirror_Finish_4.75in_right_side_up_open_004_aug010.jpg","Tissue Forceps Adson Straight 1x2 Teeth Mirror Finish 4.75in right side up","open","4","10.0"
"D:\augmented_data_random_backgrounds\images\train\Tissue_Forceps_Adson_Straight_1x2_Teeth_Mirror_Finish_4.75in_right_side_up_open_004_aug011.jpg","Tissue Forceps Adson Straight 1x2 Teeth Mirror Finish 4.75in right side up","open","4","11.0"
"D:\augmented_data_random_backgrounds\images\train\Tissue_Forceps_Adson_Straight_1x2_Teeth_Mirror_Finish_4.75in_right_side_up_open_004_aug012.jpg","Tissue Forceps Adson Straight 1x2 Teeth Mirror Finish 4.75in right side up","open","4","12.0"
"D:\augmented_data_random_backgrounds\images\train\Tissue_Forceps_Adson_Straight_1x2_Teeth_Mirror_Finish_4.75in_right_side_up_open_004_aug013.jpg","Tissue Forceps Adson Straight 1x2 Teeth Mirror Finish 4.75in right side up","open","4","13.0"
"D:\augmented_data_random_backgrounds\images\train\Tissue_Forceps_Adson_Straight_1x2_Teeth_Mirror_Finish_4.75in_right_side_up_open_004_aug014.jpg","Tissue Forceps Adson Straight 1x2 Teeth Mirror Finish 4.75in right side up","open","4","14.0"
"D:\augmented_data_random_backgrounds\images\train\Tissue_Forceps_Adson_Straight_1x2_Teeth_Mirror_Finish_4.75in_right_side_up_open_004_aug015.jpg","Tissue Forceps Adson Straight 1x2 Teeth Mirror Finish 4.75in right side up","open","4","15.0"
"D:\augmented_data_random_backgrounds\images\train\Tissue_Forceps_Adson_Straight_1x2_Teeth_Mirror_Finish_4.75in_right_side_up_open_004_aug016.jpg","Tissue Forceps Adson Straight 1x2 Teeth Mirror Finish 4.75in right side up","open","4","16.0"
"D:\augmented_data_random_backgrounds\images\train\Tissue_Forceps_Adson_Straight_1x2_Teeth_Mirror_Finish_4.75in_right_side_up_open_004_aug017.jpg","Tissue Forceps Adson Straight 1x2 Teeth Mirror Finish 4.75in right side up","open","4","17.0"
"D:\augmented_data_random_backgrounds\images\train\Tissue_Forceps_Adson_Straight_1x2_Teeth_Mirror_Finish_4.75in_right_side_up_open_004_aug018.jpg","Tissue Forceps Adson Straight 1x2 Teeth Mirror Finish 4.75in right side up","open","4","18.0"
"D:\augmented_data_random_backgrounds\images\train\Tissue_Forceps_Adson_Straight_1x2_Teeth_Mirror_Finish_4.75in_right_side_up_open_004_aug019.jpg","Tissue Forceps Adson Straight 1x2 Teeth Mirror Finish 4.75in right side up","open","4","19.0"
"D:\augmented_data_random_backgrounds\images\train\Tissue_Forceps_Adson_Straight_1x2_Teeth_Mirror_Finish_4.75in_right_side_up_open_004_aug020.jpg","Tissue Forceps Adson Straight 1x2 Teeth Mirror Finish 4.75in right side up","open","4","20.0"
"D:\augmented_data_random_backgrounds\images\train\Tissue_Forceps_Adson_Straight_1x2_Teeth_Mirror_Finish_4.75in_right_side_up_open_004_aug021.jpg","Tissue Forceps Adson Straight 1x2 Teeth Mirror Finish 4.75in right side up","open","4","21.0"
"D:\augmented_data_random_backgrounds\images\train\Tissue_Forceps_Adson_Straight_1x2_Teeth_Mirror_Finish_4.75in_right_side_up_open_004_aug022.jpg","Tissue Forceps Adson Straight 1x2 Teeth Mirror Finish 4.75in right side up","open","4","22.0"
"D:\augmented_data_random_backgrounds\images\train\Tissue_Forceps_Adson_Straight_1x2_Teeth_Mirror_Finish_4.75in_right_side_up_open_004_aug023.jpg","Tissue Forceps Adson Straight 1x2 Teeth Mirror Finish 4.75in right side up","open","4","23.0"
"D:\augmented_data_random_backgrounds\images\train\Tissue_Forceps_Adson_Straight_1x2_Teeth_Mirror_Finish_4.75in_right_side_up_open_004_aug024.jpg","Tissue Forceps Adson Straight 1x2 Teeth Mirror Finish 4.75in right side up","open","4","24.0"
"D:\augmented_data_random_backgrounds\images\train\Tissue_Forceps_Adson_Straight_1x2_Teeth_Mirror_Finish_4.75in_right_side_up_open_006.jpg","Tissue Forceps Adson Straight 1x2 Teeth Mirror Finish 4.75in right side up","open","6",""
"D:\augmented_data_random_backgrounds\images\train\Tissue_Forceps_Adson_Straight_1x2_Teeth_Mirror_Finish_4.75in_right_side_up_open_006_aug000.jpg","Tissue Forceps Adson Straight 1x2 Teeth Mirror Finish 4.75in right side up","open","6","0.0"
"D:\augmented_data_random_backgrounds\images\train\Tissue_Forceps_Adson_Straight_1x2_Teeth_Mirror_Finish_4.75in_right_side_up_open_006_aug001.jpg","Tissue Forceps Adson Straight 1x2 Teeth Mirror Finish 4.75in right side up","open","6","1.0"
"D:\augmented_data_random_backgrounds\images\train\Tissue_Forceps_Adson_Straight_1x2_Teeth_Mirror_Finish_4.75in_right_side_up_open_006_aug002.jpg","Tissue Forceps Adson Straight 1x2 Teeth Mirror Finish 4.75in right side up","open","6","2.0"
"D:\augmented_data_random_backgrounds\images\train\Tissue_Forceps_Adson_Straight_1x2_Teeth_Mirror_Finish_4.75in_right_side_up_open_006_aug003.jpg","Tissue Forceps Adson Straight 1x2 Teeth Mirror Finish 4.75in right side up","open","6","3.0"
"D:\augmented_data_random_backgrounds\images\train\Tissue_Forceps_Adson_Straight_1x2_Teeth_Mirror_Finish_4.75in_right_side_up_open_006_aug004.jpg","Tissue Forceps Adson Straight 1x2 Teeth Mirror Finish 4.75in right side up","open","6","4.0"
"D:\augmented_data_random_backgrounds\images\train\Tissue_Forceps_Adson_Straight_1x2_Teeth_Mirror_Finish_4.75in_right_side_up_open_006_aug005.jpg","Tissue Forceps Adson Straight 1x2 Teeth Mirror Finish 4.75in right side up","open","6","5.0"
"D:\augmented_data_random_backgrounds\images\train\Tissue_Forceps_Adson_Straight_1x2_Teeth_Mirror_Finish_4.75in_right_side_up_open_006_aug006.jpg","Tissue Forceps Adson Straight 1x2 Teeth Mirror Finish 4.75in right side up","open","6","6.0"
"D:\augmented_data_random_backgrounds\images\train\Tissue_Forceps_Adson_Straight_1x2_Teeth_Mirror_Finish_4.75in_right_side_up_open_006_aug007.jpg","Tissue Forceps Adson Straight 1x2 Teeth Mirror Finish 4.75in right side up","open","6","7.0"
"D:\augmented_data_random_backgrounds\images\train\Tissue_Forceps_Adson_Straight_1x2_Teeth_Mirror_Finish_4.75in_right_side_up_open_006_aug008.jpg","Tissue Forceps Adson Straight 1x2 Teeth Mirror Finish 4.75in right side up","open","6","8.0"
"D:\augmented_data_random_backgrounds\images\train\Tissue_Forceps_Adson_Straight_1x2_Teeth_Mirror_Finish_4.75in_right_side_up_open_006_aug009.jpg","Tissue Forceps Adson Straight 1x2 Teeth Mirror Finish 4.75in right side up","open","6","9.0"
"D:\augmented_data_random_backgrounds\images\train\Tissue_Forceps_Adson_Straight_1x2_Teeth_Mirror_Finish_4.75in_right_side_up_open_006_aug010.jpg","Tissue Forceps Adson Straight 1x2 Teeth Mirror Finish 4.75in right side up","open","6","10.0"
"D:\augmented_data_random_backgrounds\images\train\Tissue_Forceps_Adson_Straight_1x2_Teeth_Mirror_Finish_4.75in_right_side_up_open_006_aug011.jpg","Tissue Forceps Adson Straight 1x2 Teeth Mirror Finish 4.75in right side up","open","6","11.0"
"D:\augmented_data_random_backgrounds\images\train\Tissue_Forceps_Adson_Straight_1x2_Teeth_Mirror_Finish_4.75in_right_side_up_open_006_aug012.jpg","Tissue Forceps Adson Straight 1x2 Teeth Mirror Finish 4.75in right side up","open","6","12.0"
"D:\augmented_data_random_backgrounds\images\train\Tissue_Forceps_Adson_Straight_1x2_Teeth_Mirror_Finish_4.75in_right_side_up_open_006_aug013.jpg","Tissue Forceps Adson Straight 1x2 Teeth Mirror Finish 4.75in right side up","open","6","13.0"
"D:\augmented_data_random_backgrounds\images\train\Tissue_Forceps_Adson_Straight_1x2_Teeth_Mirror_Finish_4.75in_right_side_up_open_006_aug014.jpg","Tissue Forceps Adson Straight 1x2 Teeth Mirror Finish 4.75in right side up","open","6","14.0"
"D:\augmented_data_random_backgrounds\images\train\Tissue_Forceps_Adson_Straight_1x2_Teeth_Mirror_Finish_4.75in_right_side_up_open_006_aug015.jpg","Tissue Forceps Adson Straight 1x2 Teeth Mirror Finish 4.75in right side up","open","6","15.0"
"D:\augmented_data_random_backgrounds\images\train\Tissue_Forceps_Adson_Straight_1x2_Teeth_Mirror_Finish_4.75in_right_side_up_open_006_aug016.jpg","Tissue Forceps Adson Straight 1x2 Teeth Mirror Finish 4.75in right side up","open","6","16.0"
"D:\augmented_data_random_backgrounds\images\train\Tissue_Forceps_Adson_Straight_1x2_Teeth_Mirror_Finish_4.75in_right_side_up_open_006_aug017.jpg","Tissue Forceps Adson Straight 1x2 Teeth Mirror Finish 4.75in right side up","open","6","17.0"
"D:\augmented_data_random_backgrounds\images\train\Tissue_Forceps_Adson_Straight_1x2_Teeth_Mirror_Finish_4.75in_right_side_up_open_006_aug018.jpg","Tissue Forceps Adson Straight 1x2 Teeth Mirror Finish 4.75in right side up","open","6","18.0"
"D:\augmented_data_random_backgrounds\images\train\Tissue_Forceps_Adson_Straight_1x2_Teeth_Mirror_Finish_4.75in_right_side_up_open_006_aug019.jpg","Tissue Forceps Adson Straight 1x2 Teeth Mirror Finish 4.75in right side up","open","6","19.0"
"D:\augmented_data_random_backgrounds\images\train\Tissue_Forceps_Adson_Straight_1x2_Teeth_Mirror_Finish_4.75in_right_side_up_open_006_aug020.jpg","Tissue Forceps Adson Straight 1x2 Teeth Mirror Finish 4.75in right side up","open","6","20.0"
"D:\augmented_data_random_backgrounds\images\train\Tissue_Forceps_Adson_Straight_1x2_Teeth_Mirror_Finish_4.75in_right_side_up_open_006_aug021.jpg","Tissue Forceps Adson Straight 1x2 Teeth Mirror Finish 4.75in right side up","open","6","21.0"
"D:\augmented_data_random_backgrounds\images\train\Tissue_Forceps_Adson_Straight_1x2_Teeth_Mirror_Finish_4.75in_right_side_up_open_006_aug022.jpg","Tissue Forceps Adson Straight 1x2 Teeth Mirror Finish 4.75in right side up","open","6","22.0"
"D:\augmented_data_random_backgrounds\images\train\Tissue_Forceps_Adson_Straight_1x2_Teeth_Mirror_Finish_4.75in_right_side_up_open_006_aug023.jpg","Tissue Forceps Adson Straight 1x2 Teeth Mirror Finish 4.75in right side up","open","6","23.0"
"D:\augmented_data_random_backgrounds\images\train\Tissue_Forceps_Adson_Straight_1x2_Teeth_Mirror_Finish_4.75in_right_side_up_open_006_aug024.jpg","Tissue Forceps Adson Straight 1x2 Teeth Mirror Finish 4.75in right side up","open","6","24.0"
"D:\augmented_data_random_backgrounds\images\train\Tissue_Forceps_Adson_Straight_1x2_Teeth_Mirror_Finish_4.75in_right_side_up_open_007.jpg","Tissue Forceps Adson Straight 1x2 Teeth Mirror Finish 4.75in right side up","open","7",""
"D:\augmented_data_random_backgrounds\images\train\Tissue_Forceps_Adson_Straight_1x2_Teeth_Mirror_Finish_4.75in_right_side_up_open_007_aug000.jpg","Tissue Forceps Adson Straight 1x2 Teeth Mirror Finish 4.75in right side up","open","7","0.0"
"D:\augmented_data_random_backgrounds\images\train\Tissue_Forceps_Adson_Straight_1x2_Teeth_Mirror_Finish_4.75in_right_side_up_open_007_aug001.jpg","Tissue Forceps Adson Straight 1x2 Teeth Mirror Finish 4.75in right side up","open","7","1.0"
"D:\augmented_data_random_backgrounds\images\train\Tissue_Forceps_Adson_Straight_1x2_Teeth_Mirror_Finish_4.75in_right_side_up_open_007_aug002.jpg","Tissue Forceps Adson Straight 1x2 Teeth Mirror Finish 4.75in right side up","open","7","2.0"
"D:\augmented_data_random_backgrounds\images\train\Tissue_Forceps_Adson_Straight_1x2_Teeth_Mirror_Finish_4.75in_right_side_up_open_007_aug003.jpg","Tissue Forceps Adson Straight 1x2 Teeth Mirror Finish 4.75in right side up","open","7","3.0"
"D:\augmented_data_random_backgrounds\images\train\Tissue_Forceps_Adson_Straight_1x2_Teeth_Mirror_Finish_4.75in_right_side_up_open_007_aug004.jpg","Tissue Forceps Adson Straight 1x2 Teeth Mirror Finish 4.75in right side up","open","7","4.0"
"D:\augmented_data_random_backgrounds\images\train\Tissue_Forceps_Adson_Straight_1x2_Teeth_Mirror_Finish_4.75in_right_side_up_open_007_aug005.jpg","Tissue Forceps Adson Straight 1x2 Teeth Mirror Finish 4.75in right side up","open","7","5.0"
"D:\augmented_data_random_backgrounds\images\train\Tissue_Forceps_Adson_Straight_1x2_Teeth_Mirror_Finish_4.75in_right_side_up_open_007_aug006.jpg","Tissue Forceps Adson Straight 1x2 Teeth Mirror Finish 4.75in right side up","open","7","6.0"
"D:\augmented_data_random_backgrounds\images\train\Tissue_Forceps_Adson_Straight_1x2_Teeth_Mirror_Finish_4.75in_right_side_up_open_007_aug007.jpg","Tissue Forceps Adson Straight 1x2 Teeth Mirror Finish 4.75in right side up","open","7","7.0"
"D:\augmented_data_random_backgrounds\images\train\Tissue_Forceps_Adson_Straight_1x2_Teeth_Mirror_Finish_4.75in_right_side_up_open_007_aug008.jpg","Tissue Forceps Adson Straight 1x2 Teeth Mirror Finish 4.75in right side up","open","7","8.0"
"D:\augmented_data_random_backgrounds\images\train\Tissue_Forceps_Adson_Straight_1x2_Teeth_Mirror_Finish_4.75in_right_side_up_open_007_aug009.jpg","Tissue Forceps Adson Straight 1x2 Teeth Mirror Finish 4.75in right side up","open","7","9.0"
"D:\augmented_data_random_backgrounds\images\train\Tissue_Forceps_Adson_Straight_1x2_Teeth_Mirror_Finish_4.75in_right_side_up_open_007_aug010.jpg","Tissue Forceps Adson Straight 1x2 Teeth Mirror Finish 4.75in right side up","open","7","10.0"
"D:\augmented_data_random_backgrounds\images\train\Tissue_Forceps_Adson_Straight_1x2_Teeth_Mirror_Finish_4.75in_right_side_up_open_007_aug011.jpg","Tissue Forceps Adson Straight 1x2 Teeth Mirror Finish 4.75in right side up","open","7","11.0"
"D:\augmented_data_random_backgrounds\images\train\Tissue_Forceps_Adson_Straight_1x2_Teeth_Mirror_Finish_4.75in_right_side_up_open_007_aug012.jpg","Tissue Forceps Adson Straight 1x2 Teeth Mirror Finish 4.75in right side up","open","7","12.0"
"D:\augmented_data_random_backgrounds\images\train\Tissue_Forceps_Adson_Straight_1x2_Teeth_Mirror_Finish_4.75in_right_side_up_open_007_aug013.jpg","Tissue Forceps Adson Straight 1x2 Teeth Mirror Finish 4.75in right side up","open","7","13.0"
"D:\augmented_data_random_backgrounds\images\train\Tissue_Forceps_Adson_Straight_1x2_Teeth_Mirror_Finish_4.75in_right_side_up_open_007_aug014.jpg","Tissue Forceps Adson Straight 1x2 Teeth Mirror Finish 4.75in right side up","open","7","14.0"
"D:\augmented_data_random_backgrounds\images\train\Tissue_Forceps_Adson_Straight_1x2_Teeth_Mirror_Finish_4.75in_right_side_up_open_007_aug015.jpg","Tissue Forceps Adson Straight 1x2 Teeth Mirror Finish 4.75in right side up","open","7","15.0"
"D:\augmented_data_random_backgrounds\images\train\Tissue_Forceps_Adson_Straight_1x2_Teeth_Mirror_Finish_4.75in_right_side_up_open_007_aug016.jpg","Tissue Forceps Adson Straight 1x2 Teeth Mirror Finish 4.75in right side up","open","7","16.0"
"D:\augmented_data_random_backgrounds\images\train\Tissue_Forceps_Adson_Straight_1x2_Teeth_Mirror_Finish_4.75in_right_side_up_open_007_aug017.jpg","Tissue Forceps Adson Straight 1x2 Teeth Mirror Finish 4.75in right side up","open","7","17.0"
"D:\augmented_data_random_backgrounds\images\train\Tissue_Forceps_Adson_Straight_1x2_Teeth_Mirror_Finish_4.75in_right_side_up_open_007_aug018.jpg","Tissue Forceps Adson Straight 1x2 Teeth Mirror Finish 4.75in right side up","open","7","18.0"
"D:\augmented_data_random_backgrounds\images\train\Tissue_Forceps_Adson_Straight_1x2_Teeth_Mirror_Finish_4.75in_right_side_up_open_007_aug019.jpg","Tissue Forceps Adson Straight 1x2 Teeth Mirror Finish 4.75in right side up","open","7","19.0"
"D:\augmented_data_random_backgrounds\images\train\Tissue_Forceps_Adson_Straight_1x2_Teeth_Mirror_Finish_4.75in_right_side_up_open_007_aug020.jpg","Tissue Forceps Adson Straight 1x2 Teeth Mirror Finish 4.75in right side up","open","7","20.0"
"D:\augmented_data_random_backgrounds\images\train\Tissue_Forceps_Adson_Straight_1x2_Teeth_Mirror_Finish_4.75in_right_side_up_open_007_aug021.jpg","Tissue Forceps Adson Straight 1x2 Teeth Mirror Finish 4.75in right side up","open","7","21.0"
"D:\augmented_data_random_backgrounds\images\train\Tissue_Forceps_Adson_Straight_1x2_Teeth_Mirror_Finish_4.75in_right_side_up_open_007_aug022.jpg","Tissue Forceps Adson Straight 1x2 Teeth Mirror Finish 4.75in right side up","open","7","22.0"
"D:\augmented_data_random_backgrounds\images\train\Tissue_Forceps_Adson_Straight_1x2_Teeth_Mirror_Finish_4.75in_right_side_up_open_007_aug023.jpg","Tissue Forceps Adson Straight 1x2 Teeth Mirror Finish 4.75in right side up","open","7","23.0"
"D:\augmented_data_random_backgrounds\images\train\Tissue_Forceps_Adson_Straight_1x2_Teeth_Mirror_Finish_4.75in_right_side_up_open_007_aug024.jpg","Tissue Forceps Adson Straight 1x2 Teeth Mirror Finish 4.75in right side up","open","7","24.0"
"D:\augmented_data_random_backgrounds\images\train\Tissue_Forceps_Adson_Straight_1x2_Teeth_Mirror_Finish_4.75in_right_side_up_open_008.jpg","Tissue Forceps Adson Straight 1x2 Teeth Mirror Finish 4.75in right side up","open","8",""
"D:\augmented_data_random_backgrounds\images\train\Tissue_Forceps_Adson_Straight_1x2_Teeth_Mirror_Finish_4.75in_right_side_up_open_008_aug000.jpg","Tissue Forceps Adson Straight 1x2 Teeth Mirror Finish 4.75in right side up","open","8","0.0"
"D:\augmented_data_random_backgrounds\images\train\Tissue_Forceps_Adson_Straight_1x2_Teeth_Mirror_Finish_4.75in_right_side_up_open_008_aug001.jpg","Tissue Forceps Adson Straight 1x2 Teeth Mirror Finish 4.75in right side up","open","8","1.0"
"D:\augmented_data_random_backgrounds\images\train\Tissue_Forceps_Adson_Straight_1x2_Teeth_Mirror_Finish_4.75in_right_side_up_open_008_aug002.jpg","Tissue Forceps Adson Straight 1x2 Teeth Mirror Finish 4.75in right side up","open","8","2.0"
"D:\augmented_data_random_backgrounds\images\train\Tissue_Forceps_Adson_Straight_1x2_Teeth_Mirror_Finish_4.75in_right_side_up_open_008_aug003.jpg","Tissue Forceps Adson Straight 1x2 Teeth Mirror Finish 4.75in right side up","open","8","3.0"
"D:\augmented_data_random_backgrounds\images\train\Tissue_Forceps_Adson_Straight_1x2_Teeth_Mirror_Finish_4.75in_right_side_up_open_008_aug004.jpg","Tissue Forceps Adson Straight 1x2 Teeth Mirror Finish 4.75in right side up","open","8","4.0"
"D:\augmented_data_random_backgrounds\images\train\Tissue_Forceps_Adson_Straight_1x2_Teeth_Mirror_Finish_4.75in_right_side_up_open_008_aug005.jpg","Tissue Forceps Adson Straight 1x2 Teeth Mirror Finish 4.75in right side up","open","8","5.0"
"D:\augmented_data_random_backgrounds\images\train\Tissue_Forceps_Adson_Straight_1x2_Teeth_Mirror_Finish_4.75in_right_side_up_open_008_aug006.jpg","Tissue Forceps Adson Straight 1x2 Teeth Mirror Finish 4.75in right side up","open","8","6.0"
"D:\augmented_data_random_backgrounds\images\train\Tissue_Forceps_Adson_Straight_1x2_Teeth_Mirror_Finish_4.75in_right_side_up_open_008_aug007.jpg","Tissue Forceps Adson Straight 1x2 Teeth Mirror Finish 4.75in right side up","open","8","7.0"
"D:\augmented_data_random_backgrounds\images\train\Tissue_Forceps_Adson_Straight_1x2_Teeth_Mirror_Finish_4.75in_right_side_up_open_008_aug008.jpg","Tissue Forceps Adson Straight 1x2 Teeth Mirror Finish 4.75in right side up","open","8","8.0"
"D:\augmented_data_random_backgrounds\images\train\Tissue_Forceps_Adson_Straight_1x2_Teeth_Mirror_Finish_4.75in_right_side_up_open_008_aug009.jpg","Tissue Forceps Adson Straight 1x2 Teeth Mirror Finish 4.75in right side up","open","8","9.0"
"D:\augmented_data_random_backgrounds\images\train\Tissue_Forceps_Adson_Straight_1x2_Teeth_Mirror_Finish_4.75in_right_side_up_open_008_aug010.jpg","Tissue Forceps Adson Straight 1x2 Teeth Mirror Finish 4.75in right side up","open","8","10.0"
"D:\augmented_data_random_backgrounds\images\train\Tissue_Forceps_Adson_Straight_1x2_Teeth_Mirror_Finish_4.75in_right_side_up_open_008_aug011.jpg","Tissue Forceps Adson Straight 1x2 Teeth Mirror Finish 4.75in right side up","open","8","11.0"
"D:\augmented_data_random_backgrounds\images\train\Tissue_Forceps_Adson_Straight_1x2_Teeth_Mirror_Finish_4.75in_right_side_up_open_008_aug012.jpg","Tissue Forceps Adson Straight 1x2 Teeth Mirror Finish 4.75in right side up","open","8","12.0"
"D:\augmented_data_random_backgrounds\images\train\Tissue_Forceps_Adson_Straight_1x2_Teeth_Mirror_Finish_4.75in_right_side_up_open_008_aug013.jpg","Tissue Forceps Adson Straight 1x2 Teeth Mirror Finish 4.75in right side up","open","8","13.0"
"D:\augmented_data_random_backgrounds\images\train\Tissue_Forceps_Adson_Straight_1x2_Teeth_Mirror_Finish_4.75in_right_side_up_open_008_aug014.jpg","Tissue Forceps Adson Straight 1x2 Teeth Mirror Finish 4.75in right side up","open","8","14.0"
"D:\augmented_data_random_backgrounds\images\train\Tissue_Forceps_Adson_Straight_1x2_Teeth_Mirror_Finish_4.75in_right_side_up_open_008_aug015.jpg","Tissue Forceps Adson Straight 1x2 Teeth Mirror Finish 4.75in right side up","open","8","15.0"
"D:\augmented_data_random_backgrounds\images\train\Tissue_Forceps_Adson_Straight_1x2_Teeth_Mirror_Finish_4.75in_right_side_up_open_008_aug016.jpg","Tissue Forceps Adson Straight 1x2 Teeth Mirror Finish 4.75in right side up","open","8","16.0"
"D:\augmented_data_random_backgrounds\images\train\Tissue_Forceps_Adson_Straight_1x2_Teeth_Mirror_Finish_4.75in_right_side_up_open_008_aug017.jpg","Tissue Forceps Adson Straight 1x2 Teeth Mirror Finish 4.75in right side up","open","8","17.0"
"D:\augmented_data_random_backgrounds\images\train\Tissue_Forceps_Adson_Straight_1x2_Teeth_Mirror_Finish_4.75in_right_side_up_open_008_aug018.jpg","Tissue Forceps Adson Straight 1x2 Teeth Mirror Finish 4.75in right side up","open","8","18.0"
"D:\augmented_data_random_backgrounds\images\train\Tissue_Forceps_Adson_Straight_1x2_Teeth_Mirror_Finish_4.75in_right_side_up_open_008_aug019.jpg","Tissue Forceps Adson Straight 1x2 Teeth Mirror Finish 4.75in right side up","open","8","19.0"
"D:\augmented_data_random_backgrounds\images\train\Tissue_Forceps_Adson_Straight_1x2_Teeth_Mirror_Finish_4.75in_right_side_up_open_008_aug020.jpg","Tissue Forceps Adson Straight 1x2 Teeth Mirror Finish 4.75in right side up","open","8","20.0"
"D:\augmented_data_random_backgrounds\images\train\Tissue_Forceps_Adson_Straight_1x2_Teeth_Mirror_Finish_4.75in_right_side_up_open_008_aug021.jpg","Tissue Forceps Adson Straight 1x2 Teeth Mirror Finish 4.75in right side up","open","8","21.0"
"D:\augmented_data_random_backgrounds\images\train\Tissue_Forceps_Adson_Straight_1x2_Teeth_Mirror_Finish_4.75in_right_side_up_open_008_aug022.jpg","Tissue Forceps Adson Straight 1x2 Teeth Mirror Finish 4.75in right side up","open","8","22.0"
"D:\augmented_data_random_backgrounds\images\train\Tissue_Forceps_Adson_Straight_1x2_Teeth_Mirror_Finish_4.75in_right_side_up_open_008_aug023.jpg","Tissue Forceps Adson Straight 1x2 Teeth Mirror Finish 4.75in right side up","open","8","23.0"
"D:\augmented_data_random_backgrounds\images\train\Tissue_Forceps_Adson_Straight_1x2_Teeth_Mirror_Finish_4.75in_right_side_up_open_008_aug024.jpg","Tissue Forceps Adson Straight 1x2 Teeth Mirror Finish 4.75in right side up","open","8","24.0"
"D:\augmented_data_random_backgrounds\images\train\Tissue_Forceps_Adson_Straight_1x2_Teeth_Mirror_Finish_4.75in_right_side_up_open_009.jpg","Tissue Forceps Adson Straight 1x2 Teeth Mirror Finish 4.75in right side up","open","9",""
"D:\augmented_data_random_backgrounds\images\train\Tissue_Forceps_Adson_Straight_1x2_Teeth_Mirror_Finish_4.75in_right_side_up_open_009_aug000.jpg","Tissue Forceps Adson Straight 1x2 Teeth Mirror Finish 4.75in right side up","open","9","0.0"
"D:\augmented_data_random_backgrounds\images\train\Tissue_Forceps_Adson_Straight_1x2_Teeth_Mirror_Finish_4.75in_right_side_up_open_009_aug001.jpg","Tissue Forceps Adson Straight 1x2 Teeth Mirror Finish 4.75in right side up","open","9","1.0"
"D:\augmented_data_random_backgrounds\images\train\Tissue_Forceps_Adson_Straight_1x2_Teeth_Mirror_Finish_4.75in_right_side_up_open_009_aug002.jpg","Tissue Forceps Adson Straight 1x2 Teeth Mirror Finish 4.75in right side up","open","9","2.0"
"D:\augmented_data_random_backgrounds\images\train\Tissue_Forceps_Adson_Straight_1x2_Teeth_Mirror_Finish_4.75in_right_side_up_open_009_aug003.jpg","Tissue Forceps Adson Straight 1x2 Teeth Mirror Finish 4.75in right side up","open","9","3.0"
"D:\augmented_data_random_backgrounds\images\train\Tissue_Forceps_Adson_Straight_1x2_Teeth_Mirror_Finish_4.75in_right_side_up_open_009_aug004.jpg","Tissue Forceps Adson Straight 1x2 Teeth Mirror Finish 4.75in right side up","open","9","4.0"
"D:\augmented_data_random_backgrounds\images\train\Tissue_Forceps_Adson_Straight_1x2_Teeth_Mirror_Finish_4.75in_right_side_up_open_009_aug005.jpg","Tissue Forceps Adson Straight 1x2 Teeth Mirror Finish 4.75in right side up","open","9","5.0"
"D:\augmented_data_random_backgrounds\images\train\Tissue_Forceps_Adson_Straight_1x2_Teeth_Mirror_Finish_4.75in_right_side_up_open_009_aug006.jpg","Tissue Forceps Adson Straight 1x2 Teeth Mirror Finish 4.75in right side up","open","9","6.0"
"D:\augmented_data_random_backgrounds\images\train\Tissue_Forceps_Adson_Straight_1x2_Teeth_Mirror_Finish_4.75in_right_side_up_open_009_aug007.jpg","Tissue Forceps Adson Straight 1x2 Teeth Mirror Finish 4.75in right side up","open","9","7.0"
"D:\augmented_data_random_backgrounds\images\train\Tissue_Forceps_Adson_Straight_1x2_Teeth_Mirror_Finish_4.75in_right_side_up_open_009_aug008.jpg","Tissue Forceps Adson Straight 1x2 Teeth Mirror Finish 4.75in right side up","open","9","8.0"
"D:\augmented_data_random_backgrounds\images\train\Tissue_Forceps_Adson_Straight_1x2_Teeth_Mirror_Finish_4.75in_right_side_up_open_009_aug009.jpg","Tissue Forceps Adson Straight 1x2 Teeth Mirror Finish 4.75in right side up","open","9","9.0"
"D:\augmented_data_random_backgrounds\images\train\Tissue_Forceps_Adson_Straight_1x2_Teeth_Mirror_Finish_4.75in_right_side_up_open_009_aug010.jpg","Tissue Forceps Adson Straight 1x2 Teeth Mirror Finish 4.75in right side up","open","9","10.0"
"D:\augmented_data_random_backgrounds\images\train\Tissue_Forceps_Adson_Straight_1x2_Teeth_Mirror_Finish_4.75in_right_side_up_open_009_aug011.jpg","Tissue Forceps Adson Straight 1x2 Teeth Mirror Finish 4.75in right side up","open","9","11.0"
"D:\augmented_data_random_backgrounds\images\train\Tissue_Forceps_Adson_Straight_1x2_Teeth_Mirror_Finish_4.75in_right_side_up_open_009_aug012.jpg","Tissue Forceps Adson Straight 1x2 Teeth Mirror Finish 4.75in right side up","open","9","12.0"
"D:\augmented_data_random_backgrounds\images\train\Tissue_Forceps_Adson_Straight_1x2_Teeth_Mirror_Finish_4.75in_right_side_up_open_009_aug013.jpg","Tissue Forceps Adson Straight 1x2 Teeth Mirror Finish 4.75in right side up","open","9","13.0"
"D:\augmented_data_random_backgrounds\images\train\Tissue_Forceps_Adson_Straight_1x2_Teeth_Mirror_Finish_4.75in_right_side_up_open_009_aug014.jpg","Tissue Forceps Adson Straight 1x2 Teeth Mirror Finish 4.75in right side up","open","9","14.0"
"D:\augmented_data_random_backgrounds\images\train\Tissue_Forceps_Adson_Straight_1x2_Teeth_Mirror_Finish_4.75in_right_side_up_open_009_aug015.jpg","Tissue Forceps Adson Straight 1x2 Teeth Mirror Finish 4.75in right side up","open","9","15.0"
"D:\augmented_data_random_backgrounds\images\train\Tissue_Forceps_Adson_Straight_1x2_Teeth_Mirror_Finish_4.75in_right_side_up_open_009_aug016.jpg","Tissue Forceps Adson Straight 1x2 Teeth Mirror Finish 4.75in right side up","open","9","16.0"
"D:\augmented_data_random_backgrounds\images\train\Tissue_Forceps_Adson_Straight_1x2_Teeth_Mirror_Finish_4.75in_right_side_up_open_009_aug017.jpg","Tissue Forceps Adson Straight 1x2 Teeth Mirror Finish 4.75in right side up","open","9","17.0"
"D:\augmented_data_random_backgrounds\images\train\Tissue_Forceps_Adson_Straight_1x2_Teeth_Mirror_Finish_4.75in_right_side_up_open_009_aug018.jpg","Tissue Forceps Adson Straight 1x2 Teeth Mirror Finish 4.75in right side up","open","9","18.0"
"D:\augmented_data_random_backgrounds\images\train\Tissue_Forceps_Adson_Straight_1x2_Teeth_Mirror_Finish_4.75in_right_side_up_open_009_aug019.jpg","Tissue Forceps Adson Straight 1x2 Teeth Mirror Finish 4.75in right side up","open","9","19.0"
"D:\augmented_data_random_backgrounds\images\train\Tissue_Forceps_Adson_Straight_1x2_Teeth_Mirror_Finish_4.75in_right_side_up_open_009_aug020.jpg","Tissue Forceps Adson Straight 1x2 Teeth Mirror Finish 4.75in right side up","open","9","20.0"
"D:\augmented_data_random_backgrounds\images\train\Tissue_Forceps_Adson_Straight_1x2_Teeth_Mirror_Finish_4.75in_right_side_up_open_009_aug021.jpg","Tissue Forceps Adson Straight 1x2 Teeth Mirror Finish 4.75in right side up","open","9","21.0"
"D:\augmented_data_random_backgrounds\images\train\Tissue_Forceps_Adson_Straight_1x2_Teeth_Mirror_Finish_4.75in_right_side_up_open_009_aug022.jpg","Tissue Forceps Adson Straight 1x2 Teeth Mirror Finish 4.75in right side up","open","9","22.0"
"D:\augmented_data_random_backgrounds\images\train\Tissue_Forceps_Adson_Straight_1x2_Teeth_Mirror_Finish_4.75in_right_side_up_open_009_aug023.jpg","Tissue Forceps Adson Straight 1x2 Teeth Mirror Finish 4.75in right side up","open","9","23.0"
"D:\augmented_data_random_backgrounds\images\train\Tissue_Forceps_Adson_Straight_1x2_Teeth_Mirror_Finish_4.75in_right_side_up_open_009_aug024.jpg","Tissue Forceps Adson Straight 1x2 Teeth Mirror Finish 4.75in right side up","open","9","24.0"
"D:\augmented_data_random_backgrounds\images\train\Tissue_Forceps_Adson_Straight_1x2_Teeth_Mirror_Finish_4.75in_right_side_up_open_010.jpg","Tissue Forceps Adson Straight 1x2 Teeth Mirror Finish 4.75in right side up","open","10",""
"D:\augmented_data_random_backgrounds\images\train\Tissue_Forceps_Adson_Straight_1x2_Teeth_Mirror_Finish_4.75in_right_side_up_open_010_aug000.jpg","Tissue Forceps Adson Straight 1x2 Teeth Mirror Finish 4.75in right side up","open","10","0.0"
"D:\augmented_data_random_backgrounds\images\train\Tissue_Forceps_Adson_Straight_1x2_Teeth_Mirror_Finish_4.75in_right_side_up_open_010_aug001.jpg","Tissue Forceps Adson Straight 1x2 Teeth Mirror Finish 4.75in right side up","open","10","1.0"
"D:\augmented_data_random_backgrounds\images\train\Tissue_Forceps_Adson_Straight_1x2_Teeth_Mirror_Finish_4.75in_right_side_up_open_010_aug002.jpg","Tissue Forceps Adson Straight 1x2 Teeth Mirror Finish 4.75in right side up","open","10","2.0"
"D:\augmented_data_random_backgrounds\images\train\Tissue_Forceps_Adson_Straight_1x2_Teeth_Mirror_Finish_4.75in_right_side_up_open_010_aug003.jpg","Tissue Forceps Adson Straight 1x2 Teeth Mirror Finish 4.75in right side up","open","10","3.0"
"D:\augmented_data_random_backgrounds\images\train\Tissue_Forceps_Adson_Straight_1x2_Teeth_Mirror_Finish_4.75in_right_side_up_open_010_aug004.jpg","Tissue Forceps Adson Straight 1x2 Teeth Mirror Finish 4.75in right side up","open","10","4.0"
"D:\augmented_data_random_backgrounds\images\train\Tissue_Forceps_Adson_Straight_1x2_Teeth_Mirror_Finish_4.75in_right_side_up_open_010_aug005.jpg","Tissue Forceps Adson Straight 1x2 Teeth Mirror Finish 4.75in right side up","open","10","5.0"
"D:\augmented_data_random_backgrounds\images\train\Tissue_Forceps_Adson_Straight_1x2_Teeth_Mirror_Finish_4.75in_right_side_up_open_010_aug006.jpg","Tissue Forceps Adson Straight 1x2 Teeth Mirror Finish 4.75in right side up","open","10","6.0"
"D:\augmented_data_random_backgrounds\images\train\Tissue_Forceps_Adson_Straight_1x2_Teeth_Mirror_Finish_4.75in_right_side_up_open_010_aug007.jpg","Tissue Forceps Adson Straight 1x2 Teeth Mirror Finish 4.75in right side up","open","10","7.0"
"D:\augmented_data_random_backgrounds\images\train\Tissue_Forceps_Adson_Straight_1x2_Teeth_Mirror_Finish_4.75in_right_side_up_open_010_aug008.jpg","Tissue Forceps Adson Straight 1x2 Teeth Mirror Finish 4.75in right side up","open","10","8.0"
"D:\augmented_data_random_backgrounds\images\train\Tissue_Forceps_Adson_Straight_1x2_Teeth_Mirror_Finish_4.75in_right_side_up_open_010_aug009.jpg","Tissue Forceps Adson Straight 1x2 Teeth Mirror Finish 4.75in right side up","open","10","9.0"
"D:\augmented_data_random_backgrounds\images\train\Tissue_Forceps_Adson_Straight_1x2_Teeth_Mirror_Finish_4.75in_right_side_up_open_010_aug010.jpg","Tissue Forceps Adson Straight 1x2 Teeth Mirror Finish 4.75in right side up","open","10","10.0"
"D:\augmented_data_random_backgrounds\images\train\Tissue_Forceps_Adson_Straight_1x2_Teeth_Mirror_Finish_4.75in_right_side_up_open_010_aug011.jpg","Tissue Forceps Adson Straight 1x2 Teeth Mirror Finish 4.75in right side up","open","10","11.0"
"D:\augmented_data_random_backgrounds\images\train\Tissue_Forceps_Adson_Straight_1x2_Teeth_Mirror_Finish_4.75in_right_side_up_open_010_aug012.jpg","Tissue Forceps Adson Straight 1x2 Teeth Mirror Finish 4.75in right side up","open","10","12.0"
"D:\augmented_data_random_backgrounds\images\train\Tissue_Forceps_Adson_Straight_1x2_Teeth_Mirror_Finish_4.75in_right_side_up_open_010_aug013.jpg","Tissue Forceps Adson Straight 1x2 Teeth Mirror Finish 4.75in right side up","open","10","13.0"
"D:\augmented_data_random_backgrounds\images\train\Tissue_Forceps_Adson_Straight_1x2_Teeth_Mirror_Finish_4.75in_right_side_up_open_010_aug014.jpg","Tissue Forceps Adson Straight 1x2 Teeth Mirror Finish 4.75in right side up","open","10","14.0"
"D:\augmented_data_random_backgrounds\images\train\Tissue_Forceps_Adson_Straight_1x2_Teeth_Mirror_Finish_4.75in_right_side_up_open_010_aug015.jpg","Tissue Forceps Adson Straight 1x2 Teeth Mirror Finish 4.75in right side up","open","10","15.0"
"D:\augmented_data_random_backgrounds\images\train\Tissue_Forceps_Adson_Straight_1x2_Teeth_Mirror_Finish_4.75in_right_side_up_open_010_aug016.jpg","Tissue Forceps Adson Straight 1x2 Teeth Mirror Finish 4.75in right side up","open","10","16.0"
"D:\augmented_data_random_backgrounds\images\train\Tissue_Forceps_Adson_Straight_1x2_Teeth_Mirror_Finish_4.75in_right_side_up_open_010_aug017.jpg","Tissue Forceps Adson Straight 1x2 Teeth Mirror Finish 4.75in right side up","open","10","17.0"
"D:\augmented_data_random_backgrounds\images\train\Tissue_Forceps_Adson_Straight_1x2_Teeth_Mirror_Finish_4.75in_right_side_up_open_010_aug018.jpg","Tissue Forceps Adson Straight 1x2 Teeth Mirror Finish 4.75in right side up","open","10","18.0"
"D:\augmented_data_random_backgrounds\images\train\Tissue_Forceps_Adson_Straight_1x2_Teeth_Mirror_Finish_4.75in_right_side_up_open_010_aug019.jpg","Tissue Forceps Adson Straight 1x2 Teeth Mirror Finish 4.75in right side up","open","10","19.0"
"D:\augmented_data_random_backgrounds\images\train\Tissue_Forceps_Adson_Straight_1x2_Teeth_Mirror_Finish_4.75in_right_side_up_open_010_aug020.jpg","Tissue Forceps Adson Straight 1x2 Teeth Mirror Finish 4.75in right side up","open","10","20.0"
"D:\augmented_data_random_backgrounds\images\train\Tissue_Forceps_Adson_Straight_1x2_Teeth_Mirror_Finish_4.75in_right_side_up_open_010_aug021.jpg","Tissue Forceps Adson Straight 1x2 Teeth Mirror Finish 4.75in right side up","open","10","21.0"
"D:\augmented_data_random_backgrounds\images\train\Tissue_Forceps_Adson_Straight_1x2_Teeth_Mirror_Finish_4.75in_right_side_up_open_010_aug022.jpg","Tissue Forceps Adson Straight 1x2 Teeth Mirror Finish 4.75in right side up","open","10","22.0"
"D:\augmented_data_random_backgrounds\images\train\Tissue_Forceps_Adson_Straight_1x2_Teeth_Mirror_Finish_4.75in_right_side_up_open_010_aug023.jpg","Tissue Forceps Adson Straight 1x2 Teeth Mirror Finish 4.75in right side up","open","10","23.0"
"D:\augmented_data_random_backgrounds\images\train\Tissue_Forceps_Adson_Straight_1x2_Teeth_Mirror_Finish_4.75in_right_side_up_open_010_aug024.jpg","Tissue Forceps Adson Straight 1x2 Teeth Mirror Finish 4.75in right side up","open","10","24.0"
"D:\augmented_data_random_backgrounds\images\train\Tissue_Forceps_Adson_Straight_1x2_Teeth_Mirror_Finish_4.75in_right_side_up_open_012.jpg","Tissue Forceps Adson Straight 1x2 Teeth Mirror Finish 4.75in right side up","open","12",""
"D:\augmented_data_random_backgrounds\images\train\Tissue_Forceps_Adson_Straight_1x2_Teeth_Mirror_Finish_4.75in_right_side_up_open_012_aug000.jpg","Tissue Forceps Adson Straight 1x2 Teeth Mirror Finish 4.75in right side up","open","12","0.0"
"D:\augmented_data_random_backgrounds\images\train\Tissue_Forceps_Adson_Straight_1x2_Teeth_Mirror_Finish_4.75in_right_side_up_open_012_aug001.jpg","Tissue Forceps Adson Straight 1x2 Teeth Mirror Finish 4.75in right side up","open","12","1.0"
"D:\augmented_data_random_backgrounds\images\train\Tissue_Forceps_Adson_Straight_1x2_Teeth_Mirror_Finish_4.75in_right_side_up_open_012_aug002.jpg","Tissue Forceps Adson Straight 1x2 Teeth Mirror Finish 4.75in right side up","open","12","2.0"
"D:\augmented_data_random_backgrounds\images\train\Tissue_Forceps_Adson_Straight_1x2_Teeth_Mirror_Finish_4.75in_right_side_up_open_012_aug003.jpg","Tissue Forceps Adson Straight 1x2 Teeth Mirror Finish 4.75in right side up","open","12","3.0"
"D:\augmented_data_random_backgrounds\images\train\Tissue_Forceps_Adson_Straight_1x2_Teeth_Mirror_Finish_4.75in_right_side_up_open_012_aug004.jpg","Tissue Forceps Adson Straight 1x2 Teeth Mirror Finish 4.75in right side up","open","12","4.0"
"D:\augmented_data_random_backgrounds\images\train\Tissue_Forceps_Adson_Straight_1x2_Teeth_Mirror_Finish_4.75in_right_side_up_open_012_aug005.jpg","Tissue Forceps Adson Straight 1x2 Teeth Mirror Finish 4.75in right side up","open","12","5.0"
"D:\augmented_data_random_backgrounds\images\train\Tissue_Forceps_Adson_Straight_1x2_Teeth_Mirror_Finish_4.75in_right_side_up_open_012_aug006.jpg","Tissue Forceps Adson Straight 1x2 Teeth Mirror Finish 4.75in right side up","open","12","6.0"
"D:\augmented_data_random_backgrounds\images\train\Tissue_Forceps_Adson_Straight_1x2_Teeth_Mirror_Finish_4.75in_right_side_up_open_012_aug007.jpg","Tissue Forceps Adson Straight 1x2 Teeth Mirror Finish 4.75in right side up","open","12","7.0"
"D:\augmented_data_random_backgrounds\images\train\Tissue_Forceps_Adson_Straight_1x2_Teeth_Mirror_Finish_4.75in_right_side_up_open_012_aug008.jpg","Tissue Forceps Adson Straight 1x2 Teeth Mirror Finish 4.75in right side up","open","12","8.0"
"D:\augmented_data_random_backgrounds\images\train\Tissue_Forceps_Adson_Straight_1x2_Teeth_Mirror_Finish_4.75in_right_side_up_open_012_aug009.jpg","Tissue Forceps Adson Straight 1x2 Teeth Mirror Finish 4.75in right side up","open","12","9.0"
"D:\augmented_data_random_backgrounds\images\train\Tissue_Forceps_Adson_Straight_1x2_Teeth_Mirror_Finish_4.75in_right_side_up_open_012_aug010.jpg","Tissue Forceps Adson Straight 1x2 Teeth Mirror Finish 4.75in right side up","open","12","10.0"
"D:\augmented_data_random_backgrounds\images\train\Tissue_Forceps_Adson_Straight_1x2_Teeth_Mirror_Finish_4.75in_right_side_up_open_012_aug011.jpg","Tissue Forceps Adson Straight 1x2 Teeth Mirror Finish 4.75in right side up","open","12","11.0"
"D:\augmented_data_random_backgrounds\images\train\Tissue_Forceps_Adson_Straight_1x2_Teeth_Mirror_Finish_4.75in_right_side_up_open_012_aug012.jpg","Tissue Forceps Adson Straight 1x2 Teeth Mirror Finish 4.75in right side up","open","12","12.0"
"D:\augmented_data_random_backgrounds\images\train\Tissue_Forceps_Adson_Straight_1x2_Teeth_Mirror_Finish_4.75in_right_side_up_open_012_aug013.jpg","Tissue Forceps Adson Straight 1x2 Teeth Mirror Finish 4.75in right side up","open","12","13.0"
"D:\augmented_data_random_backgrounds\images\train\Tissue_Forceps_Adson_Straight_1x2_Teeth_Mirror_Finish_4.75in_right_side_up_open_012_aug014.jpg","Tissue Forceps Adson Straight 1x2 Teeth Mirror Finish 4.75in right side up","open","12","14.0"
"D:\augmented_data_random_backgrounds\images\train\Tissue_Forceps_Adson_Straight_1x2_Teeth_Mirror_Finish_4.75in_right_side_up_open_012_aug015.jpg","Tissue Forceps Adson Straight 1x2 Teeth Mirror Finish 4.75in right side up","open","12","15.0"
"D:\augmented_data_random_backgrounds\images\train\Tissue_Forceps_Adson_Straight_1x2_Teeth_Mirror_Finish_4.75in_right_side_up_open_012_aug016.jpg","Tissue Forceps Adson Straight 1x2 Teeth Mirror Finish 4.75in right side up","open","12","16.0"
"D:\augmented_data_random_backgrounds\images\train\Tissue_Forceps_Adson_Straight_1x2_Teeth_Mirror_Finish_4.75in_right_side_up_open_012_aug017.jpg","Tissue Forceps Adson Straight 1x2 Teeth Mirror Finish 4.75in right side up","open","12","17.0"
"D:\augmented_data_random_backgrounds\images\train\Tissue_Forceps_Adson_Straight_1x2_Teeth_Mirror_Finish_4.75in_right_side_up_open_012_aug018.jpg","Tissue Forceps Adson Straight 1x2 Teeth Mirror Finish 4.75in right side up","open","12","18.0"
"D:\augmented_data_random_backgrounds\images\train\Tissue_Forceps_Adson_Straight_1x2_Teeth_Mirror_Finish_4.75in_right_side_up_open_012_aug019.jpg","Tissue Forceps Adson Straight 1x2 Teeth Mirror Finish 4.75in right side up","open","12","19.0"
"D:\augmented_data_random_backgrounds\images\train\Tissue_Forceps_Adson_Straight_1x2_Teeth_Mirror_Finish_4.75in_right_side_up_open_012_aug020.jpg","Tissue Forceps Adson Straight 1x2 Teeth Mirror Finish 4.75in right side up","open","12","20.0"
"D:\augmented_data_random_backgrounds\images\train\Tissue_Forceps_Adson_Straight_1x2_Teeth_Mirror_Finish_4.75in_right_side_up_open_012_aug021.jpg","Tissue Forceps Adson Straight 1x2 Teeth Mirror Finish 4.75in right side up","open","12","21.0"
"D:\augmented_data_random_backgrounds\images\train\Tissue_Forceps_Adson_Straight_1x2_Teeth_Mirror_Finish_4.75in_right_side_up_open_012_aug022.jpg","Tissue Forceps Adson Straight 1x2 Teeth Mirror Finish 4.75in right side up","open","12","22.0"
"D:\augmented_data_random_backgrounds\images\train\Tissue_Forceps_Adson_Straight_1x2_Teeth_Mirror_Finish_4.75in_right_side_up_open_012_aug023.jpg","Tissue Forceps Adson Straight 1x2 Teeth Mirror Finish 4.75in right side up","open","12","23.0"
"D:\augmented_data_random_backgrounds\images\train\Tissue_Forceps_Adson_Straight_1x2_Teeth_Mirror_Finish_4.75in_right_side_up_open_012_aug024.jpg","Tissue Forceps Adson Straight 1x2 Teeth Mirror Finish 4.75in right side up","open","12","24.0"
"D:\augmented_data_random_backgrounds\images\train\Tissue_Forceps_Adson_Straight_1x2_Teeth_Mirror_Finish_4.75in_right_side_up_open_013.jpg","Tissue Forceps Adson Straight 1x2 Teeth Mirror Finish 4.75in right side up","open","13",""
"D:\augmented_data_random_backgrounds\images\train\Tissue_Forceps_Adson_Straight_1x2_Teeth_Mirror_Finish_4.75in_right_side_up_open_013_aug000.jpg","Tissue Forceps Adson Straight 1x2 Teeth Mirror Finish 4.75in right side up","open","13","0.0"
"D:\augmented_data_random_backgrounds\images\train\Tissue_Forceps_Adson_Straight_1x2_Teeth_Mirror_Finish_4.75in_right_side_up_open_013_aug001.jpg","Tissue Forceps Adson Straight 1x2 Teeth Mirror Finish 4.75in right side up","open","13","1.0"
"D:\augmented_data_random_backgrounds\images\train\Tissue_Forceps_Adson_Straight_1x2_Teeth_Mirror_Finish_4.75in_right_side_up_open_013_aug002.jpg","Tissue Forceps Adson Straight 1x2 Teeth Mirror Finish 4.75in right side up","open","13","2.0"
"D:\augmented_data_random_backgrounds\images\train\Tissue_Forceps_Adson_Straight_1x2_Teeth_Mirror_Finish_4.75in_right_side_up_open_013_aug003.jpg","Tissue Forceps Adson Straight 1x2 Teeth Mirror Finish 4.75in right side up","open","13","3.0"
"D:\augmented_data_random_backgrounds\images\train\Tissue_Forceps_Adson_Straight_1x2_Teeth_Mirror_Finish_4.75in_right_side_up_open_013_aug004.jpg","Tissue Forceps Adson Straight 1x2 Teeth Mirror Finish 4.75in right side up","open","13","4.0"
"D:\augmented_data_random_backgrounds\images\train\Tissue_Forceps_Adson_Straight_1x2_Teeth_Mirror_Finish_4.75in_right_side_up_open_013_aug005.jpg","Tissue Forceps Adson Straight 1x2 Teeth Mirror Finish 4.75in right side up","open","13","5.0"
"D:\augmented_data_random_backgrounds\images\train\Tissue_Forceps_Adson_Straight_1x2_Teeth_Mirror_Finish_4.75in_right_side_up_open_013_aug006.jpg","Tissue Forceps Adson Straight 1x2 Teeth Mirror Finish 4.75in right side up","open","13","6.0"
"D:\augmented_data_random_backgrounds\images\train\Tissue_Forceps_Adson_Straight_1x2_Teeth_Mirror_Finish_4.75in_right_side_up_open_013_aug007.jpg","Tissue Forceps Adson Straight 1x2 Teeth Mirror Finish 4.75in right side up","open","13","7.0"
"D:\augmented_data_random_backgrounds\images\train\Tissue_Forceps_Adson_Straight_1x2_Teeth_Mirror_Finish_4.75in_right_side_up_open_013_aug008.jpg","Tissue Forceps Adson Straight 1x2 Teeth Mirror Finish 4.75in right side up","open","13","8.0"
"D:\augmented_data_random_backgrounds\images\train\Tissue_Forceps_Adson_Straight_1x2_Teeth_Mirror_Finish_4.75in_right_side_up_open_013_aug009.jpg","Tissue Forceps Adson Straight 1x2 Teeth Mirror Finish 4.75in right side up","open","13","9.0"
"D:\augmented_data_random_backgrounds\images\train\Tissue_Forceps_Adson_Straight_1x2_Teeth_Mirror_Finish_4.75in_right_side_up_open_013_aug010.jpg","Tissue Forceps Adson Straight 1x2 Teeth Mirror Finish 4.75in right side up","open","13","10.0"
"D:\augmented_data_random_backgrounds\images\train\Tissue_Forceps_Adson_Straight_1x2_Teeth_Mirror_Finish_4.75in_right_side_up_open_013_aug011.jpg","Tissue Forceps Adson Straight 1x2 Teeth Mirror Finish 4.75in right side up","open","13","11.0"
"D:\augmented_data_random_backgrounds\images\train\Tissue_Forceps_Adson_Straight_1x2_Teeth_Mirror_Finish_4.75in_right_side_up_open_013_aug012.jpg","Tissue Forceps Adson Straight 1x2 Teeth Mirror Finish 4.75in right side up","open","13","12.0"
"D:\augmented_data_random_backgrounds\images\train\Tissue_Forceps_Adson_Straight_1x2_Teeth_Mirror_Finish_4.75in_right_side_up_open_013_aug013.jpg","Tissue Forceps Adson Straight 1x2 Teeth Mirror Finish 4.75in right side up","open","13","13.0"
"D:\augmented_data_random_backgrounds\images\train\Tissue_Forceps_Adson_Straight_1x2_Teeth_Mirror_Finish_4.75in_right_side_up_open_013_aug014.jpg","Tissue Forceps Adson Straight 1x2 Teeth Mirror Finish 4.75in right side up","open","13","14.0"
"D:\augmented_data_random_backgrounds\images\train\Tissue_Forceps_Adson_Straight_1x2_Teeth_Mirror_Finish_4.75in_right_side_up_open_013_aug015.jpg","Tissue Forceps Adson Straight 1x2 Teeth Mirror Finish 4.75in right side up","open","13","15.0"
"D:\augmented_data_random_backgrounds\images\train\Tissue_Forceps_Adson_Straight_1x2_Teeth_Mirror_Finish_4.75in_right_side_up_open_013_aug016.jpg","Tissue Forceps Adson Straight 1x2 Teeth Mirror Finish 4.75in right side up","open","13","16.0"
"D:\augmented_data_random_backgrounds\images\train\Tissue_Forceps_Adson_Straight_1x2_Teeth_Mirror_Finish_4.75in_right_side_up_open_013_aug017.jpg","Tissue Forceps Adson Straight 1x2 Teeth Mirror Finish 4.75in right side up","open","13","17.0"
"D:\augmented_data_random_backgrounds\images\train\Tissue_Forceps_Adson_Straight_1x2_Teeth_Mirror_Finish_4.75in_right_side_up_open_013_aug018.jpg","Tissue Forceps Adson Straight 1x2 Teeth Mirror Finish 4.75in right side up","open","13","18.0"
"D:\augmented_data_random_backgrounds\images\train\Tissue_Forceps_Adson_Straight_1x2_Teeth_Mirror_Finish_4.75in_right_side_up_open_013_aug019.jpg","Tissue Forceps Adson Straight 1x2 Teeth Mirror Finish 4.75in right side up","open","13","19.0"
"D:\augmented_data_random_backgrounds\images\train\Tissue_Forceps_Adson_Straight_1x2_Teeth_Mirror_Finish_4.75in_right_side_up_open_013_aug020.jpg","Tissue Forceps Adson Straight 1x2 Teeth Mirror Finish 4.75in right side up","open","13","20.0"
"D:\augmented_data_random_backgrounds\images\train\Tissue_Forceps_Adson_Straight_1x2_Teeth_Mirror_Finish_4.75in_right_side_up_open_013_aug021.jpg","Tissue Forceps Adson Straight 1x2 Teeth Mirror Finish 4.75in right side up","open","13","21.0"
"D:\augmented_data_random_backgrounds\images\train\Tissue_Forceps_Adson_Straight_1x2_Teeth_Mirror_Finish_4.75in_right_side_up_open_013_aug022.jpg","Tissue Forceps Adson Straight 1x2 Teeth Mirror Finish 4.75in right side up","open","13","22.0"
"D:\augmented_data_random_backgrounds\images\train\Tissue_Forceps_Adson_Straight_1x2_Teeth_Mirror_Finish_4.75in_right_side_up_open_013_aug023.jpg","Tissue Forceps Adson Straight 1x2 Teeth Mirror Finish 4.75in right side up","open","13","23.0"
"D:\augmented_data_random_backgrounds\images\train\Tissue_Forceps_Adson_Straight_1x2_Teeth_Mirror_Finish_4.75in_right_side_up_open_013_aug024.jpg","Tissue Forceps Adson Straight 1x2 Teeth Mirror Finish 4.75in right side up","open","13","24.0"
"D:\augmented_data_random_backgrounds\images\train\Tissue_Forceps_Adson_Straight_1x2_Teeth_Mirror_Finish_4.75in_right_side_up_open_014.jpg","Tissue Forceps Adson Straight 1x2 Teeth Mirror Finish 4.75in right side up","open","14",""
"D:\augmented_data_random_backgrounds\images\train\Tissue_Forceps_Adson_Straight_1x2_Teeth_Mirror_Finish_4.75in_right_side_up_open_014_aug000.jpg","Tissue Forceps Adson Straight 1x2 Teeth Mirror Finish 4.75in right side up","open","14","0.0"
"D:\augmented_data_random_backgrounds\images\train\Tissue_Forceps_Adson_Straight_1x2_Teeth_Mirror_Finish_4.75in_right_side_up_open_014_aug001.jpg","Tissue Forceps Adson Straight 1x2 Teeth Mirror Finish 4.75in right side up","open","14","1.0"
"D:\augmented_data_random_backgrounds\images\train\Tissue_Forceps_Adson_Straight_1x2_Teeth_Mirror_Finish_4.75in_right_side_up_open_014_aug002.jpg","Tissue Forceps Adson Straight 1x2 Teeth Mirror Finish 4.75in right side up","open","14","2.0"
"D:\augmented_data_random_backgrounds\images\train\Tissue_Forceps_Adson_Straight_1x2_Teeth_Mirror_Finish_4.75in_right_side_up_open_014_aug003.jpg","Tissue Forceps Adson Straight 1x2 Teeth Mirror Finish 4.75in right side up","open","14","3.0"
"D:\augmented_data_random_backgrounds\images\train\Tissue_Forceps_Adson_Straight_1x2_Teeth_Mirror_Finish_4.75in_right_side_up_open_014_aug004.jpg","Tissue Forceps Adson Straight 1x2 Teeth Mirror Finish 4.75in right side up","open","14","4.0"
"D:\augmented_data_random_backgrounds\images\train\Tissue_Forceps_Adson_Straight_1x2_Teeth_Mirror_Finish_4.75in_right_side_up_open_014_aug005.jpg","Tissue Forceps Adson Straight 1x2 Teeth Mirror Finish 4.75in right side up","open","14","5.0"
"D:\augmented_data_random_backgrounds\images\train\Tissue_Forceps_Adson_Straight_1x2_Teeth_Mirror_Finish_4.75in_right_side_up_open_014_aug006.jpg","Tissue Forceps Adson Straight 1x2 Teeth Mirror Finish 4.75in right side up","open","14","6.0"
"D:\augmented_data_random_backgrounds\images\train\Tissue_Forceps_Adson_Straight_1x2_Teeth_Mirror_Finish_4.75in_right_side_up_open_014_aug007.jpg","Tissue Forceps Adson Straight 1x2 Teeth Mirror Finish 4.75in right side up","open","14","7.0"
"D:\augmented_data_random_backgrounds\images\train\Tissue_Forceps_Adson_Straight_1x2_Teeth_Mirror_Finish_4.75in_right_side_up_open_014_aug008.jpg","Tissue Forceps Adson Straight 1x2 Teeth Mirror Finish 4.75in right side up","open","14","8.0"
"D:\augmented_data_random_backgrounds\images\train\Tissue_Forceps_Adson_Straight_1x2_Teeth_Mirror_Finish_4.75in_right_side_up_open_014_aug009.jpg","Tissue Forceps Adson Straight 1x2 Teeth Mirror Finish 4.75in right side up","open","14","9.0"
"D:\augmented_data_random_backgrounds\images\train\Tissue_Forceps_Adson_Straight_1x2_Teeth_Mirror_Finish_4.75in_right_side_up_open_014_aug010.jpg","Tissue Forceps Adson Straight 1x2 Teeth Mirror Finish 4.75in right side up","open","14","10.0"
"D:\augmented_data_random_backgrounds\images\train\Tissue_Forceps_Adson_Straight_1x2_Teeth_Mirror_Finish_4.75in_right_side_up_open_014_aug011.jpg","Tissue Forceps Adson Straight 1x2 Teeth Mirror Finish 4.75in right side up","open","14","11.0"
"D:\augmented_data_random_backgrounds\images\train\Tissue_Forceps_Adson_Straight_1x2_Teeth_Mirror_Finish_4.75in_right_side_up_open_014_aug012.jpg","Tissue Forceps Adson Straight 1x2 Teeth Mirror Finish 4.75in right side up","open","14","12.0"
"D:\augmented_data_random_backgrounds\images\train\Tissue_Forceps_Adson_Straight_1x2_Teeth_Mirror_Finish_4.75in_right_side_up_open_014_aug013.jpg","Tissue Forceps Adson Straight 1x2 Teeth Mirror Finish 4.75in right side up","open","14","13.0"
"D:\augmented_data_random_backgrounds\images\train\Tissue_Forceps_Adson_Straight_1x2_Teeth_Mirror_Finish_4.75in_right_side_up_open_014_aug014.jpg","Tissue Forceps Adson Straight 1x2 Teeth Mirror Finish 4.75in right side up","open","14","14.0"
"D:\augmented_data_random_backgrounds\images\train\Tissue_Forceps_Adson_Straight_1x2_Teeth_Mirror_Finish_4.75in_right_side_up_open_014_aug015.jpg","Tissue Forceps Adson Straight 1x2 Teeth Mirror Finish 4.75in right side up","open","14","15.0"
"D:\augmented_data_random_backgrounds\images\train\Tissue_Forceps_Adson_Straight_1x2_Teeth_Mirror_Finish_4.75in_right_side_up_open_014_aug016.jpg","Tissue Forceps Adson Straight 1x2 Teeth Mirror Finish 4.75in right side up","open","14","16.0"
"D:\augmented_data_random_backgrounds\images\train\Tissue_Forceps_Adson_Straight_1x2_Teeth_Mirror_Finish_4.75in_right_side_up_open_014_aug017.jpg","Tissue Forceps Adson Straight 1x2 Teeth Mirror Finish 4.75in right side up","open","14","17.0"
"D:\augmented_data_random_backgrounds\images\train\Tissue_Forceps_Adson_Straight_1x2_Teeth_Mirror_Finish_4.75in_right_side_up_open_014_aug018.jpg","Tissue Forceps Adson Straight 1x2 Teeth Mirror Finish 4.75in right side up","open","14","18.0"
"D:\augmented_data_random_backgrounds\images\train\Tissue_Forceps_Adson_Straight_1x2_Teeth_Mirror_Finish_4.75in_right_side_up_open_014_aug019.jpg","Tissue Forceps Adson Straight 1x2 Teeth Mirror Finish 4.75in right side up","open","14","19.0"
"D:\augmented_data_random_backgrounds\images\train\Tissue_Forceps_Adson_Straight_1x2_Teeth_Mirror_Finish_4.75in_right_side_up_open_014_aug020.jpg","Tissue Forceps Adson Straight 1x2 Teeth Mirror Finish 4.75in right side up","open","14","20.0"
"D:\augmented_data_random_backgrounds\images\train\Tissue_Forceps_Adson_Straight_1x2_Teeth_Mirror_Finish_4.75in_right_side_up_open_014_aug021.jpg","Tissue Forceps Adson Straight 1x2 Teeth Mirror Finish 4.75in right side up","open","14","21.0"
"D:\augmented_data_random_backgrounds\images\train\Tissue_Forceps_Adson_Straight_1x2_Teeth_Mirror_Finish_4.75in_right_side_up_open_014_aug022.jpg","Tissue Forceps Adson Straight 1x2 Teeth Mirror Finish 4.75in right side up","open","14","22.0"
"D:\augmented_data_random_backgrounds\images\train\Tissue_Forceps_Adson_Straight_1x2_Teeth_Mirror_Finish_4.75in_right_side_up_open_014_aug023.jpg","Tissue Forceps Adson Straight 1x2 Teeth Mirror Finish 4.75in right side up","open","14","23.0"
"D:\augmented_data_random_backgrounds\images\train\Tissue_Forceps_Adson_Straight_1x2_Teeth_Mirror_Finish_4.75in_right_side_up_open_014_aug024.jpg","Tissue Forceps Adson Straight 1x2 Teeth Mirror Finish 4.75in right side up","open","14","24.0"
"D:\augmented_data_random_backgrounds\images\train\Tissue_Forceps_Adson_Straight_1x2_Teeth_Mirror_Finish_4.75in_right_side_up_open_015.jpg","Tissue Forceps Adson Straight 1x2 Teeth Mirror Finish 4.75in right side up","open","15",""
"D:\augmented_data_random_backgrounds\images\train\Tissue_Forceps_Adson_Straight_1x2_Teeth_Mirror_Finish_4.75in_right_side_up_open_015_aug000.jpg","Tissue Forceps Adson Straight 1x2 Teeth Mirror Finish 4.75in right side up","open","15","0.0"
"D:\augmented_data_random_backgrounds\images\train\Tissue_Forceps_Adson_Straight_1x2_Teeth_Mirror_Finish_4.75in_right_side_up_open_015_aug001.jpg","Tissue Forceps Adson Straight 1x2 Teeth Mirror Finish 4.75in right side up","open","15","1.0"
"D:\augmented_data_random_backgrounds\images\train\Tissue_Forceps_Adson_Straight_1x2_Teeth_Mirror_Finish_4.75in_right_side_up_open_015_aug002.jpg","Tissue Forceps Adson Straight 1x2 Teeth Mirror Finish 4.75in right side up","open","15","2.0"
"D:\augmented_data_random_backgrounds\images\train\Tissue_Forceps_Adson_Straight_1x2_Teeth_Mirror_Finish_4.75in_right_side_up_open_015_aug003.jpg","Tissue Forceps Adson Straight 1x2 Teeth Mirror Finish 4.75in right side up","open","15","3.0"
"D:\augmented_data_random_backgrounds\images\train\Tissue_Forceps_Adson_Straight_1x2_Teeth_Mirror_Finish_4.75in_right_side_up_open_015_aug004.jpg","Tissue Forceps Adson Straight 1x2 Teeth Mirror Finish 4.75in right side up","open","15","4.0"
"D:\augmented_data_random_backgrounds\images\train\Tissue_Forceps_Adson_Straight_1x2_Teeth_Mirror_Finish_4.75in_right_side_up_open_015_aug005.jpg","Tissue Forceps Adson Straight 1x2 Teeth Mirror Finish 4.75in right side up","open","15","5.0"
"D:\augmented_data_random_backgrounds\images\train\Tissue_Forceps_Adson_Straight_1x2_Teeth_Mirror_Finish_4.75in_right_side_up_open_015_aug006.jpg","Tissue Forceps Adson Straight 1x2 Teeth Mirror Finish 4.75in right side up","open","15","6.0"
"D:\augmented_data_random_backgrounds\images\train\Tissue_Forceps_Adson_Straight_1x2_Teeth_Mirror_Finish_4.75in_right_side_up_open_015_aug007.jpg","Tissue Forceps Adson Straight 1x2 Teeth Mirror Finish 4.75in right side up","open","15","7.0"
"D:\augmented_data_random_backgrounds\images\train\Tissue_Forceps_Adson_Straight_1x2_Teeth_Mirror_Finish_4.75in_right_side_up_open_015_aug008.jpg","Tissue Forceps Adson Straight 1x2 Teeth Mirror Finish 4.75in right side up","open","15","8.0"
"D:\augmented_data_random_backgrounds\images\train\Tissue_Forceps_Adson_Straight_1x2_Teeth_Mirror_Finish_4.75in_right_side_up_open_015_aug009.jpg","Tissue Forceps Adson Straight 1x2 Teeth Mirror Finish 4.75in right side up","open","15","9.0"
"D:\augmented_data_random_backgrounds\images\train\Tissue_Forceps_Adson_Straight_1x2_Teeth_Mirror_Finish_4.75in_right_side_up_open_015_aug010.jpg","Tissue Forceps Adson Straight 1x2 Teeth Mirror Finish 4.75in right side up","open","15","10.0"
"D:\augmented_data_random_backgrounds\images\train\Tissue_Forceps_Adson_Straight_1x2_Teeth_Mirror_Finish_4.75in_right_side_up_open_015_aug011.jpg","Tissue Forceps Adson Straight 1x2 Teeth Mirror Finish 4.75in right side up","open","15","11.0"
"D:\augmented_data_random_backgrounds\images\train\Tissue_Forceps_Adson_Straight_1x2_Teeth_Mirror_Finish_4.75in_right_side_up_open_015_aug012.jpg","Tissue Forceps Adson Straight 1x2 Teeth Mirror Finish 4.75in right side up","open","15","12.0"
"D:\augmented_data_random_backgrounds\images\train\Tissue_Forceps_Adson_Straight_1x2_Teeth_Mirror_Finish_4.75in_right_side_up_open_015_aug013.jpg","Tissue Forceps Adson Straight 1x2 Teeth Mirror Finish 4.75in right side up","open","15","13.0"
"D:\augmented_data_random_backgrounds\images\train\Tissue_Forceps_Adson_Straight_1x2_Teeth_Mirror_Finish_4.75in_right_side_up_open_015_aug014.jpg","Tissue Forceps Adson Straight 1x2 Teeth Mirror Finish 4.75in right side up","open","15","14.0"
"D:\augmented_data_random_backgrounds\images\train\Tissue_Forceps_Adson_Straight_1x2_Teeth_Mirror_Finish_4.75in_right_side_up_open_015_aug015.jpg","Tissue Forceps Adson Straight 1x2 Teeth Mirror Finish 4.75in right side up","open","15","15.0"
"D:\augmented_data_random_backgrounds\images\train\Tissue_Forceps_Adson_Straight_1x2_Teeth_Mirror_Finish_4.75in_right_side_up_open_015_aug016.jpg","Tissue Forceps Adson Straight 1x2 Teeth Mirror Finish 4.75in right side up","open","15","16.0"
"D:\augmented_data_random_backgrounds\images\train\Tissue_Forceps_Adson_Straight_1x2_Teeth_Mirror_Finish_4.75in_right_side_up_open_015_aug017.jpg","Tissue Forceps Adson Straight 1x2 Teeth Mirror Finish 4.75in right side up","open","15","17.0"
"D:\augmented_data_random_backgrounds\images\train\Tissue_Forceps_Adson_Straight_1x2_Teeth_Mirror_Finish_4.75in_right_side_up_open_015_aug018.jpg","Tissue Forceps Adson Straight 1x2 Teeth Mirror Finish 4.75in right side up","open","15","18.0"
"D:\augmented_data_random_backgrounds\images\train\Tissue_Forceps_Adson_Straight_1x2_Teeth_Mirror_Finish_4.75in_right_side_up_open_015_aug019.jpg","Tissue Forceps Adson Straight 1x2 Teeth Mirror Finish 4.75in right side up","open","15","19.0"
"D:\augmented_data_random_backgrounds\images\train\Tissue_Forceps_Adson_Straight_1x2_Teeth_Mirror_Finish_4.75in_right_side_up_open_015_aug020.jpg","Tissue Forceps Adson Straight 1x2 Teeth Mirror Finish 4.75in right side up","open","15","20.0"
"D:\augmented_data_random_backgrounds\images\train\Tissue_Forceps_Adson_Straight_1x2_Teeth_Mirror_Finish_4.75in_right_side_up_open_015_aug021.jpg","Tissue Forceps Adson Straight 1x2 Teeth Mirror Finish 4.75in right side up","open","15","21.0"
"D:\augmented_data_random_backgrounds\images\train\Tissue_Forceps_Adson_Straight_1x2_Teeth_Mirror_Finish_4.75in_right_side_up_open_015_aug022.jpg","Tissue Forceps Adson Straight 1x2 Teeth Mirror Finish 4.75in right side up","open","15","22.0"
"D:\augmented_data_random_backgrounds\images\train\Tissue_Forceps_Adson_Straight_1x2_Teeth_Mirror_Finish_4.75in_right_side_up_open_015_aug023.jpg","Tissue Forceps Adson Straight 1x2 Teeth Mirror Finish 4.75in right side up","open","15","23.0"
"D:\augmented_data_random_backgrounds\images\train\Tissue_Forceps_Adson_Straight_1x2_Teeth_Mirror_Finish_4.75in_right_side_up_open_015_aug024.jpg","Tissue Forceps Adson Straight 1x2 Teeth Mirror Finish 4.75in right side up","open","15","24.0"
"D:\augmented_data_random_backgrounds\images\train\Tissue_Forceps_Adson_Straight_1x2_Teeth_Mirror_Finish_4.75in_right_side_up_open_016.jpg","Tissue Forceps Adson Straight 1x2 Teeth Mirror Finish 4.75in right side up","open","16",""
"D:\augmented_data_random_backgrounds\images\train\Tissue_Forceps_Adson_Straight_1x2_Teeth_Mirror_Finish_4.75in_right_side_up_open_016_aug000.jpg","Tissue Forceps Adson Straight 1x2 Teeth Mirror Finish 4.75in right side up","open","16","0.0"
"D:\augmented_data_random_backgrounds\images\train\Tissue_Forceps_Adson_Straight_1x2_Teeth_Mirror_Finish_4.75in_right_side_up_open_016_aug001.jpg","Tissue Forceps Adson Straight 1x2 Teeth Mirror Finish 4.75in right side up","open","16","1.0"
"D:\augmented_data_random_backgrounds\images\train\Tissue_Forceps_Adson_Straight_1x2_Teeth_Mirror_Finish_4.75in_right_side_up_open_016_aug002.jpg","Tissue Forceps Adson Straight 1x2 Teeth Mirror Finish 4.75in right side up","open","16","2.0"
"D:\augmented_data_random_backgrounds\images\train\Tissue_Forceps_Adson_Straight_1x2_Teeth_Mirror_Finish_4.75in_right_side_up_open_016_aug003.jpg","Tissue Forceps Adson Straight 1x2 Teeth Mirror Finish 4.75in right side up","open","16","3.0"
"D:\augmented_data_random_backgrounds\images\train\Tissue_Forceps_Adson_Straight_1x2_Teeth_Mirror_Finish_4.75in_right_side_up_open_016_aug004.jpg","Tissue Forceps Adson Straight 1x2 Teeth Mirror Finish 4.75in right side up","open","16","4.0"
"D:\augmented_data_random_backgrounds\images\train\Tissue_Forceps_Adson_Straight_1x2_Teeth_Mirror_Finish_4.75in_right_side_up_open_016_aug005.jpg","Tissue Forceps Adson Straight 1x2 Teeth Mirror Finish 4.75in right side up","open","16","5.0"
"D:\augmented_data_random_backgrounds\images\train\Tissue_Forceps_Adson_Straight_1x2_Teeth_Mirror_Finish_4.75in_right_side_up_open_016_aug006.jpg","Tissue Forceps Adson Straight 1x2 Teeth Mirror Finish 4.75in right side up","open","16","6.0"
"D:\augmented_data_random_backgrounds\images\train\Tissue_Forceps_Adson_Straight_1x2_Teeth_Mirror_Finish_4.75in_right_side_up_open_016_aug007.jpg","Tissue Forceps Adson Straight 1x2 Teeth Mirror Finish 4.75in right side up","open","16","7.0"
"D:\augmented_data_random_backgrounds\images\train\Tissue_Forceps_Adson_Straight_1x2_Teeth_Mirror_Finish_4.75in_right_side_up_open_016_aug008.jpg","Tissue Forceps Adson Straight 1x2 Teeth Mirror Finish 4.75in right side up","open","16","8.0"
"D:\augmented_data_random_backgrounds\images\train\Tissue_Forceps_Adson_Straight_1x2_Teeth_Mirror_Finish_4.75in_right_side_up_open_016_aug009.jpg","Tissue Forceps Adson Straight 1x2 Teeth Mirror Finish 4.75in right side up","open","16","9.0"
"D:\augmented_data_random_backgrounds\images\train\Tissue_Forceps_Adson_Straight_1x2_Teeth_Mirror_Finish_4.75in_right_side_up_open_016_aug010.jpg","Tissue Forceps Adson Straight 1x2 Teeth Mirror Finish 4.75in right side up","open","16","10.0"
"D:\augmented_data_random_backgrounds\images\train\Tissue_Forceps_Adson_Straight_1x2_Teeth_Mirror_Finish_4.75in_right_side_up_open_016_aug011.jpg","Tissue Forceps Adson Straight 1x2 Teeth Mirror Finish 4.75in right side up","open","16","11.0"
"D:\augmented_data_random_backgrounds\images\train\Tissue_Forceps_Adson_Straight_1x2_Teeth_Mirror_Finish_4.75in_right_side_up_open_016_aug012.jpg","Tissue Forceps Adson Straight 1x2 Teeth Mirror Finish 4.75in right side up","open","16","12.0"
"D:\augmented_data_random_backgrounds\images\train\Tissue_Forceps_Adson_Straight_1x2_Teeth_Mirror_Finish_4.75in_right_side_up_open_016_aug013.jpg","Tissue Forceps Adson Straight 1x2 Teeth Mirror Finish 4.75in right side up","open","16","13.0"
"D:\augmented_data_random_backgrounds\images\train\Tissue_Forceps_Adson_Straight_1x2_Teeth_Mirror_Finish_4.75in_right_side_up_open_016_aug014.jpg","Tissue Forceps Adson Straight 1x2 Teeth Mirror Finish 4.75in right side up","open","16","14.0"
"D:\augmented_data_random_backgrounds\images\train\Tissue_Forceps_Adson_Straight_1x2_Teeth_Mirror_Finish_4.75in_right_side_up_open_016_aug015.jpg","Tissue Forceps Adson Straight 1x2 Teeth Mirror Finish 4.75in right side up","open","16","15.0"
"D:\augmented_data_random_backgrounds\images\train\Tissue_Forceps_Adson_Straight_1x2_Teeth_Mirror_Finish_4.75in_right_side_up_open_016_aug016.jpg","Tissue Forceps Adson Straight 1x2 Teeth Mirror Finish 4.75in right side up","open","16","16.0"
"D:\augmented_data_random_backgrounds\images\train\Tissue_Forceps_Adson_Straight_1x2_Teeth_Mirror_Finish_4.75in_right_side_up_open_016_aug017.jpg","Tissue Forceps Adson Straight 1x2 Teeth Mirror Finish 4.75in right side up","open","16","17.0"
"D:\augmented_data_random_backgrounds\images\train\Tissue_Forceps_Adson_Straight_1x2_Teeth_Mirror_Finish_4.75in_right_side_up_open_016_aug018.jpg","Tissue Forceps Adson Straight 1x2 Teeth Mirror Finish 4.75in right side up","open","16","18.0"
"D:\augmented_data_random_backgrounds\images\train\Tissue_Forceps_Adson_Straight_1x2_Teeth_Mirror_Finish_4.75in_right_side_up_open_016_aug019.jpg","Tissue Forceps Adson Straight 1x2 Teeth Mirror Finish 4.75in right side up","open","16","19.0"
"D:\augmented_data_random_backgrounds\images\train\Tissue_Forceps_Adson_Straight_1x2_Teeth_Mirror_Finish_4.75in_right_side_up_open_016_aug020.jpg","Tissue Forceps Adson Straight 1x2 Teeth Mirror Finish 4.75in right side up","open","16","20.0"
"D:\augmented_data_random_backgrounds\images\train\Tissue_Forceps_Adson_Straight_1x2_Teeth_Mirror_Finish_4.75in_right_side_up_open_016_aug021.jpg","Tissue Forceps Adson Straight 1x2 Teeth Mirror Finish 4.75in right side up","open","16","21.0"
"D:\augmented_data_random_backgrounds\images\train\Tissue_Forceps_Adson_Straight_1x2_Teeth_Mirror_Finish_4.75in_right_side_up_open_016_aug022.jpg","Tissue Forceps Adson Straight 1x2 Teeth Mirror Finish 4.75in right side up","open","16","22.0"
"D:\augmented_data_random_backgrounds\images\train\Tissue_Forceps_Adson_Straight_1x2_Teeth_Mirror_Finish_4.75in_right_side_up_open_016_aug023.jpg","Tissue Forceps Adson Straight 1x2 Teeth Mirror Finish 4.75in right side up","open","16","23.0"
"D:\augmented_data_random_backgrounds\images\train\Tissue_Forceps_Adson_Straight_1x2_Teeth_Mirror_Finish_4.75in_right_side_up_open_016_aug024.jpg","Tissue Forceps Adson Straight 1x2 Teeth Mirror Finish 4.75in right side up","open","16","24.0"
"D:\augmented_data_random_backgrounds\images\train\Tissue_Forceps_Adson_Straight_1x2_Teeth_Mirror_Finish_4.75in_right_side_up_open_017.jpg","Tissue Forceps Adson Straight 1x2 Teeth Mirror Finish 4.75in right side up","open","17",""
"D:\augmented_data_random_backgrounds\images\train\Tissue_Forceps_Adson_Straight_1x2_Teeth_Mirror_Finish_4.75in_right_side_up_open_017_aug000.jpg","Tissue Forceps Adson Straight 1x2 Teeth Mirror Finish 4.75in right side up","open","17","0.0"
"D:\augmented_data_random_backgrounds\images\train\Tissue_Forceps_Adson_Straight_1x2_Teeth_Mirror_Finish_4.75in_right_side_up_open_017_aug001.jpg","Tissue Forceps Adson Straight 1x2 Teeth Mirror Finish 4.75in right side up","open","17","1.0"
"D:\augmented_data_random_backgrounds\images\train\Tissue_Forceps_Adson_Straight_1x2_Teeth_Mirror_Finish_4.75in_right_side_up_open_017_aug002.jpg","Tissue Forceps Adson Straight 1x2 Teeth Mirror Finish 4.75in right side up","open","17","2.0"
"D:\augmented_data_random_backgrounds\images\train\Tissue_Forceps_Adson_Straight_1x2_Teeth_Mirror_Finish_4.75in_right_side_up_open_017_aug003.jpg","Tissue Forceps Adson Straight 1x2 Teeth Mirror Finish 4.75in right side up","open","17","3.0"
"D:\augmented_data_random_backgrounds\images\train\Tissue_Forceps_Adson_Straight_1x2_Teeth_Mirror_Finish_4.75in_right_side_up_open_017_aug004.jpg","Tissue Forceps Adson Straight 1x2 Teeth Mirror Finish 4.75in right side up","open","17","4.0"
"D:\augmented_data_random_backgrounds\images\train\Tissue_Forceps_Adson_Straight_1x2_Teeth_Mirror_Finish_4.75in_right_side_up_open_017_aug005.jpg","Tissue Forceps Adson Straight 1x2 Teeth Mirror Finish 4.75in right side up","open","17","5.0"
"D:\augmented_data_random_backgrounds\images\train\Tissue_Forceps_Adson_Straight_1x2_Teeth_Mirror_Finish_4.75in_right_side_up_open_017_aug006.jpg","Tissue Forceps Adson Straight 1x2 Teeth Mirror Finish 4.75in right side up","open","17","6.0"
"D:\augmented_data_random_backgrounds\images\train\Tissue_Forceps_Adson_Straight_1x2_Teeth_Mirror_Finish_4.75in_right_side_up_open_017_aug007.jpg","Tissue Forceps Adson Straight 1x2 Teeth Mirror Finish 4.75in right side up","open","17","7.0"
"D:\augmented_data_random_backgrounds\images\train\Tissue_Forceps_Adson_Straight_1x2_Teeth_Mirror_Finish_4.75in_right_side_up_open_017_aug008.jpg","Tissue Forceps Adson Straight 1x2 Teeth Mirror Finish 4.75in right side up","open","17","8.0"
"D:\augmented_data_random_backgrounds\images\train\Tissue_Forceps_Adson_Straight_1x2_Teeth_Mirror_Finish_4.75in_right_side_up_open_017_aug009.jpg","Tissue Forceps Adson Straight 1x2 Teeth Mirror Finish 4.75in right side up","open","17","9.0"
"D:\augmented_data_random_backgrounds\images\train\Tissue_Forceps_Adson_Straight_1x2_Teeth_Mirror_Finish_4.75in_right_side_up_open_017_aug010.jpg","Tissue Forceps Adson Straight 1x2 Teeth Mirror Finish 4.75in right side up","open","17","10.0"
"D:\augmented_data_random_backgrounds\images\train\Tissue_Forceps_Adson_Straight_1x2_Teeth_Mirror_Finish_4.75in_right_side_up_open_017_aug011.jpg","Tissue Forceps Adson Straight 1x2 Teeth Mirror Finish 4.75in right side up","open","17","11.0"
"D:\augmented_data_random_backgrounds\images\train\Tissue_Forceps_Adson_Straight_1x2_Teeth_Mirror_Finish_4.75in_right_side_up_open_017_aug012.jpg","Tissue Forceps Adson Straight 1x2 Teeth Mirror Finish 4.75in right side up","open","17","12.0"
"D:\augmented_data_random_backgrounds\images\train\Tissue_Forceps_Adson_Straight_1x2_Teeth_Mirror_Finish_4.75in_right_side_up_open_017_aug013.jpg","Tissue Forceps Adson Straight 1x2 Teeth Mirror Finish 4.75in right side up","open","17","13.0"
"D:\augmented_data_random_backgrounds\images\train\Tissue_Forceps_Adson_Straight_1x2_Teeth_Mirror_Finish_4.75in_right_side_up_open_017_aug014.jpg","Tissue Forceps Adson Straight 1x2 Teeth Mirror Finish 4.75in right side up","open","17","14.0"
"D:\augmented_data_random_backgrounds\images\train\Tissue_Forceps_Adson_Straight_1x2_Teeth_Mirror_Finish_4.75in_right_side_up_open_017_aug015.jpg","Tissue Forceps Adson Straight 1x2 Teeth Mirror Finish 4.75in right side up","open","17","15.0"
"D:\augmented_data_random_backgrounds\images\train\Tissue_Forceps_Adson_Straight_1x2_Teeth_Mirror_Finish_4.75in_right_side_up_open_017_aug016.jpg","Tissue Forceps Adson Straight 1x2 Teeth Mirror Finish 4.75in right side up","open","17","16.0"
"D:\augmented_data_random_backgrounds\images\train\Tissue_Forceps_Adson_Straight_1x2_Teeth_Mirror_Finish_4.75in_right_side_up_open_017_aug017.jpg","Tissue Forceps Adson Straight 1x2 Teeth Mirror Finish 4.75in right side up","open","17","17.0"
"D:\augmented_data_random_backgrounds\images\train\Tissue_Forceps_Adson_Straight_1x2_Teeth_Mirror_Finish_4.75in_right_side_up_open_017_aug018.jpg","Tissue Forceps Adson Straight 1x2 Teeth Mirror Finish 4.75in right side up","open","17","18.0"
"D:\augmented_data_random_backgrounds\images\train\Tissue_Forceps_Adson_Straight_1x2_Teeth_Mirror_Finish_4.75in_right_side_up_open_017_aug019.jpg","Tissue Forceps Adson Straight 1x2 Teeth Mirror Finish 4.75in right side up","open","17","19.0"
"D:\augmented_data_random_backgrounds\images\train\Tissue_Forceps_Adson_Straight_1x2_Teeth_Mirror_Finish_4.75in_right_side_up_open_017_aug020.jpg","Tissue Forceps Adson Straight 1x2 Teeth Mirror Finish 4.75in right side up","open","17","20.0"
"D:\augmented_data_random_backgrounds\images\train\Tissue_Forceps_Adson_Straight_1x2_Teeth_Mirror_Finish_4.75in_right_side_up_open_017_aug021.jpg","Tissue Forceps Adson Straight 1x2 Teeth Mirror Finish 4.75in right side up","open","17","21.0"
"D:\augmented_data_random_backgrounds\images\train\Tissue_Forceps_Adson_Straight_1x2_Teeth_Mirror_Finish_4.75in_right_side_up_open_017_aug022.jpg","Tissue Forceps Adson Straight 1x2 Teeth Mirror Finish 4.75in right side up","open","17","22.0"
"D:\augmented_data_random_backgrounds\images\train\Tissue_Forceps_Adson_Straight_1x2_Teeth_Mirror_Finish_4.75in_right_side_up_open_017_aug023.jpg","Tissue Forceps Adson Straight 1x2 Teeth Mirror Finish 4.75in right side up","open","17","23.0"
"D:\augmented_data_random_backgrounds\images\train\Tissue_Forceps_Adson_Straight_1x2_Teeth_Mirror_Finish_4.75in_right_side_up_open_017_aug024.jpg","Tissue Forceps Adson Straight 1x2 Teeth Mirror Finish 4.75in right side up","open","17","24.0"
"D:\augmented_data_random_backgrounds\images\train\Tissue_Forceps_Adson_Straight_1x2_Teeth_Mirror_Finish_4.75in_right_side_up_open_018.jpg","Tissue Forceps Adson Straight 1x2 Teeth Mirror Finish 4.75in right side up","open","18",""
"D:\augmented_data_random_backgrounds\images\train\Tissue_Forceps_Adson_Straight_1x2_Teeth_Mirror_Finish_4.75in_right_side_up_open_018_aug000.jpg","Tissue Forceps Adson Straight 1x2 Teeth Mirror Finish 4.75in right side up","open","18","0.0"
"D:\augmented_data_random_backgrounds\images\train\Tissue_Forceps_Adson_Straight_1x2_Teeth_Mirror_Finish_4.75in_right_side_up_open_018_aug001.jpg","Tissue Forceps Adson Straight 1x2 Teeth Mirror Finish 4.75in right side up","open","18","1.0"
"D:\augmented_data_random_backgrounds\images\train\Tissue_Forceps_Adson_Straight_1x2_Teeth_Mirror_Finish_4.75in_right_side_up_open_018_aug002.jpg","Tissue Forceps Adson Straight 1x2 Teeth Mirror Finish 4.75in right side up","open","18","2.0"
"D:\augmented_data_random_backgrounds\images\train\Tissue_Forceps_Adson_Straight_1x2_Teeth_Mirror_Finish_4.75in_right_side_up_open_018_aug003.jpg","Tissue Forceps Adson Straight 1x2 Teeth Mirror Finish 4.75in right side up","open","18","3.0"
"D:\augmented_data_random_backgrounds\images\train\Tissue_Forceps_Adson_Straight_1x2_Teeth_Mirror_Finish_4.75in_right_side_up_open_018_aug004.jpg","Tissue Forceps Adson Straight 1x2 Teeth Mirror Finish 4.75in right side up","open","18","4.0"
"D:\augmented_data_random_backgrounds\images\train\Tissue_Forceps_Adson_Straight_1x2_Teeth_Mirror_Finish_4.75in_right_side_up_open_018_aug005.jpg","Tissue Forceps Adson Straight 1x2 Teeth Mirror Finish 4.75in right side up","open","18","5.0"
"D:\augmented_data_random_backgrounds\images\train\Tissue_Forceps_Adson_Straight_1x2_Teeth_Mirror_Finish_4.75in_right_side_up_open_018_aug006.jpg","Tissue Forceps Adson Straight 1x2 Teeth Mirror Finish 4.75in right side up","open","18","6.0"
"D:\augmented_data_random_backgrounds\images\train\Tissue_Forceps_Adson_Straight_1x2_Teeth_Mirror_Finish_4.75in_right_side_up_open_018_aug007.jpg","Tissue Forceps Adson Straight 1x2 Teeth Mirror Finish 4.75in right side up","open","18","7.0"
"D:\augmented_data_random_backgrounds\images\train\Tissue_Forceps_Adson_Straight_1x2_Teeth_Mirror_Finish_4.75in_right_side_up_open_018_aug008.jpg","Tissue Forceps Adson Straight 1x2 Teeth Mirror Finish 4.75in right side up","open","18","8.0"
"D:\augmented_data_random_backgrounds\images\train\Tissue_Forceps_Adson_Straight_1x2_Teeth_Mirror_Finish_4.75in_right_side_up_open_018_aug009.jpg","Tissue Forceps Adson Straight 1x2 Teeth Mirror Finish 4.75in right side up","open","18","9.0"
"D:\augmented_data_random_backgrounds\images\train\Tissue_Forceps_Adson_Straight_1x2_Teeth_Mirror_Finish_4.75in_right_side_up_open_018_aug010.jpg","Tissue Forceps Adson Straight 1x2 Teeth Mirror Finish 4.75in right side up","open","18","10.0"
"D:\augmented_data_random_backgrounds\images\train\Tissue_Forceps_Adson_Straight_1x2_Teeth_Mirror_Finish_4.75in_right_side_up_open_018_aug011.jpg","Tissue Forceps Adson Straight 1x2 Teeth Mirror Finish 4.75in right side up","open","18","11.0"
"D:\augmented_data_random_backgrounds\images\train\Tissue_Forceps_Adson_Straight_1x2_Teeth_Mirror_Finish_4.75in_right_side_up_open_018_aug012.jpg","Tissue Forceps Adson Straight 1x2 Teeth Mirror Finish 4.75in right side up","open","18","12.0"
"D:\augmented_data_random_backgrounds\images\train\Tissue_Forceps_Adson_Straight_1x2_Teeth_Mirror_Finish_4.75in_right_side_up_open_018_aug013.jpg","Tissue Forceps Adson Straight 1x2 Teeth Mirror Finish 4.75in right side up","open","18","13.0"
"D:\augmented_data_random_backgrounds\images\train\Tissue_Forceps_Adson_Straight_1x2_Teeth_Mirror_Finish_4.75in_right_side_up_open_018_aug014.jpg","Tissue Forceps Adson Straight 1x2 Teeth Mirror Finish 4.75in right side up","open","18","14.0"
"D:\augmented_data_random_backgrounds\images\train\Tissue_Forceps_Adson_Straight_1x2_Teeth_Mirror_Finish_4.75in_right_side_up_open_018_aug015.jpg","Tissue Forceps Adson Straight 1x2 Teeth Mirror Finish 4.75in right side up","open","18","15.0"
"D:\augmented_data_random_backgrounds\images\train\Tissue_Forceps_Adson_Straight_1x2_Teeth_Mirror_Finish_4.75in_right_side_up_open_018_aug016.jpg","Tissue Forceps Adson Straight 1x2 Teeth Mirror Finish 4.75in right side up","open","18","16.0"
"D:\augmented_data_random_backgrounds\images\train\Tissue_Forceps_Adson_Straight_1x2_Teeth_Mirror_Finish_4.75in_right_side_up_open_018_aug017.jpg","Tissue Forceps Adson Straight 1x2 Teeth Mirror Finish 4.75in right side up","open","18","17.0"
"D:\augmented_data_random_backgrounds\images\train\Tissue_Forceps_Adson_Straight_1x2_Teeth_Mirror_Finish_4.75in_right_side_up_open_018_aug018.jpg","Tissue Forceps Adson Straight 1x2 Teeth Mirror Finish 4.75in right side up","open","18","18.0"
"D:\augmented_data_random_backgrounds\images\train\Tissue_Forceps_Adson_Straight_1x2_Teeth_Mirror_Finish_4.75in_right_side_up_open_018_aug019.jpg","Tissue Forceps Adson Straight 1x2 Teeth Mirror Finish 4.75in right side up","open","18","19.0"
"D:\augmented_data_random_backgrounds\images\train\Tissue_Forceps_Adson_Straight_1x2_Teeth_Mirror_Finish_4.75in_right_side_up_open_018_aug020.jpg","Tissue Forceps Adson Straight 1x2 Teeth Mirror Finish 4.75in right side up","open","18","20.0"
"D:\augmented_data_random_backgrounds\images\train\Tissue_Forceps_Adson_Straight_1x2_Teeth_Mirror_Finish_4.75in_right_side_up_open_018_aug021.jpg","Tissue Forceps Adson Straight 1x2 Teeth Mirror Finish 4.75in right side up","open","18","21.0"
"D:\augmented_data_random_backgrounds\images\train\Tissue_Forceps_Adson_Straight_1x2_Teeth_Mirror_Finish_4.75in_right_side_up_open_018_aug022.jpg","Tissue Forceps Adson Straight 1x2 Teeth Mirror Finish 4.75in right side up","open","18","22.0"
"D:\augmented_data_random_backgrounds\images\train\Tissue_Forceps_Adson_Straight_1x2_Teeth_Mirror_Finish_4.75in_right_side_up_open_018_aug023.jpg","Tissue Forceps Adson Straight 1x2 Teeth Mirror Finish 4.75in right side up","open","18","23.0"
"D:\augmented_data_random_backgrounds\images\train\Tissue_Forceps_Adson_Straight_1x2_Teeth_Mirror_Finish_4.75in_right_side_up_open_018_aug024.jpg","Tissue Forceps Adson Straight 1x2 Teeth Mirror Finish 4.75in right side up","open","18","24.0"
"D:\augmented_data_random_backgrounds\images\train\Tissue_Forceps_Adson_Straight_1x2_Teeth_Mirror_Finish_4.75in_right_side_up_open_019.jpg","Tissue Forceps Adson Straight 1x2 Teeth Mirror Finish 4.75in right side up","open","19",""
"D:\augmented_data_random_backgrounds\images\train\Tissue_Forceps_Adson_Straight_1x2_Teeth_Mirror_Finish_4.75in_right_side_up_open_019_aug000.jpg","Tissue Forceps Adson Straight 1x2 Teeth Mirror Finish 4.75in right side up","open","19","0.0"
"D:\augmented_data_random_backgrounds\images\train\Tissue_Forceps_Adson_Straight_1x2_Teeth_Mirror_Finish_4.75in_right_side_up_open_019_aug001.jpg","Tissue Forceps Adson Straight 1x2 Teeth Mirror Finish 4.75in right side up","open","19","1.0"
"D:\augmented_data_random_backgrounds\images\train\Tissue_Forceps_Adson_Straight_1x2_Teeth_Mirror_Finish_4.75in_right_side_up_open_019_aug002.jpg","Tissue Forceps Adson Straight 1x2 Teeth Mirror Finish 4.75in right side up","open","19","2.0"
"D:\augmented_data_random_backgrounds\images\train\Tissue_Forceps_Adson_Straight_1x2_Teeth_Mirror_Finish_4.75in_right_side_up_open_019_aug003.jpg","Tissue Forceps Adson Straight 1x2 Teeth Mirror Finish 4.75in right side up","open","19","3.0"
"D:\augmented_data_random_backgrounds\images\train\Tissue_Forceps_Adson_Straight_1x2_Teeth_Mirror_Finish_4.75in_right_side_up_open_019_aug004.jpg","Tissue Forceps Adson Straight 1x2 Teeth Mirror Finish 4.75in right side up","open","19","4.0"
"D:\augmented_data_random_backgrounds\images\train\Tissue_Forceps_Adson_Straight_1x2_Teeth_Mirror_Finish_4.75in_right_side_up_open_019_aug005.jpg","Tissue Forceps Adson Straight 1x2 Teeth Mirror Finish 4.75in right side up","open","19","5.0"
"D:\augmented_data_random_backgrounds\images\train\Tissue_Forceps_Adson_Straight_1x2_Teeth_Mirror_Finish_4.75in_right_side_up_open_019_aug006.jpg","Tissue Forceps Adson Straight 1x2 Teeth Mirror Finish 4.75in right side up","open","19","6.0"
"D:\augmented_data_random_backgrounds\images\train\Tissue_Forceps_Adson_Straight_1x2_Teeth_Mirror_Finish_4.75in_right_side_up_open_019_aug007.jpg","Tissue Forceps Adson Straight 1x2 Teeth Mirror Finish 4.75in right side up","open","19","7.0"
"D:\augmented_data_random_backgrounds\images\train\Tissue_Forceps_Adson_Straight_1x2_Teeth_Mirror_Finish_4.75in_right_side_up_open_019_aug008.jpg","Tissue Forceps Adson Straight 1x2 Teeth Mirror Finish 4.75in right side up","open","19","8.0"
"D:\augmented_data_random_backgrounds\images\train\Tissue_Forceps_Adson_Straight_1x2_Teeth_Mirror_Finish_4.75in_right_side_up_open_019_aug009.jpg","Tissue Forceps Adson Straight 1x2 Teeth Mirror Finish 4.75in right side up","open","19","9.0"
"D:\augmented_data_random_backgrounds\images\train\Tissue_Forceps_Adson_Straight_1x2_Teeth_Mirror_Finish_4.75in_right_side_up_open_019_aug010.jpg","Tissue Forceps Adson Straight 1x2 Teeth Mirror Finish 4.75in right side up","open","19","10.0"
"D:\augmented_data_random_backgrounds\images\train\Tissue_Forceps_Adson_Straight_1x2_Teeth_Mirror_Finish_4.75in_right_side_up_open_019_aug011.jpg","Tissue Forceps Adson Straight 1x2 Teeth Mirror Finish 4.75in right side up","open","19","11.0"
"D:\augmented_data_random_backgrounds\images\train\Tissue_Forceps_Adson_Straight_1x2_Teeth_Mirror_Finish_4.75in_right_side_up_open_019_aug012.jpg","Tissue Forceps Adson Straight 1x2 Teeth Mirror Finish 4.75in right side up","open","19","12.0"
"D:\augmented_data_random_backgrounds\images\train\Tissue_Forceps_Adson_Straight_1x2_Teeth_Mirror_Finish_4.75in_right_side_up_open_019_aug013.jpg","Tissue Forceps Adson Straight 1x2 Teeth Mirror Finish 4.75in right side up","open","19","13.0"
"D:\augmented_data_random_backgrounds\images\train\Tissue_Forceps_Adson_Straight_1x2_Teeth_Mirror_Finish_4.75in_right_side_up_open_019_aug014.jpg","Tissue Forceps Adson Straight 1x2 Teeth Mirror Finish 4.75in right side up","open","19","14.0"
"D:\augmented_data_random_backgrounds\images\train\Tissue_Forceps_Adson_Straight_1x2_Teeth_Mirror_Finish_4.75in_right_side_up_open_019_aug015.jpg","Tissue Forceps Adson Straight 1x2 Teeth Mirror Finish 4.75in right side up","open","19","15.0"
"D:\augmented_data_random_backgrounds\images\train\Tissue_Forceps_Adson_Straight_1x2_Teeth_Mirror_Finish_4.75in_right_side_up_open_019_aug016.jpg","Tissue Forceps Adson Straight 1x2 Teeth Mirror Finish 4.75in right side up","open","19","16.0"
"D:\augmented_data_random_backgrounds\images\train\Tissue_Forceps_Adson_Straight_1x2_Teeth_Mirror_Finish_4.75in_right_side_up_open_019_aug017.jpg","Tissue Forceps Adson Straight 1x2 Teeth Mirror Finish 4.75in right side up","open","19","17.0"
"D:\augmented_data_random_backgrounds\images\train\Tissue_Forceps_Adson_Straight_1x2_Teeth_Mirror_Finish_4.75in_right_side_up_open_019_aug018.jpg","Tissue Forceps Adson Straight 1x2 Teeth Mirror Finish 4.75in right side up","open","19","18.0"
"D:\augmented_data_random_backgrounds\images\train\Tissue_Forceps_Adson_Straight_1x2_Teeth_Mirror_Finish_4.75in_right_side_up_open_019_aug019.jpg","Tissue Forceps Adson Straight 1x2 Teeth Mirror Finish 4.75in right side up","open","19","19.0"
"D:\augmented_data_random_backgrounds\images\train\Tissue_Forceps_Adson_Straight_1x2_Teeth_Mirror_Finish_4.75in_right_side_up_open_019_aug020.jpg","Tissue Forceps Adson Straight 1x2 Teeth Mirror Finish 4.75in right side up","open","19","20.0"
"D:\augmented_data_random_backgrounds\images\train\Tissue_Forceps_Adson_Straight_1x2_Teeth_Mirror_Finish_4.75in_right_side_up_open_019_aug021.jpg","Tissue Forceps Adson Straight 1x2 Teeth Mirror Finish 4.75in right side up","open","19","21.0"
"D:\augmented_data_random_backgrounds\images\train\Tissue_Forceps_Adson_Straight_1x2_Teeth_Mirror_Finish_4.75in_right_side_up_open_019_aug022.jpg","Tissue Forceps Adson Straight 1x2 Teeth Mirror Finish 4.75in right side up","open","19","22.0"
"D:\augmented_data_random_backgrounds\images\train\Tissue_Forceps_Adson_Straight_1x2_Teeth_Mirror_Finish_4.75in_right_side_up_open_019_aug023.jpg","Tissue Forceps Adson Straight 1x2 Teeth Mirror Finish 4.75in right side up","open","19","23.0"
"D:\augmented_data_random_backgrounds\images\train\Tissue_Forceps_Adson_Straight_1x2_Teeth_Mirror_Finish_4.75in_right_side_up_open_019_aug024.jpg","Tissue Forceps Adson Straight 1x2 Teeth Mirror Finish 4.75in right side up","open","19","24.0"
"D:\augmented_data_random_backgrounds\images\train\Tissue_Forceps_Adson_Straight_1x2_Teeth_Mirror_Finish_4.75in_right_side_up_open_020.jpg","Tissue Forceps Adson Straight 1x2 Teeth Mirror Finish 4.75in right side up","open","20",""
"D:\augmented_data_random_backgrounds\images\train\Tissue_Forceps_Adson_Straight_1x2_Teeth_Mirror_Finish_4.75in_right_side_up_open_020_aug000.jpg","Tissue Forceps Adson Straight 1x2 Teeth Mirror Finish 4.75in right side up","open","20","0.0"
"D:\augmented_data_random_backgrounds\images\train\Tissue_Forceps_Adson_Straight_1x2_Teeth_Mirror_Finish_4.75in_right_side_up_open_020_aug001.jpg","Tissue Forceps Adson Straight 1x2 Teeth Mirror Finish 4.75in right side up","open","20","1.0"
"D:\augmented_data_random_backgrounds\images\train\Tissue_Forceps_Adson_Straight_1x2_Teeth_Mirror_Finish_4.75in_right_side_up_open_020_aug002.jpg","Tissue Forceps Adson Straight 1x2 Teeth Mirror Finish 4.75in right side up","open","20","2.0"
"D:\augmented_data_random_backgrounds\images\train\Tissue_Forceps_Adson_Straight_1x2_Teeth_Mirror_Finish_4.75in_right_side_up_open_020_aug003.jpg","Tissue Forceps Adson Straight 1x2 Teeth Mirror Finish 4.75in right side up","open","20","3.0"
"D:\augmented_data_random_backgrounds\images\train\Tissue_Forceps_Adson_Straight_1x2_Teeth_Mirror_Finish_4.75in_right_side_up_open_020_aug004.jpg","Tissue Forceps Adson Straight 1x2 Teeth Mirror Finish 4.75in right side up","open","20","4.0"
"D:\augmented_data_random_backgrounds\images\train\Tissue_Forceps_Adson_Straight_1x2_Teeth_Mirror_Finish_4.75in_right_side_up_open_020_aug005.jpg","Tissue Forceps Adson Straight 1x2 Teeth Mirror Finish 4.75in right side up","open","20","5.0"
"D:\augmented_data_random_backgrounds\images\train\Tissue_Forceps_Adson_Straight_1x2_Teeth_Mirror_Finish_4.75in_right_side_up_open_020_aug006.jpg","Tissue Forceps Adson Straight 1x2 Teeth Mirror Finish 4.75in right side up","open","20","6.0"
"D:\augmented_data_random_backgrounds\images\train\Tissue_Forceps_Adson_Straight_1x2_Teeth_Mirror_Finish_4.75in_right_side_up_open_020_aug007.jpg","Tissue Forceps Adson Straight 1x2 Teeth Mirror Finish 4.75in right side up","open","20","7.0"
"D:\augmented_data_random_backgrounds\images\train\Tissue_Forceps_Adson_Straight_1x2_Teeth_Mirror_Finish_4.75in_right_side_up_open_020_aug008.jpg","Tissue Forceps Adson Straight 1x2 Teeth Mirror Finish 4.75in right side up","open","20","8.0"
"D:\augmented_data_random_backgrounds\images\train\Tissue_Forceps_Adson_Straight_1x2_Teeth_Mirror_Finish_4.75in_right_side_up_open_020_aug009.jpg","Tissue Forceps Adson Straight 1x2 Teeth Mirror Finish 4.75in right side up","open","20","9.0"
"D:\augmented_data_random_backgrounds\images\train\Tissue_Forceps_Adson_Straight_1x2_Teeth_Mirror_Finish_4.75in_right_side_up_open_020_aug010.jpg","Tissue Forceps Adson Straight 1x2 Teeth Mirror Finish 4.75in right side up","open","20","10.0"
"D:\augmented_data_random_backgrounds\images\train\Tissue_Forceps_Adson_Straight_1x2_Teeth_Mirror_Finish_4.75in_right_side_up_open_020_aug011.jpg","Tissue Forceps Adson Straight 1x2 Teeth Mirror Finish 4.75in right side up","open","20","11.0"
"D:\augmented_data_random_backgrounds\images\train\Tissue_Forceps_Adson_Straight_1x2_Teeth_Mirror_Finish_4.75in_right_side_up_open_020_aug012.jpg","Tissue Forceps Adson Straight 1x2 Teeth Mirror Finish 4.75in right side up","open","20","12.0"
"D:\augmented_data_random_backgrounds\images\train\Tissue_Forceps_Adson_Straight_1x2_Teeth_Mirror_Finish_4.75in_right_side_up_open_020_aug013.jpg","Tissue Forceps Adson Straight 1x2 Teeth Mirror Finish 4.75in right side up","open","20","13.0"
"D:\augmented_data_random_backgrounds\images\train\Tissue_Forceps_Adson_Straight_1x2_Teeth_Mirror_Finish_4.75in_right_side_up_open_020_aug014.jpg","Tissue Forceps Adson Straight 1x2 Teeth Mirror Finish 4.75in right side up","open","20","14.0"
"D:\augmented_data_random_backgrounds\images\train\Tissue_Forceps_Adson_Straight_1x2_Teeth_Mirror_Finish_4.75in_right_side_up_open_020_aug015.jpg","Tissue Forceps Adson Straight 1x2 Teeth Mirror Finish 4.75in right side up","open","20","15.0"
"D:\augmented_data_random_backgrounds\images\train\Tissue_Forceps_Adson_Straight_1x2_Teeth_Mirror_Finish_4.75in_right_side_up_open_020_aug016.jpg","Tissue Forceps Adson Straight 1x2 Teeth Mirror Finish 4.75in right side up","open","20","16.0"
"D:\augmented_data_random_backgrounds\images\train\Tissue_Forceps_Adson_Straight_1x2_Teeth_Mirror_Finish_4.75in_right_side_up_open_020_aug017.jpg","Tissue Forceps Adson Straight 1x2 Teeth Mirror Finish 4.75in right side up","open","20","17.0"
"D:\augmented_data_random_backgrounds\images\train\Tissue_Forceps_Adson_Straight_1x2_Teeth_Mirror_Finish_4.75in_right_side_up_open_020_aug018.jpg","Tissue Forceps Adson Straight 1x2 Teeth Mirror Finish 4.75in right side up","open","20","18.0"
"D:\augmented_data_random_backgrounds\images\train\Tissue_Forceps_Adson_Straight_1x2_Teeth_Mirror_Finish_4.75in_right_side_up_open_020_aug019.jpg","Tissue Forceps Adson Straight 1x2 Teeth Mirror Finish 4.75in right side up","open","20","19.0"
"D:\augmented_data_random_backgrounds\images\train\Tissue_Forceps_Adson_Straight_1x2_Teeth_Mirror_Finish_4.75in_right_side_up_open_020_aug020.jpg","Tissue Forceps Adson Straight 1x2 Teeth Mirror Finish 4.75in right side up","open","20","20.0"
"D:\augmented_data_random_backgrounds\images\train\Tissue_Forceps_Adson_Straight_1x2_Teeth_Mirror_Finish_4.75in_right_side_up_open_020_aug021.jpg","Tissue Forceps Adson Straight 1x2 Teeth Mirror Finish 4.75in right side up","open","20","21.0"
"D:\augmented_data_random_backgrounds\images\train\Tissue_Forceps_Adson_Straight_1x2_Teeth_Mirror_Finish_4.75in_right_side_up_open_020_aug022.jpg","Tissue Forceps Adson Straight 1x2 Teeth Mirror Finish 4.75in right side up","open","20","22.0"
"D:\augmented_data_random_backgrounds\images\train\Tissue_Forceps_Adson_Straight_1x2_Teeth_Mirror_Finish_4.75in_right_side_up_open_020_aug023.jpg","Tissue Forceps Adson Straight 1x2 Teeth Mirror Finish 4.75in right side up","open","20","23.0"
"D:\augmented_data_random_backgrounds\images\train\Tissue_Forceps_Adson_Straight_1x2_Teeth_Mirror_Finish_4.75in_right_side_up_open_020_aug024.jpg","Tissue Forceps Adson Straight 1x2 Teeth Mirror Finish 4.75in right side up","open","20","24.0"
"D:\augmented_data_random_backgrounds\images\train\Tissue_Forceps_Adson_Straight_1x2_Teeth_Mirror_Finish_4.75in_right_side_up_open_021.jpg","Tissue Forceps Adson Straight 1x2 Teeth Mirror Finish 4.75in right side up","open","21",""
"D:\augmented_data_random_backgrounds\images\train\Tissue_Forceps_Adson_Straight_1x2_Teeth_Mirror_Finish_4.75in_right_side_up_open_021_aug000.jpg","Tissue Forceps Adson Straight 1x2 Teeth Mirror Finish 4.75in right side up","open","21","0.0"
"D:\augmented_data_random_backgrounds\images\train\Tissue_Forceps_Adson_Straight_1x2_Teeth_Mirror_Finish_4.75in_right_side_up_open_021_aug001.jpg","Tissue Forceps Adson Straight 1x2 Teeth Mirror Finish 4.75in right side up","open","21","1.0"
"D:\augmented_data_random_backgrounds\images\train\Tissue_Forceps_Adson_Straight_1x2_Teeth_Mirror_Finish_4.75in_right_side_up_open_021_aug002.jpg","Tissue Forceps Adson Straight 1x2 Teeth Mirror Finish 4.75in right side up","open","21","2.0"
"D:\augmented_data_random_backgrounds\images\train\Tissue_Forceps_Adson_Straight_1x2_Teeth_Mirror_Finish_4.75in_right_side_up_open_021_aug003.jpg","Tissue Forceps Adson Straight 1x2 Teeth Mirror Finish 4.75in right side up","open","21","3.0"
"D:\augmented_data_random_backgrounds\images\train\Tissue_Forceps_Adson_Straight_1x2_Teeth_Mirror_Finish_4.75in_right_side_up_open_021_aug004.jpg","Tissue Forceps Adson Straight 1x2 Teeth Mirror Finish 4.75in right side up","open","21","4.0"
"D:\augmented_data_random_backgrounds\images\train\Tissue_Forceps_Adson_Straight_1x2_Teeth_Mirror_Finish_4.75in_right_side_up_open_021_aug005.jpg","Tissue Forceps Adson Straight 1x2 Teeth Mirror Finish 4.75in right side up","open","21","5.0"
"D:\augmented_data_random_backgrounds\images\train\Tissue_Forceps_Adson_Straight_1x2_Teeth_Mirror_Finish_4.75in_right_side_up_open_021_aug006.jpg","Tissue Forceps Adson Straight 1x2 Teeth Mirror Finish 4.75in right side up","open","21","6.0"
"D:\augmented_data_random_backgrounds\images\train\Tissue_Forceps_Adson_Straight_1x2_Teeth_Mirror_Finish_4.75in_right_side_up_open_021_aug007.jpg","Tissue Forceps Adson Straight 1x2 Teeth Mirror Finish 4.75in right side up","open","21","7.0"
"D:\augmented_data_random_backgrounds\images\train\Tissue_Forceps_Adson_Straight_1x2_Teeth_Mirror_Finish_4.75in_right_side_up_open_021_aug008.jpg","Tissue Forceps Adson Straight 1x2 Teeth Mirror Finish 4.75in right side up","open","21","8.0"
"D:\augmented_data_random_backgrounds\images\train\Tissue_Forceps_Adson_Straight_1x2_Teeth_Mirror_Finish_4.75in_right_side_up_open_021_aug009.jpg","Tissue Forceps Adson Straight 1x2 Teeth Mirror Finish 4.75in right side up","open","21","9.0"
"D:\augmented_data_random_backgrounds\images\train\Tissue_Forceps_Adson_Straight_1x2_Teeth_Mirror_Finish_4.75in_right_side_up_open_021_aug010.jpg","Tissue Forceps Adson Straight 1x2 Teeth Mirror Finish 4.75in right side up","open","21","10.0"
"D:\augmented_data_random_backgrounds\images\train\Tissue_Forceps_Adson_Straight_1x2_Teeth_Mirror_Finish_4.75in_right_side_up_open_021_aug011.jpg","Tissue Forceps Adson Straight 1x2 Teeth Mirror Finish 4.75in right side up","open","21","11.0"
"D:\augmented_data_random_backgrounds\images\train\Tissue_Forceps_Adson_Straight_1x2_Teeth_Mirror_Finish_4.75in_right_side_up_open_021_aug012.jpg","Tissue Forceps Adson Straight 1x2 Teeth Mirror Finish 4.75in right side up","open","21","12.0"
"D:\augmented_data_random_backgrounds\images\train\Tissue_Forceps_Adson_Straight_1x2_Teeth_Mirror_Finish_4.75in_right_side_up_open_021_aug013.jpg","Tissue Forceps Adson Straight 1x2 Teeth Mirror Finish 4.75in right side up","open","21","13.0"
"D:\augmented_data_random_backgrounds\images\train\Tissue_Forceps_Adson_Straight_1x2_Teeth_Mirror_Finish_4.75in_right_side_up_open_021_aug014.jpg","Tissue Forceps Adson Straight 1x2 Teeth Mirror Finish 4.75in right side up","open","21","14.0"
"D:\augmented_data_random_backgrounds\images\train\Tissue_Forceps_Adson_Straight_1x2_Teeth_Mirror_Finish_4.75in_right_side_up_open_021_aug015.jpg","Tissue Forceps Adson Straight 1x2 Teeth Mirror Finish 4.75in right side up","open","21","15.0"
"D:\augmented_data_random_backgrounds\images\train\Tissue_Forceps_Adson_Straight_1x2_Teeth_Mirror_Finish_4.75in_right_side_up_open_021_aug016.jpg","Tissue Forceps Adson Straight 1x2 Teeth Mirror Finish 4.75in right side up","open","21","16.0"
"D:\augmented_data_random_backgrounds\images\train\Tissue_Forceps_Adson_Straight_1x2_Teeth_Mirror_Finish_4.75in_right_side_up_open_021_aug017.jpg","Tissue Forceps Adson Straight 1x2 Teeth Mirror Finish 4.75in right side up","open","21","17.0"
"D:\augmented_data_random_backgrounds\images\train\Tissue_Forceps_Adson_Straight_1x2_Teeth_Mirror_Finish_4.75in_right_side_up_open_021_aug018.jpg","Tissue Forceps Adson Straight 1x2 Teeth Mirror Finish 4.75in right side up","open","21","18.0"
"D:\augmented_data_random_backgrounds\images\train\Tissue_Forceps_Adson_Straight_1x2_Teeth_Mirror_Finish_4.75in_right_side_up_open_021_aug019.jpg","Tissue Forceps Adson Straight 1x2 Teeth Mirror Finish 4.75in right side up","open","21","19.0"
"D:\augmented_data_random_backgrounds\images\train\Tissue_Forceps_Adson_Straight_1x2_Teeth_Mirror_Finish_4.75in_right_side_up_open_021_aug020.jpg","Tissue Forceps Adson Straight 1x2 Teeth Mirror Finish 4.75in right side up","open","21","20.0"
"D:\augmented_data_random_backgrounds\images\train\Tissue_Forceps_Adson_Straight_1x2_Teeth_Mirror_Finish_4.75in_right_side_up_open_021_aug021.jpg","Tissue Forceps Adson Straight 1x2 Teeth Mirror Finish 4.75in right side up","open","21","21.0"
"D:\augmented_data_random_backgrounds\images\train\Tissue_Forceps_Adson_Straight_1x2_Teeth_Mirror_Finish_4.75in_right_side_up_open_021_aug022.jpg","Tissue Forceps Adson Straight 1x2 Teeth Mirror Finish 4.75in right side up","open","21","22.0"
"D:\augmented_data_random_backgrounds\images\train\Tissue_Forceps_Adson_Straight_1x2_Teeth_Mirror_Finish_4.75in_right_side_up_open_021_aug023.jpg","Tissue Forceps Adson Straight 1x2 Teeth Mirror Finish 4.75in right side up","open","21","23.0"
"D:\augmented_data_random_backgrounds\images\train\Tissue_Forceps_Adson_Straight_1x2_Teeth_Mirror_Finish_4.75in_right_side_up_open_021_aug024.jpg","Tissue Forceps Adson Straight 1x2 Teeth Mirror Finish 4.75in right side up","open","21","24.0"
"D:\augmented_data_random_backgrounds\images\train\Tissue_Forceps_Adson_Straight_1x2_Teeth_Mirror_Finish_4.75in_right_side_up_open_022.jpg","Tissue Forceps Adson Straight 1x2 Teeth Mirror Finish 4.75in right side up","open","22",""
"D:\augmented_data_random_backgrounds\images\train\Tissue_Forceps_Adson_Straight_1x2_Teeth_Mirror_Finish_4.75in_right_side_up_open_022_aug000.jpg","Tissue Forceps Adson Straight 1x2 Teeth Mirror Finish 4.75in right side up","open","22","0.0"
"D:\augmented_data_random_backgrounds\images\train\Tissue_Forceps_Adson_Straight_1x2_Teeth_Mirror_Finish_4.75in_right_side_up_open_022_aug001.jpg","Tissue Forceps Adson Straight 1x2 Teeth Mirror Finish 4.75in right side up","open","22","1.0"
"D:\augmented_data_random_backgrounds\images\train\Tissue_Forceps_Adson_Straight_1x2_Teeth_Mirror_Finish_4.75in_right_side_up_open_022_aug002.jpg","Tissue Forceps Adson Straight 1x2 Teeth Mirror Finish 4.75in right side up","open","22","2.0"
"D:\augmented_data_random_backgrounds\images\train\Tissue_Forceps_Adson_Straight_1x2_Teeth_Mirror_Finish_4.75in_right_side_up_open_022_aug003.jpg","Tissue Forceps Adson Straight 1x2 Teeth Mirror Finish 4.75in right side up","open","22","3.0"
"D:\augmented_data_random_backgrounds\images\train\Tissue_Forceps_Adson_Straight_1x2_Teeth_Mirror_Finish_4.75in_right_side_up_open_022_aug004.jpg","Tissue Forceps Adson Straight 1x2 Teeth Mirror Finish 4.75in right side up","open","22","4.0"
"D:\augmented_data_random_backgrounds\images\train\Tissue_Forceps_Adson_Straight_1x2_Teeth_Mirror_Finish_4.75in_right_side_up_open_022_aug005.jpg","Tissue Forceps Adson Straight 1x2 Teeth Mirror Finish 4.75in right side up","open","22","5.0"
"D:\augmented_data_random_backgrounds\images\train\Tissue_Forceps_Adson_Straight_1x2_Teeth_Mirror_Finish_4.75in_right_side_up_open_022_aug006.jpg","Tissue Forceps Adson Straight 1x2 Teeth Mirror Finish 4.75in right side up","open","22","6.0"
"D:\augmented_data_random_backgrounds\images\train\Tissue_Forceps_Adson_Straight_1x2_Teeth_Mirror_Finish_4.75in_right_side_up_open_022_aug007.jpg","Tissue Forceps Adson Straight 1x2 Teeth Mirror Finish 4.75in right side up","open","22","7.0"
"D:\augmented_data_random_backgrounds\images\train\Tissue_Forceps_Adson_Straight_1x2_Teeth_Mirror_Finish_4.75in_right_side_up_open_022_aug008.jpg","Tissue Forceps Adson Straight 1x2 Teeth Mirror Finish 4.75in right side up","open","22","8.0"
"D:\augmented_data_random_backgrounds\images\train\Tissue_Forceps_Adson_Straight_1x2_Teeth_Mirror_Finish_4.75in_right_side_up_open_022_aug009.jpg","Tissue Forceps Adson Straight 1x2 Teeth Mirror Finish 4.75in right side up","open","22","9.0"
"D:\augmented_data_random_backgrounds\images\train\Tissue_Forceps_Adson_Straight_1x2_Teeth_Mirror_Finish_4.75in_right_side_up_open_022_aug010.jpg","Tissue Forceps Adson Straight 1x2 Teeth Mirror Finish 4.75in right side up","open","22","10.0"
"D:\augmented_data_random_backgrounds\images\train\Tissue_Forceps_Adson_Straight_1x2_Teeth_Mirror_Finish_4.75in_right_side_up_open_022_aug011.jpg","Tissue Forceps Adson Straight 1x2 Teeth Mirror Finish 4.75in right side up","open","22","11.0"
"D:\augmented_data_random_backgrounds\images\train\Tissue_Forceps_Adson_Straight_1x2_Teeth_Mirror_Finish_4.75in_right_side_up_open_022_aug012.jpg","Tissue Forceps Adson Straight 1x2 Teeth Mirror Finish 4.75in right side up","open","22","12.0"
"D:\augmented_data_random_backgrounds\images\train\Tissue_Forceps_Adson_Straight_1x2_Teeth_Mirror_Finish_4.75in_right_side_up_open_022_aug013.jpg","Tissue Forceps Adson Straight 1x2 Teeth Mirror Finish 4.75in right side up","open","22","13.0"
"D:\augmented_data_random_backgrounds\images\train\Tissue_Forceps_Adson_Straight_1x2_Teeth_Mirror_Finish_4.75in_right_side_up_open_022_aug014.jpg","Tissue Forceps Adson Straight 1x2 Teeth Mirror Finish 4.75in right side up","open","22","14.0"
"D:\augmented_data_random_backgrounds\images\train\Tissue_Forceps_Adson_Straight_1x2_Teeth_Mirror_Finish_4.75in_right_side_up_open_022_aug015.jpg","Tissue Forceps Adson Straight 1x2 Teeth Mirror Finish 4.75in right side up","open","22","15.0"
"D:\augmented_data_random_backgrounds\images\train\Tissue_Forceps_Adson_Straight_1x2_Teeth_Mirror_Finish_4.75in_right_side_up_open_022_aug016.jpg","Tissue Forceps Adson Straight 1x2 Teeth Mirror Finish 4.75in right side up","open","22","16.0"
"D:\augmented_data_random_backgrounds\images\train\Tissue_Forceps_Adson_Straight_1x2_Teeth_Mirror_Finish_4.75in_right_side_up_open_022_aug017.jpg","Tissue Forceps Adson Straight 1x2 Teeth Mirror Finish 4.75in right side up","open","22","17.0"
"D:\augmented_data_random_backgrounds\images\train\Tissue_Forceps_Adson_Straight_1x2_Teeth_Mirror_Finish_4.75in_right_side_up_open_022_aug018.jpg","Tissue Forceps Adson Straight 1x2 Teeth Mirror Finish 4.75in right side up","open","22","18.0"
"D:\augmented_data_random_backgrounds\images\train\Tissue_Forceps_Adson_Straight_1x2_Teeth_Mirror_Finish_4.75in_right_side_up_open_022_aug019.jpg","Tissue Forceps Adson Straight 1x2 Teeth Mirror Finish 4.75in right side up","open","22","19.0"
"D:\augmented_data_random_backgrounds\images\train\Tissue_Forceps_Adson_Straight_1x2_Teeth_Mirror_Finish_4.75in_right_side_up_open_022_aug020.jpg","Tissue Forceps Adson Straight 1x2 Teeth Mirror Finish 4.75in right side up","open","22","20.0"
"D:\augmented_data_random_backgrounds\images\train\Tissue_Forceps_Adson_Straight_1x2_Teeth_Mirror_Finish_4.75in_right_side_up_open_022_aug021.jpg","Tissue Forceps Adson Straight 1x2 Teeth Mirror Finish 4.75in right side up","open","22","21.0"
"D:\augmented_data_random_backgrounds\images\train\Tissue_Forceps_Adson_Straight_1x2_Teeth_Mirror_Finish_4.75in_right_side_up_open_022_aug022.jpg","Tissue Forceps Adson Straight 1x2 Teeth Mirror Finish 4.75in right side up","open","22","22.0"
"D:\augmented_data_random_backgrounds\images\train\Tissue_Forceps_Adson_Straight_1x2_Teeth_Mirror_Finish_4.75in_right_side_up_open_022_aug023.jpg","Tissue Forceps Adson Straight 1x2 Teeth Mirror Finish 4.75in right side up","open","22","23.0"
"D:\augmented_data_random_backgrounds\images\train\Tissue_Forceps_Adson_Straight_1x2_Teeth_Mirror_Finish_4.75in_right_side_up_open_022_aug024.jpg","Tissue Forceps Adson Straight 1x2 Teeth Mirror Finish 4.75in right side up","open","22","24.0"
"D:\augmented_data_random_backgrounds\images\train\Tissue_Forceps_Adson_Straight_1x2_Teeth_Mirror_Finish_4.75in_right_side_up_open_023.jpg","Tissue Forceps Adson Straight 1x2 Teeth Mirror Finish 4.75in right side up","open","23",""
"D:\augmented_data_random_backgrounds\images\train\Tissue_Forceps_Adson_Straight_1x2_Teeth_Mirror_Finish_4.75in_right_side_up_open_023_aug000.jpg","Tissue Forceps Adson Straight 1x2 Teeth Mirror Finish 4.75in right side up","open","23","0.0"
"D:\augmented_data_random_backgrounds\images\train\Tissue_Forceps_Adson_Straight_1x2_Teeth_Mirror_Finish_4.75in_right_side_up_open_023_aug001.jpg","Tissue Forceps Adson Straight 1x2 Teeth Mirror Finish 4.75in right side up","open","23","1.0"
"D:\augmented_data_random_backgrounds\images\train\Tissue_Forceps_Adson_Straight_1x2_Teeth_Mirror_Finish_4.75in_right_side_up_open_023_aug002.jpg","Tissue Forceps Adson Straight 1x2 Teeth Mirror Finish 4.75in right side up","open","23","2.0"
"D:\augmented_data_random_backgrounds\images\train\Tissue_Forceps_Adson_Straight_1x2_Teeth_Mirror_Finish_4.75in_right_side_up_open_023_aug003.jpg","Tissue Forceps Adson Straight 1x2 Teeth Mirror Finish 4.75in right side up","open","23","3.0"
"D:\augmented_data_random_backgrounds\images\train\Tissue_Forceps_Adson_Straight_1x2_Teeth_Mirror_Finish_4.75in_right_side_up_open_023_aug004.jpg","Tissue Forceps Adson Straight 1x2 Teeth Mirror Finish 4.75in right side up","open","23","4.0"
"D:\augmented_data_random_backgrounds\images\train\Tissue_Forceps_Adson_Straight_1x2_Teeth_Mirror_Finish_4.75in_right_side_up_open_023_aug005.jpg","Tissue Forceps Adson Straight 1x2 Teeth Mirror Finish 4.75in right side up","open","23","5.0"
"D:\augmented_data_random_backgrounds\images\train\Tissue_Forceps_Adson_Straight_1x2_Teeth_Mirror_Finish_4.75in_right_side_up_open_023_aug006.jpg","Tissue Forceps Adson Straight 1x2 Teeth Mirror Finish 4.75in right side up","open","23","6.0"
"D:\augmented_data_random_backgrounds\images\train\Tissue_Forceps_Adson_Straight_1x2_Teeth_Mirror_Finish_4.75in_right_side_up_open_023_aug007.jpg","Tissue Forceps Adson Straight 1x2 Teeth Mirror Finish 4.75in right side up","open","23","7.0"
"D:\augmented_data_random_backgrounds\images\train\Tissue_Forceps_Adson_Straight_1x2_Teeth_Mirror_Finish_4.75in_right_side_up_open_023_aug008.jpg","Tissue Forceps Adson Straight 1x2 Teeth Mirror Finish 4.75in right side up","open","23","8.0"
"D:\augmented_data_random_backgrounds\images\train\Tissue_Forceps_Adson_Straight_1x2_Teeth_Mirror_Finish_4.75in_right_side_up_open_023_aug009.jpg","Tissue Forceps Adson Straight 1x2 Teeth Mirror Finish 4.75in right side up","open","23","9.0"
"D:\augmented_data_random_backgrounds\images\train\Tissue_Forceps_Adson_Straight_1x2_Teeth_Mirror_Finish_4.75in_right_side_up_open_023_aug010.jpg","Tissue Forceps Adson Straight 1x2 Teeth Mirror Finish 4.75in right side up","open","23","10.0"
"D:\augmented_data_random_backgrounds\images\train\Tissue_Forceps_Adson_Straight_1x2_Teeth_Mirror_Finish_4.75in_right_side_up_open_023_aug011.jpg","Tissue Forceps Adson Straight 1x2 Teeth Mirror Finish 4.75in right side up","open","23","11.0"
"D:\augmented_data_random_backgrounds\images\train\Tissue_Forceps_Adson_Straight_1x2_Teeth_Mirror_Finish_4.75in_right_side_up_open_023_aug012.jpg","Tissue Forceps Adson Straight 1x2 Teeth Mirror Finish 4.75in right side up","open","23","12.0"
"D:\augmented_data_random_backgrounds\images\train\Tissue_Forceps_Adson_Straight_1x2_Teeth_Mirror_Finish_4.75in_right_side_up_open_023_aug013.jpg","Tissue Forceps Adson Straight 1x2 Teeth Mirror Finish 4.75in right side up","open","23","13.0"
"D:\augmented_data_random_backgrounds\images\train\Tissue_Forceps_Adson_Straight_1x2_Teeth_Mirror_Finish_4.75in_right_side_up_open_023_aug014.jpg","Tissue Forceps Adson Straight 1x2 Teeth Mirror Finish 4.75in right side up","open","23","14.0"
"D:\augmented_data_random_backgrounds\images\train\Tissue_Forceps_Adson_Straight_1x2_Teeth_Mirror_Finish_4.75in_right_side_up_open_023_aug015.jpg","Tissue Forceps Adson Straight 1x2 Teeth Mirror Finish 4.75in right side up","open","23","15.0"
"D:\augmented_data_random_backgrounds\images\train\Tissue_Forceps_Adson_Straight_1x2_Teeth_Mirror_Finish_4.75in_right_side_up_open_023_aug016.jpg","Tissue Forceps Adson Straight 1x2 Teeth Mirror Finish 4.75in right side up","open","23","16.0"
"D:\augmented_data_random_backgrounds\images\train\Tissue_Forceps_Adson_Straight_1x2_Teeth_Mirror_Finish_4.75in_right_side_up_open_023_aug017.jpg","Tissue Forceps Adson Straight 1x2 Teeth Mirror Finish 4.75in right side up","open","23","17.0"
"D:\augmented_data_random_backgrounds\images\train\Tissue_Forceps_Adson_Straight_1x2_Teeth_Mirror_Finish_4.75in_right_side_up_open_023_aug018.jpg","Tissue Forceps Adson Straight 1x2 Teeth Mirror Finish 4.75in right side up","open","23","18.0"
"D:\augmented_data_random_backgrounds\images\train\Tissue_Forceps_Adson_Straight_1x2_Teeth_Mirror_Finish_4.75in_right_side_up_open_023_aug019.jpg","Tissue Forceps Adson Straight 1x2 Teeth Mirror Finish 4.75in right side up","open","23","19.0"
"D:\augmented_data_random_backgrounds\images\train\Tissue_Forceps_Adson_Straight_1x2_Teeth_Mirror_Finish_4.75in_right_side_up_open_023_aug020.jpg","Tissue Forceps Adson Straight 1x2 Teeth Mirror Finish 4.75in right side up","open","23","20.0"
"D:\augmented_data_random_backgrounds\images\train\Tissue_Forceps_Adson_Straight_1x2_Teeth_Mirror_Finish_4.75in_right_side_up_open_023_aug021.jpg","Tissue Forceps Adson Straight 1x2 Teeth Mirror Finish 4.75in right side up","open","23","21.0"
"D:\augmented_data_random_backgrounds\images\train\Tissue_Forceps_Adson_Straight_1x2_Teeth_Mirror_Finish_4.75in_right_side_up_open_023_aug022.jpg","Tissue Forceps Adson Straight 1x2 Teeth Mirror Finish 4.75in right side up","open","23","22.0"
"D:\augmented_data_random_backgrounds\images\train\Tissue_Forceps_Adson_Straight_1x2_Teeth_Mirror_Finish_4.75in_right_side_up_open_023_aug023.jpg","Tissue Forceps Adson Straight 1x2 Teeth Mirror Finish 4.75in right side up","open","23","23.0"
"D:\augmented_data_random_backgrounds\images\train\Tissue_Forceps_Adson_Straight_1x2_Teeth_Mirror_Finish_4.75in_right_side_up_open_023_aug024.jpg","Tissue Forceps Adson Straight 1x2 Teeth Mirror Finish 4.75in right side up","open","23","24.0"
"D:\augmented_data_random_backgrounds\images\train\Tissue_Forceps_Adson_Straight_1x2_Teeth_Mirror_Finish_4.75in_right_side_up_open_024.jpg","Tissue Forceps Adson Straight 1x2 Teeth Mirror Finish 4.75in right side up","open","24",""
"D:\augmented_data_random_backgrounds\images\train\Tissue_Forceps_Adson_Straight_1x2_Teeth_Mirror_Finish_4.75in_right_side_up_open_024_aug000.jpg","Tissue Forceps Adson Straight 1x2 Teeth Mirror Finish 4.75in right side up","open","24","0.0"
"D:\augmented_data_random_backgrounds\images\train\Tissue_Forceps_Adson_Straight_1x2_Teeth_Mirror_Finish_4.75in_right_side_up_open_024_aug001.jpg","Tissue Forceps Adson Straight 1x2 Teeth Mirror Finish 4.75in right side up","open","24","1.0"
"D:\augmented_data_random_backgrounds\images\train\Tissue_Forceps_Adson_Straight_1x2_Teeth_Mirror_Finish_4.75in_right_side_up_open_024_aug002.jpg","Tissue Forceps Adson Straight 1x2 Teeth Mirror Finish 4.75in right side up","open","24","2.0"
"D:\augmented_data_random_backgrounds\images\train\Tissue_Forceps_Adson_Straight_1x2_Teeth_Mirror_Finish_4.75in_right_side_up_open_024_aug003.jpg","Tissue Forceps Adson Straight 1x2 Teeth Mirror Finish 4.75in right side up","open","24","3.0"
"D:\augmented_data_random_backgrounds\images\train\Tissue_Forceps_Adson_Straight_1x2_Teeth_Mirror_Finish_4.75in_right_side_up_open_024_aug004.jpg","Tissue Forceps Adson Straight 1x2 Teeth Mirror Finish 4.75in right side up","open","24","4.0"
"D:\augmented_data_random_backgrounds\images\train\Tissue_Forceps_Adson_Straight_1x2_Teeth_Mirror_Finish_4.75in_right_side_up_open_024_aug005.jpg","Tissue Forceps Adson Straight 1x2 Teeth Mirror Finish 4.75in right side up","open","24","5.0"
"D:\augmented_data_random_backgrounds\images\train\Tissue_Forceps_Adson_Straight_1x2_Teeth_Mirror_Finish_4.75in_right_side_up_open_024_aug006.jpg","Tissue Forceps Adson Straight 1x2 Teeth Mirror Finish 4.75in right side up","open","24","6.0"
"D:\augmented_data_random_backgrounds\images\train\Tissue_Forceps_Adson_Straight_1x2_Teeth_Mirror_Finish_4.75in_right_side_up_open_024_aug007.jpg","Tissue Forceps Adson Straight 1x2 Teeth Mirror Finish 4.75in right side up","open","24","7.0"
"D:\augmented_data_random_backgrounds\images\train\Tissue_Forceps_Adson_Straight_1x2_Teeth_Mirror_Finish_4.75in_right_side_up_open_024_aug008.jpg","Tissue Forceps Adson Straight 1x2 Teeth Mirror Finish 4.75in right side up","open","24","8.0"
"D:\augmented_data_random_backgrounds\images\train\Tissue_Forceps_Adson_Straight_1x2_Teeth_Mirror_Finish_4.75in_right_side_up_open_024_aug009.jpg","Tissue Forceps Adson Straight 1x2 Teeth Mirror Finish 4.75in right side up","open","24","9.0"
"D:\augmented_data_random_backgrounds\images\train\Tissue_Forceps_Adson_Straight_1x2_Teeth_Mirror_Finish_4.75in_right_side_up_open_024_aug010.jpg","Tissue Forceps Adson Straight 1x2 Teeth Mirror Finish 4.75in right side up","open","24","10.0"
"D:\augmented_data_random_backgrounds\images\train\Tissue_Forceps_Adson_Straight_1x2_Teeth_Mirror_Finish_4.75in_right_side_up_open_024_aug011.jpg","Tissue Forceps Adson Straight 1x2 Teeth Mirror Finish 4.75in right side up","open","24","11.0"
"D:\augmented_data_random_backgrounds\images\train\Tissue_Forceps_Adson_Straight_1x2_Teeth_Mirror_Finish_4.75in_right_side_up_open_024_aug012.jpg","Tissue Forceps Adson Straight 1x2 Teeth Mirror Finish 4.75in right side up","open","24","12.0"
"D:\augmented_data_random_backgrounds\images\train\Tissue_Forceps_Adson_Straight_1x2_Teeth_Mirror_Finish_4.75in_right_side_up_open_024_aug013.jpg","Tissue Forceps Adson Straight 1x2 Teeth Mirror Finish 4.75in right side up","open","24","13.0"
"D:\augmented_data_random_backgrounds\images\train\Tissue_Forceps_Adson_Straight_1x2_Teeth_Mirror_Finish_4.75in_right_side_up_open_024_aug014.jpg","Tissue Forceps Adson Straight 1x2 Teeth Mirror Finish 4.75in right side up","open","24","14.0"
"D:\augmented_data_random_backgrounds\images\train\Tissue_Forceps_Adson_Straight_1x2_Teeth_Mirror_Finish_4.75in_right_side_up_open_024_aug015.jpg","Tissue Forceps Adson Straight 1x2 Teeth Mirror Finish 4.75in right side up","open","24","15.0"
"D:\augmented_data_random_backgrounds\images\train\Tissue_Forceps_Adson_Straight_1x2_Teeth_Mirror_Finish_4.75in_right_side_up_open_024_aug016.jpg","Tissue Forceps Adson Straight 1x2 Teeth Mirror Finish 4.75in right side up","open","24","16.0"
"D:\augmented_data_random_backgrounds\images\train\Tissue_Forceps_Adson_Straight_1x2_Teeth_Mirror_Finish_4.75in_right_side_up_open_024_aug017.jpg","Tissue Forceps Adson Straight 1x2 Teeth Mirror Finish 4.75in right side up","open","24","17.0"
"D:\augmented_data_random_backgrounds\images\train\Tissue_Forceps_Adson_Straight_1x2_Teeth_Mirror_Finish_4.75in_right_side_up_open_024_aug018.jpg","Tissue Forceps Adson Straight 1x2 Teeth Mirror Finish 4.75in right side up","open","24","18.0"
"D:\augmented_data_random_backgrounds\images\train\Tissue_Forceps_Adson_Straight_1x2_Teeth_Mirror_Finish_4.75in_right_side_up_open_024_aug019.jpg","Tissue Forceps Adson Straight 1x2 Teeth Mirror Finish 4.75in right side up","open","24","19.0"
"D:\augmented_data_random_backgrounds\images\train\Tissue_Forceps_Adson_Straight_1x2_Teeth_Mirror_Finish_4.75in_right_side_up_open_024_aug020.jpg","Tissue Forceps Adson Straight 1x2 Teeth Mirror Finish 4.75in right side up","open","24","20.0"
"D:\augmented_data_random_backgrounds\images\train\Tissue_Forceps_Adson_Straight_1x2_Teeth_Mirror_Finish_4.75in_right_side_up_open_024_aug021.jpg","Tissue Forceps Adson Straight 1x2 Teeth Mirror Finish 4.75in right side up","open","24","21.0"
"D:\augmented_data_random_backgrounds\images\train\Tissue_Forceps_Adson_Straight_1x2_Teeth_Mirror_Finish_4.75in_right_side_up_open_024_aug022.jpg","Tissue Forceps Adson Straight 1x2 Teeth Mirror Finish 4.75in right side up","open","24","22.0"
"D:\augmented_data_random_backgrounds\images\train\Tissue_Forceps_Adson_Straight_1x2_Teeth_Mirror_Finish_4.75in_right_side_up_open_024_aug023.jpg","Tissue Forceps Adson Straight 1x2 Teeth Mirror Finish 4.75in right side up","open","24","23.0"
"D:\augmented_data_random_backgrounds\images\train\Tissue_Forceps_Adson_Straight_1x2_Teeth_Mirror_Finish_4.75in_right_side_up_open_024_aug024.jpg","Tissue Forceps Adson Straight 1x2 Teeth Mirror Finish 4.75in right side up","open","24","24.0"
"D:\augmented_data_random_backgrounds\images\train\Tissue_Forceps_Adson_Straight_1x2_Teeth_Mirror_Finish_4.75in_right_side_up_open_025.jpg","Tissue Forceps Adson Straight 1x2 Teeth Mirror Finish 4.75in right side up","open","25",""
"D:\augmented_data_random_backgrounds\images\train\Tissue_Forceps_Adson_Straight_1x2_Teeth_Mirror_Finish_4.75in_right_side_up_open_025_aug000.jpg","Tissue Forceps Adson Straight 1x2 Teeth Mirror Finish 4.75in right side up","open","25","0.0"
"D:\augmented_data_random_backgrounds\images\train\Tissue_Forceps_Adson_Straight_1x2_Teeth_Mirror_Finish_4.75in_right_side_up_open_025_aug001.jpg","Tissue Forceps Adson Straight 1x2 Teeth Mirror Finish 4.75in right side up","open","25","1.0"
"D:\augmented_data_random_backgrounds\images\train\Tissue_Forceps_Adson_Straight_1x2_Teeth_Mirror_Finish_4.75in_right_side_up_open_025_aug002.jpg","Tissue Forceps Adson Straight 1x2 Teeth Mirror Finish 4.75in right side up","open","25","2.0"
"D:\augmented_data_random_backgrounds\images\train\Tissue_Forceps_Adson_Straight_1x2_Teeth_Mirror_Finish_4.75in_right_side_up_open_025_aug003.jpg","Tissue Forceps Adson Straight 1x2 Teeth Mirror Finish 4.75in right side up","open","25","3.0"
"D:\augmented_data_random_backgrounds\images\train\Tissue_Forceps_Adson_Straight_1x2_Teeth_Mirror_Finish_4.75in_right_side_up_open_025_aug004.jpg","Tissue Forceps Adson Straight 1x2 Teeth Mirror Finish 4.75in right side up","open","25","4.0"
"D:\augmented_data_random_backgrounds\images\train\Tissue_Forceps_Adson_Straight_1x2_Teeth_Mirror_Finish_4.75in_right_side_up_open_025_aug005.jpg","Tissue Forceps Adson Straight 1x2 Teeth Mirror Finish 4.75in right side up","open","25","5.0"
"D:\augmented_data_random_backgrounds\images\train\Tissue_Forceps_Adson_Straight_1x2_Teeth_Mirror_Finish_4.75in_right_side_up_open_025_aug006.jpg","Tissue Forceps Adson Straight 1x2 Teeth Mirror Finish 4.75in right side up","open","25","6.0"
"D:\augmented_data_random_backgrounds\images\train\Tissue_Forceps_Adson_Straight_1x2_Teeth_Mirror_Finish_4.75in_right_side_up_open_025_aug007.jpg","Tissue Forceps Adson Straight 1x2 Teeth Mirror Finish 4.75in right side up","open","25","7.0"
"D:\augmented_data_random_backgrounds\images\train\Tissue_Forceps_Adson_Straight_1x2_Teeth_Mirror_Finish_4.75in_right_side_up_open_025_aug008.jpg","Tissue Forceps Adson Straight 1x2 Teeth Mirror Finish 4.75in right side up","open","25","8.0"
"D:\augmented_data_random_backgrounds\images\train\Tissue_Forceps_Adson_Straight_1x2_Teeth_Mirror_Finish_4.75in_right_side_up_open_025_aug009.jpg","Tissue Forceps Adson Straight 1x2 Teeth Mirror Finish 4.75in right side up","open","25","9.0"
"D:\augmented_data_random_backgrounds\images\train\Tissue_Forceps_Adson_Straight_1x2_Teeth_Mirror_Finish_4.75in_right_side_up_open_025_aug010.jpg","Tissue Forceps Adson Straight 1x2 Teeth Mirror Finish 4.75in right side up","open","25","10.0"
"D:\augmented_data_random_backgrounds\images\train\Tissue_Forceps_Adson_Straight_1x2_Teeth_Mirror_Finish_4.75in_right_side_up_open_025_aug011.jpg","Tissue Forceps Adson Straight 1x2 Teeth Mirror Finish 4.75in right side up","open","25","11.0"
"D:\augmented_data_random_backgrounds\images\train\Tissue_Forceps_Adson_Straight_1x2_Teeth_Mirror_Finish_4.75in_right_side_up_open_025_aug012.jpg","Tissue Forceps Adson Straight 1x2 Teeth Mirror Finish 4.75in right side up","open","25","12.0"
"D:\augmented_data_random_backgrounds\images\train\Tissue_Forceps_Adson_Straight_1x2_Teeth_Mirror_Finish_4.75in_right_side_up_open_025_aug013.jpg","Tissue Forceps Adson Straight 1x2 Teeth Mirror Finish 4.75in right side up","open","25","13.0"
"D:\augmented_data_random_backgrounds\images\train\Tissue_Forceps_Adson_Straight_1x2_Teeth_Mirror_Finish_4.75in_right_side_up_open_025_aug014.jpg","Tissue Forceps Adson Straight 1x2 Teeth Mirror Finish 4.75in right side up","open","25","14.0"
"D:\augmented_data_random_backgrounds\images\train\Tissue_Forceps_Adson_Straight_1x2_Teeth_Mirror_Finish_4.75in_right_side_up_open_025_aug015.jpg","Tissue Forceps Adson Straight 1x2 Teeth Mirror Finish 4.75in right side up","open","25","15.0"
"D:\augmented_data_random_backgrounds\images\train\Tissue_Forceps_Adson_Straight_1x2_Teeth_Mirror_Finish_4.75in_right_side_up_open_025_aug016.jpg","Tissue Forceps Adson Straight 1x2 Teeth Mirror Finish 4.75in right side up","open","25","16.0"
"D:\augmented_data_random_backgrounds\images\train\Tissue_Forceps_Adson_Straight_1x2_Teeth_Mirror_Finish_4.75in_right_side_up_open_025_aug017.jpg","Tissue Forceps Adson Straight 1x2 Teeth Mirror Finish 4.75in right side up","open","25","17.0"
"D:\augmented_data_random_backgrounds\images\train\Tissue_Forceps_Adson_Straight_1x2_Teeth_Mirror_Finish_4.75in_right_side_up_open_025_aug018.jpg","Tissue Forceps Adson Straight 1x2 Teeth Mirror Finish 4.75in right side up","open","25","18.0"
"D:\augmented_data_random_backgrounds\images\train\Tissue_Forceps_Adson_Straight_1x2_Teeth_Mirror_Finish_4.75in_right_side_up_open_025_aug019.jpg","Tissue Forceps Adson Straight 1x2 Teeth Mirror Finish 4.75in right side up","open","25","19.0"
"D:\augmented_data_random_backgrounds\images\train\Tissue_Forceps_Adson_Straight_1x2_Teeth_Mirror_Finish_4.75in_right_side_up_open_025_aug020.jpg","Tissue Forceps Adson Straight 1x2 Teeth Mirror Finish 4.75in right side up","open","25","20.0"
"D:\augmented_data_random_backgrounds\images\train\Tissue_Forceps_Adson_Straight_1x2_Teeth_Mirror_Finish_4.75in_right_side_up_open_025_aug021.jpg","Tissue Forceps Adson Straight 1x2 Teeth Mirror Finish 4.75in right side up","open","25","21.0"
"D:\augmented_data_random_backgrounds\images\train\Tissue_Forceps_Adson_Straight_1x2_Teeth_Mirror_Finish_4.75in_right_side_up_open_025_aug022.jpg","Tissue Forceps Adson Straight 1x2 Teeth Mirror Finish 4.75in right side up","open","25","22.0"
"D:\augmented_data_random_backgrounds\images\train\Tissue_Forceps_Adson_Straight_1x2_Teeth_Mirror_Finish_4.75in_right_side_up_open_025_aug023.jpg","Tissue Forceps Adson Straight 1x2 Teeth Mirror Finish 4.75in right side up","open","25","23.0"
"D:\augmented_data_random_backgrounds\images\train\Tissue_Forceps_Adson_Straight_1x2_Teeth_Mirror_Finish_4.75in_right_side_up_open_025_aug024.jpg","Tissue Forceps Adson Straight 1x2 Teeth Mirror Finish 4.75in right side up","open","25","24.0"
"D:\augmented_data_random_backgrounds\images\train\Tissue_Forceps_Adson_Straight_1x2_Teeth_Mirror_Finish_4.75in_right_side_up_open_026.jpg","Tissue Forceps Adson Straight 1x2 Teeth Mirror Finish 4.75in right side up","open","26",""
"D:\augmented_data_random_backgrounds\images\train\Tissue_Forceps_Adson_Straight_1x2_Teeth_Mirror_Finish_4.75in_right_side_up_open_026_aug000.jpg","Tissue Forceps Adson Straight 1x2 Teeth Mirror Finish 4.75in right side up","open","26","0.0"
"D:\augmented_data_random_backgrounds\images\train\Tissue_Forceps_Adson_Straight_1x2_Teeth_Mirror_Finish_4.75in_right_side_up_open_026_aug001.jpg","Tissue Forceps Adson Straight 1x2 Teeth Mirror Finish 4.75in right side up","open","26","1.0"
"D:\augmented_data_random_backgrounds\images\train\Tissue_Forceps_Adson_Straight_1x2_Teeth_Mirror_Finish_4.75in_right_side_up_open_026_aug002.jpg","Tissue Forceps Adson Straight 1x2 Teeth Mirror Finish 4.75in right side up","open","26","2.0"
"D:\augmented_data_random_backgrounds\images\train\Tissue_Forceps_Adson_Straight_1x2_Teeth_Mirror_Finish_4.75in_right_side_up_open_026_aug003.jpg","Tissue Forceps Adson Straight 1x2 Teeth Mirror Finish 4.75in right side up","open","26","3.0"
"D:\augmented_data_random_backgrounds\images\train\Tissue_Forceps_Adson_Straight_1x2_Teeth_Mirror_Finish_4.75in_right_side_up_open_026_aug004.jpg","Tissue Forceps Adson Straight 1x2 Teeth Mirror Finish 4.75in right side up","open","26","4.0"
"D:\augmented_data_random_backgrounds\images\train\Tissue_Forceps_Adson_Straight_1x2_Teeth_Mirror_Finish_4.75in_right_side_up_open_026_aug005.jpg","Tissue Forceps Adson Straight 1x2 Teeth Mirror Finish 4.75in right side up","open","26","5.0"
"D:\augmented_data_random_backgrounds\images\train\Tissue_Forceps_Adson_Straight_1x2_Teeth_Mirror_Finish_4.75in_right_side_up_open_026_aug006.jpg","Tissue Forceps Adson Straight 1x2 Teeth Mirror Finish 4.75in right side up","open","26","6.0"
"D:\augmented_data_random_backgrounds\images\train\Tissue_Forceps_Adson_Straight_1x2_Teeth_Mirror_Finish_4.75in_right_side_up_open_026_aug007.jpg","Tissue Forceps Adson Straight 1x2 Teeth Mirror Finish 4.75in right side up","open","26","7.0"
"D:\augmented_data_random_backgrounds\images\train\Tissue_Forceps_Adson_Straight_1x2_Teeth_Mirror_Finish_4.75in_right_side_up_open_026_aug008.jpg","Tissue Forceps Adson Straight 1x2 Teeth Mirror Finish 4.75in right side up","open","26","8.0"
"D:\augmented_data_random_backgrounds\images\train\Tissue_Forceps_Adson_Straight_1x2_Teeth_Mirror_Finish_4.75in_right_side_up_open_026_aug009.jpg","Tissue Forceps Adson Straight 1x2 Teeth Mirror Finish 4.75in right side up","open","26","9.0"
"D:\augmented_data_random_backgrounds\images\train\Tissue_Forceps_Adson_Straight_1x2_Teeth_Mirror_Finish_4.75in_right_side_up_open_026_aug010.jpg","Tissue Forceps Adson Straight 1x2 Teeth Mirror Finish 4.75in right side up","open","26","10.0"
"D:\augmented_data_random_backgrounds\images\train\Tissue_Forceps_Adson_Straight_1x2_Teeth_Mirror_Finish_4.75in_right_side_up_open_026_aug011.jpg","Tissue Forceps Adson Straight 1x2 Teeth Mirror Finish 4.75in right side up","open","26","11.0"
"D:\augmented_data_random_backgrounds\images\train\Tissue_Forceps_Adson_Straight_1x2_Teeth_Mirror_Finish_4.75in_right_side_up_open_026_aug012.jpg","Tissue Forceps Adson Straight 1x2 Teeth Mirror Finish 4.75in right side up","open","26","12.0"
"D:\augmented_data_random_backgrounds\images\train\Tissue_Forceps_Adson_Straight_1x2_Teeth_Mirror_Finish_4.75in_right_side_up_open_026_aug013.jpg","Tissue Forceps Adson Straight 1x2 Teeth Mirror Finish 4.75in right side up","open","26","13.0"
"D:\augmented_data_random_backgrounds\images\train\Tissue_Forceps_Adson_Straight_1x2_Teeth_Mirror_Finish_4.75in_right_side_up_open_026_aug014.jpg","Tissue Forceps Adson Straight 1x2 Teeth Mirror Finish 4.75in right side up","open","26","14.0"
"D:\augmented_data_random_backgrounds\images\train\Tissue_Forceps_Adson_Straight_1x2_Teeth_Mirror_Finish_4.75in_right_side_up_open_026_aug015.jpg","Tissue Forceps Adson Straight 1x2 Teeth Mirror Finish 4.75in right side up","open","26","15.0"
"D:\augmented_data_random_backgrounds\images\train\Tissue_Forceps_Adson_Straight_1x2_Teeth_Mirror_Finish_4.75in_right_side_up_open_026_aug016.jpg","Tissue Forceps Adson Straight 1x2 Teeth Mirror Finish 4.75in right side up","open","26","16.0"
"D:\augmented_data_random_backgrounds\images\train\Tissue_Forceps_Adson_Straight_1x2_Teeth_Mirror_Finish_4.75in_right_side_up_open_026_aug017.jpg","Tissue Forceps Adson Straight 1x2 Teeth Mirror Finish 4.75in right side up","open","26","17.0"
"D:\augmented_data_random_backgrounds\images\train\Tissue_Forceps_Adson_Straight_1x2_Teeth_Mirror_Finish_4.75in_right_side_up_open_026_aug018.jpg","Tissue Forceps Adson Straight 1x2 Teeth Mirror Finish 4.75in right side up","open","26","18.0"
"D:\augmented_data_random_backgrounds\images\train\Tissue_Forceps_Adson_Straight_1x2_Teeth_Mirror_Finish_4.75in_right_side_up_open_026_aug019.jpg","Tissue Forceps Adson Straight 1x2 Teeth Mirror Finish 4.75in right side up","open","26","19.0"
"D:\augmented_data_random_backgrounds\images\train\Tissue_Forceps_Adson_Straight_1x2_Teeth_Mirror_Finish_4.75in_right_side_up_open_026_aug020.jpg","Tissue Forceps Adson Straight 1x2 Teeth Mirror Finish 4.75in right side up","open","26","20.0"
"D:\augmented_data_random_backgrounds\images\train\Tissue_Forceps_Adson_Straight_1x2_Teeth_Mirror_Finish_4.75in_right_side_up_open_026_aug021.jpg","Tissue Forceps Adson Straight 1x2 Teeth Mirror Finish 4.75in right side up","open","26","21.0"
"D:\augmented_data_random_backgrounds\images\train\Tissue_Forceps_Adson_Straight_1x2_Teeth_Mirror_Finish_4.75in_right_side_up_open_026_aug022.jpg","Tissue Forceps Adson Straight 1x2 Teeth Mirror Finish 4.75in right side up","open","26","22.0"
"D:\augmented_data_random_backgrounds\images\train\Tissue_Forceps_Adson_Straight_1x2_Teeth_Mirror_Finish_4.75in_right_side_up_open_026_aug023.jpg","Tissue Forceps Adson Straight 1x2 Teeth Mirror Finish 4.75in right side up","open","26","23.0"
"D:\augmented_data_random_backgrounds\images\train\Tissue_Forceps_Adson_Straight_1x2_Teeth_Mirror_Finish_4.75in_right_side_up_open_026_aug024.jpg","Tissue Forceps Adson Straight 1x2 Teeth Mirror Finish 4.75in right side up","open","26","24.0"
"D:\augmented_data_random_backgrounds\images\train\Tissue_Forceps_Adson_Straight_1x2_Teeth_Mirror_Finish_4.75in_right_side_up_open_027.jpg","Tissue Forceps Adson Straight 1x2 Teeth Mirror Finish 4.75in right side up","open","27",""
"D:\augmented_data_random_backgrounds\images\train\Tissue_Forceps_Adson_Straight_1x2_Teeth_Mirror_Finish_4.75in_right_side_up_open_027_aug000.jpg","Tissue Forceps Adson Straight 1x2 Teeth Mirror Finish 4.75in right side up","open","27","0.0"
"D:\augmented_data_random_backgrounds\images\train\Tissue_Forceps_Adson_Straight_1x2_Teeth_Mirror_Finish_4.75in_right_side_up_open_027_aug001.jpg","Tissue Forceps Adson Straight 1x2 Teeth Mirror Finish 4.75in right side up","open","27","1.0"
"D:\augmented_data_random_backgrounds\images\train\Tissue_Forceps_Adson_Straight_1x2_Teeth_Mirror_Finish_4.75in_right_side_up_open_027_aug002.jpg","Tissue Forceps Adson Straight 1x2 Teeth Mirror Finish 4.75in right side up","open","27","2.0"
"D:\augmented_data_random_backgrounds\images\train\Tissue_Forceps_Adson_Straight_1x2_Teeth_Mirror_Finish_4.75in_right_side_up_open_027_aug003.jpg","Tissue Forceps Adson Straight 1x2 Teeth Mirror Finish 4.75in right side up","open","27","3.0"
"D:\augmented_data_random_backgrounds\images\train\Tissue_Forceps_Adson_Straight_1x2_Teeth_Mirror_Finish_4.75in_right_side_up_open_027_aug004.jpg","Tissue Forceps Adson Straight 1x2 Teeth Mirror Finish 4.75in right side up","open","27","4.0"
"D:\augmented_data_random_backgrounds\images\train\Tissue_Forceps_Adson_Straight_1x2_Teeth_Mirror_Finish_4.75in_right_side_up_open_027_aug005.jpg","Tissue Forceps Adson Straight 1x2 Teeth Mirror Finish 4.75in right side up","open","27","5.0"
"D:\augmented_data_random_backgrounds\images\train\Tissue_Forceps_Adson_Straight_1x2_Teeth_Mirror_Finish_4.75in_right_side_up_open_027_aug006.jpg","Tissue Forceps Adson Straight 1x2 Teeth Mirror Finish 4.75in right side up","open","27","6.0"
"D:\augmented_data_random_backgrounds\images\train\Tissue_Forceps_Adson_Straight_1x2_Teeth_Mirror_Finish_4.75in_right_side_up_open_027_aug007.jpg","Tissue Forceps Adson Straight 1x2 Teeth Mirror Finish 4.75in right side up","open","27","7.0"
"D:\augmented_data_random_backgrounds\images\train\Tissue_Forceps_Adson_Straight_1x2_Teeth_Mirror_Finish_4.75in_right_side_up_open_027_aug008.jpg","Tissue Forceps Adson Straight 1x2 Teeth Mirror Finish 4.75in right side up","open","27","8.0"
"D:\augmented_data_random_backgrounds\images\train\Tissue_Forceps_Adson_Straight_1x2_Teeth_Mirror_Finish_4.75in_right_side_up_open_027_aug009.jpg","Tissue Forceps Adson Straight 1x2 Teeth Mirror Finish 4.75in right side up","open","27","9.0"
"D:\augmented_data_random_backgrounds\images\train\Tissue_Forceps_Adson_Straight_1x2_Teeth_Mirror_Finish_4.75in_right_side_up_open_027_aug010.jpg","Tissue Forceps Adson Straight 1x2 Teeth Mirror Finish 4.75in right side up","open","27","10.0"
"D:\augmented_data_random_backgrounds\images\train\Tissue_Forceps_Adson_Straight_1x2_Teeth_Mirror_Finish_4.75in_right_side_up_open_027_aug011.jpg","Tissue Forceps Adson Straight 1x2 Teeth Mirror Finish 4.75in right side up","open","27","11.0"
"D:\augmented_data_random_backgrounds\images\train\Tissue_Forceps_Adson_Straight_1x2_Teeth_Mirror_Finish_4.75in_right_side_up_open_027_aug012.jpg","Tissue Forceps Adson Straight 1x2 Teeth Mirror Finish 4.75in right side up","open","27","12.0"
"D:\augmented_data_random_backgrounds\images\train\Tissue_Forceps_Adson_Straight_1x2_Teeth_Mirror_Finish_4.75in_right_side_up_open_027_aug013.jpg","Tissue Forceps Adson Straight 1x2 Teeth Mirror Finish 4.75in right side up","open","27","13.0"
"D:\augmented_data_random_backgrounds\images\train\Tissue_Forceps_Adson_Straight_1x2_Teeth_Mirror_Finish_4.75in_right_side_up_open_027_aug014.jpg","Tissue Forceps Adson Straight 1x2 Teeth Mirror Finish 4.75in right side up","open","27","14.0"
"D:\augmented_data_random_backgrounds\images\train\Tissue_Forceps_Adson_Straight_1x2_Teeth_Mirror_Finish_4.75in_right_side_up_open_027_aug015.jpg","Tissue Forceps Adson Straight 1x2 Teeth Mirror Finish 4.75in right side up","open","27","15.0"
"D:\augmented_data_random_backgrounds\images\train\Tissue_Forceps_Adson_Straight_1x2_Teeth_Mirror_Finish_4.75in_right_side_up_open_027_aug016.jpg","Tissue Forceps Adson Straight 1x2 Teeth Mirror Finish 4.75in right side up","open","27","16.0"
"D:\augmented_data_random_backgrounds\images\train\Tissue_Forceps_Adson_Straight_1x2_Teeth_Mirror_Finish_4.75in_right_side_up_open_027_aug017.jpg","Tissue Forceps Adson Straight 1x2 Teeth Mirror Finish 4.75in right side up","open","27","17.0"
"D:\augmented_data_random_backgrounds\images\train\Tissue_Forceps_Adson_Straight_1x2_Teeth_Mirror_Finish_4.75in_right_side_up_open_027_aug018.jpg","Tissue Forceps Adson Straight 1x2 Teeth Mirror Finish 4.75in right side up","open","27","18.0"
"D:\augmented_data_random_backgrounds\images\train\Tissue_Forceps_Adson_Straight_1x2_Teeth_Mirror_Finish_4.75in_right_side_up_open_027_aug019.jpg","Tissue Forceps Adson Straight 1x2 Teeth Mirror Finish 4.75in right side up","open","27","19.0"
"D:\augmented_data_random_backgrounds\images\train\Tissue_Forceps_Adson_Straight_1x2_Teeth_Mirror_Finish_4.75in_right_side_up_open_027_aug020.jpg","Tissue Forceps Adson Straight 1x2 Teeth Mirror Finish 4.75in right side up","open","27","20.0"
"D:\augmented_data_random_backgrounds\images\train\Tissue_Forceps_Adson_Straight_1x2_Teeth_Mirror_Finish_4.75in_right_side_up_open_027_aug021.jpg","Tissue Forceps Adson Straight 1x2 Teeth Mirror Finish 4.75in right side up","open","27","21.0"
"D:\augmented_data_random_backgrounds\images\train\Tissue_Forceps_Adson_Straight_1x2_Teeth_Mirror_Finish_4.75in_right_side_up_open_027_aug022.jpg","Tissue Forceps Adson Straight 1x2 Teeth Mirror Finish 4.75in right side up","open","27","22.0"
"D:\augmented_data_random_backgrounds\images\train\Tissue_Forceps_Adson_Straight_1x2_Teeth_Mirror_Finish_4.75in_right_side_up_open_027_aug023.jpg","Tissue Forceps Adson Straight 1x2 Teeth Mirror Finish 4.75in right side up","open","27","23.0"
"D:\augmented_data_random_backgrounds\images\train\Tissue_Forceps_Adson_Straight_1x2_Teeth_Mirror_Finish_4.75in_right_side_up_open_027_aug024.jpg","Tissue Forceps Adson Straight 1x2 Teeth Mirror Finish 4.75in right side up","open","27","24.0"
"D:\augmented_data_random_backgrounds\images\train\Tissue_Forceps_Adson_Straight_1x2_Teeth_Mirror_Finish_4.75in_right_side_up_open_028.jpg","Tissue Forceps Adson Straight 1x2 Teeth Mirror Finish 4.75in right side up","open","28",""
"D:\augmented_data_random_backgrounds\images\train\Tissue_Forceps_Adson_Straight_1x2_Teeth_Mirror_Finish_4.75in_right_side_up_open_028_aug000.jpg","Tissue Forceps Adson Straight 1x2 Teeth Mirror Finish 4.75in right side up","open","28","0.0"
"D:\augmented_data_random_backgrounds\images\train\Tissue_Forceps_Adson_Straight_1x2_Teeth_Mirror_Finish_4.75in_right_side_up_open_028_aug001.jpg","Tissue Forceps Adson Straight 1x2 Teeth Mirror Finish 4.75in right side up","open","28","1.0"
"D:\augmented_data_random_backgrounds\images\train\Tissue_Forceps_Adson_Straight_1x2_Teeth_Mirror_Finish_4.75in_right_side_up_open_028_aug002.jpg","Tissue Forceps Adson Straight 1x2 Teeth Mirror Finish 4.75in right side up","open","28","2.0"
"D:\augmented_data_random_backgrounds\images\train\Tissue_Forceps_Adson_Straight_1x2_Teeth_Mirror_Finish_4.75in_right_side_up_open_028_aug003.jpg","Tissue Forceps Adson Straight 1x2 Teeth Mirror Finish 4.75in right side up","open","28","3.0"
"D:\augmented_data_random_backgrounds\images\train\Tissue_Forceps_Adson_Straight_1x2_Teeth_Mirror_Finish_4.75in_right_side_up_open_028_aug004.jpg","Tissue Forceps Adson Straight 1x2 Teeth Mirror Finish 4.75in right side up","open","28","4.0"
"D:\augmented_data_random_backgrounds\images\train\Tissue_Forceps_Adson_Straight_1x2_Teeth_Mirror_Finish_4.75in_right_side_up_open_028_aug005.jpg","Tissue Forceps Adson Straight 1x2 Teeth Mirror Finish 4.75in right side up","open","28","5.0"
"D:\augmented_data_random_backgrounds\images\train\Tissue_Forceps_Adson_Straight_1x2_Teeth_Mirror_Finish_4.75in_right_side_up_open_028_aug006.jpg","Tissue Forceps Adson Straight 1x2 Teeth Mirror Finish 4.75in right side up","open","28","6.0"
"D:\augmented_data_random_backgrounds\images\train\Tissue_Forceps_Adson_Straight_1x2_Teeth_Mirror_Finish_4.75in_right_side_up_open_028_aug007.jpg","Tissue Forceps Adson Straight 1x2 Teeth Mirror Finish 4.75in right side up","open","28","7.0"
"D:\augmented_data_random_backgrounds\images\train\Tissue_Forceps_Adson_Straight_1x2_Teeth_Mirror_Finish_4.75in_right_side_up_open_028_aug008.jpg","Tissue Forceps Adson Straight 1x2 Teeth Mirror Finish 4.75in right side up","open","28","8.0"
"D:\augmented_data_random_backgrounds\images\train\Tissue_Forceps_Adson_Straight_1x2_Teeth_Mirror_Finish_4.75in_right_side_up_open_028_aug009.jpg","Tissue Forceps Adson Straight 1x2 Teeth Mirror Finish 4.75in right side up","open","28","9.0"
"D:\augmented_data_random_backgrounds\images\train\Tissue_Forceps_Adson_Straight_1x2_Teeth_Mirror_Finish_4.75in_right_side_up_open_028_aug010.jpg","Tissue Forceps Adson Straight 1x2 Teeth Mirror Finish 4.75in right side up","open","28","10.0"
"D:\augmented_data_random_backgrounds\images\train\Tissue_Forceps_Adson_Straight_1x2_Teeth_Mirror_Finish_4.75in_right_side_up_open_028_aug011.jpg","Tissue Forceps Adson Straight 1x2 Teeth Mirror Finish 4.75in right side up","open","28","11.0"
"D:\augmented_data_random_backgrounds\images\train\Tissue_Forceps_Adson_Straight_1x2_Teeth_Mirror_Finish_4.75in_right_side_up_open_028_aug012.jpg","Tissue Forceps Adson Straight 1x2 Teeth Mirror Finish 4.75in right side up","open","28","12.0"
"D:\augmented_data_random_backgrounds\images\train\Tissue_Forceps_Adson_Straight_1x2_Teeth_Mirror_Finish_4.75in_right_side_up_open_028_aug013.jpg","Tissue Forceps Adson Straight 1x2 Teeth Mirror Finish 4.75in right side up","open","28","13.0"
"D:\augmented_data_random_backgrounds\images\train\Tissue_Forceps_Adson_Straight_1x2_Teeth_Mirror_Finish_4.75in_right_side_up_open_028_aug014.jpg","Tissue Forceps Adson Straight 1x2 Teeth Mirror Finish 4.75in right side up","open","28","14.0"
"D:\augmented_data_random_backgrounds\images\train\Tissue_Forceps_Adson_Straight_1x2_Teeth_Mirror_Finish_4.75in_right_side_up_open_028_aug015.jpg","Tissue Forceps Adson Straight 1x2 Teeth Mirror Finish 4.75in right side up","open","28","15.0"
"D:\augmented_data_random_backgrounds\images\train\Tissue_Forceps_Adson_Straight_1x2_Teeth_Mirror_Finish_4.75in_right_side_up_open_028_aug016.jpg","Tissue Forceps Adson Straight 1x2 Teeth Mirror Finish 4.75in right side up","open","28","16.0"
"D:\augmented_data_random_backgrounds\images\train\Tissue_Forceps_Adson_Straight_1x2_Teeth_Mirror_Finish_4.75in_right_side_up_open_028_aug017.jpg","Tissue Forceps Adson Straight 1x2 Teeth Mirror Finish 4.75in right side up","open","28","17.0"
"D:\augmented_data_random_backgrounds\images\train\Tissue_Forceps_Adson_Straight_1x2_Teeth_Mirror_Finish_4.75in_right_side_up_open_028_aug018.jpg","Tissue Forceps Adson Straight 1x2 Teeth Mirror Finish 4.75in right side up","open","28","18.0"
"D:\augmented_data_random_backgrounds\images\train\Tissue_Forceps_Adson_Straight_1x2_Teeth_Mirror_Finish_4.75in_right_side_up_open_028_aug019.jpg","Tissue Forceps Adson Straight 1x2 Teeth Mirror Finish 4.75in right side up","open","28","19.0"
"D:\augmented_data_random_backgrounds\images\train\Tissue_Forceps_Adson_Straight_1x2_Teeth_Mirror_Finish_4.75in_right_side_up_open_028_aug020.jpg","Tissue Forceps Adson Straight 1x2 Teeth Mirror Finish 4.75in right side up","open","28","20.0"
"D:\augmented_data_random_backgrounds\images\train\Tissue_Forceps_Adson_Straight_1x2_Teeth_Mirror_Finish_4.75in_right_side_up_open_028_aug021.jpg","Tissue Forceps Adson Straight 1x2 Teeth Mirror Finish 4.75in right side up","open","28","21.0"
"D:\augmented_data_random_backgrounds\images\train\Tissue_Forceps_Adson_Straight_1x2_Teeth_Mirror_Finish_4.75in_right_side_up_open_028_aug022.jpg","Tissue Forceps Adson Straight 1x2 Teeth Mirror Finish 4.75in right side up","open","28","22.0"
"D:\augmented_data_random_backgrounds\images\train\Tissue_Forceps_Adson_Straight_1x2_Teeth_Mirror_Finish_4.75in_right_side_up_open_028_aug023.jpg","Tissue Forceps Adson Straight 1x2 Teeth Mirror Finish 4.75in right side up","open","28","23.0"
"D:\augmented_data_random_backgrounds\images\train\Tissue_Forceps_Adson_Straight_1x2_Teeth_Mirror_Finish_4.75in_right_side_up_open_028_aug024.jpg","Tissue Forceps Adson Straight 1x2 Teeth Mirror Finish 4.75in right side up","open","28","24.0"
"D:\augmented_data_random_backgrounds\images\train\Tissue_Forceps_Adson_Straight_1x2_Teeth_Mirror_Finish_4.75in_right_side_up_open_029.jpg","Tissue Forceps Adson Straight 1x2 Teeth Mirror Finish 4.75in right side up","open","29",""
"D:\augmented_data_random_backgrounds\images\train\Tissue_Forceps_Adson_Straight_1x2_Teeth_Mirror_Finish_4.75in_right_side_up_open_029_aug000.jpg","Tissue Forceps Adson Straight 1x2 Teeth Mirror Finish 4.75in right side up","open","29","0.0"
"D:\augmented_data_random_backgrounds\images\train\Tissue_Forceps_Adson_Straight_1x2_Teeth_Mirror_Finish_4.75in_right_side_up_open_029_aug001.jpg","Tissue Forceps Adson Straight 1x2 Teeth Mirror Finish 4.75in right side up","open","29","1.0"
"D:\augmented_data_random_backgrounds\images\train\Tissue_Forceps_Adson_Straight_1x2_Teeth_Mirror_Finish_4.75in_right_side_up_open_029_aug002.jpg","Tissue Forceps Adson Straight 1x2 Teeth Mirror Finish 4.75in right side up","open","29","2.0"
"D:\augmented_data_random_backgrounds\images\train\Tissue_Forceps_Adson_Straight_1x2_Teeth_Mirror_Finish_4.75in_right_side_up_open_029_aug003.jpg","Tissue Forceps Adson Straight 1x2 Teeth Mirror Finish 4.75in right side up","open","29","3.0"
"D:\augmented_data_random_backgrounds\images\train\Tissue_Forceps_Adson_Straight_1x2_Teeth_Mirror_Finish_4.75in_right_side_up_open_029_aug004.jpg","Tissue Forceps Adson Straight 1x2 Teeth Mirror Finish 4.75in right side up","open","29","4.0"
"D:\augmented_data_random_backgrounds\images\train\Tissue_Forceps_Adson_Straight_1x2_Teeth_Mirror_Finish_4.75in_right_side_up_open_029_aug005.jpg","Tissue Forceps Adson Straight 1x2 Teeth Mirror Finish 4.75in right side up","open","29","5.0"
"D:\augmented_data_random_backgrounds\images\train\Tissue_Forceps_Adson_Straight_1x2_Teeth_Mirror_Finish_4.75in_right_side_up_open_029_aug006.jpg","Tissue Forceps Adson Straight 1x2 Teeth Mirror Finish 4.75in right side up","open","29","6.0"
"D:\augmented_data_random_backgrounds\images\train\Tissue_Forceps_Adson_Straight_1x2_Teeth_Mirror_Finish_4.75in_right_side_up_open_029_aug007.jpg","Tissue Forceps Adson Straight 1x2 Teeth Mirror Finish 4.75in right side up","open","29","7.0"
"D:\augmented_data_random_backgrounds\images\train\Tissue_Forceps_Adson_Straight_1x2_Teeth_Mirror_Finish_4.75in_right_side_up_open_029_aug008.jpg","Tissue Forceps Adson Straight 1x2 Teeth Mirror Finish 4.75in right side up","open","29","8.0"
"D:\augmented_data_random_backgrounds\images\train\Tissue_Forceps_Adson_Straight_1x2_Teeth_Mirror_Finish_4.75in_right_side_up_open_029_aug009.jpg","Tissue Forceps Adson Straight 1x2 Teeth Mirror Finish 4.75in right side up","open","29","9.0"
"D:\augmented_data_random_backgrounds\images\train\Tissue_Forceps_Adson_Straight_1x2_Teeth_Mirror_Finish_4.75in_right_side_up_open_029_aug010.jpg","Tissue Forceps Adson Straight 1x2 Teeth Mirror Finish 4.75in right side up","open","29","10.0"
"D:\augmented_data_random_backgrounds\images\train\Tissue_Forceps_Adson_Straight_1x2_Teeth_Mirror_Finish_4.75in_right_side_up_open_029_aug011.jpg","Tissue Forceps Adson Straight 1x2 Teeth Mirror Finish 4.75in right side up","open","29","11.0"
"D:\augmented_data_random_backgrounds\images\train\Tissue_Forceps_Adson_Straight_1x2_Teeth_Mirror_Finish_4.75in_right_side_up_open_029_aug012.jpg","Tissue Forceps Adson Straight 1x2 Teeth Mirror Finish 4.75in right side up","open","29","12.0"
"D:\augmented_data_random_backgrounds\images\train\Tissue_Forceps_Adson_Straight_1x2_Teeth_Mirror_Finish_4.75in_right_side_up_open_029_aug013.jpg","Tissue Forceps Adson Straight 1x2 Teeth Mirror Finish 4.75in right side up","open","29","13.0"
"D:\augmented_data_random_backgrounds\images\train\Tissue_Forceps_Adson_Straight_1x2_Teeth_Mirror_Finish_4.75in_right_side_up_open_029_aug014.jpg","Tissue Forceps Adson Straight 1x2 Teeth Mirror Finish 4.75in right side up","open","29","14.0"
"D:\augmented_data_random_backgrounds\images\train\Tissue_Forceps_Adson_Straight_1x2_Teeth_Mirror_Finish_4.75in_right_side_up_open_029_aug015.jpg","Tissue Forceps Adson Straight 1x2 Teeth Mirror Finish 4.75in right side up","open","29","15.0"
"D:\augmented_data_random_backgrounds\images\train\Tissue_Forceps_Adson_Straight_1x2_Teeth_Mirror_Finish_4.75in_right_side_up_open_029_aug016.jpg","Tissue Forceps Adson Straight 1x2 Teeth Mirror Finish 4.75in right side up","open","29","16.0"
"D:\augmented_data_random_backgrounds\images\train\Tissue_Forceps_Adson_Straight_1x2_Teeth_Mirror_Finish_4.75in_right_side_up_open_029_aug017.jpg","Tissue Forceps Adson Straight 1x2 Teeth Mirror Finish 4.75in right side up","open","29","17.0"
"D:\augmented_data_random_backgrounds\images\train\Tissue_Forceps_Adson_Straight_1x2_Teeth_Mirror_Finish_4.75in_right_side_up_open_029_aug018.jpg","Tissue Forceps Adson Straight 1x2 Teeth Mirror Finish 4.75in right side up","open","29","18.0"
"D:\augmented_data_random_backgrounds\images\train\Tissue_Forceps_Adson_Straight_1x2_Teeth_Mirror_Finish_4.75in_right_side_up_open_029_aug019.jpg","Tissue Forceps Adson Straight 1x2 Teeth Mirror Finish 4.75in right side up","open","29","19.0"
"D:\augmented_data_random_backgrounds\images\train\Tissue_Forceps_Adson_Straight_1x2_Teeth_Mirror_Finish_4.75in_right_side_up_open_029_aug020.jpg","Tissue Forceps Adson Straight 1x2 Teeth Mirror Finish 4.75in right side up","open","29","20.0"
"D:\augmented_data_random_backgrounds\images\train\Tissue_Forceps_Adson_Straight_1x2_Teeth_Mirror_Finish_4.75in_right_side_up_open_029_aug021.jpg","Tissue Forceps Adson Straight 1x2 Teeth Mirror Finish 4.75in right side up","open","29","21.0"
"D:\augmented_data_random_backgrounds\images\train\Tissue_Forceps_Adson_Straight_1x2_Teeth_Mirror_Finish_4.75in_right_side_up_open_029_aug022.jpg","Tissue Forceps Adson Straight 1x2 Teeth Mirror Finish 4.75in right side up","open","29","22.0"
"D:\augmented_data_random_backgrounds\images\train\Tissue_Forceps_Adson_Straight_1x2_Teeth_Mirror_Finish_4.75in_right_side_up_open_029_aug023.jpg","Tissue Forceps Adson Straight 1x2 Teeth Mirror Finish 4.75in right side up","open","29","23.0"
"D:\augmented_data_random_backgrounds\images\train\Tissue_Forceps_Adson_Straight_1x2_Teeth_Mirror_Finish_4.75in_right_side_up_open_029_aug024.jpg","Tissue Forceps Adson Straight 1x2 Teeth Mirror Finish 4.75in right side up","open","29","24.0"
"D:\augmented_data_random_backgrounds\images\train\Tissue_Forceps_Adson_Straight_1x2_Teeth_Mirror_Finish_4.75in_right_side_up_open_030.jpg","Tissue Forceps Adson Straight 1x2 Teeth Mirror Finish 4.75in right side up","open","30",""
"D:\augmented_data_random_backgrounds\images\train\Tissue_Forceps_Adson_Straight_1x2_Teeth_Mirror_Finish_4.75in_right_side_up_open_030_aug000.jpg","Tissue Forceps Adson Straight 1x2 Teeth Mirror Finish 4.75in right side up","open","30","0.0"
"D:\augmented_data_random_backgrounds\images\train\Tissue_Forceps_Adson_Straight_1x2_Teeth_Mirror_Finish_4.75in_right_side_up_open_030_aug001.jpg","Tissue Forceps Adson Straight 1x2 Teeth Mirror Finish 4.75in right side up","open","30","1.0"
"D:\augmented_data_random_backgrounds\images\train\Tissue_Forceps_Adson_Straight_1x2_Teeth_Mirror_Finish_4.75in_right_side_up_open_030_aug002.jpg","Tissue Forceps Adson Straight 1x2 Teeth Mirror Finish 4.75in right side up","open","30","2.0"
"D:\augmented_data_random_backgrounds\images\train\Tissue_Forceps_Adson_Straight_1x2_Teeth_Mirror_Finish_4.75in_right_side_up_open_030_aug003.jpg","Tissue Forceps Adson Straight 1x2 Teeth Mirror Finish 4.75in right side up","open","30","3.0"
"D:\augmented_data_random_backgrounds\images\train\Tissue_Forceps_Adson_Straight_1x2_Teeth_Mirror_Finish_4.75in_right_side_up_open_030_aug004.jpg","Tissue Forceps Adson Straight 1x2 Teeth Mirror Finish 4.75in right side up","open","30","4.0"
"D:\augmented_data_random_backgrounds\images\train\Tissue_Forceps_Adson_Straight_1x2_Teeth_Mirror_Finish_4.75in_right_side_up_open_030_aug005.jpg","Tissue Forceps Adson Straight 1x2 Teeth Mirror Finish 4.75in right side up","open","30","5.0"
"D:\augmented_data_random_backgrounds\images\train\Tissue_Forceps_Adson_Straight_1x2_Teeth_Mirror_Finish_4.75in_right_side_up_open_030_aug006.jpg","Tissue Forceps Adson Straight 1x2 Teeth Mirror Finish 4.75in right side up","open","30","6.0"
"D:\augmented_data_random_backgrounds\images\train\Tissue_Forceps_Adson_Straight_1x2_Teeth_Mirror_Finish_4.75in_right_side_up_open_030_aug007.jpg","Tissue Forceps Adson Straight 1x2 Teeth Mirror Finish 4.75in right side up","open","30","7.0"
"D:\augmented_data_random_backgrounds\images\train\Tissue_Forceps_Adson_Straight_1x2_Teeth_Mirror_Finish_4.75in_right_side_up_open_030_aug008.jpg","Tissue Forceps Adson Straight 1x2 Teeth Mirror Finish 4.75in right side up","open","30","8.0"
"D:\augmented_data_random_backgrounds\images\train\Tissue_Forceps_Adson_Straight_1x2_Teeth_Mirror_Finish_4.75in_right_side_up_open_030_aug009.jpg","Tissue Forceps Adson Straight 1x2 Teeth Mirror Finish 4.75in right side up","open","30","9.0"
"D:\augmented_data_random_backgrounds\images\train\Tissue_Forceps_Adson_Straight_1x2_Teeth_Mirror_Finish_4.75in_right_side_up_open_030_aug010.jpg","Tissue Forceps Adson Straight 1x2 Teeth Mirror Finish 4.75in right side up","open","30","10.0"
"D:\augmented_data_random_backgrounds\images\train\Tissue_Forceps_Adson_Straight_1x2_Teeth_Mirror_Finish_4.75in_right_side_up_open_030_aug011.jpg","Tissue Forceps Adson Straight 1x2 Teeth Mirror Finish 4.75in right side up","open","30","11.0"
"D:\augmented_data_random_backgrounds\images\train\Tissue_Forceps_Adson_Straight_1x2_Teeth_Mirror_Finish_4.75in_right_side_up_open_030_aug012.jpg","Tissue Forceps Adson Straight 1x2 Teeth Mirror Finish 4.75in right side up","open","30","12.0"
"D:\augmented_data_random_backgrounds\images\train\Tissue_Forceps_Adson_Straight_1x2_Teeth_Mirror_Finish_4.75in_right_side_up_open_030_aug013.jpg","Tissue Forceps Adson Straight 1x2 Teeth Mirror Finish 4.75in right side up","open","30","13.0"
"D:\augmented_data_random_backgrounds\images\train\Tissue_Forceps_Adson_Straight_1x2_Teeth_Mirror_Finish_4.75in_right_side_up_open_030_aug014.jpg","Tissue Forceps Adson Straight 1x2 Teeth Mirror Finish 4.75in right side up","open","30","14.0"
"D:\augmented_data_random_backgrounds\images\train\Tissue_Forceps_Adson_Straight_1x2_Teeth_Mirror_Finish_4.75in_right_side_up_open_030_aug015.jpg","Tissue Forceps Adson Straight 1x2 Teeth Mirror Finish 4.75in right side up","open","30","15.0"
"D:\augmented_data_random_backgrounds\images\train\Tissue_Forceps_Adson_Straight_1x2_Teeth_Mirror_Finish_4.75in_right_side_up_open_030_aug016.jpg","Tissue Forceps Adson Straight 1x2 Teeth Mirror Finish 4.75in right side up","open","30","16.0"
"D:\augmented_data_random_backgrounds\images\train\Tissue_Forceps_Adson_Straight_1x2_Teeth_Mirror_Finish_4.75in_right_side_up_open_030_aug017.jpg","Tissue Forceps Adson Straight 1x2 Teeth Mirror Finish 4.75in right side up","open","30","17.0"
"D:\augmented_data_random_backgrounds\images\train\Tissue_Forceps_Adson_Straight_1x2_Teeth_Mirror_Finish_4.75in_right_side_up_open_030_aug018.jpg","Tissue Forceps Adson Straight 1x2 Teeth Mirror Finish 4.75in right side up","open","30","18.0"
"D:\augmented_data_random_backgrounds\images\train\Tissue_Forceps_Adson_Straight_1x2_Teeth_Mirror_Finish_4.75in_right_side_up_open_030_aug019.jpg","Tissue Forceps Adson Straight 1x2 Teeth Mirror Finish 4.75in right side up","open","30","19.0"
"D:\augmented_data_random_backgrounds\images\train\Tissue_Forceps_Adson_Straight_1x2_Teeth_Mirror_Finish_4.75in_right_side_up_open_030_aug020.jpg","Tissue Forceps Adson Straight 1x2 Teeth Mirror Finish 4.75in right side up","open","30","20.0"
"D:\augmented_data_random_backgrounds\images\train\Tissue_Forceps_Adson_Straight_1x2_Teeth_Mirror_Finish_4.75in_right_side_up_open_030_aug021.jpg","Tissue Forceps Adson Straight 1x2 Teeth Mirror Finish 4.75in right side up","open","30","21.0"
"D:\augmented_data_random_backgrounds\images\train\Tissue_Forceps_Adson_Straight_1x2_Teeth_Mirror_Finish_4.75in_right_side_up_open_030_aug022.jpg","Tissue Forceps Adson Straight 1x2 Teeth Mirror Finish 4.75in right side up","open","30","22.0"
"D:\augmented_data_random_backgrounds\images\train\Tissue_Forceps_Adson_Straight_1x2_Teeth_Mirror_Finish_4.75in_right_side_up_open_030_aug023.jpg","Tissue Forceps Adson Straight 1x2 Teeth Mirror Finish 4.75in right side up","open","30","23.0"
"D:\augmented_data_random_backgrounds\images\train\Tissue_Forceps_Adson_Straight_1x2_Teeth_Mirror_Finish_4.75in_right_side_up_open_030_aug024.jpg","Tissue Forceps Adson Straight 1x2 Teeth Mirror Finish 4.75in right side up","open","30","24.0"
"D:\augmented_data_random_backgrounds\images\train\Tissue_Forceps_Adson_Straight_1x2_Teeth_Mirror_Finish_4.75in_right_side_up_open_031.jpg","Tissue Forceps Adson Straight 1x2 Teeth Mirror Finish 4.75in right side up","open","31",""
"D:\augmented_data_random_backgrounds\images\train\Tissue_Forceps_Adson_Straight_1x2_Teeth_Mirror_Finish_4.75in_right_side_up_open_031_aug000.jpg","Tissue Forceps Adson Straight 1x2 Teeth Mirror Finish 4.75in right side up","open","31","0.0"
"D:\augmented_data_random_backgrounds\images\train\Tissue_Forceps_Adson_Straight_1x2_Teeth_Mirror_Finish_4.75in_right_side_up_open_031_aug001.jpg","Tissue Forceps Adson Straight 1x2 Teeth Mirror Finish 4.75in right side up","open","31","1.0"
"D:\augmented_data_random_backgrounds\images\train\Tissue_Forceps_Adson_Straight_1x2_Teeth_Mirror_Finish_4.75in_right_side_up_open_031_aug002.jpg","Tissue Forceps Adson Straight 1x2 Teeth Mirror Finish 4.75in right side up","open","31","2.0"
"D:\augmented_data_random_backgrounds\images\train\Tissue_Forceps_Adson_Straight_1x2_Teeth_Mirror_Finish_4.75in_right_side_up_open_031_aug003.jpg","Tissue Forceps Adson Straight 1x2 Teeth Mirror Finish 4.75in right side up","open","31","3.0"
"D:\augmented_data_random_backgrounds\images\train\Tissue_Forceps_Adson_Straight_1x2_Teeth_Mirror_Finish_4.75in_right_side_up_open_031_aug004.jpg","Tissue Forceps Adson Straight 1x2 Teeth Mirror Finish 4.75in right side up","open","31","4.0"
"D:\augmented_data_random_backgrounds\images\train\Tissue_Forceps_Adson_Straight_1x2_Teeth_Mirror_Finish_4.75in_right_side_up_open_031_aug005.jpg","Tissue Forceps Adson Straight 1x2 Teeth Mirror Finish 4.75in right side up","open","31","5.0"
"D:\augmented_data_random_backgrounds\images\train\Tissue_Forceps_Adson_Straight_1x2_Teeth_Mirror_Finish_4.75in_right_side_up_open_031_aug006.jpg","Tissue Forceps Adson Straight 1x2 Teeth Mirror Finish 4.75in right side up","open","31","6.0"
"D:\augmented_data_random_backgrounds\images\train\Tissue_Forceps_Adson_Straight_1x2_Teeth_Mirror_Finish_4.75in_right_side_up_open_031_aug007.jpg","Tissue Forceps Adson Straight 1x2 Teeth Mirror Finish 4.75in right side up","open","31","7.0"
"D:\augmented_data_random_backgrounds\images\train\Tissue_Forceps_Adson_Straight_1x2_Teeth_Mirror_Finish_4.75in_right_side_up_open_031_aug008.jpg","Tissue Forceps Adson Straight 1x2 Teeth Mirror Finish 4.75in right side up","open","31","8.0"
"D:\augmented_data_random_backgrounds\images\train\Tissue_Forceps_Adson_Straight_1x2_Teeth_Mirror_Finish_4.75in_right_side_up_open_031_aug009.jpg","Tissue Forceps Adson Straight 1x2 Teeth Mirror Finish 4.75in right side up","open","31","9.0"
"D:\augmented_data_random_backgrounds\images\train\Tissue_Forceps_Adson_Straight_1x2_Teeth_Mirror_Finish_4.75in_right_side_up_open_031_aug010.jpg","Tissue Forceps Adson Straight 1x2 Teeth Mirror Finish 4.75in right side up","open","31","10.0"
"D:\augmented_data_random_backgrounds\images\train\Tissue_Forceps_Adson_Straight_1x2_Teeth_Mirror_Finish_4.75in_right_side_up_open_031_aug011.jpg","Tissue Forceps Adson Straight 1x2 Teeth Mirror Finish 4.75in right side up","open","31","11.0"
"D:\augmented_data_random_backgrounds\images\train\Tissue_Forceps_Adson_Straight_1x2_Teeth_Mirror_Finish_4.75in_right_side_up_open_031_aug012.jpg","Tissue Forceps Adson Straight 1x2 Teeth Mirror Finish 4.75in right side up","open","31","12.0"
"D:\augmented_data_random_backgrounds\images\train\Tissue_Forceps_Adson_Straight_1x2_Teeth_Mirror_Finish_4.75in_right_side_up_open_031_aug013.jpg","Tissue Forceps Adson Straight 1x2 Teeth Mirror Finish 4.75in right side up","open","31","13.0"
"D:\augmented_data_random_backgrounds\images\train\Tissue_Forceps_Adson_Straight_1x2_Teeth_Mirror_Finish_4.75in_right_side_up_open_031_aug014.jpg","Tissue Forceps Adson Straight 1x2 Teeth Mirror Finish 4.75in right side up","open","31","14.0"
"D:\augmented_data_random_backgrounds\images\train\Tissue_Forceps_Adson_Straight_1x2_Teeth_Mirror_Finish_4.75in_right_side_up_open_031_aug015.jpg","Tissue Forceps Adson Straight 1x2 Teeth Mirror Finish 4.75in right side up","open","31","15.0"
"D:\augmented_data_random_backgrounds\images\train\Tissue_Forceps_Adson_Straight_1x2_Teeth_Mirror_Finish_4.75in_right_side_up_open_031_aug016.jpg","Tissue Forceps Adson Straight 1x2 Teeth Mirror Finish 4.75in right side up","open","31","16.0"
"D:\augmented_data_random_backgrounds\images\train\Tissue_Forceps_Adson_Straight_1x2_Teeth_Mirror_Finish_4.75in_right_side_up_open_031_aug017.jpg","Tissue Forceps Adson Straight 1x2 Teeth Mirror Finish 4.75in right side up","open","31","17.0"
"D:\augmented_data_random_backgrounds\images\train\Tissue_Forceps_Adson_Straight_1x2_Teeth_Mirror_Finish_4.75in_right_side_up_open_031_aug018.jpg","Tissue Forceps Adson Straight 1x2 Teeth Mirror Finish 4.75in right side up","open","31","18.0"
"D:\augmented_data_random_backgrounds\images\train\Tissue_Forceps_Adson_Straight_1x2_Teeth_Mirror_Finish_4.75in_right_side_up_open_031_aug019.jpg","Tissue Forceps Adson Straight 1x2 Teeth Mirror Finish 4.75in right side up","open","31","19.0"
"D:\augmented_data_random_backgrounds\images\train\Tissue_Forceps_Adson_Straight_1x2_Teeth_Mirror_Finish_4.75in_right_side_up_open_031_aug020.jpg","Tissue Forceps Adson Straight 1x2 Teeth Mirror Finish 4.75in right side up","open","31","20.0"
"D:\augmented_data_random_backgrounds\images\train\Tissue_Forceps_Adson_Straight_1x2_Teeth_Mirror_Finish_4.75in_right_side_up_open_031_aug021.jpg","Tissue Forceps Adson Straight 1x2 Teeth Mirror Finish 4.75in right side up","open","31","21.0"
"D:\augmented_data_random_backgrounds\images\train\Tissue_Forceps_Adson_Straight_1x2_Teeth_Mirror_Finish_4.75in_right_side_up_open_031_aug022.jpg","Tissue Forceps Adson Straight 1x2 Teeth Mirror Finish 4.75in right side up","open","31","22.0"
"D:\augmented_data_random_backgrounds\images\train\Tissue_Forceps_Adson_Straight_1x2_Teeth_Mirror_Finish_4.75in_right_side_up_open_031_aug023.jpg","Tissue Forceps Adson Straight 1x2 Teeth Mirror Finish 4.75in right side up","open","31","23.0"
"D:\augmented_data_random_backgrounds\images\train\Tissue_Forceps_Adson_Straight_1x2_Teeth_Mirror_Finish_4.75in_right_side_up_open_031_aug024.jpg","Tissue Forceps Adson Straight 1x2 Teeth Mirror Finish 4.75in right side up","open","31","24.0"
"D:\augmented_data_random_backgrounds\images\train\Tissue_Forceps_Adson_Straight_1x2_Teeth_Mirror_Finish_4.75in_right_side_up_open_032.jpg","Tissue Forceps Adson Straight 1x2 Teeth Mirror Finish 4.75in right side up","open","32",""
"D:\augmented_data_random_backgrounds\images\train\Tissue_Forceps_Adson_Straight_1x2_Teeth_Mirror_Finish_4.75in_right_side_up_open_032_aug000.jpg","Tissue Forceps Adson Straight 1x2 Teeth Mirror Finish 4.75in right side up","open","32","0.0"
"D:\augmented_data_random_backgrounds\images\train\Tissue_Forceps_Adson_Straight_1x2_Teeth_Mirror_Finish_4.75in_right_side_up_open_032_aug001.jpg","Tissue Forceps Adson Straight 1x2 Teeth Mirror Finish 4.75in right side up","open","32","1.0"
"D:\augmented_data_random_backgrounds\images\train\Tissue_Forceps_Adson_Straight_1x2_Teeth_Mirror_Finish_4.75in_right_side_up_open_032_aug002.jpg","Tissue Forceps Adson Straight 1x2 Teeth Mirror Finish 4.75in right side up","open","32","2.0"
"D:\augmented_data_random_backgrounds\images\train\Tissue_Forceps_Adson_Straight_1x2_Teeth_Mirror_Finish_4.75in_right_side_up_open_032_aug003.jpg","Tissue Forceps Adson Straight 1x2 Teeth Mirror Finish 4.75in right side up","open","32","3.0"
"D:\augmented_data_random_backgrounds\images\train\Tissue_Forceps_Adson_Straight_1x2_Teeth_Mirror_Finish_4.75in_right_side_up_open_032_aug004.jpg","Tissue Forceps Adson Straight 1x2 Teeth Mirror Finish 4.75in right side up","open","32","4.0"
"D:\augmented_data_random_backgrounds\images\train\Tissue_Forceps_Adson_Straight_1x2_Teeth_Mirror_Finish_4.75in_right_side_up_open_032_aug005.jpg","Tissue Forceps Adson Straight 1x2 Teeth Mirror Finish 4.75in right side up","open","32","5.0"
"D:\augmented_data_random_backgrounds\images\train\Tissue_Forceps_Adson_Straight_1x2_Teeth_Mirror_Finish_4.75in_right_side_up_open_032_aug006.jpg","Tissue Forceps Adson Straight 1x2 Teeth Mirror Finish 4.75in right side up","open","32","6.0"
"D:\augmented_data_random_backgrounds\images\train\Tissue_Forceps_Adson_Straight_1x2_Teeth_Mirror_Finish_4.75in_right_side_up_open_032_aug007.jpg","Tissue Forceps Adson Straight 1x2 Teeth Mirror Finish 4.75in right side up","open","32","7.0"
"D:\augmented_data_random_backgrounds\images\train\Tissue_Forceps_Adson_Straight_1x2_Teeth_Mirror_Finish_4.75in_right_side_up_open_032_aug008.jpg","Tissue Forceps Adson Straight 1x2 Teeth Mirror Finish 4.75in right side up","open","32","8.0"
"D:\augmented_data_random_backgrounds\images\train\Tissue_Forceps_Adson_Straight_1x2_Teeth_Mirror_Finish_4.75in_right_side_up_open_032_aug009.jpg","Tissue Forceps Adson Straight 1x2 Teeth Mirror Finish 4.75in right side up","open","32","9.0"
"D:\augmented_data_random_backgrounds\images\train\Tissue_Forceps_Adson_Straight_1x2_Teeth_Mirror_Finish_4.75in_right_side_up_open_032_aug010.jpg","Tissue Forceps Adson Straight 1x2 Teeth Mirror Finish 4.75in right side up","open","32","10.0"
"D:\augmented_data_random_backgrounds\images\train\Tissue_Forceps_Adson_Straight_1x2_Teeth_Mirror_Finish_4.75in_right_side_up_open_032_aug011.jpg","Tissue Forceps Adson Straight 1x2 Teeth Mirror Finish 4.75in right side up","open","32","11.0"
"D:\augmented_data_random_backgrounds\images\train\Tissue_Forceps_Adson_Straight_1x2_Teeth_Mirror_Finish_4.75in_right_side_up_open_032_aug012.jpg","Tissue Forceps Adson Straight 1x2 Teeth Mirror Finish 4.75in right side up","open","32","12.0"
"D:\augmented_data_random_backgrounds\images\train\Tissue_Forceps_Adson_Straight_1x2_Teeth_Mirror_Finish_4.75in_right_side_up_open_032_aug013.jpg","Tissue Forceps Adson Straight 1x2 Teeth Mirror Finish 4.75in right side up","open","32","13.0"
"D:\augmented_data_random_backgrounds\images\train\Tissue_Forceps_Adson_Straight_1x2_Teeth_Mirror_Finish_4.75in_right_side_up_open_032_aug014.jpg","Tissue Forceps Adson Straight 1x2 Teeth Mirror Finish 4.75in right side up","open","32","14.0"
"D:\augmented_data_random_backgrounds\images\train\Tissue_Forceps_Adson_Straight_1x2_Teeth_Mirror_Finish_4.75in_right_side_up_open_032_aug015.jpg","Tissue Forceps Adson Straight 1x2 Teeth Mirror Finish 4.75in right side up","open","32","15.0"
"D:\augmented_data_random_backgrounds\images\train\Tissue_Forceps_Adson_Straight_1x2_Teeth_Mirror_Finish_4.75in_right_side_up_open_032_aug016.jpg","Tissue Forceps Adson Straight 1x2 Teeth Mirror Finish 4.75in right side up","open","32","16.0"
"D:\augmented_data_random_backgrounds\images\train\Tissue_Forceps_Adson_Straight_1x2_Teeth_Mirror_Finish_4.75in_right_side_up_open_032_aug017.jpg","Tissue Forceps Adson Straight 1x2 Teeth Mirror Finish 4.75in right side up","open","32","17.0"
"D:\augmented_data_random_backgrounds\images\train\Tissue_Forceps_Adson_Straight_1x2_Teeth_Mirror_Finish_4.75in_right_side_up_open_032_aug018.jpg","Tissue Forceps Adson Straight 1x2 Teeth Mirror Finish 4.75in right side up","open","32","18.0"
"D:\augmented_data_random_backgrounds\images\train\Tissue_Forceps_Adson_Straight_1x2_Teeth_Mirror_Finish_4.75in_right_side_up_open_032_aug019.jpg","Tissue Forceps Adson Straight 1x2 Teeth Mirror Finish 4.75in right side up","open","32","19.0"
"D:\augmented_data_random_backgrounds\images\train\Tissue_Forceps_Adson_Straight_1x2_Teeth_Mirror_Finish_4.75in_right_side_up_open_032_aug020.jpg","Tissue Forceps Adson Straight 1x2 Teeth Mirror Finish 4.75in right side up","open","32","20.0"
"D:\augmented_data_random_backgrounds\images\train\Tissue_Forceps_Adson_Straight_1x2_Teeth_Mirror_Finish_4.75in_right_side_up_open_032_aug021.jpg","Tissue Forceps Adson Straight 1x2 Teeth Mirror Finish 4.75in right side up","open","32","21.0"
"D:\augmented_data_random_backgrounds\images\train\Tissue_Forceps_Adson_Straight_1x2_Teeth_Mirror_Finish_4.75in_right_side_up_open_032_aug022.jpg","Tissue Forceps Adson Straight 1x2 Teeth Mirror Finish 4.75in right side up","open","32","22.0"
"D:\augmented_data_random_backgrounds\images\train\Tissue_Forceps_Adson_Straight_1x2_Teeth_Mirror_Finish_4.75in_right_side_up_open_032_aug023.jpg","Tissue Forceps Adson Straight 1x2 Teeth Mirror Finish 4.75in right side up","open","32","23.0"
"D:\augmented_data_random_backgrounds\images\train\Tissue_Forceps_Adson_Straight_1x2_Teeth_Mirror_Finish_4.75in_right_side_up_open_032_aug024.jpg","Tissue Forceps Adson Straight 1x2 Teeth Mirror Finish 4.75in right side up","open","32","24.0"
"D:\augmented_data_random_backgrounds\images\train\Tissue_Forceps_Adson_Straight_1x2_Teeth_Mirror_Finish_4.75in_right_side_up_open_033.jpg","Tissue Forceps Adson Straight 1x2 Teeth Mirror Finish 4.75in right side up","open","33",""
"D:\augmented_data_random_backgrounds\images\train\Tissue_Forceps_Adson_Straight_1x2_Teeth_Mirror_Finish_4.75in_right_side_up_open_033_aug000.jpg","Tissue Forceps Adson Straight 1x2 Teeth Mirror Finish 4.75in right side up","open","33","0.0"
"D:\augmented_data_random_backgrounds\images\train\Tissue_Forceps_Adson_Straight_1x2_Teeth_Mirror_Finish_4.75in_right_side_up_open_033_aug001.jpg","Tissue Forceps Adson Straight 1x2 Teeth Mirror Finish 4.75in right side up","open","33","1.0"
"D:\augmented_data_random_backgrounds\images\train\Tissue_Forceps_Adson_Straight_1x2_Teeth_Mirror_Finish_4.75in_right_side_up_open_033_aug002.jpg","Tissue Forceps Adson Straight 1x2 Teeth Mirror Finish 4.75in right side up","open","33","2.0"
"D:\augmented_data_random_backgrounds\images\train\Tissue_Forceps_Adson_Straight_1x2_Teeth_Mirror_Finish_4.75in_right_side_up_open_033_aug003.jpg","Tissue Forceps Adson Straight 1x2 Teeth Mirror Finish 4.75in right side up","open","33","3.0"
"D:\augmented_data_random_backgrounds\images\train\Tissue_Forceps_Adson_Straight_1x2_Teeth_Mirror_Finish_4.75in_right_side_up_open_033_aug004.jpg","Tissue Forceps Adson Straight 1x2 Teeth Mirror Finish 4.75in right side up","open","33","4.0"
"D:\augmented_data_random_backgrounds\images\train\Tissue_Forceps_Adson_Straight_1x2_Teeth_Mirror_Finish_4.75in_right_side_up_open_033_aug005.jpg","Tissue Forceps Adson Straight 1x2 Teeth Mirror Finish 4.75in right side up","open","33","5.0"
"D:\augmented_data_random_backgrounds\images\train\Tissue_Forceps_Adson_Straight_1x2_Teeth_Mirror_Finish_4.75in_right_side_up_open_033_aug006.jpg","Tissue Forceps Adson Straight 1x2 Teeth Mirror Finish 4.75in right side up","open","33","6.0"
"D:\augmented_data_random_backgrounds\images\train\Tissue_Forceps_Adson_Straight_1x2_Teeth_Mirror_Finish_4.75in_right_side_up_open_033_aug007.jpg","Tissue Forceps Adson Straight 1x2 Teeth Mirror Finish 4.75in right side up","open","33","7.0"
"D:\augmented_data_random_backgrounds\images\train\Tissue_Forceps_Adson_Straight_1x2_Teeth_Mirror_Finish_4.75in_right_side_up_open_033_aug008.jpg","Tissue Forceps Adson Straight 1x2 Teeth Mirror Finish 4.75in right side up","open","33","8.0"
"D:\augmented_data_random_backgrounds\images\train\Tissue_Forceps_Adson_Straight_1x2_Teeth_Mirror_Finish_4.75in_right_side_up_open_033_aug009.jpg","Tissue Forceps Adson Straight 1x2 Teeth Mirror Finish 4.75in right side up","open","33","9.0"
"D:\augmented_data_random_backgrounds\images\train\Tissue_Forceps_Adson_Straight_1x2_Teeth_Mirror_Finish_4.75in_right_side_up_open_033_aug010.jpg","Tissue Forceps Adson Straight 1x2 Teeth Mirror Finish 4.75in right side up","open","33","10.0"
"D:\augmented_data_random_backgrounds\images\train\Tissue_Forceps_Adson_Straight_1x2_Teeth_Mirror_Finish_4.75in_right_side_up_open_033_aug011.jpg","Tissue Forceps Adson Straight 1x2 Teeth Mirror Finish 4.75in right side up","open","33","11.0"
"D:\augmented_data_random_backgrounds\images\train\Tissue_Forceps_Adson_Straight_1x2_Teeth_Mirror_Finish_4.75in_right_side_up_open_033_aug012.jpg","Tissue Forceps Adson Straight 1x2 Teeth Mirror Finish 4.75in right side up","open","33","12.0"
"D:\augmented_data_random_backgrounds\images\train\Tissue_Forceps_Adson_Straight_1x2_Teeth_Mirror_Finish_4.75in_right_side_up_open_033_aug013.jpg","Tissue Forceps Adson Straight 1x2 Teeth Mirror Finish 4.75in right side up","open","33","13.0"
"D:\augmented_data_random_backgrounds\images\train\Tissue_Forceps_Adson_Straight_1x2_Teeth_Mirror_Finish_4.75in_right_side_up_open_033_aug014.jpg","Tissue Forceps Adson Straight 1x2 Teeth Mirror Finish 4.75in right side up","open","33","14.0"
"D:\augmented_data_random_backgrounds\images\train\Tissue_Forceps_Adson_Straight_1x2_Teeth_Mirror_Finish_4.75in_right_side_up_open_033_aug015.jpg","Tissue Forceps Adson Straight 1x2 Teeth Mirror Finish 4.75in right side up","open","33","15.0"
"D:\augmented_data_random_backgrounds\images\train\Tissue_Forceps_Adson_Straight_1x2_Teeth_Mirror_Finish_4.75in_right_side_up_open_033_aug016.jpg","Tissue Forceps Adson Straight 1x2 Teeth Mirror Finish 4.75in right side up","open","33","16.0"
"D:\augmented_data_random_backgrounds\images\train\Tissue_Forceps_Adson_Straight_1x2_Teeth_Mirror_Finish_4.75in_right_side_up_open_033_aug017.jpg","Tissue Forceps Adson Straight 1x2 Teeth Mirror Finish 4.75in right side up","open","33","17.0"
"D:\augmented_data_random_backgrounds\images\train\Tissue_Forceps_Adson_Straight_1x2_Teeth_Mirror_Finish_4.75in_right_side_up_open_033_aug018.jpg","Tissue Forceps Adson Straight 1x2 Teeth Mirror Finish 4.75in right side up","open","33","18.0"
"D:\augmented_data_random_backgrounds\images\train\Tissue_Forceps_Adson_Straight_1x2_Teeth_Mirror_Finish_4.75in_right_side_up_open_033_aug019.jpg","Tissue Forceps Adson Straight 1x2 Teeth Mirror Finish 4.75in right side up","open","33","19.0"
"D:\augmented_data_random_backgrounds\images\train\Tissue_Forceps_Adson_Straight_1x2_Teeth_Mirror_Finish_4.75in_right_side_up_open_033_aug020.jpg","Tissue Forceps Adson Straight 1x2 Teeth Mirror Finish 4.75in right side up","open","33","20.0"
"D:\augmented_data_random_backgrounds\images\train\Tissue_Forceps_Adson_Straight_1x2_Teeth_Mirror_Finish_4.75in_right_side_up_open_033_aug021.jpg","Tissue Forceps Adson Straight 1x2 Teeth Mirror Finish 4.75in right side up","open","33","21.0"
"D:\augmented_data_random_backgrounds\images\train\Tissue_Forceps_Adson_Straight_1x2_Teeth_Mirror_Finish_4.75in_right_side_up_open_033_aug022.jpg","Tissue Forceps Adson Straight 1x2 Teeth Mirror Finish 4.75in right side up","open","33","22.0"
"D:\augmented_data_random_backgrounds\images\train\Tissue_Forceps_Adson_Straight_1x2_Teeth_Mirror_Finish_4.75in_right_side_up_open_033_aug023.jpg","Tissue Forceps Adson Straight 1x2 Teeth Mirror Finish 4.75in right side up","open","33","23.0"
"D:\augmented_data_random_backgrounds\images\train\Tissue_Forceps_Adson_Straight_1x2_Teeth_Mirror_Finish_4.75in_right_side_up_open_033_aug024.jpg","Tissue Forceps Adson Straight 1x2 Teeth Mirror Finish 4.75in right side up","open","33","24.0"
"D:\augmented_data_random_backgrounds\images\train\Tissue_Forceps_Adson_Straight_1x2_Teeth_Mirror_Finish_4.75in_right_side_up_open_034.jpg","Tissue Forceps Adson Straight 1x2 Teeth Mirror Finish 4.75in right side up","open","34",""
"D:\augmented_data_random_backgrounds\images\train\Tissue_Forceps_Adson_Straight_1x2_Teeth_Mirror_Finish_4.75in_right_side_up_open_034_aug000.jpg","Tissue Forceps Adson Straight 1x2 Teeth Mirror Finish 4.75in right side up","open","34","0.0"
"D:\augmented_data_random_backgrounds\images\train\Tissue_Forceps_Adson_Straight_1x2_Teeth_Mirror_Finish_4.75in_right_side_up_open_034_aug001.jpg","Tissue Forceps Adson Straight 1x2 Teeth Mirror Finish 4.75in right side up","open","34","1.0"
"D:\augmented_data_random_backgrounds\images\train\Tissue_Forceps_Adson_Straight_1x2_Teeth_Mirror_Finish_4.75in_right_side_up_open_034_aug002.jpg","Tissue Forceps Adson Straight 1x2 Teeth Mirror Finish 4.75in right side up","open","34","2.0"
"D:\augmented_data_random_backgrounds\images\train\Tissue_Forceps_Adson_Straight_1x2_Teeth_Mirror_Finish_4.75in_right_side_up_open_034_aug003.jpg","Tissue Forceps Adson Straight 1x2 Teeth Mirror Finish 4.75in right side up","open","34","3.0"
"D:\augmented_data_random_backgrounds\images\train\Tissue_Forceps_Adson_Straight_1x2_Teeth_Mirror_Finish_4.75in_right_side_up_open_034_aug004.jpg","Tissue Forceps Adson Straight 1x2 Teeth Mirror Finish 4.75in right side up","open","34","4.0"
"D:\augmented_data_random_backgrounds\images\train\Tissue_Forceps_Adson_Straight_1x2_Teeth_Mirror_Finish_4.75in_right_side_up_open_034_aug005.jpg","Tissue Forceps Adson Straight 1x2 Teeth Mirror Finish 4.75in right side up","open","34","5.0"
"D:\augmented_data_random_backgrounds\images\train\Tissue_Forceps_Adson_Straight_1x2_Teeth_Mirror_Finish_4.75in_right_side_up_open_034_aug006.jpg","Tissue Forceps Adson Straight 1x2 Teeth Mirror Finish 4.75in right side up","open","34","6.0"
"D:\augmented_data_random_backgrounds\images\train\Tissue_Forceps_Adson_Straight_1x2_Teeth_Mirror_Finish_4.75in_right_side_up_open_034_aug007.jpg","Tissue Forceps Adson Straight 1x2 Teeth Mirror Finish 4.75in right side up","open","34","7.0"
"D:\augmented_data_random_backgrounds\images\train\Tissue_Forceps_Adson_Straight_1x2_Teeth_Mirror_Finish_4.75in_right_side_up_open_034_aug008.jpg","Tissue Forceps Adson Straight 1x2 Teeth Mirror Finish 4.75in right side up","open","34","8.0"
"D:\augmented_data_random_backgrounds\images\train\Tissue_Forceps_Adson_Straight_1x2_Teeth_Mirror_Finish_4.75in_right_side_up_open_034_aug009.jpg","Tissue Forceps Adson Straight 1x2 Teeth Mirror Finish 4.75in right side up","open","34","9.0"
"D:\augmented_data_random_backgrounds\images\train\Tissue_Forceps_Adson_Straight_1x2_Teeth_Mirror_Finish_4.75in_right_side_up_open_034_aug010.jpg","Tissue Forceps Adson Straight 1x2 Teeth Mirror Finish 4.75in right side up","open","34","10.0"
"D:\augmented_data_random_backgrounds\images\train\Tissue_Forceps_Adson_Straight_1x2_Teeth_Mirror_Finish_4.75in_right_side_up_open_034_aug011.jpg","Tissue Forceps Adson Straight 1x2 Teeth Mirror Finish 4.75in right side up","open","34","11.0"
"D:\augmented_data_random_backgrounds\images\train\Tissue_Forceps_Adson_Straight_1x2_Teeth_Mirror_Finish_4.75in_right_side_up_open_034_aug012.jpg","Tissue Forceps Adson Straight 1x2 Teeth Mirror Finish 4.75in right side up","open","34","12.0"
"D:\augmented_data_random_backgrounds\images\train\Tissue_Forceps_Adson_Straight_1x2_Teeth_Mirror_Finish_4.75in_right_side_up_open_034_aug013.jpg","Tissue Forceps Adson Straight 1x2 Teeth Mirror Finish 4.75in right side up","open","34","13.0"
"D:\augmented_data_random_backgrounds\images\train\Tissue_Forceps_Adson_Straight_1x2_Teeth_Mirror_Finish_4.75in_right_side_up_open_034_aug014.jpg","Tissue Forceps Adson Straight 1x2 Teeth Mirror Finish 4.75in right side up","open","34","14.0"
"D:\augmented_data_random_backgrounds\images\train\Tissue_Forceps_Adson_Straight_1x2_Teeth_Mirror_Finish_4.75in_right_side_up_open_034_aug015.jpg","Tissue Forceps Adson Straight 1x2 Teeth Mirror Finish 4.75in right side up","open","34","15.0"
"D:\augmented_data_random_backgrounds\images\train\Tissue_Forceps_Adson_Straight_1x2_Teeth_Mirror_Finish_4.75in_right_side_up_open_034_aug016.jpg","Tissue Forceps Adson Straight 1x2 Teeth Mirror Finish 4.75in right side up","open","34","16.0"
"D:\augmented_data_random_backgrounds\images\train\Tissue_Forceps_Adson_Straight_1x2_Teeth_Mirror_Finish_4.75in_right_side_up_open_034_aug017.jpg","Tissue Forceps Adson Straight 1x2 Teeth Mirror Finish 4.75in right side up","open","34","17.0"
"D:\augmented_data_random_backgrounds\images\train\Tissue_Forceps_Adson_Straight_1x2_Teeth_Mirror_Finish_4.75in_right_side_up_open_034_aug018.jpg","Tissue Forceps Adson Straight 1x2 Teeth Mirror Finish 4.75in right side up","open","34","18.0"
"D:\augmented_data_random_backgrounds\images\train\Tissue_Forceps_Adson_Straight_1x2_Teeth_Mirror_Finish_4.75in_right_side_up_open_034_aug019.jpg","Tissue Forceps Adson Straight 1x2 Teeth Mirror Finish 4.75in right side up","open","34","19.0"
"D:\augmented_data_random_backgrounds\images\train\Tissue_Forceps_Adson_Straight_1x2_Teeth_Mirror_Finish_4.75in_right_side_up_open_034_aug020.jpg","Tissue Forceps Adson Straight 1x2 Teeth Mirror Finish 4.75in right side up","open","34","20.0"
"D:\augmented_data_random_backgrounds\images\train\Tissue_Forceps_Adson_Straight_1x2_Teeth_Mirror_Finish_4.75in_right_side_up_open_034_aug021.jpg","Tissue Forceps Adson Straight 1x2 Teeth Mirror Finish 4.75in right side up","open","34","21.0"
"D:\augmented_data_random_backgrounds\images\train\Tissue_Forceps_Adson_Straight_1x2_Teeth_Mirror_Finish_4.75in_right_side_up_open_034_aug022.jpg","Tissue Forceps Adson Straight 1x2 Teeth Mirror Finish 4.75in right side up","open","34","22.0"
"D:\augmented_data_random_backgrounds\images\train\Tissue_Forceps_Adson_Straight_1x2_Teeth_Mirror_Finish_4.75in_right_side_up_open_034_aug023.jpg","Tissue Forceps Adson Straight 1x2 Teeth Mirror Finish 4.75in right side up","open","34","23.0"
"D:\augmented_data_random_backgrounds\images\train\Tissue_Forceps_Adson_Straight_1x2_Teeth_Mirror_Finish_4.75in_right_side_up_open_034_aug024.jpg","Tissue Forceps Adson Straight 1x2 Teeth Mirror Finish 4.75in right side up","open","34","24.0"
"D:\augmented_data_random_backgrounds\images\train\Tissue_Forceps_Adson_Straight_1x2_Teeth_Mirror_Finish_4.75in_right_side_up_open_035.jpg","Tissue Forceps Adson Straight 1x2 Teeth Mirror Finish 4.75in right side up","open","35",""
"D:\augmented_data_random_backgrounds\images\train\Tissue_Forceps_Adson_Straight_1x2_Teeth_Mirror_Finish_4.75in_right_side_up_open_035_aug000.jpg","Tissue Forceps Adson Straight 1x2 Teeth Mirror Finish 4.75in right side up","open","35","0.0"
"D:\augmented_data_random_backgrounds\images\train\Tissue_Forceps_Adson_Straight_1x2_Teeth_Mirror_Finish_4.75in_right_side_up_open_035_aug001.jpg","Tissue Forceps Adson Straight 1x2 Teeth Mirror Finish 4.75in right side up","open","35","1.0"
"D:\augmented_data_random_backgrounds\images\train\Tissue_Forceps_Adson_Straight_1x2_Teeth_Mirror_Finish_4.75in_right_side_up_open_035_aug002.jpg","Tissue Forceps Adson Straight 1x2 Teeth Mirror Finish 4.75in right side up","open","35","2.0"
"D:\augmented_data_random_backgrounds\images\train\Tissue_Forceps_Adson_Straight_1x2_Teeth_Mirror_Finish_4.75in_right_side_up_open_035_aug003.jpg","Tissue Forceps Adson Straight 1x2 Teeth Mirror Finish 4.75in right side up","open","35","3.0"
"D:\augmented_data_random_backgrounds\images\train\Tissue_Forceps_Adson_Straight_1x2_Teeth_Mirror_Finish_4.75in_right_side_up_open_035_aug004.jpg","Tissue Forceps Adson Straight 1x2 Teeth Mirror Finish 4.75in right side up","open","35","4.0"
"D:\augmented_data_random_backgrounds\images\train\Tissue_Forceps_Adson_Straight_1x2_Teeth_Mirror_Finish_4.75in_right_side_up_open_035_aug005.jpg","Tissue Forceps Adson Straight 1x2 Teeth Mirror Finish 4.75in right side up","open","35","5.0"
"D:\augmented_data_random_backgrounds\images\train\Tissue_Forceps_Adson_Straight_1x2_Teeth_Mirror_Finish_4.75in_right_side_up_open_035_aug006.jpg","Tissue Forceps Adson Straight 1x2 Teeth Mirror Finish 4.75in right side up","open","35","6.0"
"D:\augmented_data_random_backgrounds\images\train\Tissue_Forceps_Adson_Straight_1x2_Teeth_Mirror_Finish_4.75in_right_side_up_open_035_aug007.jpg","Tissue Forceps Adson Straight 1x2 Teeth Mirror Finish 4.75in right side up","open","35","7.0"
"D:\augmented_data_random_backgrounds\images\train\Tissue_Forceps_Adson_Straight_1x2_Teeth_Mirror_Finish_4.75in_right_side_up_open_035_aug008.jpg","Tissue Forceps Adson Straight 1x2 Teeth Mirror Finish 4.75in right side up","open","35","8.0"
"D:\augmented_data_random_backgrounds\images\train\Tissue_Forceps_Adson_Straight_1x2_Teeth_Mirror_Finish_4.75in_right_side_up_open_035_aug009.jpg","Tissue Forceps Adson Straight 1x2 Teeth Mirror Finish 4.75in right side up","open","35","9.0"
"D:\augmented_data_random_backgrounds\images\train\Tissue_Forceps_Adson_Straight_1x2_Teeth_Mirror_Finish_4.75in_right_side_up_open_035_aug010.jpg","Tissue Forceps Adson Straight 1x2 Teeth Mirror Finish 4.75in right side up","open","35","10.0"
"D:\augmented_data_random_backgrounds\images\train\Tissue_Forceps_Adson_Straight_1x2_Teeth_Mirror_Finish_4.75in_right_side_up_open_035_aug011.jpg","Tissue Forceps Adson Straight 1x2 Teeth Mirror Finish 4.75in right side up","open","35","11.0"
"D:\augmented_data_random_backgrounds\images\train\Tissue_Forceps_Adson_Straight_1x2_Teeth_Mirror_Finish_4.75in_right_side_up_open_035_aug012.jpg","Tissue Forceps Adson Straight 1x2 Teeth Mirror Finish 4.75in right side up","open","35","12.0"
"D:\augmented_data_random_backgrounds\images\train\Tissue_Forceps_Adson_Straight_1x2_Teeth_Mirror_Finish_4.75in_right_side_up_open_035_aug013.jpg","Tissue Forceps Adson Straight 1x2 Teeth Mirror Finish 4.75in right side up","open","35","13.0"
"D:\augmented_data_random_backgrounds\images\train\Tissue_Forceps_Adson_Straight_1x2_Teeth_Mirror_Finish_4.75in_right_side_up_open_035_aug014.jpg","Tissue Forceps Adson Straight 1x2 Teeth Mirror Finish 4.75in right side up","open","35","14.0"
"D:\augmented_data_random_backgrounds\images\train\Tissue_Forceps_Adson_Straight_1x2_Teeth_Mirror_Finish_4.75in_right_side_up_open_035_aug015.jpg","Tissue Forceps Adson Straight 1x2 Teeth Mirror Finish 4.75in right side up","open","35","15.0"
"D:\augmented_data_random_backgrounds\images\train\Tissue_Forceps_Adson_Straight_1x2_Teeth_Mirror_Finish_4.75in_right_side_up_open_035_aug016.jpg","Tissue Forceps Adson Straight 1x2 Teeth Mirror Finish 4.75in right side up","open","35","16.0"
"D:\augmented_data_random_backgrounds\images\train\Tissue_Forceps_Adson_Straight_1x2_Teeth_Mirror_Finish_4.75in_right_side_up_open_035_aug017.jpg","Tissue Forceps Adson Straight 1x2 Teeth Mirror Finish 4.75in right side up","open","35","17.0"
"D:\augmented_data_random_backgrounds\images\train\Tissue_Forceps_Adson_Straight_1x2_Teeth_Mirror_Finish_4.75in_right_side_up_open_035_aug018.jpg","Tissue Forceps Adson Straight 1x2 Teeth Mirror Finish 4.75in right side up","open","35","18.0"
"D:\augmented_data_random_backgrounds\images\train\Tissue_Forceps_Adson_Straight_1x2_Teeth_Mirror_Finish_4.75in_right_side_up_open_035_aug019.jpg","Tissue Forceps Adson Straight 1x2 Teeth Mirror Finish 4.75in right side up","open","35","19.0"
"D:\augmented_data_random_backgrounds\images\train\Tissue_Forceps_Adson_Straight_1x2_Teeth_Mirror_Finish_4.75in_right_side_up_open_035_aug020.jpg","Tissue Forceps Adson Straight 1x2 Teeth Mirror Finish 4.75in right side up","open","35","20.0"
"D:\augmented_data_random_backgrounds\images\train\Tissue_Forceps_Adson_Straight_1x2_Teeth_Mirror_Finish_4.75in_right_side_up_open_035_aug021.jpg","Tissue Forceps Adson Straight 1x2 Teeth Mirror Finish 4.75in right side up","open","35","21.0"
"D:\augmented_data_random_backgrounds\images\train\Tissue_Forceps_Adson_Straight_1x2_Teeth_Mirror_Finish_4.75in_right_side_up_open_035_aug022.jpg","Tissue Forceps Adson Straight 1x2 Teeth Mirror Finish 4.75in right side up","open","35","22.0"
"D:\augmented_data_random_backgrounds\images\train\Tissue_Forceps_Adson_Straight_1x2_Teeth_Mirror_Finish_4.75in_right_side_up_open_035_aug023.jpg","Tissue Forceps Adson Straight 1x2 Teeth Mirror Finish 4.75in right side up","open","35","23.0"
"D:\augmented_data_random_backgrounds\images\train\Tissue_Forceps_Adson_Straight_1x2_Teeth_Mirror_Finish_4.75in_right_side_up_open_035_aug024.jpg","Tissue Forceps Adson Straight 1x2 Teeth Mirror Finish 4.75in right side up","open","35","24.0"
"D:\augmented_data_random_backgrounds\images\train\Tissue_Forceps_Adson_Straight_1x2_Teeth_Mirror_Finish_4.75in_right_side_up_open_036.jpg","Tissue Forceps Adson Straight 1x2 Teeth Mirror Finish 4.75in right side up","open","36",""
"D:\augmented_data_random_backgrounds\images\train\Tissue_Forceps_Adson_Straight_1x2_Teeth_Mirror_Finish_4.75in_right_side_up_open_036_aug000.jpg","Tissue Forceps Adson Straight 1x2 Teeth Mirror Finish 4.75in right side up","open","36","0.0"
"D:\augmented_data_random_backgrounds\images\train\Tissue_Forceps_Adson_Straight_1x2_Teeth_Mirror_Finish_4.75in_right_side_up_open_036_aug001.jpg","Tissue Forceps Adson Straight 1x2 Teeth Mirror Finish 4.75in right side up","open","36","1.0"
"D:\augmented_data_random_backgrounds\images\train\Tissue_Forceps_Adson_Straight_1x2_Teeth_Mirror_Finish_4.75in_right_side_up_open_036_aug002.jpg","Tissue Forceps Adson Straight 1x2 Teeth Mirror Finish 4.75in right side up","open","36","2.0"
"D:\augmented_data_random_backgrounds\images\train\Tissue_Forceps_Adson_Straight_1x2_Teeth_Mirror_Finish_4.75in_right_side_up_open_036_aug003.jpg","Tissue Forceps Adson Straight 1x2 Teeth Mirror Finish 4.75in right side up","open","36","3.0"
"D:\augmented_data_random_backgrounds\images\train\Tissue_Forceps_Adson_Straight_1x2_Teeth_Mirror_Finish_4.75in_right_side_up_open_036_aug004.jpg","Tissue Forceps Adson Straight 1x2 Teeth Mirror Finish 4.75in right side up","open","36","4.0"
"D:\augmented_data_random_backgrounds\images\train\Tissue_Forceps_Adson_Straight_1x2_Teeth_Mirror_Finish_4.75in_right_side_up_open_036_aug005.jpg","Tissue Forceps Adson Straight 1x2 Teeth Mirror Finish 4.75in right side up","open","36","5.0"
"D:\augmented_data_random_backgrounds\images\train\Tissue_Forceps_Adson_Straight_1x2_Teeth_Mirror_Finish_4.75in_right_side_up_open_036_aug006.jpg","Tissue Forceps Adson Straight 1x2 Teeth Mirror Finish 4.75in right side up","open","36","6.0"
"D:\augmented_data_random_backgrounds\images\train\Tissue_Forceps_Adson_Straight_1x2_Teeth_Mirror_Finish_4.75in_right_side_up_open_036_aug007.jpg","Tissue Forceps Adson Straight 1x2 Teeth Mirror Finish 4.75in right side up","open","36","7.0"
"D:\augmented_data_random_backgrounds\images\train\Tissue_Forceps_Adson_Straight_1x2_Teeth_Mirror_Finish_4.75in_right_side_up_open_036_aug008.jpg","Tissue Forceps Adson Straight 1x2 Teeth Mirror Finish 4.75in right side up","open","36","8.0"
"D:\augmented_data_random_backgrounds\images\train\Tissue_Forceps_Adson_Straight_1x2_Teeth_Mirror_Finish_4.75in_right_side_up_open_036_aug009.jpg","Tissue Forceps Adson Straight 1x2 Teeth Mirror Finish 4.75in right side up","open","36","9.0"
"D:\augmented_data_random_backgrounds\images\train\Tissue_Forceps_Adson_Straight_1x2_Teeth_Mirror_Finish_4.75in_right_side_up_open_036_aug010.jpg","Tissue Forceps Adson Straight 1x2 Teeth Mirror Finish 4.75in right side up","open","36","10.0"
"D:\augmented_data_random_backgrounds\images\train\Tissue_Forceps_Adson_Straight_1x2_Teeth_Mirror_Finish_4.75in_right_side_up_open_036_aug011.jpg","Tissue Forceps Adson Straight 1x2 Teeth Mirror Finish 4.75in right side up","open","36","11.0"
"D:\augmented_data_random_backgrounds\images\train\Tissue_Forceps_Adson_Straight_1x2_Teeth_Mirror_Finish_4.75in_right_side_up_open_036_aug012.jpg","Tissue Forceps Adson Straight 1x2 Teeth Mirror Finish 4.75in right side up","open","36","12.0"
"D:\augmented_data_random_backgrounds\images\train\Tissue_Forceps_Adson_Straight_1x2_Teeth_Mirror_Finish_4.75in_right_side_up_open_036_aug013.jpg","Tissue Forceps Adson Straight 1x2 Teeth Mirror Finish 4.75in right side up","open","36","13.0"
"D:\augmented_data_random_backgrounds\images\train\Tissue_Forceps_Adson_Straight_1x2_Teeth_Mirror_Finish_4.75in_right_side_up_open_036_aug014.jpg","Tissue Forceps Adson Straight 1x2 Teeth Mirror Finish 4.75in right side up","open","36","14.0"
"D:\augmented_data_random_backgrounds\images\train\Tissue_Forceps_Adson_Straight_1x2_Teeth_Mirror_Finish_4.75in_right_side_up_open_036_aug015.jpg","Tissue Forceps Adson Straight 1x2 Teeth Mirror Finish 4.75in right side up","open","36","15.0"
"D:\augmented_data_random_backgrounds\images\train\Tissue_Forceps_Adson_Straight_1x2_Teeth_Mirror_Finish_4.75in_right_side_up_open_036_aug016.jpg","Tissue Forceps Adson Straight 1x2 Teeth Mirror Finish 4.75in right side up","open","36","16.0"
"D:\augmented_data_random_backgrounds\images\train\Tissue_Forceps_Adson_Straight_1x2_Teeth_Mirror_Finish_4.75in_right_side_up_open_036_aug017.jpg","Tissue Forceps Adson Straight 1x2 Teeth Mirror Finish 4.75in right side up","open","36","17.0"
"D:\augmented_data_random_backgrounds\images\train\Tissue_Forceps_Adson_Straight_1x2_Teeth_Mirror_Finish_4.75in_right_side_up_open_036_aug018.jpg","Tissue Forceps Adson Straight 1x2 Teeth Mirror Finish 4.75in right side up","open","36","18.0"
"D:\augmented_data_random_backgrounds\images\train\Tissue_Forceps_Adson_Straight_1x2_Teeth_Mirror_Finish_4.75in_right_side_up_open_036_aug019.jpg","Tissue Forceps Adson Straight 1x2 Teeth Mirror Finish 4.75in right side up","open","36","19.0"
"D:\augmented_data_random_backgrounds\images\train\Tissue_Forceps_Adson_Straight_1x2_Teeth_Mirror_Finish_4.75in_right_side_up_open_036_aug020.jpg","Tissue Forceps Adson Straight 1x2 Teeth Mirror Finish 4.75in right side up","open","36","20.0"
"D:\augmented_data_random_backgrounds\images\train\Tissue_Forceps_Adson_Straight_1x2_Teeth_Mirror_Finish_4.75in_right_side_up_open_036_aug021.jpg","Tissue Forceps Adson Straight 1x2 Teeth Mirror Finish 4.75in right side up","open","36","21.0"
"D:\augmented_data_random_backgrounds\images\train\Tissue_Forceps_Adson_Straight_1x2_Teeth_Mirror_Finish_4.75in_right_side_up_open_036_aug022.jpg","Tissue Forceps Adson Straight 1x2 Teeth Mirror Finish 4.75in right side up","open","36","22.0"
"D:\augmented_data_random_backgrounds\images\train\Tissue_Forceps_Adson_Straight_1x2_Teeth_Mirror_Finish_4.75in_right_side_up_open_036_aug023.jpg","Tissue Forceps Adson Straight 1x2 Teeth Mirror Finish 4.75in right side up","open","36","23.0"
"D:\augmented_data_random_backgrounds\images\train\Tissue_Forceps_Adson_Straight_1x2_Teeth_Mirror_Finish_4.75in_right_side_up_open_036_aug024.jpg","Tissue Forceps Adson Straight 1x2 Teeth Mirror Finish 4.75in right side up","open","36","24.0"
"D:\augmented_data_random_backgrounds\images\train\Tissue_Forceps_Adson_Straight_1x2_Teeth_Mirror_Finish_4.75in_right_side_up_open_037.jpg","Tissue Forceps Adson Straight 1x2 Teeth Mirror Finish 4.75in right side up","open","37",""
"D:\augmented_data_random_backgrounds\images\train\Tissue_Forceps_Adson_Straight_1x2_Teeth_Mirror_Finish_4.75in_right_side_up_open_037_aug000.jpg","Tissue Forceps Adson Straight 1x2 Teeth Mirror Finish 4.75in right side up","open","37","0.0"
"D:\augmented_data_random_backgrounds\images\train\Tissue_Forceps_Adson_Straight_1x2_Teeth_Mirror_Finish_4.75in_right_side_up_open_037_aug001.jpg","Tissue Forceps Adson Straight 1x2 Teeth Mirror Finish 4.75in right side up","open","37","1.0"
"D:\augmented_data_random_backgrounds\images\train\Tissue_Forceps_Adson_Straight_1x2_Teeth_Mirror_Finish_4.75in_right_side_up_open_037_aug002.jpg","Tissue Forceps Adson Straight 1x2 Teeth Mirror Finish 4.75in right side up","open","37","2.0"
"D:\augmented_data_random_backgrounds\images\train\Tissue_Forceps_Adson_Straight_1x2_Teeth_Mirror_Finish_4.75in_right_side_up_open_037_aug003.jpg","Tissue Forceps Adson Straight 1x2 Teeth Mirror Finish 4.75in right side up","open","37","3.0"
"D:\augmented_data_random_backgrounds\images\train\Tissue_Forceps_Adson_Straight_1x2_Teeth_Mirror_Finish_4.75in_right_side_up_open_037_aug004.jpg","Tissue Forceps Adson Straight 1x2 Teeth Mirror Finish 4.75in right side up","open","37","4.0"
"D:\augmented_data_random_backgrounds\images\train\Tissue_Forceps_Adson_Straight_1x2_Teeth_Mirror_Finish_4.75in_right_side_up_open_037_aug005.jpg","Tissue Forceps Adson Straight 1x2 Teeth Mirror Finish 4.75in right side up","open","37","5.0"
"D:\augmented_data_random_backgrounds\images\train\Tissue_Forceps_Adson_Straight_1x2_Teeth_Mirror_Finish_4.75in_right_side_up_open_037_aug006.jpg","Tissue Forceps Adson Straight 1x2 Teeth Mirror Finish 4.75in right side up","open","37","6.0"
"D:\augmented_data_random_backgrounds\images\train\Tissue_Forceps_Adson_Straight_1x2_Teeth_Mirror_Finish_4.75in_right_side_up_open_037_aug007.jpg","Tissue Forceps Adson Straight 1x2 Teeth Mirror Finish 4.75in right side up","open","37","7.0"
"D:\augmented_data_random_backgrounds\images\train\Tissue_Forceps_Adson_Straight_1x2_Teeth_Mirror_Finish_4.75in_right_side_up_open_037_aug008.jpg","Tissue Forceps Adson Straight 1x2 Teeth Mirror Finish 4.75in right side up","open","37","8.0"
"D:\augmented_data_random_backgrounds\images\train\Tissue_Forceps_Adson_Straight_1x2_Teeth_Mirror_Finish_4.75in_right_side_up_open_037_aug009.jpg","Tissue Forceps Adson Straight 1x2 Teeth Mirror Finish 4.75in right side up","open","37","9.0"
"D:\augmented_data_random_backgrounds\images\train\Tissue_Forceps_Adson_Straight_1x2_Teeth_Mirror_Finish_4.75in_right_side_up_open_037_aug010.jpg","Tissue Forceps Adson Straight 1x2 Teeth Mirror Finish 4.75in right side up","open","37","10.0"
"D:\augmented_data_random_backgrounds\images\train\Tissue_Forceps_Adson_Straight_1x2_Teeth_Mirror_Finish_4.75in_right_side_up_open_037_aug011.jpg","Tissue Forceps Adson Straight 1x2 Teeth Mirror Finish 4.75in right side up","open","37","11.0"
"D:\augmented_data_random_backgrounds\images\train\Tissue_Forceps_Adson_Straight_1x2_Teeth_Mirror_Finish_4.75in_right_side_up_open_037_aug012.jpg","Tissue Forceps Adson Straight 1x2 Teeth Mirror Finish 4.75in right side up","open","37","12.0"
"D:\augmented_data_random_backgrounds\images\train\Tissue_Forceps_Adson_Straight_1x2_Teeth_Mirror_Finish_4.75in_right_side_up_open_037_aug013.jpg","Tissue Forceps Adson Straight 1x2 Teeth Mirror Finish 4.75in right side up","open","37","13.0"
"D:\augmented_data_random_backgrounds\images\train\Tissue_Forceps_Adson_Straight_1x2_Teeth_Mirror_Finish_4.75in_right_side_up_open_037_aug014.jpg","Tissue Forceps Adson Straight 1x2 Teeth Mirror Finish 4.75in right side up","open","37","14.0"
"D:\augmented_data_random_backgrounds\images\train\Tissue_Forceps_Adson_Straight_1x2_Teeth_Mirror_Finish_4.75in_right_side_up_open_037_aug015.jpg","Tissue Forceps Adson Straight 1x2 Teeth Mirror Finish 4.75in right side up","open","37","15.0"
"D:\augmented_data_random_backgrounds\images\train\Tissue_Forceps_Adson_Straight_1x2_Teeth_Mirror_Finish_4.75in_right_side_up_open_037_aug016.jpg","Tissue Forceps Adson Straight 1x2 Teeth Mirror Finish 4.75in right side up","open","37","16.0"
"D:\augmented_data_random_backgrounds\images\train\Tissue_Forceps_Adson_Straight_1x2_Teeth_Mirror_Finish_4.75in_right_side_up_open_037_aug017.jpg","Tissue Forceps Adson Straight 1x2 Teeth Mirror Finish 4.75in right side up","open","37","17.0"
"D:\augmented_data_random_backgrounds\images\train\Tissue_Forceps_Adson_Straight_1x2_Teeth_Mirror_Finish_4.75in_right_side_up_open_037_aug018.jpg","Tissue Forceps Adson Straight 1x2 Teeth Mirror Finish 4.75in right side up","open","37","18.0"
"D:\augmented_data_random_backgrounds\images\train\Tissue_Forceps_Adson_Straight_1x2_Teeth_Mirror_Finish_4.75in_right_side_up_open_037_aug019.jpg","Tissue Forceps Adson Straight 1x2 Teeth Mirror Finish 4.75in right side up","open","37","19.0"
"D:\augmented_data_random_backgrounds\images\train\Tissue_Forceps_Adson_Straight_1x2_Teeth_Mirror_Finish_4.75in_right_side_up_open_037_aug020.jpg","Tissue Forceps Adson Straight 1x2 Teeth Mirror Finish 4.75in right side up","open","37","20.0"
"D:\augmented_data_random_backgrounds\images\train\Tissue_Forceps_Adson_Straight_1x2_Teeth_Mirror_Finish_4.75in_right_side_up_open_037_aug021.jpg","Tissue Forceps Adson Straight 1x2 Teeth Mirror Finish 4.75in right side up","open","37","21.0"
"D:\augmented_data_random_backgrounds\images\train\Tissue_Forceps_Adson_Straight_1x2_Teeth_Mirror_Finish_4.75in_right_side_up_open_037_aug022.jpg","Tissue Forceps Adson Straight 1x2 Teeth Mirror Finish 4.75in right side up","open","37","22.0"
"D:\augmented_data_random_backgrounds\images\train\Tissue_Forceps_Adson_Straight_1x2_Teeth_Mirror_Finish_4.75in_right_side_up_open_037_aug023.jpg","Tissue Forceps Adson Straight 1x2 Teeth Mirror Finish 4.75in right side up","open","37","23.0"
"D:\augmented_data_random_backgrounds\images\train\Tissue_Forceps_Adson_Straight_1x2_Teeth_Mirror_Finish_4.75in_right_side_up_open_037_aug024.jpg","Tissue Forceps Adson Straight 1x2 Teeth Mirror Finish 4.75in right side up","open","37","24.0"
"D:\augmented_data_random_backgrounds\images\train\Tissue_Forceps_Adson_Straight_1x2_Teeth_Mirror_Finish_4.75in_right_side_up_open_038.jpg","Tissue Forceps Adson Straight 1x2 Teeth Mirror Finish 4.75in right side up","open","38",""
"D:\augmented_data_random_backgrounds\images\train\Tissue_Forceps_Adson_Straight_1x2_Teeth_Mirror_Finish_4.75in_right_side_up_open_038_aug000.jpg","Tissue Forceps Adson Straight 1x2 Teeth Mirror Finish 4.75in right side up","open","38","0.0"
"D:\augmented_data_random_backgrounds\images\train\Tissue_Forceps_Adson_Straight_1x2_Teeth_Mirror_Finish_4.75in_right_side_up_open_038_aug001.jpg","Tissue Forceps Adson Straight 1x2 Teeth Mirror Finish 4.75in right side up","open","38","1.0"
"D:\augmented_data_random_backgrounds\images\train\Tissue_Forceps_Adson_Straight_1x2_Teeth_Mirror_Finish_4.75in_right_side_up_open_038_aug002.jpg","Tissue Forceps Adson Straight 1x2 Teeth Mirror Finish 4.75in right side up","open","38","2.0"
"D:\augmented_data_random_backgrounds\images\train\Tissue_Forceps_Adson_Straight_1x2_Teeth_Mirror_Finish_4.75in_right_side_up_open_038_aug003.jpg","Tissue Forceps Adson Straight 1x2 Teeth Mirror Finish 4.75in right side up","open","38","3.0"
"D:\augmented_data_random_backgrounds\images\train\Tissue_Forceps_Adson_Straight_1x2_Teeth_Mirror_Finish_4.75in_right_side_up_open_038_aug004.jpg","Tissue Forceps Adson Straight 1x2 Teeth Mirror Finish 4.75in right side up","open","38","4.0"
"D:\augmented_data_random_backgrounds\images\train\Tissue_Forceps_Adson_Straight_1x2_Teeth_Mirror_Finish_4.75in_right_side_up_open_038_aug005.jpg","Tissue Forceps Adson Straight 1x2 Teeth Mirror Finish 4.75in right side up","open","38","5.0"
"D:\augmented_data_random_backgrounds\images\train\Tissue_Forceps_Adson_Straight_1x2_Teeth_Mirror_Finish_4.75in_right_side_up_open_038_aug006.jpg","Tissue Forceps Adson Straight 1x2 Teeth Mirror Finish 4.75in right side up","open","38","6.0"
"D:\augmented_data_random_backgrounds\images\train\Tissue_Forceps_Adson_Straight_1x2_Teeth_Mirror_Finish_4.75in_right_side_up_open_038_aug007.jpg","Tissue Forceps Adson Straight 1x2 Teeth Mirror Finish 4.75in right side up","open","38","7.0"
"D:\augmented_data_random_backgrounds\images\train\Tissue_Forceps_Adson_Straight_1x2_Teeth_Mirror_Finish_4.75in_right_side_up_open_038_aug008.jpg","Tissue Forceps Adson Straight 1x2 Teeth Mirror Finish 4.75in right side up","open","38","8.0"
"D:\augmented_data_random_backgrounds\images\train\Tissue_Forceps_Adson_Straight_1x2_Teeth_Mirror_Finish_4.75in_right_side_up_open_038_aug009.jpg","Tissue Forceps Adson Straight 1x2 Teeth Mirror Finish 4.75in right side up","open","38","9.0"
"D:\augmented_data_random_backgrounds\images\train\Tissue_Forceps_Adson_Straight_1x2_Teeth_Mirror_Finish_4.75in_right_side_up_open_038_aug010.jpg","Tissue Forceps Adson Straight 1x2 Teeth Mirror Finish 4.75in right side up","open","38","10.0"
"D:\augmented_data_random_backgrounds\images\train\Tissue_Forceps_Adson_Straight_1x2_Teeth_Mirror_Finish_4.75in_right_side_up_open_038_aug011.jpg","Tissue Forceps Adson Straight 1x2 Teeth Mirror Finish 4.75in right side up","open","38","11.0"
"D:\augmented_data_random_backgrounds\images\train\Tissue_Forceps_Adson_Straight_1x2_Teeth_Mirror_Finish_4.75in_right_side_up_open_038_aug012.jpg","Tissue Forceps Adson Straight 1x2 Teeth Mirror Finish 4.75in right side up","open","38","12.0"
"D:\augmented_data_random_backgrounds\images\train\Tissue_Forceps_Adson_Straight_1x2_Teeth_Mirror_Finish_4.75in_right_side_up_open_038_aug013.jpg","Tissue Forceps Adson Straight 1x2 Teeth Mirror Finish 4.75in right side up","open","38","13.0"
"D:\augmented_data_random_backgrounds\images\train\Tissue_Forceps_Adson_Straight_1x2_Teeth_Mirror_Finish_4.75in_right_side_up_open_038_aug014.jpg","Tissue Forceps Adson Straight 1x2 Teeth Mirror Finish 4.75in right side up","open","38","14.0"
"D:\augmented_data_random_backgrounds\images\train\Tissue_Forceps_Adson_Straight_1x2_Teeth_Mirror_Finish_4.75in_right_side_up_open_038_aug015.jpg","Tissue Forceps Adson Straight 1x2 Teeth Mirror Finish 4.75in right side up","open","38","15.0"
"D:\augmented_data_random_backgrounds\images\train\Tissue_Forceps_Adson_Straight_1x2_Teeth_Mirror_Finish_4.75in_right_side_up_open_038_aug016.jpg","Tissue Forceps Adson Straight 1x2 Teeth Mirror Finish 4.75in right side up","open","38","16.0"
"D:\augmented_data_random_backgrounds\images\train\Tissue_Forceps_Adson_Straight_1x2_Teeth_Mirror_Finish_4.75in_right_side_up_open_038_aug017.jpg","Tissue Forceps Adson Straight 1x2 Teeth Mirror Finish 4.75in right side up","open","38","17.0"
"D:\augmented_data_random_backgrounds\images\train\Tissue_Forceps_Adson_Straight_1x2_Teeth_Mirror_Finish_4.75in_right_side_up_open_038_aug018.jpg","Tissue Forceps Adson Straight 1x2 Teeth Mirror Finish 4.75in right side up","open","38","18.0"
"D:\augmented_data_random_backgrounds\images\train\Tissue_Forceps_Adson_Straight_1x2_Teeth_Mirror_Finish_4.75in_right_side_up_open_038_aug019.jpg","Tissue Forceps Adson Straight 1x2 Teeth Mirror Finish 4.75in right side up","open","38","19.0"
"D:\augmented_data_random_backgrounds\images\train\Tissue_Forceps_Adson_Straight_1x2_Teeth_Mirror_Finish_4.75in_right_side_up_open_038_aug020.jpg","Tissue Forceps Adson Straight 1x2 Teeth Mirror Finish 4.75in right side up","open","38","20.0"
"D:\augmented_data_random_backgrounds\images\train\Tissue_Forceps_Adson_Straight_1x2_Teeth_Mirror_Finish_4.75in_right_side_up_open_038_aug021.jpg","Tissue Forceps Adson Straight 1x2 Teeth Mirror Finish 4.75in right side up","open","38","21.0"
"D:\augmented_data_random_backgrounds\images\train\Tissue_Forceps_Adson_Straight_1x2_Teeth_Mirror_Finish_4.75in_right_side_up_open_038_aug022.jpg","Tissue Forceps Adson Straight 1x2 Teeth Mirror Finish 4.75in right side up","open","38","22.0"
"D:\augmented_data_random_backgrounds\images\train\Tissue_Forceps_Adson_Straight_1x2_Teeth_Mirror_Finish_4.75in_right_side_up_open_038_aug023.jpg","Tissue Forceps Adson Straight 1x2 Teeth Mirror Finish 4.75in right side up","open","38","23.0"
"D:\augmented_data_random_backgrounds\images\train\Tissue_Forceps_Adson_Straight_1x2_Teeth_Mirror_Finish_4.75in_right_side_up_open_038_aug024.jpg","Tissue Forceps Adson Straight 1x2 Teeth Mirror Finish 4.75in right side up","open","38","24.0"
"D:\augmented_data_random_backgrounds\images\train\Tissue_Forceps_Adson_Straight_1x2_Teeth_Mirror_Finish_4.75in_right_side_up_open_039.jpg","Tissue Forceps Adson Straight 1x2 Teeth Mirror Finish 4.75in right side up","open","39",""
"D:\augmented_data_random_backgrounds\images\train\Tissue_Forceps_Adson_Straight_1x2_Teeth_Mirror_Finish_4.75in_right_side_up_open_039_aug000.jpg","Tissue Forceps Adson Straight 1x2 Teeth Mirror Finish 4.75in right side up","open","39","0.0"
"D:\augmented_data_random_backgrounds\images\train\Tissue_Forceps_Adson_Straight_1x2_Teeth_Mirror_Finish_4.75in_right_side_up_open_039_aug001.jpg","Tissue Forceps Adson Straight 1x2 Teeth Mirror Finish 4.75in right side up","open","39","1.0"
"D:\augmented_data_random_backgrounds\images\train\Tissue_Forceps_Adson_Straight_1x2_Teeth_Mirror_Finish_4.75in_right_side_up_open_039_aug002.jpg","Tissue Forceps Adson Straight 1x2 Teeth Mirror Finish 4.75in right side up","open","39","2.0"
"D:\augmented_data_random_backgrounds\images\train\Tissue_Forceps_Adson_Straight_1x2_Teeth_Mirror_Finish_4.75in_right_side_up_open_039_aug003.jpg","Tissue Forceps Adson Straight 1x2 Teeth Mirror Finish 4.75in right side up","open","39","3.0"
"D:\augmented_data_random_backgrounds\images\train\Tissue_Forceps_Adson_Straight_1x2_Teeth_Mirror_Finish_4.75in_right_side_up_open_039_aug004.jpg","Tissue Forceps Adson Straight 1x2 Teeth Mirror Finish 4.75in right side up","open","39","4.0"
"D:\augmented_data_random_backgrounds\images\train\Tissue_Forceps_Adson_Straight_1x2_Teeth_Mirror_Finish_4.75in_right_side_up_open_039_aug005.jpg","Tissue Forceps Adson Straight 1x2 Teeth Mirror Finish 4.75in right side up","open","39","5.0"
"D:\augmented_data_random_backgrounds\images\train\Tissue_Forceps_Adson_Straight_1x2_Teeth_Mirror_Finish_4.75in_right_side_up_open_039_aug006.jpg","Tissue Forceps Adson Straight 1x2 Teeth Mirror Finish 4.75in right side up","open","39","6.0"
"D:\augmented_data_random_backgrounds\images\train\Tissue_Forceps_Adson_Straight_1x2_Teeth_Mirror_Finish_4.75in_right_side_up_open_039_aug007.jpg","Tissue Forceps Adson Straight 1x2 Teeth Mirror Finish 4.75in right side up","open","39","7.0"
"D:\augmented_data_random_backgrounds\images\train\Tissue_Forceps_Adson_Straight_1x2_Teeth_Mirror_Finish_4.75in_right_side_up_open_039_aug008.jpg","Tissue Forceps Adson Straight 1x2 Teeth Mirror Finish 4.75in right side up","open","39","8.0"
"D:\augmented_data_random_backgrounds\images\train\Tissue_Forceps_Adson_Straight_1x2_Teeth_Mirror_Finish_4.75in_right_side_up_open_039_aug009.jpg","Tissue Forceps Adson Straight 1x2 Teeth Mirror Finish 4.75in right side up","open","39","9.0"
"D:\augmented_data_random_backgrounds\images\train\Tissue_Forceps_Adson_Straight_1x2_Teeth_Mirror_Finish_4.75in_right_side_up_open_039_aug010.jpg","Tissue Forceps Adson Straight 1x2 Teeth Mirror Finish 4.75in right side up","open","39","10.0"
"D:\augmented_data_random_backgrounds\images\train\Tissue_Forceps_Adson_Straight_1x2_Teeth_Mirror_Finish_4.75in_right_side_up_open_039_aug011.jpg","Tissue Forceps Adson Straight 1x2 Teeth Mirror Finish 4.75in right side up","open","39","11.0"
"D:\augmented_data_random_backgrounds\images\train\Tissue_Forceps_Adson_Straight_1x2_Teeth_Mirror_Finish_4.75in_right_side_up_open_039_aug012.jpg","Tissue Forceps Adson Straight 1x2 Teeth Mirror Finish 4.75in right side up","open","39","12.0"
"D:\augmented_data_random_backgrounds\images\train\Tissue_Forceps_Adson_Straight_1x2_Teeth_Mirror_Finish_4.75in_right_side_up_open_039_aug013.jpg","Tissue Forceps Adson Straight 1x2 Teeth Mirror Finish 4.75in right side up","open","39","13.0"
"D:\augmented_data_random_backgrounds\images\train\Tissue_Forceps_Adson_Straight_1x2_Teeth_Mirror_Finish_4.75in_right_side_up_open_039_aug014.jpg","Tissue Forceps Adson Straight 1x2 Teeth Mirror Finish 4.75in right side up","open","39","14.0"
"D:\augmented_data_random_backgrounds\images\train\Tissue_Forceps_Adson_Straight_1x2_Teeth_Mirror_Finish_4.75in_right_side_up_open_039_aug015.jpg","Tissue Forceps Adson Straight 1x2 Teeth Mirror Finish 4.75in right side up","open","39","15.0"
"D:\augmented_data_random_backgrounds\images\train\Tissue_Forceps_Adson_Straight_1x2_Teeth_Mirror_Finish_4.75in_right_side_up_open_039_aug016.jpg","Tissue Forceps Adson Straight 1x2 Teeth Mirror Finish 4.75in right side up","open","39","16.0"
"D:\augmented_data_random_backgrounds\images\train\Tissue_Forceps_Adson_Straight_1x2_Teeth_Mirror_Finish_4.75in_right_side_up_open_039_aug017.jpg","Tissue Forceps Adson Straight 1x2 Teeth Mirror Finish 4.75in right side up","open","39","17.0"
"D:\augmented_data_random_backgrounds\images\train\Tissue_Forceps_Adson_Straight_1x2_Teeth_Mirror_Finish_4.75in_right_side_up_open_039_aug018.jpg","Tissue Forceps Adson Straight 1x2 Teeth Mirror Finish 4.75in right side up","open","39","18.0"
"D:\augmented_data_random_backgrounds\images\train\Tissue_Forceps_Adson_Straight_1x2_Teeth_Mirror_Finish_4.75in_right_side_up_open_039_aug019.jpg","Tissue Forceps Adson Straight 1x2 Teeth Mirror Finish 4.75in right side up","open","39","19.0"
"D:\augmented_data_random_backgrounds\images\train\Tissue_Forceps_Adson_Straight_1x2_Teeth_Mirror_Finish_4.75in_right_side_up_open_039_aug020.jpg","Tissue Forceps Adson Straight 1x2 Teeth Mirror Finish 4.75in right side up","open","39","20.0"
"D:\augmented_data_random_backgrounds\images\train\Tissue_Forceps_Adson_Straight_1x2_Teeth_Mirror_Finish_4.75in_right_side_up_open_039_aug021.jpg","Tissue Forceps Adson Straight 1x2 Teeth Mirror Finish 4.75in right side up","open","39","21.0"
"D:\augmented_data_random_backgrounds\images\train\Tissue_Forceps_Adson_Straight_1x2_Teeth_Mirror_Finish_4.75in_right_side_up_open_039_aug022.jpg","Tissue Forceps Adson Straight 1x2 Teeth Mirror Finish 4.75in right side up","open","39","22.0"
"D:\augmented_data_random_backgrounds\images\train\Tissue_Forceps_Adson_Straight_1x2_Teeth_Mirror_Finish_4.75in_right_side_up_open_039_aug023.jpg","Tissue Forceps Adson Straight 1x2 Teeth Mirror Finish 4.75in right side up","open","39","23.0"
"D:\augmented_data_random_backgrounds\images\train\Tissue_Forceps_Adson_Straight_1x2_Teeth_Mirror_Finish_4.75in_right_side_up_open_039_aug024.jpg","Tissue Forceps Adson Straight 1x2 Teeth Mirror Finish 4.75in right side up","open","39","24.0"
"D:\augmented_data_random_backgrounds\images\train\Tissue_Forceps_Adson_Straight_1x2_Teeth_Mirror_Finish_4.75in_right_side_up_open_040.jpg","Tissue Forceps Adson Straight 1x2 Teeth Mirror Finish 4.75in right side up","open","40",""
"D:\augmented_data_random_backgrounds\images\train\Tissue_Forceps_Adson_Straight_1x2_Teeth_Mirror_Finish_4.75in_right_side_up_open_040_aug000.jpg","Tissue Forceps Adson Straight 1x2 Teeth Mirror Finish 4.75in right side up","open","40","0.0"
"D:\augmented_data_random_backgrounds\images\train\Tissue_Forceps_Adson_Straight_1x2_Teeth_Mirror_Finish_4.75in_right_side_up_open_040_aug001.jpg","Tissue Forceps Adson Straight 1x2 Teeth Mirror Finish 4.75in right side up","open","40","1.0"
"D:\augmented_data_random_backgrounds\images\train\Tissue_Forceps_Adson_Straight_1x2_Teeth_Mirror_Finish_4.75in_right_side_up_open_040_aug002.jpg","Tissue Forceps Adson Straight 1x2 Teeth Mirror Finish 4.75in right side up","open","40","2.0"
"D:\augmented_data_random_backgrounds\images\train\Tissue_Forceps_Adson_Straight_1x2_Teeth_Mirror_Finish_4.75in_right_side_up_open_040_aug003.jpg","Tissue Forceps Adson Straight 1x2 Teeth Mirror Finish 4.75in right side up","open","40","3.0"
"D:\augmented_data_random_backgrounds\images\train\Tissue_Forceps_Adson_Straight_1x2_Teeth_Mirror_Finish_4.75in_right_side_up_open_040_aug004.jpg","Tissue Forceps Adson Straight 1x2 Teeth Mirror Finish 4.75in right side up","open","40","4.0"
"D:\augmented_data_random_backgrounds\images\train\Tissue_Forceps_Adson_Straight_1x2_Teeth_Mirror_Finish_4.75in_right_side_up_open_040_aug005.jpg","Tissue Forceps Adson Straight 1x2 Teeth Mirror Finish 4.75in right side up","open","40","5.0"
"D:\augmented_data_random_backgrounds\images\train\Tissue_Forceps_Adson_Straight_1x2_Teeth_Mirror_Finish_4.75in_right_side_up_open_040_aug006.jpg","Tissue Forceps Adson Straight 1x2 Teeth Mirror Finish 4.75in right side up","open","40","6.0"
"D:\augmented_data_random_backgrounds\images\train\Tissue_Forceps_Adson_Straight_1x2_Teeth_Mirror_Finish_4.75in_right_side_up_open_040_aug007.jpg","Tissue Forceps Adson Straight 1x2 Teeth Mirror Finish 4.75in right side up","open","40","7.0"
"D:\augmented_data_random_backgrounds\images\train\Tissue_Forceps_Adson_Straight_1x2_Teeth_Mirror_Finish_4.75in_right_side_up_open_040_aug008.jpg","Tissue Forceps Adson Straight 1x2 Teeth Mirror Finish 4.75in right side up","open","40","8.0"
"D:\augmented_data_random_backgrounds\images\train\Tissue_Forceps_Adson_Straight_1x2_Teeth_Mirror_Finish_4.75in_right_side_up_open_040_aug009.jpg","Tissue Forceps Adson Straight 1x2 Teeth Mirror Finish 4.75in right side up","open","40","9.0"
"D:\augmented_data_random_backgrounds\images\train\Tissue_Forceps_Adson_Straight_1x2_Teeth_Mirror_Finish_4.75in_right_side_up_open_040_aug010.jpg","Tissue Forceps Adson Straight 1x2 Teeth Mirror Finish 4.75in right side up","open","40","10.0"
"D:\augmented_data_random_backgrounds\images\train\Tissue_Forceps_Adson_Straight_1x2_Teeth_Mirror_Finish_4.75in_right_side_up_open_040_aug011.jpg","Tissue Forceps Adson Straight 1x2 Teeth Mirror Finish 4.75in right side up","open","40","11.0"
"D:\augmented_data_random_backgrounds\images\train\Tissue_Forceps_Adson_Straight_1x2_Teeth_Mirror_Finish_4.75in_right_side_up_open_040_aug012.jpg","Tissue Forceps Adson Straight 1x2 Teeth Mirror Finish 4.75in right side up","open","40","12.0"
"D:\augmented_data_random_backgrounds\images\train\Tissue_Forceps_Adson_Straight_1x2_Teeth_Mirror_Finish_4.75in_right_side_up_open_040_aug013.jpg","Tissue Forceps Adson Straight 1x2 Teeth Mirror Finish 4.75in right side up","open","40","13.0"
"D:\augmented_data_random_backgrounds\images\train\Tissue_Forceps_Adson_Straight_1x2_Teeth_Mirror_Finish_4.75in_right_side_up_open_040_aug014.jpg","Tissue Forceps Adson Straight 1x2 Teeth Mirror Finish 4.75in right side up","open","40","14.0"
"D:\augmented_data_random_backgrounds\images\train\Tissue_Forceps_Adson_Straight_1x2_Teeth_Mirror_Finish_4.75in_right_side_up_open_040_aug015.jpg","Tissue Forceps Adson Straight 1x2 Teeth Mirror Finish 4.75in right side up","open","40","15.0"
"D:\augmented_data_random_backgrounds\images\train\Tissue_Forceps_Adson_Straight_1x2_Teeth_Mirror_Finish_4.75in_right_side_up_open_040_aug016.jpg","Tissue Forceps Adson Straight 1x2 Teeth Mirror Finish 4.75in right side up","open","40","16.0"
"D:\augmented_data_random_backgrounds\images\train\Tissue_Forceps_Adson_Straight_1x2_Teeth_Mirror_Finish_4.75in_right_side_up_open_040_aug017.jpg","Tissue Forceps Adson Straight 1x2 Teeth Mirror Finish 4.75in right side up","open","40","17.0"
"D:\augmented_data_random_backgrounds\images\train\Tissue_Forceps_Adson_Straight_1x2_Teeth_Mirror_Finish_4.75in_right_side_up_open_040_aug018.jpg","Tissue Forceps Adson Straight 1x2 Teeth Mirror Finish 4.75in right side up","open","40","18.0"
"D:\augmented_data_random_backgrounds\images\train\Tissue_Forceps_Adson_Straight_1x2_Teeth_Mirror_Finish_4.75in_right_side_up_open_040_aug019.jpg","Tissue Forceps Adson Straight 1x2 Teeth Mirror Finish 4.75in right side up","open","40","19.0"
"D:\augmented_data_random_backgrounds\images\train\Tissue_Forceps_Adson_Straight_1x2_Teeth_Mirror_Finish_4.75in_right_side_up_open_040_aug020.jpg","Tissue Forceps Adson Straight 1x2 Teeth Mirror Finish 4.75in right side up","open","40","20.0"
"D:\augmented_data_random_backgrounds\images\train\Tissue_Forceps_Adson_Straight_1x2_Teeth_Mirror_Finish_4.75in_right_side_up_open_040_aug021.jpg","Tissue Forceps Adson Straight 1x2 Teeth Mirror Finish 4.75in right side up","open","40","21.0"
"D:\augmented_data_random_backgrounds\images\train\Tissue_Forceps_Adson_Straight_1x2_Teeth_Mirror_Finish_4.75in_right_side_up_open_040_aug022.jpg","Tissue Forceps Adson Straight 1x2 Teeth Mirror Finish 4.75in right side up","open","40","22.0"
"D:\augmented_data_random_backgrounds\images\train\Tissue_Forceps_Adson_Straight_1x2_Teeth_Mirror_Finish_4.75in_right_side_up_open_040_aug023.jpg","Tissue Forceps Adson Straight 1x2 Teeth Mirror Finish 4.75in right side up","open","40","23.0"
"D:\augmented_data_random_backgrounds\images\train\Tissue_Forceps_Adson_Straight_1x2_Teeth_Mirror_Finish_4.75in_right_side_up_open_040_aug024.jpg","Tissue Forceps Adson Straight 1x2 Teeth Mirror Finish 4.75in right side up","open","40","24.0"
"D:\augmented_data_random_backgrounds\images\train\Tissue_Forceps_Adson_Straight_1x2_Teeth_Mirror_Finish_4.75in_right_side_up_open_041.jpg","Tissue Forceps Adson Straight 1x2 Teeth Mirror Finish 4.75in right side up","open","41",""
"D:\augmented_data_random_backgrounds\images\train\Tissue_Forceps_Adson_Straight_1x2_Teeth_Mirror_Finish_4.75in_right_side_up_open_041_aug000.jpg","Tissue Forceps Adson Straight 1x2 Teeth Mirror Finish 4.75in right side up","open","41","0.0"
"D:\augmented_data_random_backgrounds\images\train\Tissue_Forceps_Adson_Straight_1x2_Teeth_Mirror_Finish_4.75in_right_side_up_open_041_aug001.jpg","Tissue Forceps Adson Straight 1x2 Teeth Mirror Finish 4.75in right side up","open","41","1.0"
"D:\augmented_data_random_backgrounds\images\train\Tissue_Forceps_Adson_Straight_1x2_Teeth_Mirror_Finish_4.75in_right_side_up_open_041_aug002.jpg","Tissue Forceps Adson Straight 1x2 Teeth Mirror Finish 4.75in right side up","open","41","2.0"
"D:\augmented_data_random_backgrounds\images\train\Tissue_Forceps_Adson_Straight_1x2_Teeth_Mirror_Finish_4.75in_right_side_up_open_041_aug003.jpg","Tissue Forceps Adson Straight 1x2 Teeth Mirror Finish 4.75in right side up","open","41","3.0"
"D:\augmented_data_random_backgrounds\images\train\Tissue_Forceps_Adson_Straight_1x2_Teeth_Mirror_Finish_4.75in_right_side_up_open_041_aug004.jpg","Tissue Forceps Adson Straight 1x2 Teeth Mirror Finish 4.75in right side up","open","41","4.0"
"D:\augmented_data_random_backgrounds\images\train\Tissue_Forceps_Adson_Straight_1x2_Teeth_Mirror_Finish_4.75in_right_side_up_open_041_aug005.jpg","Tissue Forceps Adson Straight 1x2 Teeth Mirror Finish 4.75in right side up","open","41","5.0"
"D:\augmented_data_random_backgrounds\images\train\Tissue_Forceps_Adson_Straight_1x2_Teeth_Mirror_Finish_4.75in_right_side_up_open_041_aug006.jpg","Tissue Forceps Adson Straight 1x2 Teeth Mirror Finish 4.75in right side up","open","41","6.0"
"D:\augmented_data_random_backgrounds\images\train\Tissue_Forceps_Adson_Straight_1x2_Teeth_Mirror_Finish_4.75in_right_side_up_open_041_aug007.jpg","Tissue Forceps Adson Straight 1x2 Teeth Mirror Finish 4.75in right side up","open","41","7.0"
"D:\augmented_data_random_backgrounds\images\train\Tissue_Forceps_Adson_Straight_1x2_Teeth_Mirror_Finish_4.75in_right_side_up_open_041_aug008.jpg","Tissue Forceps Adson Straight 1x2 Teeth Mirror Finish 4.75in right side up","open","41","8.0"
"D:\augmented_data_random_backgrounds\images\train\Tissue_Forceps_Adson_Straight_1x2_Teeth_Mirror_Finish_4.75in_right_side_up_open_041_aug009.jpg","Tissue Forceps Adson Straight 1x2 Teeth Mirror Finish 4.75in right side up","open","41","9.0"
"D:\augmented_data_random_backgrounds\images\train\Tissue_Forceps_Adson_Straight_1x2_Teeth_Mirror_Finish_4.75in_right_side_up_open_041_aug010.jpg","Tissue Forceps Adson Straight 1x2 Teeth Mirror Finish 4.75in right side up","open","41","10.0"
"D:\augmented_data_random_backgrounds\images\train\Tissue_Forceps_Adson_Straight_1x2_Teeth_Mirror_Finish_4.75in_right_side_up_open_041_aug011.jpg","Tissue Forceps Adson Straight 1x2 Teeth Mirror Finish 4.75in right side up","open","41","11.0"
"D:\augmented_data_random_backgrounds\images\train\Tissue_Forceps_Adson_Straight_1x2_Teeth_Mirror_Finish_4.75in_right_side_up_open_041_aug012.jpg","Tissue Forceps Adson Straight 1x2 Teeth Mirror Finish 4.75in right side up","open","41","12.0"
"D:\augmented_data_random_backgrounds\images\train\Tissue_Forceps_Adson_Straight_1x2_Teeth_Mirror_Finish_4.75in_right_side_up_open_041_aug013.jpg","Tissue Forceps Adson Straight 1x2 Teeth Mirror Finish 4.75in right side up","open","41","13.0"
"D:\augmented_data_random_backgrounds\images\train\Tissue_Forceps_Adson_Straight_1x2_Teeth_Mirror_Finish_4.75in_right_side_up_open_041_aug014.jpg","Tissue Forceps Adson Straight 1x2 Teeth Mirror Finish 4.75in right side up","open","41","14.0"
"D:\augmented_data_random_backgrounds\images\train\Tissue_Forceps_Adson_Straight_1x2_Teeth_Mirror_Finish_4.75in_right_side_up_open_041_aug015.jpg","Tissue Forceps Adson Straight 1x2 Teeth Mirror Finish 4.75in right side up","open","41","15.0"
"D:\augmented_data_random_backgrounds\images\train\Tissue_Forceps_Adson_Straight_1x2_Teeth_Mirror_Finish_4.75in_right_side_up_open_041_aug016.jpg","Tissue Forceps Adson Straight 1x2 Teeth Mirror Finish 4.75in right side up","open","41","16.0"
"D:\augmented_data_random_backgrounds\images\train\Tissue_Forceps_Adson_Straight_1x2_Teeth_Mirror_Finish_4.75in_right_side_up_open_041_aug017.jpg","Tissue Forceps Adson Straight 1x2 Teeth Mirror Finish 4.75in right side up","open","41","17.0"
"D:\augmented_data_random_backgrounds\images\train\Tissue_Forceps_Adson_Straight_1x2_Teeth_Mirror_Finish_4.75in_right_side_up_open_041_aug018.jpg","Tissue Forceps Adson Straight 1x2 Teeth Mirror Finish 4.75in right side up","open","41","18.0"
"D:\augmented_data_random_backgrounds\images\train\Tissue_Forceps_Adson_Straight_1x2_Teeth_Mirror_Finish_4.75in_right_side_up_open_041_aug019.jpg","Tissue Forceps Adson Straight 1x2 Teeth Mirror Finish 4.75in right side up","open","41","19.0"
"D:\augmented_data_random_backgrounds\images\train\Tissue_Forceps_Adson_Straight_1x2_Teeth_Mirror_Finish_4.75in_right_side_up_open_041_aug020.jpg","Tissue Forceps Adson Straight 1x2 Teeth Mirror Finish 4.75in right side up","open","41","20.0"
"D:\augmented_data_random_backgrounds\images\train\Tissue_Forceps_Adson_Straight_1x2_Teeth_Mirror_Finish_4.75in_right_side_up_open_041_aug021.jpg","Tissue Forceps Adson Straight 1x2 Teeth Mirror Finish 4.75in right side up","open","41","21.0"
"D:\augmented_data_random_backgrounds\images\train\Tissue_Forceps_Adson_Straight_1x2_Teeth_Mirror_Finish_4.75in_right_side_up_open_041_aug022.jpg","Tissue Forceps Adson Straight 1x2 Teeth Mirror Finish 4.75in right side up","open","41","22.0"
"D:\augmented_data_random_backgrounds\images\train\Tissue_Forceps_Adson_Straight_1x2_Teeth_Mirror_Finish_4.75in_right_side_up_open_041_aug023.jpg","Tissue Forceps Adson Straight 1x2 Teeth Mirror Finish 4.75in right side up","open","41","23.0"
"D:\augmented_data_random_backgrounds\images\train\Tissue_Forceps_Adson_Straight_1x2_Teeth_Mirror_Finish_4.75in_right_side_up_open_041_aug024.jpg","Tissue Forceps Adson Straight 1x2 Teeth Mirror Finish 4.75in right side up","open","41","24.0"
"D:\augmented_data_random_backgrounds\images\train\Tissue_Forceps_Adson_Straight_1x2_Teeth_Mirror_Finish_4.75in_right_side_up_open_042.jpg","Tissue Forceps Adson Straight 1x2 Teeth Mirror Finish 4.75in right side up","open","42",""
"D:\augmented_data_random_backgrounds\images\train\Tissue_Forceps_Adson_Straight_1x2_Teeth_Mirror_Finish_4.75in_right_side_up_open_042_aug000.jpg","Tissue Forceps Adson Straight 1x2 Teeth Mirror Finish 4.75in right side up","open","42","0.0"
"D:\augmented_data_random_backgrounds\images\train\Tissue_Forceps_Adson_Straight_1x2_Teeth_Mirror_Finish_4.75in_right_side_up_open_042_aug001.jpg","Tissue Forceps Adson Straight 1x2 Teeth Mirror Finish 4.75in right side up","open","42","1.0"
"D:\augmented_data_random_backgrounds\images\train\Tissue_Forceps_Adson_Straight_1x2_Teeth_Mirror_Finish_4.75in_right_side_up_open_042_aug002.jpg","Tissue Forceps Adson Straight 1x2 Teeth Mirror Finish 4.75in right side up","open","42","2.0"
"D:\augmented_data_random_backgrounds\images\train\Tissue_Forceps_Adson_Straight_1x2_Teeth_Mirror_Finish_4.75in_right_side_up_open_042_aug003.jpg","Tissue Forceps Adson Straight 1x2 Teeth Mirror Finish 4.75in right side up","open","42","3.0"
"D:\augmented_data_random_backgrounds\images\train\Tissue_Forceps_Adson_Straight_1x2_Teeth_Mirror_Finish_4.75in_right_side_up_open_042_aug004.jpg","Tissue Forceps Adson Straight 1x2 Teeth Mirror Finish 4.75in right side up","open","42","4.0"
"D:\augmented_data_random_backgrounds\images\train\Tissue_Forceps_Adson_Straight_1x2_Teeth_Mirror_Finish_4.75in_right_side_up_open_042_aug005.jpg","Tissue Forceps Adson Straight 1x2 Teeth Mirror Finish 4.75in right side up","open","42","5.0"
"D:\augmented_data_random_backgrounds\images\train\Tissue_Forceps_Adson_Straight_1x2_Teeth_Mirror_Finish_4.75in_right_side_up_open_042_aug006.jpg","Tissue Forceps Adson Straight 1x2 Teeth Mirror Finish 4.75in right side up","open","42","6.0"
"D:\augmented_data_random_backgrounds\images\train\Tissue_Forceps_Adson_Straight_1x2_Teeth_Mirror_Finish_4.75in_right_side_up_open_042_aug007.jpg","Tissue Forceps Adson Straight 1x2 Teeth Mirror Finish 4.75in right side up","open","42","7.0"
"D:\augmented_data_random_backgrounds\images\train\Tissue_Forceps_Adson_Straight_1x2_Teeth_Mirror_Finish_4.75in_right_side_up_open_042_aug008.jpg","Tissue Forceps Adson Straight 1x2 Teeth Mirror Finish 4.75in right side up","open","42","8.0"
"D:\augmented_data_random_backgrounds\images\train\Tissue_Forceps_Adson_Straight_1x2_Teeth_Mirror_Finish_4.75in_right_side_up_open_042_aug009.jpg","Tissue Forceps Adson Straight 1x2 Teeth Mirror Finish 4.75in right side up","open","42","9.0"
"D:\augmented_data_random_backgrounds\images\train\Tissue_Forceps_Adson_Straight_1x2_Teeth_Mirror_Finish_4.75in_right_side_up_open_042_aug010.jpg","Tissue Forceps Adson Straight 1x2 Teeth Mirror Finish 4.75in right side up","open","42","10.0"
"D:\augmented_data_random_backgrounds\images\train\Tissue_Forceps_Adson_Straight_1x2_Teeth_Mirror_Finish_4.75in_right_side_up_open_042_aug011.jpg","Tissue Forceps Adson Straight 1x2 Teeth Mirror Finish 4.75in right side up","open","42","11.0"
"D:\augmented_data_random_backgrounds\images\train\Tissue_Forceps_Adson_Straight_1x2_Teeth_Mirror_Finish_4.75in_right_side_up_open_042_aug012.jpg","Tissue Forceps Adson Straight 1x2 Teeth Mirror Finish 4.75in right side up","open","42","12.0"
"D:\augmented_data_random_backgrounds\images\train\Tissue_Forceps_Adson_Straight_1x2_Teeth_Mirror_Finish_4.75in_right_side_up_open_042_aug013.jpg","Tissue Forceps Adson Straight 1x2 Teeth Mirror Finish 4.75in right side up","open","42","13.0"
"D:\augmented_data_random_backgrounds\images\train\Tissue_Forceps_Adson_Straight_1x2_Teeth_Mirror_Finish_4.75in_right_side_up_open_042_aug014.jpg","Tissue Forceps Adson Straight 1x2 Teeth Mirror Finish 4.75in right side up","open","42","14.0"
"D:\augmented_data_random_backgrounds\images\train\Tissue_Forceps_Adson_Straight_1x2_Teeth_Mirror_Finish_4.75in_right_side_up_open_042_aug015.jpg","Tissue Forceps Adson Straight 1x2 Teeth Mirror Finish 4.75in right side up","open","42","15.0"
"D:\augmented_data_random_backgrounds\images\train\Tissue_Forceps_Adson_Straight_1x2_Teeth_Mirror_Finish_4.75in_right_side_up_open_042_aug016.jpg","Tissue Forceps Adson Straight 1x2 Teeth Mirror Finish 4.75in right side up","open","42","16.0"
"D:\augmented_data_random_backgrounds\images\train\Tissue_Forceps_Adson_Straight_1x2_Teeth_Mirror_Finish_4.75in_right_side_up_open_042_aug017.jpg","Tissue Forceps Adson Straight 1x2 Teeth Mirror Finish 4.75in right side up","open","42","17.0"
"D:\augmented_data_random_backgrounds\images\train\Tissue_Forceps_Adson_Straight_1x2_Teeth_Mirror_Finish_4.75in_right_side_up_open_042_aug018.jpg","Tissue Forceps Adson Straight 1x2 Teeth Mirror Finish 4.75in right side up","open","42","18.0"
"D:\augmented_data_random_backgrounds\images\train\Tissue_Forceps_Adson_Straight_1x2_Teeth_Mirror_Finish_4.75in_right_side_up_open_042_aug019.jpg","Tissue Forceps Adson Straight 1x2 Teeth Mirror Finish 4.75in right side up","open","42","19.0"
"D:\augmented_data_random_backgrounds\images\train\Tissue_Forceps_Adson_Straight_1x2_Teeth_Mirror_Finish_4.75in_right_side_up_open_042_aug020.jpg","Tissue Forceps Adson Straight 1x2 Teeth Mirror Finish 4.75in right side up","open","42","20.0"
"D:\augmented_data_random_backgrounds\images\train\Tissue_Forceps_Adson_Straight_1x2_Teeth_Mirror_Finish_4.75in_right_side_up_open_042_aug021.jpg","Tissue Forceps Adson Straight 1x2 Teeth Mirror Finish 4.75in right side up","open","42","21.0"
"D:\augmented_data_random_backgrounds\images\train\Tissue_Forceps_Adson_Straight_1x2_Teeth_Mirror_Finish_4.75in_right_side_up_open_042_aug022.jpg","Tissue Forceps Adson Straight 1x2 Teeth Mirror Finish 4.75in right side up","open","42","22.0"
"D:\augmented_data_random_backgrounds\images\train\Tissue_Forceps_Adson_Straight_1x2_Teeth_Mirror_Finish_4.75in_right_side_up_open_042_aug023.jpg","Tissue Forceps Adson Straight 1x2 Teeth Mirror Finish 4.75in right side up","open","42","23.0"
"D:\augmented_data_random_backgrounds\images\train\Tissue_Forceps_Adson_Straight_1x2_Teeth_Mirror_Finish_4.75in_right_side_up_open_042_aug024.jpg","Tissue Forceps Adson Straight 1x2 Teeth Mirror Finish 4.75in right side up","open","42","24.0"
"D:\augmented_data_random_backgrounds\images\train\Tissue_Forceps_Adson_Straight_1x2_Teeth_Mirror_Finish_4.75in_right_side_up_open_043.jpg","Tissue Forceps Adson Straight 1x2 Teeth Mirror Finish 4.75in right side up","open","43",""
"D:\augmented_data_random_backgrounds\images\train\Tissue_Forceps_Adson_Straight_1x2_Teeth_Mirror_Finish_4.75in_right_side_up_open_043_aug000.jpg","Tissue Forceps Adson Straight 1x2 Teeth Mirror Finish 4.75in right side up","open","43","0.0"
"D:\augmented_data_random_backgrounds\images\train\Tissue_Forceps_Adson_Straight_1x2_Teeth_Mirror_Finish_4.75in_right_side_up_open_043_aug001.jpg","Tissue Forceps Adson Straight 1x2 Teeth Mirror Finish 4.75in right side up","open","43","1.0"
"D:\augmented_data_random_backgrounds\images\train\Tissue_Forceps_Adson_Straight_1x2_Teeth_Mirror_Finish_4.75in_right_side_up_open_043_aug002.jpg","Tissue Forceps Adson Straight 1x2 Teeth Mirror Finish 4.75in right side up","open","43","2.0"
"D:\augmented_data_random_backgrounds\images\train\Tissue_Forceps_Adson_Straight_1x2_Teeth_Mirror_Finish_4.75in_right_side_up_open_043_aug003.jpg","Tissue Forceps Adson Straight 1x2 Teeth Mirror Finish 4.75in right side up","open","43","3.0"
"D:\augmented_data_random_backgrounds\images\train\Tissue_Forceps_Adson_Straight_1x2_Teeth_Mirror_Finish_4.75in_right_side_up_open_043_aug004.jpg","Tissue Forceps Adson Straight 1x2 Teeth Mirror Finish 4.75in right side up","open","43","4.0"
"D:\augmented_data_random_backgrounds\images\train\Tissue_Forceps_Adson_Straight_1x2_Teeth_Mirror_Finish_4.75in_right_side_up_open_043_aug005.jpg","Tissue Forceps Adson Straight 1x2 Teeth Mirror Finish 4.75in right side up","open","43","5.0"
"D:\augmented_data_random_backgrounds\images\train\Tissue_Forceps_Adson_Straight_1x2_Teeth_Mirror_Finish_4.75in_right_side_up_open_043_aug006.jpg","Tissue Forceps Adson Straight 1x2 Teeth Mirror Finish 4.75in right side up","open","43","6.0"
"D:\augmented_data_random_backgrounds\images\train\Tissue_Forceps_Adson_Straight_1x2_Teeth_Mirror_Finish_4.75in_right_side_up_open_043_aug007.jpg","Tissue Forceps Adson Straight 1x2 Teeth Mirror Finish 4.75in right side up","open","43","7.0"
"D:\augmented_data_random_backgrounds\images\train\Tissue_Forceps_Adson_Straight_1x2_Teeth_Mirror_Finish_4.75in_right_side_up_open_043_aug008.jpg","Tissue Forceps Adson Straight 1x2 Teeth Mirror Finish 4.75in right side up","open","43","8.0"
"D:\augmented_data_random_backgrounds\images\train\Tissue_Forceps_Adson_Straight_1x2_Teeth_Mirror_Finish_4.75in_right_side_up_open_043_aug009.jpg","Tissue Forceps Adson Straight 1x2 Teeth Mirror Finish 4.75in right side up","open","43","9.0"
"D:\augmented_data_random_backgrounds\images\train\Tissue_Forceps_Adson_Straight_1x2_Teeth_Mirror_Finish_4.75in_right_side_up_open_043_aug010.jpg","Tissue Forceps Adson Straight 1x2 Teeth Mirror Finish 4.75in right side up","open","43","10.0"
"D:\augmented_data_random_backgrounds\images\train\Tissue_Forceps_Adson_Straight_1x2_Teeth_Mirror_Finish_4.75in_right_side_up_open_043_aug011.jpg","Tissue Forceps Adson Straight 1x2 Teeth Mirror Finish 4.75in right side up","open","43","11.0"
"D:\augmented_data_random_backgrounds\images\train\Tissue_Forceps_Adson_Straight_1x2_Teeth_Mirror_Finish_4.75in_right_side_up_open_043_aug012.jpg","Tissue Forceps Adson Straight 1x2 Teeth Mirror Finish 4.75in right side up","open","43","12.0"
"D:\augmented_data_random_backgrounds\images\train\Tissue_Forceps_Adson_Straight_1x2_Teeth_Mirror_Finish_4.75in_right_side_up_open_043_aug013.jpg","Tissue Forceps Adson Straight 1x2 Teeth Mirror Finish 4.75in right side up","open","43","13.0"
"D:\augmented_data_random_backgrounds\images\train\Tissue_Forceps_Adson_Straight_1x2_Teeth_Mirror_Finish_4.75in_right_side_up_open_043_aug014.jpg","Tissue Forceps Adson Straight 1x2 Teeth Mirror Finish 4.75in right side up","open","43","14.0"
"D:\augmented_data_random_backgrounds\images\train\Tissue_Forceps_Adson_Straight_1x2_Teeth_Mirror_Finish_4.75in_right_side_up_open_043_aug015.jpg","Tissue Forceps Adson Straight 1x2 Teeth Mirror Finish 4.75in right side up","open","43","15.0"
"D:\augmented_data_random_backgrounds\images\train\Tissue_Forceps_Adson_Straight_1x2_Teeth_Mirror_Finish_4.75in_right_side_up_open_043_aug016.jpg","Tissue Forceps Adson Straight 1x2 Teeth Mirror Finish 4.75in right side up","open","43","16.0"
"D:\augmented_data_random_backgrounds\images\train\Tissue_Forceps_Adson_Straight_1x2_Teeth_Mirror_Finish_4.75in_right_side_up_open_043_aug017.jpg","Tissue Forceps Adson Straight 1x2 Teeth Mirror Finish 4.75in right side up","open","43","17.0"
"D:\augmented_data_random_backgrounds\images\train\Tissue_Forceps_Adson_Straight_1x2_Teeth_Mirror_Finish_4.75in_right_side_up_open_043_aug018.jpg","Tissue Forceps Adson Straight 1x2 Teeth Mirror Finish 4.75in right side up","open","43","18.0"
"D:\augmented_data_random_backgrounds\images\train\Tissue_Forceps_Adson_Straight_1x2_Teeth_Mirror_Finish_4.75in_right_side_up_open_043_aug019.jpg","Tissue Forceps Adson Straight 1x2 Teeth Mirror Finish 4.75in right side up","open","43","19.0"
"D:\augmented_data_random_backgrounds\images\train\Tissue_Forceps_Adson_Straight_1x2_Teeth_Mirror_Finish_4.75in_right_side_up_open_043_aug020.jpg","Tissue Forceps Adson Straight 1x2 Teeth Mirror Finish 4.75in right side up","open","43","20.0"
"D:\augmented_data_random_backgrounds\images\train\Tissue_Forceps_Adson_Straight_1x2_Teeth_Mirror_Finish_4.75in_right_side_up_open_043_aug021.jpg","Tissue Forceps Adson Straight 1x2 Teeth Mirror Finish 4.75in right side up","open","43","21.0"
"D:\augmented_data_random_backgrounds\images\train\Tissue_Forceps_Adson_Straight_1x2_Teeth_Mirror_Finish_4.75in_right_side_up_open_043_aug022.jpg","Tissue Forceps Adson Straight 1x2 Teeth Mirror Finish 4.75in right side up","open","43","22.0"
"D:\augmented_data_random_backgrounds\images\train\Tissue_Forceps_Adson_Straight_1x2_Teeth_Mirror_Finish_4.75in_right_side_up_open_043_aug023.jpg","Tissue Forceps Adson Straight 1x2 Teeth Mirror Finish 4.75in right side up","open","43","23.0"
"D:\augmented_data_random_backgrounds\images\train\Tissue_Forceps_Adson_Straight_1x2_Teeth_Mirror_Finish_4.75in_right_side_up_open_043_aug024.jpg","Tissue Forceps Adson Straight 1x2 Teeth Mirror Finish 4.75in right side up","open","43","24.0"
"D:\augmented_data_random_backgrounds\images\train\Tissue_Forceps_Adson_Straight_1x2_Teeth_Mirror_Finish_4.75in_right_side_up_open_044.jpg","Tissue Forceps Adson Straight 1x2 Teeth Mirror Finish 4.75in right side up","open","44",""
"D:\augmented_data_random_backgrounds\images\train\Tissue_Forceps_Adson_Straight_1x2_Teeth_Mirror_Finish_4.75in_right_side_up_open_044_aug000.jpg","Tissue Forceps Adson Straight 1x2 Teeth Mirror Finish 4.75in right side up","open","44","0.0"
"D:\augmented_data_random_backgrounds\images\train\Tissue_Forceps_Adson_Straight_1x2_Teeth_Mirror_Finish_4.75in_right_side_up_open_044_aug001.jpg","Tissue Forceps Adson Straight 1x2 Teeth Mirror Finish 4.75in right side up","open","44","1.0"
"D:\augmented_data_random_backgrounds\images\train\Tissue_Forceps_Adson_Straight_1x2_Teeth_Mirror_Finish_4.75in_right_side_up_open_044_aug002.jpg","Tissue Forceps Adson Straight 1x2 Teeth Mirror Finish 4.75in right side up","open","44","2.0"
"D:\augmented_data_random_backgrounds\images\train\Tissue_Forceps_Adson_Straight_1x2_Teeth_Mirror_Finish_4.75in_right_side_up_open_044_aug003.jpg","Tissue Forceps Adson Straight 1x2 Teeth Mirror Finish 4.75in right side up","open","44","3.0"
"D:\augmented_data_random_backgrounds\images\train\Tissue_Forceps_Adson_Straight_1x2_Teeth_Mirror_Finish_4.75in_right_side_up_open_044_aug004.jpg","Tissue Forceps Adson Straight 1x2 Teeth Mirror Finish 4.75in right side up","open","44","4.0"
"D:\augmented_data_random_backgrounds\images\train\Tissue_Forceps_Adson_Straight_1x2_Teeth_Mirror_Finish_4.75in_right_side_up_open_044_aug005.jpg","Tissue Forceps Adson Straight 1x2 Teeth Mirror Finish 4.75in right side up","open","44","5.0"
"D:\augmented_data_random_backgrounds\images\train\Tissue_Forceps_Adson_Straight_1x2_Teeth_Mirror_Finish_4.75in_right_side_up_open_044_aug006.jpg","Tissue Forceps Adson Straight 1x2 Teeth Mirror Finish 4.75in right side up","open","44","6.0"
"D:\augmented_data_random_backgrounds\images\train\Tissue_Forceps_Adson_Straight_1x2_Teeth_Mirror_Finish_4.75in_right_side_up_open_044_aug007.jpg","Tissue Forceps Adson Straight 1x2 Teeth Mirror Finish 4.75in right side up","open","44","7.0"
"D:\augmented_data_random_backgrounds\images\train\Tissue_Forceps_Adson_Straight_1x2_Teeth_Mirror_Finish_4.75in_right_side_up_open_044_aug008.jpg","Tissue Forceps Adson Straight 1x2 Teeth Mirror Finish 4.75in right side up","open","44","8.0"
"D:\augmented_data_random_backgrounds\images\train\Tissue_Forceps_Adson_Straight_1x2_Teeth_Mirror_Finish_4.75in_right_side_up_open_044_aug009.jpg","Tissue Forceps Adson Straight 1x2 Teeth Mirror Finish 4.75in right side up","open","44","9.0"
"D:\augmented_data_random_backgrounds\images\train\Tissue_Forceps_Adson_Straight_1x2_Teeth_Mirror_Finish_4.75in_right_side_up_open_044_aug010.jpg","Tissue Forceps Adson Straight 1x2 Teeth Mirror Finish 4.75in right side up","open","44","10.0"
"D:\augmented_data_random_backgrounds\images\train\Tissue_Forceps_Adson_Straight_1x2_Teeth_Mirror_Finish_4.75in_right_side_up_open_044_aug011.jpg","Tissue Forceps Adson Straight 1x2 Teeth Mirror Finish 4.75in right side up","open","44","11.0"
"D:\augmented_data_random_backgrounds\images\train\Tissue_Forceps_Adson_Straight_1x2_Teeth_Mirror_Finish_4.75in_right_side_up_open_044_aug012.jpg","Tissue Forceps Adson Straight 1x2 Teeth Mirror Finish 4.75in right side up","open","44","12.0"
"D:\augmented_data_random_backgrounds\images\train\Tissue_Forceps_Adson_Straight_1x2_Teeth_Mirror_Finish_4.75in_right_side_up_open_044_aug013.jpg","Tissue Forceps Adson Straight 1x2 Teeth Mirror Finish 4.75in right side up","open","44","13.0"
"D:\augmented_data_random_backgrounds\images\train\Tissue_Forceps_Adson_Straight_1x2_Teeth_Mirror_Finish_4.75in_right_side_up_open_044_aug014.jpg","Tissue Forceps Adson Straight 1x2 Teeth Mirror Finish 4.75in right side up","open","44","14.0"
"D:\augmented_data_random_backgrounds\images\train\Tissue_Forceps_Adson_Straight_1x2_Teeth_Mirror_Finish_4.75in_right_side_up_open_044_aug015.jpg","Tissue Forceps Adson Straight 1x2 Teeth Mirror Finish 4.75in right side up","open","44","15.0"
"D:\augmented_data_random_backgrounds\images\train\Tissue_Forceps_Adson_Straight_1x2_Teeth_Mirror_Finish_4.75in_right_side_up_open_044_aug016.jpg","Tissue Forceps Adson Straight 1x2 Teeth Mirror Finish 4.75in right side up","open","44","16.0"
"D:\augmented_data_random_backgrounds\images\train\Tissue_Forceps_Adson_Straight_1x2_Teeth_Mirror_Finish_4.75in_right_side_up_open_044_aug017.jpg","Tissue Forceps Adson Straight 1x2 Teeth Mirror Finish 4.75in right side up","open","44","17.0"
"D:\augmented_data_random_backgrounds\images\train\Tissue_Forceps_Adson_Straight_1x2_Teeth_Mirror_Finish_4.75in_right_side_up_open_044_aug018.jpg","Tissue Forceps Adson Straight 1x2 Teeth Mirror Finish 4.75in right side up","open","44","18.0"
"D:\augmented_data_random_backgrounds\images\train\Tissue_Forceps_Adson_Straight_1x2_Teeth_Mirror_Finish_4.75in_right_side_up_open_044_aug019.jpg","Tissue Forceps Adson Straight 1x2 Teeth Mirror Finish 4.75in right side up","open","44","19.0"
"D:\augmented_data_random_backgrounds\images\train\Tissue_Forceps_Adson_Straight_1x2_Teeth_Mirror_Finish_4.75in_right_side_up_open_044_aug020.jpg","Tissue Forceps Adson Straight 1x2 Teeth Mirror Finish 4.75in right side up","open","44","20.0"
"D:\augmented_data_random_backgrounds\images\train\Tissue_Forceps_Adson_Straight_1x2_Teeth_Mirror_Finish_4.75in_right_side_up_open_044_aug021.jpg","Tissue Forceps Adson Straight 1x2 Teeth Mirror Finish 4.75in right side up","open","44","21.0"
"D:\augmented_data_random_backgrounds\images\train\Tissue_Forceps_Adson_Straight_1x2_Teeth_Mirror_Finish_4.75in_right_side_up_open_044_aug022.jpg","Tissue Forceps Adson Straight 1x2 Teeth Mirror Finish 4.75in right side up","open","44","22.0"
"D:\augmented_data_random_backgrounds\images\train\Tissue_Forceps_Adson_Straight_1x2_Teeth_Mirror_Finish_4.75in_right_side_up_open_044_aug023.jpg","Tissue Forceps Adson Straight 1x2 Teeth Mirror Finish 4.75in right side up","open","44","23.0"
"D:\augmented_data_random_backgrounds\images\train\Tissue_Forceps_Adson_Straight_1x2_Teeth_Mirror_Finish_4.75in_right_side_up_open_044_aug024.jpg","Tissue Forceps Adson Straight 1x2 Teeth Mirror Finish 4.75in right side up","open","44","24.0"
"D:\augmented_data_random_backgrounds\images\train\Tissue_Forceps_Adson_Straight_1x2_Teeth_Mirror_Finish_4.75in_right_side_up_open_045.jpg","Tissue Forceps Adson Straight 1x2 Teeth Mirror Finish 4.75in right side up","open","45",""
"D:\augmented_data_random_backgrounds\images\train\Tissue_Forceps_Adson_Straight_1x2_Teeth_Mirror_Finish_4.75in_right_side_up_open_045_aug000.jpg","Tissue Forceps Adson Straight 1x2 Teeth Mirror Finish 4.75in right side up","open","45","0.0"
"D:\augmented_data_random_backgrounds\images\train\Tissue_Forceps_Adson_Straight_1x2_Teeth_Mirror_Finish_4.75in_right_side_up_open_045_aug001.jpg","Tissue Forceps Adson Straight 1x2 Teeth Mirror Finish 4.75in right side up","open","45","1.0"
"D:\augmented_data_random_backgrounds\images\train\Tissue_Forceps_Adson_Straight_1x2_Teeth_Mirror_Finish_4.75in_right_side_up_open_045_aug002.jpg","Tissue Forceps Adson Straight 1x2 Teeth Mirror Finish 4.75in right side up","open","45","2.0"
"D:\augmented_data_random_backgrounds\images\train\Tissue_Forceps_Adson_Straight_1x2_Teeth_Mirror_Finish_4.75in_right_side_up_open_045_aug003.jpg","Tissue Forceps Adson Straight 1x2 Teeth Mirror Finish 4.75in right side up","open","45","3.0"
"D:\augmented_data_random_backgrounds\images\train\Tissue_Forceps_Adson_Straight_1x2_Teeth_Mirror_Finish_4.75in_right_side_up_open_045_aug004.jpg","Tissue Forceps Adson Straight 1x2 Teeth Mirror Finish 4.75in right side up","open","45","4.0"
"D:\augmented_data_random_backgrounds\images\train\Tissue_Forceps_Adson_Straight_1x2_Teeth_Mirror_Finish_4.75in_right_side_up_open_045_aug005.jpg","Tissue Forceps Adson Straight 1x2 Teeth Mirror Finish 4.75in right side up","open","45","5.0"
"D:\augmented_data_random_backgrounds\images\train\Tissue_Forceps_Adson_Straight_1x2_Teeth_Mirror_Finish_4.75in_right_side_up_open_045_aug006.jpg","Tissue Forceps Adson Straight 1x2 Teeth Mirror Finish 4.75in right side up","open","45","6.0"
"D:\augmented_data_random_backgrounds\images\train\Tissue_Forceps_Adson_Straight_1x2_Teeth_Mirror_Finish_4.75in_right_side_up_open_045_aug007.jpg","Tissue Forceps Adson Straight 1x2 Teeth Mirror Finish 4.75in right side up","open","45","7.0"
"D:\augmented_data_random_backgrounds\images\train\Tissue_Forceps_Adson_Straight_1x2_Teeth_Mirror_Finish_4.75in_right_side_up_open_045_aug008.jpg","Tissue Forceps Adson Straight 1x2 Teeth Mirror Finish 4.75in right side up","open","45","8.0"
"D:\augmented_data_random_backgrounds\images\train\Tissue_Forceps_Adson_Straight_1x2_Teeth_Mirror_Finish_4.75in_right_side_up_open_045_aug009.jpg","Tissue Forceps Adson Straight 1x2 Teeth Mirror Finish 4.75in right side up","open","45","9.0"
"D:\augmented_data_random_backgrounds\images\train\Tissue_Forceps_Adson_Straight_1x2_Teeth_Mirror_Finish_4.75in_right_side_up_open_045_aug010.jpg","Tissue Forceps Adson Straight 1x2 Teeth Mirror Finish 4.75in right side up","open","45","10.0"
"D:\augmented_data_random_backgrounds\images\train\Tissue_Forceps_Adson_Straight_1x2_Teeth_Mirror_Finish_4.75in_right_side_up_open_045_aug011.jpg","Tissue Forceps Adson Straight 1x2 Teeth Mirror Finish 4.75in right side up","open","45","11.0"
