"image_path","instrument","state","image_id","background_aug"
"D:\augmented_data_consistent_backgrounds\images\train\Needle_Holder_Mayo-Hegar_Straight_Carb-bite_Serrated_Jaws_8in_closed_01_aug000.jpg","Needle Holder Mayo-Hegar Straight Carb-bite Serrated Jaws 8in","closed","1","0.0"
"D:\augmented_data_consistent_backgrounds\images\train\Needle_Holder_Mayo-Hegar_Straight_Carb-bite_Serrated_Jaws_8in_closed_01_aug001.jpg","Needle Holder Mayo-Hegar Straight Carb-bite Serrated Jaws 8in","closed","1","1.0"
"D:\augmented_data_consistent_backgrounds\images\train\Needle_Holder_Mayo-Hegar_Straight_Carb-bite_Serrated_Jaws_8in_closed_01_aug002.jpg","Needle Holder Mayo-Hegar Straight Carb-bite Serrated Jaws 8in","closed","1","2.0"
"D:\augmented_data_consistent_backgrounds\images\train\Needle_Holder_Mayo-Hegar_Straight_Carb-bite_Serrated_Jaws_8in_closed_01_aug003.jpg","Needle Holder Mayo-Hegar Straight Carb-bite Serrated Jaws 8in","closed","1","3.0"
"D:\augmented_data_consistent_backgrounds\images\train\Needle_Holder_Mayo-Hegar_Straight_Carb-bite_Serrated_Jaws_8in_closed_01_aug004.jpg","Needle Holder Mayo-Hegar Straight Carb-bite Serrated Jaws 8in","closed","1","4.0"
"D:\augmented_data_consistent_backgrounds\images\train\Needle_Holder_Mayo-Hegar_Straight_Carb-bite_Serrated_Jaws_8in_closed_01_aug005.jpg","Needle Holder Mayo-Hegar Straight Carb-bite Serrated Jaws 8in","closed","1","5.0"
"D:\augmented_data_consistent_backgrounds\images\train\Needle_Holder_Mayo-Hegar_Straight_Carb-bite_Serrated_Jaws_8in_closed_01_aug007.jpg","Needle Holder Mayo-Hegar Straight Carb-bite Serrated Jaws 8in","closed","1","7.0"
"D:\augmented_data_consistent_backgrounds\images\train\Needle_Holder_Mayo-Hegar_Straight_Carb-bite_Serrated_Jaws_8in_closed_01_aug008.jpg","Needle Holder Mayo-Hegar Straight Carb-bite Serrated Jaws 8in","closed","1","8.0"
"D:\augmented_data_consistent_backgrounds\images\train\Needle_Holder_Mayo-Hegar_Straight_Carb-bite_Serrated_Jaws_8in_closed_01_aug009.jpg","Needle Holder Mayo-Hegar Straight Carb-bite Serrated Jaws 8in","closed","1","9.0"
"D:\augmented_data_consistent_backgrounds\images\train\Needle_Holder_Mayo-Hegar_Straight_Carb-bite_Serrated_Jaws_8in_closed_01_aug011.jpg","Needle Holder Mayo-Hegar Straight Carb-bite Serrated Jaws 8in","closed","1","11.0"
"D:\augmented_data_consistent_backgrounds\images\train\Needle_Holder_Mayo-Hegar_Straight_Carb-bite_Serrated_Jaws_8in_closed_01_aug012.jpg","Needle Holder Mayo-Hegar Straight Carb-bite Serrated Jaws 8in","closed","1","12.0"
"D:\augmented_data_consistent_backgrounds\images\train\Needle_Holder_Mayo-Hegar_Straight_Carb-bite_Serrated_Jaws_8in_closed_01_aug013.jpg","Needle Holder Mayo-Hegar Straight Carb-bite Serrated Jaws 8in","closed","1","13.0"
"D:\augmented_data_consistent_backgrounds\images\train\Needle_Holder_Mayo-Hegar_Straight_Carb-bite_Serrated_Jaws_8in_closed_01_aug014.jpg","Needle Holder Mayo-Hegar Straight Carb-bite Serrated Jaws 8in","closed","1","14.0"
"D:\augmented_data_consistent_backgrounds\images\train\Needle_Holder_Mayo-Hegar_Straight_Carb-bite_Serrated_Jaws_8in_closed_01_aug015.jpg","Needle Holder Mayo-Hegar Straight Carb-bite Serrated Jaws 8in","closed","1","15.0"
"D:\augmented_data_consistent_backgrounds\images\train\Needle_Holder_Mayo-Hegar_Straight_Carb-bite_Serrated_Jaws_8in_closed_01_aug016.jpg","Needle Holder Mayo-Hegar Straight Carb-bite Serrated Jaws 8in","closed","1","16.0"
"D:\augmented_data_consistent_backgrounds\images\train\Needle_Holder_Mayo-Hegar_Straight_Carb-bite_Serrated_Jaws_8in_closed_01_aug018.jpg","Needle Holder Mayo-Hegar Straight Carb-bite Serrated Jaws 8in","closed","1","18.0"
"D:\augmented_data_consistent_backgrounds\images\train\Needle_Holder_Mayo-Hegar_Straight_Carb-bite_Serrated_Jaws_8in_closed_02_aug000.jpg","Needle Holder Mayo-Hegar Straight Carb-bite Serrated Jaws 8in","closed","2","0.0"
"D:\augmented_data_consistent_backgrounds\images\train\Needle_Holder_Mayo-Hegar_Straight_Carb-bite_Serrated_Jaws_8in_closed_02_aug001.jpg","Needle Holder Mayo-Hegar Straight Carb-bite Serrated Jaws 8in","closed","2","1.0"
"D:\augmented_data_consistent_backgrounds\images\train\Needle_Holder_Mayo-Hegar_Straight_Carb-bite_Serrated_Jaws_8in_closed_02_aug002.jpg","Needle Holder Mayo-Hegar Straight Carb-bite Serrated Jaws 8in","closed","2","2.0"
"D:\augmented_data_consistent_backgrounds\images\train\Needle_Holder_Mayo-Hegar_Straight_Carb-bite_Serrated_Jaws_8in_closed_02_aug004.jpg","Needle Holder Mayo-Hegar Straight Carb-bite Serrated Jaws 8in","closed","2","4.0"
"D:\augmented_data_consistent_backgrounds\images\train\Needle_Holder_Mayo-Hegar_Straight_Carb-bite_Serrated_Jaws_8in_closed_02_aug005.jpg","Needle Holder Mayo-Hegar Straight Carb-bite Serrated Jaws 8in","closed","2","5.0"
"D:\augmented_data_consistent_backgrounds\images\train\Needle_Holder_Mayo-Hegar_Straight_Carb-bite_Serrated_Jaws_8in_closed_02_aug006.jpg","Needle Holder Mayo-Hegar Straight Carb-bite Serrated Jaws 8in","closed","2","6.0"
"D:\augmented_data_consistent_backgrounds\images\train\Needle_Holder_Mayo-Hegar_Straight_Carb-bite_Serrated_Jaws_8in_closed_02_aug007.jpg","Needle Holder Mayo-Hegar Straight Carb-bite Serrated Jaws 8in","closed","2","7.0"
"D:\augmented_data_consistent_backgrounds\images\train\Needle_Holder_Mayo-Hegar_Straight_Carb-bite_Serrated_Jaws_8in_closed_02_aug008.jpg","Needle Holder Mayo-Hegar Straight Carb-bite Serrated Jaws 8in","closed","2","8.0"
"D:\augmented_data_consistent_backgrounds\images\train\Needle_Holder_Mayo-Hegar_Straight_Carb-bite_Serrated_Jaws_8in_closed_02_aug009.jpg","Needle Holder Mayo-Hegar Straight Carb-bite Serrated Jaws 8in","closed","2","9.0"
"D:\augmented_data_consistent_backgrounds\images\train\Needle_Holder_Mayo-Hegar_Straight_Carb-bite_Serrated_Jaws_8in_closed_02_aug010.jpg","Needle Holder Mayo-Hegar Straight Carb-bite Serrated Jaws 8in","closed","2","10.0"
"D:\augmented_data_consistent_backgrounds\images\train\Needle_Holder_Mayo-Hegar_Straight_Carb-bite_Serrated_Jaws_8in_closed_02_aug011.jpg","Needle Holder Mayo-Hegar Straight Carb-bite Serrated Jaws 8in","closed","2","11.0"
"D:\augmented_data_consistent_backgrounds\images\train\Needle_Holder_Mayo-Hegar_Straight_Carb-bite_Serrated_Jaws_8in_closed_02_aug015.jpg","Needle Holder Mayo-Hegar Straight Carb-bite Serrated Jaws 8in","closed","2","15.0"
"D:\augmented_data_consistent_backgrounds\images\train\Needle_Holder_Mayo-Hegar_Straight_Carb-bite_Serrated_Jaws_8in_closed_02_aug016.jpg","Needle Holder Mayo-Hegar Straight Carb-bite Serrated Jaws 8in","closed","2","16.0"
"D:\augmented_data_consistent_backgrounds\images\train\Needle_Holder_Mayo-Hegar_Straight_Carb-bite_Serrated_Jaws_8in_closed_02_aug017.jpg","Needle Holder Mayo-Hegar Straight Carb-bite Serrated Jaws 8in","closed","2","17.0"
"D:\augmented_data_consistent_backgrounds\images\train\Needle_Holder_Mayo-Hegar_Straight_Carb-bite_Serrated_Jaws_8in_closed_02_aug019.jpg","Needle Holder Mayo-Hegar Straight Carb-bite Serrated Jaws 8in","closed","2","19.0"
"D:\augmented_data_consistent_backgrounds\images\train\Needle_Holder_Mayo-Hegar_Straight_Carb-bite_Serrated_Jaws_8in_closed_03.jpg","Needle Holder Mayo-Hegar Straight Carb-bite Serrated Jaws 8in","closed","3",""
"D:\augmented_data_consistent_backgrounds\images\train\Needle_Holder_Mayo-Hegar_Straight_Carb-bite_Serrated_Jaws_8in_closed_03_aug000.jpg","Needle Holder Mayo-Hegar Straight Carb-bite Serrated Jaws 8in","closed","3","0.0"
"D:\augmented_data_consistent_backgrounds\images\train\Needle_Holder_Mayo-Hegar_Straight_Carb-bite_Serrated_Jaws_8in_closed_03_aug001.jpg","Needle Holder Mayo-Hegar Straight Carb-bite Serrated Jaws 8in","closed","3","1.0"
"D:\augmented_data_consistent_backgrounds\images\train\Needle_Holder_Mayo-Hegar_Straight_Carb-bite_Serrated_Jaws_8in_closed_03_aug003.jpg","Needle Holder Mayo-Hegar Straight Carb-bite Serrated Jaws 8in","closed","3","3.0"
"D:\augmented_data_consistent_backgrounds\images\train\Needle_Holder_Mayo-Hegar_Straight_Carb-bite_Serrated_Jaws_8in_closed_03_aug004.jpg","Needle Holder Mayo-Hegar Straight Carb-bite Serrated Jaws 8in","closed","3","4.0"
"D:\augmented_data_consistent_backgrounds\images\train\Needle_Holder_Mayo-Hegar_Straight_Carb-bite_Serrated_Jaws_8in_closed_03_aug006.jpg","Needle Holder Mayo-Hegar Straight Carb-bite Serrated Jaws 8in","closed","3","6.0"
"D:\augmented_data_consistent_backgrounds\images\train\Needle_Holder_Mayo-Hegar_Straight_Carb-bite_Serrated_Jaws_8in_closed_03_aug007.jpg","Needle Holder Mayo-Hegar Straight Carb-bite Serrated Jaws 8in","closed","3","7.0"
"D:\augmented_data_consistent_backgrounds\images\train\Needle_Holder_Mayo-Hegar_Straight_Carb-bite_Serrated_Jaws_8in_closed_03_aug008.jpg","Needle Holder Mayo-Hegar Straight Carb-bite Serrated Jaws 8in","closed","3","8.0"
"D:\augmented_data_consistent_backgrounds\images\train\Needle_Holder_Mayo-Hegar_Straight_Carb-bite_Serrated_Jaws_8in_closed_03_aug009.jpg","Needle Holder Mayo-Hegar Straight Carb-bite Serrated Jaws 8in","closed","3","9.0"
"D:\augmented_data_consistent_backgrounds\images\train\Needle_Holder_Mayo-Hegar_Straight_Carb-bite_Serrated_Jaws_8in_closed_03_aug010.jpg","Needle Holder Mayo-Hegar Straight Carb-bite Serrated Jaws 8in","closed","3","10.0"
"D:\augmented_data_consistent_backgrounds\images\train\Needle_Holder_Mayo-Hegar_Straight_Carb-bite_Serrated_Jaws_8in_closed_03_aug011.jpg","Needle Holder Mayo-Hegar Straight Carb-bite Serrated Jaws 8in","closed","3","11.0"
"D:\augmented_data_consistent_backgrounds\images\train\Needle_Holder_Mayo-Hegar_Straight_Carb-bite_Serrated_Jaws_8in_closed_03_aug013.jpg","Needle Holder Mayo-Hegar Straight Carb-bite Serrated Jaws 8in","closed","3","13.0"
"D:\augmented_data_consistent_backgrounds\images\train\Needle_Holder_Mayo-Hegar_Straight_Carb-bite_Serrated_Jaws_8in_closed_03_aug014.jpg","Needle Holder Mayo-Hegar Straight Carb-bite Serrated Jaws 8in","closed","3","14.0"
"D:\augmented_data_consistent_backgrounds\images\train\Needle_Holder_Mayo-Hegar_Straight_Carb-bite_Serrated_Jaws_8in_closed_03_aug016.jpg","Needle Holder Mayo-Hegar Straight Carb-bite Serrated Jaws 8in","closed","3","16.0"
"D:\augmented_data_consistent_backgrounds\images\train\Needle_Holder_Mayo-Hegar_Straight_Carb-bite_Serrated_Jaws_8in_closed_03_aug017.jpg","Needle Holder Mayo-Hegar Straight Carb-bite Serrated Jaws 8in","closed","3","17.0"
"D:\augmented_data_consistent_backgrounds\images\train\Needle_Holder_Mayo-Hegar_Straight_Carb-bite_Serrated_Jaws_8in_closed_03_aug018.jpg","Needle Holder Mayo-Hegar Straight Carb-bite Serrated Jaws 8in","closed","3","18.0"
"D:\augmented_data_consistent_backgrounds\images\train\Needle_Holder_Mayo-Hegar_Straight_Carb-bite_Serrated_Jaws_8in_closed_03_aug019.jpg","Needle Holder Mayo-Hegar Straight Carb-bite Serrated Jaws 8in","closed","3","19.0"
"D:\augmented_data_consistent_backgrounds\images\train\Needle_Holder_Mayo-Hegar_Straight_Carb-bite_Serrated_Jaws_8in_closed_04.jpg","Needle Holder Mayo-Hegar Straight Carb-bite Serrated Jaws 8in","closed","4",""
"D:\augmented_data_consistent_backgrounds\images\train\Needle_Holder_Mayo-Hegar_Straight_Carb-bite_Serrated_Jaws_8in_closed_04_aug002.jpg","Needle Holder Mayo-Hegar Straight Carb-bite Serrated Jaws 8in","closed","4","2.0"
"D:\augmented_data_consistent_backgrounds\images\train\Needle_Holder_Mayo-Hegar_Straight_Carb-bite_Serrated_Jaws_8in_closed_04_aug003.jpg","Needle Holder Mayo-Hegar Straight Carb-bite Serrated Jaws 8in","closed","4","3.0"
"D:\augmented_data_consistent_backgrounds\images\train\Needle_Holder_Mayo-Hegar_Straight_Carb-bite_Serrated_Jaws_8in_closed_04_aug004.jpg","Needle Holder Mayo-Hegar Straight Carb-bite Serrated Jaws 8in","closed","4","4.0"
"D:\augmented_data_consistent_backgrounds\images\train\Needle_Holder_Mayo-Hegar_Straight_Carb-bite_Serrated_Jaws_8in_closed_04_aug006.jpg","Needle Holder Mayo-Hegar Straight Carb-bite Serrated Jaws 8in","closed","4","6.0"
"D:\augmented_data_consistent_backgrounds\images\train\Needle_Holder_Mayo-Hegar_Straight_Carb-bite_Serrated_Jaws_8in_closed_04_aug007.jpg","Needle Holder Mayo-Hegar Straight Carb-bite Serrated Jaws 8in","closed","4","7.0"
"D:\augmented_data_consistent_backgrounds\images\train\Needle_Holder_Mayo-Hegar_Straight_Carb-bite_Serrated_Jaws_8in_closed_04_aug010.jpg","Needle Holder Mayo-Hegar Straight Carb-bite Serrated Jaws 8in","closed","4","10.0"
"D:\augmented_data_consistent_backgrounds\images\train\Needle_Holder_Mayo-Hegar_Straight_Carb-bite_Serrated_Jaws_8in_closed_04_aug011.jpg","Needle Holder Mayo-Hegar Straight Carb-bite Serrated Jaws 8in","closed","4","11.0"
"D:\augmented_data_consistent_backgrounds\images\train\Needle_Holder_Mayo-Hegar_Straight_Carb-bite_Serrated_Jaws_8in_closed_04_aug012.jpg","Needle Holder Mayo-Hegar Straight Carb-bite Serrated Jaws 8in","closed","4","12.0"
"D:\augmented_data_consistent_backgrounds\images\train\Needle_Holder_Mayo-Hegar_Straight_Carb-bite_Serrated_Jaws_8in_closed_04_aug013.jpg","Needle Holder Mayo-Hegar Straight Carb-bite Serrated Jaws 8in","closed","4","13.0"
"D:\augmented_data_consistent_backgrounds\images\train\Needle_Holder_Mayo-Hegar_Straight_Carb-bite_Serrated_Jaws_8in_closed_04_aug014.jpg","Needle Holder Mayo-Hegar Straight Carb-bite Serrated Jaws 8in","closed","4","14.0"
"D:\augmented_data_consistent_backgrounds\images\train\Needle_Holder_Mayo-Hegar_Straight_Carb-bite_Serrated_Jaws_8in_closed_04_aug015.jpg","Needle Holder Mayo-Hegar Straight Carb-bite Serrated Jaws 8in","closed","4","15.0"
"D:\augmented_data_consistent_backgrounds\images\train\Needle_Holder_Mayo-Hegar_Straight_Carb-bite_Serrated_Jaws_8in_closed_04_aug016.jpg","Needle Holder Mayo-Hegar Straight Carb-bite Serrated Jaws 8in","closed","4","16.0"
"D:\augmented_data_consistent_backgrounds\images\train\Needle_Holder_Mayo-Hegar_Straight_Carb-bite_Serrated_Jaws_8in_closed_04_aug019.jpg","Needle Holder Mayo-Hegar Straight Carb-bite Serrated Jaws 8in","closed","4","19.0"
"D:\augmented_data_consistent_backgrounds\images\train\Needle_Holder_Mayo-Hegar_Straight_Carb-bite_Serrated_Jaws_8in_closed_05.jpg","Needle Holder Mayo-Hegar Straight Carb-bite Serrated Jaws 8in","closed","5",""
"D:\augmented_data_consistent_backgrounds\images\train\Needle_Holder_Mayo-Hegar_Straight_Carb-bite_Serrated_Jaws_8in_closed_05_aug000.jpg","Needle Holder Mayo-Hegar Straight Carb-bite Serrated Jaws 8in","closed","5","0.0"
"D:\augmented_data_consistent_backgrounds\images\train\Needle_Holder_Mayo-Hegar_Straight_Carb-bite_Serrated_Jaws_8in_closed_05_aug001.jpg","Needle Holder Mayo-Hegar Straight Carb-bite Serrated Jaws 8in","closed","5","1.0"
"D:\augmented_data_consistent_backgrounds\images\train\Needle_Holder_Mayo-Hegar_Straight_Carb-bite_Serrated_Jaws_8in_closed_05_aug003.jpg","Needle Holder Mayo-Hegar Straight Carb-bite Serrated Jaws 8in","closed","5","3.0"
"D:\augmented_data_consistent_backgrounds\images\train\Needle_Holder_Mayo-Hegar_Straight_Carb-bite_Serrated_Jaws_8in_closed_05_aug004.jpg","Needle Holder Mayo-Hegar Straight Carb-bite Serrated Jaws 8in","closed","5","4.0"
"D:\augmented_data_consistent_backgrounds\images\train\Needle_Holder_Mayo-Hegar_Straight_Carb-bite_Serrated_Jaws_8in_closed_05_aug005.jpg","Needle Holder Mayo-Hegar Straight Carb-bite Serrated Jaws 8in","closed","5","5.0"
"D:\augmented_data_consistent_backgrounds\images\train\Needle_Holder_Mayo-Hegar_Straight_Carb-bite_Serrated_Jaws_8in_closed_05_aug006.jpg","Needle Holder Mayo-Hegar Straight Carb-bite Serrated Jaws 8in","closed","5","6.0"
"D:\augmented_data_consistent_backgrounds\images\train\Needle_Holder_Mayo-Hegar_Straight_Carb-bite_Serrated_Jaws_8in_closed_05_aug007.jpg","Needle Holder Mayo-Hegar Straight Carb-bite Serrated Jaws 8in","closed","5","7.0"
"D:\augmented_data_consistent_backgrounds\images\train\Needle_Holder_Mayo-Hegar_Straight_Carb-bite_Serrated_Jaws_8in_closed_05_aug008.jpg","Needle Holder Mayo-Hegar Straight Carb-bite Serrated Jaws 8in","closed","5","8.0"
"D:\augmented_data_consistent_backgrounds\images\train\Needle_Holder_Mayo-Hegar_Straight_Carb-bite_Serrated_Jaws_8in_closed_05_aug010.jpg","Needle Holder Mayo-Hegar Straight Carb-bite Serrated Jaws 8in","closed","5","10.0"
"D:\augmented_data_consistent_backgrounds\images\train\Needle_Holder_Mayo-Hegar_Straight_Carb-bite_Serrated_Jaws_8in_closed_05_aug011.jpg","Needle Holder Mayo-Hegar Straight Carb-bite Serrated Jaws 8in","closed","5","11.0"
"D:\augmented_data_consistent_backgrounds\images\train\Needle_Holder_Mayo-Hegar_Straight_Carb-bite_Serrated_Jaws_8in_closed_05_aug012.jpg","Needle Holder Mayo-Hegar Straight Carb-bite Serrated Jaws 8in","closed","5","12.0"
"D:\augmented_data_consistent_backgrounds\images\train\Needle_Holder_Mayo-Hegar_Straight_Carb-bite_Serrated_Jaws_8in_closed_05_aug014.jpg","Needle Holder Mayo-Hegar Straight Carb-bite Serrated Jaws 8in","closed","5","14.0"
"D:\augmented_data_consistent_backgrounds\images\train\Needle_Holder_Mayo-Hegar_Straight_Carb-bite_Serrated_Jaws_8in_closed_05_aug015.jpg","Needle Holder Mayo-Hegar Straight Carb-bite Serrated Jaws 8in","closed","5","15.0"
"D:\augmented_data_consistent_backgrounds\images\train\Needle_Holder_Mayo-Hegar_Straight_Carb-bite_Serrated_Jaws_8in_closed_05_aug016.jpg","Needle Holder Mayo-Hegar Straight Carb-bite Serrated Jaws 8in","closed","5","16.0"
"D:\augmented_data_consistent_backgrounds\images\train\Needle_Holder_Mayo-Hegar_Straight_Carb-bite_Serrated_Jaws_8in_closed_05_aug017.jpg","Needle Holder Mayo-Hegar Straight Carb-bite Serrated Jaws 8in","closed","5","17.0"
"D:\augmented_data_consistent_backgrounds\images\train\Needle_Holder_Mayo-Hegar_Straight_Carb-bite_Serrated_Jaws_8in_closed_05_aug018.jpg","Needle Holder Mayo-Hegar Straight Carb-bite Serrated Jaws 8in","closed","5","18.0"
"D:\augmented_data_consistent_backgrounds\images\train\Needle_Holder_Mayo-Hegar_Straight_Carb-bite_Serrated_Jaws_8in_closed_06.jpg","Needle Holder Mayo-Hegar Straight Carb-bite Serrated Jaws 8in","closed","6",""
"D:\augmented_data_consistent_backgrounds\images\train\Needle_Holder_Mayo-Hegar_Straight_Carb-bite_Serrated_Jaws_8in_closed_06_aug000.jpg","Needle Holder Mayo-Hegar Straight Carb-bite Serrated Jaws 8in","closed","6","0.0"
"D:\augmented_data_consistent_backgrounds\images\train\Needle_Holder_Mayo-Hegar_Straight_Carb-bite_Serrated_Jaws_8in_closed_06_aug001.jpg","Needle Holder Mayo-Hegar Straight Carb-bite Serrated Jaws 8in","closed","6","1.0"
"D:\augmented_data_consistent_backgrounds\images\train\Needle_Holder_Mayo-Hegar_Straight_Carb-bite_Serrated_Jaws_8in_closed_06_aug002.jpg","Needle Holder Mayo-Hegar Straight Carb-bite Serrated Jaws 8in","closed","6","2.0"
"D:\augmented_data_consistent_backgrounds\images\train\Needle_Holder_Mayo-Hegar_Straight_Carb-bite_Serrated_Jaws_8in_closed_06_aug003.jpg","Needle Holder Mayo-Hegar Straight Carb-bite Serrated Jaws 8in","closed","6","3.0"
"D:\augmented_data_consistent_backgrounds\images\train\Needle_Holder_Mayo-Hegar_Straight_Carb-bite_Serrated_Jaws_8in_closed_06_aug004.jpg","Needle Holder Mayo-Hegar Straight Carb-bite Serrated Jaws 8in","closed","6","4.0"
"D:\augmented_data_consistent_backgrounds\images\train\Needle_Holder_Mayo-Hegar_Straight_Carb-bite_Serrated_Jaws_8in_closed_06_aug005.jpg","Needle Holder Mayo-Hegar Straight Carb-bite Serrated Jaws 8in","closed","6","5.0"
"D:\augmented_data_consistent_backgrounds\images\train\Needle_Holder_Mayo-Hegar_Straight_Carb-bite_Serrated_Jaws_8in_closed_06_aug006.jpg","Needle Holder Mayo-Hegar Straight Carb-bite Serrated Jaws 8in","closed","6","6.0"
"D:\augmented_data_consistent_backgrounds\images\train\Needle_Holder_Mayo-Hegar_Straight_Carb-bite_Serrated_Jaws_8in_closed_06_aug007.jpg","Needle Holder Mayo-Hegar Straight Carb-bite Serrated Jaws 8in","closed","6","7.0"
"D:\augmented_data_consistent_backgrounds\images\train\Needle_Holder_Mayo-Hegar_Straight_Carb-bite_Serrated_Jaws_8in_closed_06_aug009.jpg","Needle Holder Mayo-Hegar Straight Carb-bite Serrated Jaws 8in","closed","6","9.0"
"D:\augmented_data_consistent_backgrounds\images\train\Needle_Holder_Mayo-Hegar_Straight_Carb-bite_Serrated_Jaws_8in_closed_06_aug010.jpg","Needle Holder Mayo-Hegar Straight Carb-bite Serrated Jaws 8in","closed","6","10.0"
"D:\augmented_data_consistent_backgrounds\images\train\Needle_Holder_Mayo-Hegar_Straight_Carb-bite_Serrated_Jaws_8in_closed_06_aug011.jpg","Needle Holder Mayo-Hegar Straight Carb-bite Serrated Jaws 8in","closed","6","11.0"
"D:\augmented_data_consistent_backgrounds\images\train\Needle_Holder_Mayo-Hegar_Straight_Carb-bite_Serrated_Jaws_8in_closed_06_aug012.jpg","Needle Holder Mayo-Hegar Straight Carb-bite Serrated Jaws 8in","closed","6","12.0"
"D:\augmented_data_consistent_backgrounds\images\train\Needle_Holder_Mayo-Hegar_Straight_Carb-bite_Serrated_Jaws_8in_closed_06_aug015.jpg","Needle Holder Mayo-Hegar Straight Carb-bite Serrated Jaws 8in","closed","6","15.0"
"D:\augmented_data_consistent_backgrounds\images\train\Needle_Holder_Mayo-Hegar_Straight_Carb-bite_Serrated_Jaws_8in_closed_06_aug016.jpg","Needle Holder Mayo-Hegar Straight Carb-bite Serrated Jaws 8in","closed","6","16.0"
"D:\augmented_data_consistent_backgrounds\images\train\Needle_Holder_Mayo-Hegar_Straight_Carb-bite_Serrated_Jaws_8in_closed_06_aug018.jpg","Needle Holder Mayo-Hegar Straight Carb-bite Serrated Jaws 8in","closed","6","18.0"
"D:\augmented_data_consistent_backgrounds\images\train\Needle_Holder_Mayo-Hegar_Straight_Carb-bite_Serrated_Jaws_8in_closed_06_aug019.jpg","Needle Holder Mayo-Hegar Straight Carb-bite Serrated Jaws 8in","closed","6","19.0"
"D:\augmented_data_consistent_backgrounds\images\train\Needle_Holder_Mayo-Hegar_Straight_Carb-bite_Serrated_Jaws_8in_closed_07.jpg","Needle Holder Mayo-Hegar Straight Carb-bite Serrated Jaws 8in","closed","7",""
"D:\augmented_data_consistent_backgrounds\images\train\Needle_Holder_Mayo-Hegar_Straight_Carb-bite_Serrated_Jaws_8in_closed_07_aug000.jpg","Needle Holder Mayo-Hegar Straight Carb-bite Serrated Jaws 8in","closed","7","0.0"
"D:\augmented_data_consistent_backgrounds\images\train\Needle_Holder_Mayo-Hegar_Straight_Carb-bite_Serrated_Jaws_8in_closed_07_aug001.jpg","Needle Holder Mayo-Hegar Straight Carb-bite Serrated Jaws 8in","closed","7","1.0"
"D:\augmented_data_consistent_backgrounds\images\train\Needle_Holder_Mayo-Hegar_Straight_Carb-bite_Serrated_Jaws_8in_closed_07_aug002.jpg","Needle Holder Mayo-Hegar Straight Carb-bite Serrated Jaws 8in","closed","7","2.0"
"D:\augmented_data_consistent_backgrounds\images\train\Needle_Holder_Mayo-Hegar_Straight_Carb-bite_Serrated_Jaws_8in_closed_07_aug003.jpg","Needle Holder Mayo-Hegar Straight Carb-bite Serrated Jaws 8in","closed","7","3.0"
"D:\augmented_data_consistent_backgrounds\images\train\Needle_Holder_Mayo-Hegar_Straight_Carb-bite_Serrated_Jaws_8in_closed_07_aug004.jpg","Needle Holder Mayo-Hegar Straight Carb-bite Serrated Jaws 8in","closed","7","4.0"
"D:\augmented_data_consistent_backgrounds\images\train\Needle_Holder_Mayo-Hegar_Straight_Carb-bite_Serrated_Jaws_8in_closed_07_aug005.jpg","Needle Holder Mayo-Hegar Straight Carb-bite Serrated Jaws 8in","closed","7","5.0"
"D:\augmented_data_consistent_backgrounds\images\train\Needle_Holder_Mayo-Hegar_Straight_Carb-bite_Serrated_Jaws_8in_closed_07_aug006.jpg","Needle Holder Mayo-Hegar Straight Carb-bite Serrated Jaws 8in","closed","7","6.0"
"D:\augmented_data_consistent_backgrounds\images\train\Needle_Holder_Mayo-Hegar_Straight_Carb-bite_Serrated_Jaws_8in_closed_07_aug007.jpg","Needle Holder Mayo-Hegar Straight Carb-bite Serrated Jaws 8in","closed","7","7.0"
"D:\augmented_data_consistent_backgrounds\images\train\Needle_Holder_Mayo-Hegar_Straight_Carb-bite_Serrated_Jaws_8in_closed_07_aug010.jpg","Needle Holder Mayo-Hegar Straight Carb-bite Serrated Jaws 8in","closed","7","10.0"
"D:\augmented_data_consistent_backgrounds\images\train\Needle_Holder_Mayo-Hegar_Straight_Carb-bite_Serrated_Jaws_8in_closed_07_aug011.jpg","Needle Holder Mayo-Hegar Straight Carb-bite Serrated Jaws 8in","closed","7","11.0"
"D:\augmented_data_consistent_backgrounds\images\train\Needle_Holder_Mayo-Hegar_Straight_Carb-bite_Serrated_Jaws_8in_closed_07_aug012.jpg","Needle Holder Mayo-Hegar Straight Carb-bite Serrated Jaws 8in","closed","7","12.0"
"D:\augmented_data_consistent_backgrounds\images\train\Needle_Holder_Mayo-Hegar_Straight_Carb-bite_Serrated_Jaws_8in_closed_07_aug013.jpg","Needle Holder Mayo-Hegar Straight Carb-bite Serrated Jaws 8in","closed","7","13.0"
"D:\augmented_data_consistent_backgrounds\images\train\Needle_Holder_Mayo-Hegar_Straight_Carb-bite_Serrated_Jaws_8in_closed_07_aug014.jpg","Needle Holder Mayo-Hegar Straight Carb-bite Serrated Jaws 8in","closed","7","14.0"
"D:\augmented_data_consistent_backgrounds\images\train\Needle_Holder_Mayo-Hegar_Straight_Carb-bite_Serrated_Jaws_8in_closed_07_aug015.jpg","Needle Holder Mayo-Hegar Straight Carb-bite Serrated Jaws 8in","closed","7","15.0"
"D:\augmented_data_consistent_backgrounds\images\train\Needle_Holder_Mayo-Hegar_Straight_Carb-bite_Serrated_Jaws_8in_closed_07_aug016.jpg","Needle Holder Mayo-Hegar Straight Carb-bite Serrated Jaws 8in","closed","7","16.0"
"D:\augmented_data_consistent_backgrounds\images\train\Needle_Holder_Mayo-Hegar_Straight_Carb-bite_Serrated_Jaws_8in_closed_07_aug017.jpg","Needle Holder Mayo-Hegar Straight Carb-bite Serrated Jaws 8in","closed","7","17.0"
"D:\augmented_data_consistent_backgrounds\images\train\Needle_Holder_Mayo-Hegar_Straight_Carb-bite_Serrated_Jaws_8in_closed_08.jpg","Needle Holder Mayo-Hegar Straight Carb-bite Serrated Jaws 8in","closed","8",""
"D:\augmented_data_consistent_backgrounds\images\train\Needle_Holder_Mayo-Hegar_Straight_Carb-bite_Serrated_Jaws_8in_closed_08_aug001.jpg","Needle Holder Mayo-Hegar Straight Carb-bite Serrated Jaws 8in","closed","8","1.0"
"D:\augmented_data_consistent_backgrounds\images\train\Needle_Holder_Mayo-Hegar_Straight_Carb-bite_Serrated_Jaws_8in_closed_08_aug002.jpg","Needle Holder Mayo-Hegar Straight Carb-bite Serrated Jaws 8in","closed","8","2.0"
"D:\augmented_data_consistent_backgrounds\images\train\Needle_Holder_Mayo-Hegar_Straight_Carb-bite_Serrated_Jaws_8in_closed_08_aug003.jpg","Needle Holder Mayo-Hegar Straight Carb-bite Serrated Jaws 8in","closed","8","3.0"
"D:\augmented_data_consistent_backgrounds\images\train\Needle_Holder_Mayo-Hegar_Straight_Carb-bite_Serrated_Jaws_8in_closed_08_aug004.jpg","Needle Holder Mayo-Hegar Straight Carb-bite Serrated Jaws 8in","closed","8","4.0"
"D:\augmented_data_consistent_backgrounds\images\train\Needle_Holder_Mayo-Hegar_Straight_Carb-bite_Serrated_Jaws_8in_closed_08_aug005.jpg","Needle Holder Mayo-Hegar Straight Carb-bite Serrated Jaws 8in","closed","8","5.0"
"D:\augmented_data_consistent_backgrounds\images\train\Needle_Holder_Mayo-Hegar_Straight_Carb-bite_Serrated_Jaws_8in_closed_08_aug006.jpg","Needle Holder Mayo-Hegar Straight Carb-bite Serrated Jaws 8in","closed","8","6.0"
"D:\augmented_data_consistent_backgrounds\images\train\Needle_Holder_Mayo-Hegar_Straight_Carb-bite_Serrated_Jaws_8in_closed_08_aug007.jpg","Needle Holder Mayo-Hegar Straight Carb-bite Serrated Jaws 8in","closed","8","7.0"
"D:\augmented_data_consistent_backgrounds\images\train\Needle_Holder_Mayo-Hegar_Straight_Carb-bite_Serrated_Jaws_8in_closed_08_aug008.jpg","Needle Holder Mayo-Hegar Straight Carb-bite Serrated Jaws 8in","closed","8","8.0"
"D:\augmented_data_consistent_backgrounds\images\train\Needle_Holder_Mayo-Hegar_Straight_Carb-bite_Serrated_Jaws_8in_closed_08_aug009.jpg","Needle Holder Mayo-Hegar Straight Carb-bite Serrated Jaws 8in","closed","8","9.0"
"D:\augmented_data_consistent_backgrounds\images\train\Needle_Holder_Mayo-Hegar_Straight_Carb-bite_Serrated_Jaws_8in_closed_08_aug010.jpg","Needle Holder Mayo-Hegar Straight Carb-bite Serrated Jaws 8in","closed","8","10.0"
"D:\augmented_data_consistent_backgrounds\images\train\Needle_Holder_Mayo-Hegar_Straight_Carb-bite_Serrated_Jaws_8in_closed_08_aug011.jpg","Needle Holder Mayo-Hegar Straight Carb-bite Serrated Jaws 8in","closed","8","11.0"
"D:\augmented_data_consistent_backgrounds\images\train\Needle_Holder_Mayo-Hegar_Straight_Carb-bite_Serrated_Jaws_8in_closed_08_aug013.jpg","Needle Holder Mayo-Hegar Straight Carb-bite Serrated Jaws 8in","closed","8","13.0"
"D:\augmented_data_consistent_backgrounds\images\train\Needle_Holder_Mayo-Hegar_Straight_Carb-bite_Serrated_Jaws_8in_closed_08_aug014.jpg","Needle Holder Mayo-Hegar Straight Carb-bite Serrated Jaws 8in","closed","8","14.0"
"D:\augmented_data_consistent_backgrounds\images\train\Needle_Holder_Mayo-Hegar_Straight_Carb-bite_Serrated_Jaws_8in_closed_08_aug015.jpg","Needle Holder Mayo-Hegar Straight Carb-bite Serrated Jaws 8in","closed","8","15.0"
"D:\augmented_data_consistent_backgrounds\images\train\Needle_Holder_Mayo-Hegar_Straight_Carb-bite_Serrated_Jaws_8in_closed_08_aug016.jpg","Needle Holder Mayo-Hegar Straight Carb-bite Serrated Jaws 8in","closed","8","16.0"
"D:\augmented_data_consistent_backgrounds\images\train\Needle_Holder_Mayo-Hegar_Straight_Carb-bite_Serrated_Jaws_8in_closed_08_aug017.jpg","Needle Holder Mayo-Hegar Straight Carb-bite Serrated Jaws 8in","closed","8","17.0"
"D:\augmented_data_consistent_backgrounds\images\train\Needle_Holder_Mayo-Hegar_Straight_Carb-bite_Serrated_Jaws_8in_closed_08_aug018.jpg","Needle Holder Mayo-Hegar Straight Carb-bite Serrated Jaws 8in","closed","8","18.0"
"D:\augmented_data_consistent_backgrounds\images\train\Needle_Holder_Mayo-Hegar_Straight_Carb-bite_Serrated_Jaws_8in_closed_08_aug019.jpg","Needle Holder Mayo-Hegar Straight Carb-bite Serrated Jaws 8in","closed","8","19.0"
"D:\augmented_data_consistent_backgrounds\images\train\Needle_Holder_Mayo-Hegar_Straight_Carb-bite_Serrated_Jaws_8in_closed_09.jpg","Needle Holder Mayo-Hegar Straight Carb-bite Serrated Jaws 8in","closed","9",""
"D:\augmented_data_consistent_backgrounds\images\train\Needle_Holder_Mayo-Hegar_Straight_Carb-bite_Serrated_Jaws_8in_closed_09_aug000.jpg","Needle Holder Mayo-Hegar Straight Carb-bite Serrated Jaws 8in","closed","9","0.0"
"D:\augmented_data_consistent_backgrounds\images\train\Needle_Holder_Mayo-Hegar_Straight_Carb-bite_Serrated_Jaws_8in_closed_09_aug002.jpg","Needle Holder Mayo-Hegar Straight Carb-bite Serrated Jaws 8in","closed","9","2.0"
"D:\augmented_data_consistent_backgrounds\images\train\Needle_Holder_Mayo-Hegar_Straight_Carb-bite_Serrated_Jaws_8in_closed_09_aug003.jpg","Needle Holder Mayo-Hegar Straight Carb-bite Serrated Jaws 8in","closed","9","3.0"
"D:\augmented_data_consistent_backgrounds\images\train\Needle_Holder_Mayo-Hegar_Straight_Carb-bite_Serrated_Jaws_8in_closed_09_aug004.jpg","Needle Holder Mayo-Hegar Straight Carb-bite Serrated Jaws 8in","closed","9","4.0"
"D:\augmented_data_consistent_backgrounds\images\train\Needle_Holder_Mayo-Hegar_Straight_Carb-bite_Serrated_Jaws_8in_closed_09_aug005.jpg","Needle Holder Mayo-Hegar Straight Carb-bite Serrated Jaws 8in","closed","9","5.0"
"D:\augmented_data_consistent_backgrounds\images\train\Needle_Holder_Mayo-Hegar_Straight_Carb-bite_Serrated_Jaws_8in_closed_09_aug006.jpg","Needle Holder Mayo-Hegar Straight Carb-bite Serrated Jaws 8in","closed","9","6.0"
"D:\augmented_data_consistent_backgrounds\images\train\Needle_Holder_Mayo-Hegar_Straight_Carb-bite_Serrated_Jaws_8in_closed_09_aug007.jpg","Needle Holder Mayo-Hegar Straight Carb-bite Serrated Jaws 8in","closed","9","7.0"
"D:\augmented_data_consistent_backgrounds\images\train\Needle_Holder_Mayo-Hegar_Straight_Carb-bite_Serrated_Jaws_8in_closed_09_aug008.jpg","Needle Holder Mayo-Hegar Straight Carb-bite Serrated Jaws 8in","closed","9","8.0"
"D:\augmented_data_consistent_backgrounds\images\train\Needle_Holder_Mayo-Hegar_Straight_Carb-bite_Serrated_Jaws_8in_closed_09_aug009.jpg","Needle Holder Mayo-Hegar Straight Carb-bite Serrated Jaws 8in","closed","9","9.0"
"D:\augmented_data_consistent_backgrounds\images\train\Needle_Holder_Mayo-Hegar_Straight_Carb-bite_Serrated_Jaws_8in_closed_09_aug010.jpg","Needle Holder Mayo-Hegar Straight Carb-bite Serrated Jaws 8in","closed","9","10.0"
"D:\augmented_data_consistent_backgrounds\images\train\Needle_Holder_Mayo-Hegar_Straight_Carb-bite_Serrated_Jaws_8in_closed_09_aug011.jpg","Needle Holder Mayo-Hegar Straight Carb-bite Serrated Jaws 8in","closed","9","11.0"
"D:\augmented_data_consistent_backgrounds\images\train\Needle_Holder_Mayo-Hegar_Straight_Carb-bite_Serrated_Jaws_8in_closed_09_aug012.jpg","Needle Holder Mayo-Hegar Straight Carb-bite Serrated Jaws 8in","closed","9","12.0"
"D:\augmented_data_consistent_backgrounds\images\train\Needle_Holder_Mayo-Hegar_Straight_Carb-bite_Serrated_Jaws_8in_closed_09_aug015.jpg","Needle Holder Mayo-Hegar Straight Carb-bite Serrated Jaws 8in","closed","9","15.0"
"D:\augmented_data_consistent_backgrounds\images\train\Needle_Holder_Mayo-Hegar_Straight_Carb-bite_Serrated_Jaws_8in_closed_09_aug017.jpg","Needle Holder Mayo-Hegar Straight Carb-bite Serrated Jaws 8in","closed","9","17.0"
"D:\augmented_data_consistent_backgrounds\images\train\Needle_Holder_Mayo-Hegar_Straight_Carb-bite_Serrated_Jaws_8in_closed_09_aug018.jpg","Needle Holder Mayo-Hegar Straight Carb-bite Serrated Jaws 8in","closed","9","18.0"
"D:\augmented_data_consistent_backgrounds\images\train\Needle_Holder_Mayo-Hegar_Straight_Carb-bite_Serrated_Jaws_8in_closed_09_aug019.jpg","Needle Holder Mayo-Hegar Straight Carb-bite Serrated Jaws 8in","closed","9","19.0"
"D:\augmented_data_consistent_backgrounds\images\train\Needle_Holder_Mayo-Hegar_Straight_Carb-bite_Serrated_Jaws_8in_closed_10.jpg","Needle Holder Mayo-Hegar Straight Carb-bite Serrated Jaws 8in","closed","10",""
"D:\augmented_data_consistent_backgrounds\images\train\Needle_Holder_Mayo-Hegar_Straight_Carb-bite_Serrated_Jaws_8in_closed_10_aug000.jpg","Needle Holder Mayo-Hegar Straight Carb-bite Serrated Jaws 8in","closed","10","0.0"
"D:\augmented_data_consistent_backgrounds\images\train\Needle_Holder_Mayo-Hegar_Straight_Carb-bite_Serrated_Jaws_8in_closed_10_aug001.jpg","Needle Holder Mayo-Hegar Straight Carb-bite Serrated Jaws 8in","closed","10","1.0"
"D:\augmented_data_consistent_backgrounds\images\train\Needle_Holder_Mayo-Hegar_Straight_Carb-bite_Serrated_Jaws_8in_closed_10_aug002.jpg","Needle Holder Mayo-Hegar Straight Carb-bite Serrated Jaws 8in","closed","10","2.0"
"D:\augmented_data_consistent_backgrounds\images\train\Needle_Holder_Mayo-Hegar_Straight_Carb-bite_Serrated_Jaws_8in_closed_10_aug003.jpg","Needle Holder Mayo-Hegar Straight Carb-bite Serrated Jaws 8in","closed","10","3.0"
"D:\augmented_data_consistent_backgrounds\images\train\Needle_Holder_Mayo-Hegar_Straight_Carb-bite_Serrated_Jaws_8in_closed_10_aug004.jpg","Needle Holder Mayo-Hegar Straight Carb-bite Serrated Jaws 8in","closed","10","4.0"
"D:\augmented_data_consistent_backgrounds\images\train\Needle_Holder_Mayo-Hegar_Straight_Carb-bite_Serrated_Jaws_8in_closed_10_aug005.jpg","Needle Holder Mayo-Hegar Straight Carb-bite Serrated Jaws 8in","closed","10","5.0"
"D:\augmented_data_consistent_backgrounds\images\train\Needle_Holder_Mayo-Hegar_Straight_Carb-bite_Serrated_Jaws_8in_closed_10_aug006.jpg","Needle Holder Mayo-Hegar Straight Carb-bite Serrated Jaws 8in","closed","10","6.0"
"D:\augmented_data_consistent_backgrounds\images\train\Needle_Holder_Mayo-Hegar_Straight_Carb-bite_Serrated_Jaws_8in_closed_10_aug007.jpg","Needle Holder Mayo-Hegar Straight Carb-bite Serrated Jaws 8in","closed","10","7.0"
"D:\augmented_data_consistent_backgrounds\images\train\Needle_Holder_Mayo-Hegar_Straight_Carb-bite_Serrated_Jaws_8in_closed_10_aug008.jpg","Needle Holder Mayo-Hegar Straight Carb-bite Serrated Jaws 8in","closed","10","8.0"
"D:\augmented_data_consistent_backgrounds\images\train\Needle_Holder_Mayo-Hegar_Straight_Carb-bite_Serrated_Jaws_8in_closed_10_aug009.jpg","Needle Holder Mayo-Hegar Straight Carb-bite Serrated Jaws 8in","closed","10","9.0"
"D:\augmented_data_consistent_backgrounds\images\train\Needle_Holder_Mayo-Hegar_Straight_Carb-bite_Serrated_Jaws_8in_closed_10_aug011.jpg","Needle Holder Mayo-Hegar Straight Carb-bite Serrated Jaws 8in","closed","10","11.0"
"D:\augmented_data_consistent_backgrounds\images\train\Needle_Holder_Mayo-Hegar_Straight_Carb-bite_Serrated_Jaws_8in_closed_10_aug012.jpg","Needle Holder Mayo-Hegar Straight Carb-bite Serrated Jaws 8in","closed","10","12.0"
"D:\augmented_data_consistent_backgrounds\images\train\Needle_Holder_Mayo-Hegar_Straight_Carb-bite_Serrated_Jaws_8in_closed_10_aug013.jpg","Needle Holder Mayo-Hegar Straight Carb-bite Serrated Jaws 8in","closed","10","13.0"
"D:\augmented_data_consistent_backgrounds\images\train\Needle_Holder_Mayo-Hegar_Straight_Carb-bite_Serrated_Jaws_8in_closed_10_aug014.jpg","Needle Holder Mayo-Hegar Straight Carb-bite Serrated Jaws 8in","closed","10","14.0"
"D:\augmented_data_consistent_backgrounds\images\train\Needle_Holder_Mayo-Hegar_Straight_Carb-bite_Serrated_Jaws_8in_closed_10_aug015.jpg","Needle Holder Mayo-Hegar Straight Carb-bite Serrated Jaws 8in","closed","10","15.0"
"D:\augmented_data_consistent_backgrounds\images\train\Needle_Holder_Mayo-Hegar_Straight_Carb-bite_Serrated_Jaws_8in_closed_10_aug016.jpg","Needle Holder Mayo-Hegar Straight Carb-bite Serrated Jaws 8in","closed","10","16.0"
"D:\augmented_data_consistent_backgrounds\images\train\Needle_Holder_Mayo-Hegar_Straight_Carb-bite_Serrated_Jaws_8in_closed_10_aug017.jpg","Needle Holder Mayo-Hegar Straight Carb-bite Serrated Jaws 8in","closed","10","17.0"
"D:\augmented_data_consistent_backgrounds\images\train\Needle_Holder_Mayo-Hegar_Straight_Carb-bite_Serrated_Jaws_8in_closed_10_aug018.jpg","Needle Holder Mayo-Hegar Straight Carb-bite Serrated Jaws 8in","closed","10","18.0"
"D:\augmented_data_consistent_backgrounds\images\train\Needle_Holder_Mayo-Hegar_Straight_Carb-bite_Serrated_Jaws_8in_closed_11.jpg","Needle Holder Mayo-Hegar Straight Carb-bite Serrated Jaws 8in","closed","11",""
"D:\augmented_data_consistent_backgrounds\images\train\Needle_Holder_Mayo-Hegar_Straight_Carb-bite_Serrated_Jaws_8in_closed_11_aug000.jpg","Needle Holder Mayo-Hegar Straight Carb-bite Serrated Jaws 8in","closed","11","0.0"
"D:\augmented_data_consistent_backgrounds\images\train\Needle_Holder_Mayo-Hegar_Straight_Carb-bite_Serrated_Jaws_8in_closed_11_aug001.jpg","Needle Holder Mayo-Hegar Straight Carb-bite Serrated Jaws 8in","closed","11","1.0"
"D:\augmented_data_consistent_backgrounds\images\train\Needle_Holder_Mayo-Hegar_Straight_Carb-bite_Serrated_Jaws_8in_closed_11_aug002.jpg","Needle Holder Mayo-Hegar Straight Carb-bite Serrated Jaws 8in","closed","11","2.0"
"D:\augmented_data_consistent_backgrounds\images\train\Needle_Holder_Mayo-Hegar_Straight_Carb-bite_Serrated_Jaws_8in_closed_11_aug004.jpg","Needle Holder Mayo-Hegar Straight Carb-bite Serrated Jaws 8in","closed","11","4.0"
"D:\augmented_data_consistent_backgrounds\images\train\Needle_Holder_Mayo-Hegar_Straight_Carb-bite_Serrated_Jaws_8in_closed_11_aug005.jpg","Needle Holder Mayo-Hegar Straight Carb-bite Serrated Jaws 8in","closed","11","5.0"
"D:\augmented_data_consistent_backgrounds\images\train\Needle_Holder_Mayo-Hegar_Straight_Carb-bite_Serrated_Jaws_8in_closed_11_aug007.jpg","Needle Holder Mayo-Hegar Straight Carb-bite Serrated Jaws 8in","closed","11","7.0"
"D:\augmented_data_consistent_backgrounds\images\train\Needle_Holder_Mayo-Hegar_Straight_Carb-bite_Serrated_Jaws_8in_closed_11_aug008.jpg","Needle Holder Mayo-Hegar Straight Carb-bite Serrated Jaws 8in","closed","11","8.0"
"D:\augmented_data_consistent_backgrounds\images\train\Needle_Holder_Mayo-Hegar_Straight_Carb-bite_Serrated_Jaws_8in_closed_11_aug009.jpg","Needle Holder Mayo-Hegar Straight Carb-bite Serrated Jaws 8in","closed","11","9.0"
"D:\augmented_data_consistent_backgrounds\images\train\Needle_Holder_Mayo-Hegar_Straight_Carb-bite_Serrated_Jaws_8in_closed_11_aug010.jpg","Needle Holder Mayo-Hegar Straight Carb-bite Serrated Jaws 8in","closed","11","10.0"
"D:\augmented_data_consistent_backgrounds\images\train\Needle_Holder_Mayo-Hegar_Straight_Carb-bite_Serrated_Jaws_8in_closed_11_aug011.jpg","Needle Holder Mayo-Hegar Straight Carb-bite Serrated Jaws 8in","closed","11","11.0"
"D:\augmented_data_consistent_backgrounds\images\train\Needle_Holder_Mayo-Hegar_Straight_Carb-bite_Serrated_Jaws_8in_closed_11_aug012.jpg","Needle Holder Mayo-Hegar Straight Carb-bite Serrated Jaws 8in","closed","11","12.0"
"D:\augmented_data_consistent_backgrounds\images\train\Needle_Holder_Mayo-Hegar_Straight_Carb-bite_Serrated_Jaws_8in_closed_11_aug014.jpg","Needle Holder Mayo-Hegar Straight Carb-bite Serrated Jaws 8in","closed","11","14.0"
"D:\augmented_data_consistent_backgrounds\images\train\Needle_Holder_Mayo-Hegar_Straight_Carb-bite_Serrated_Jaws_8in_closed_11_aug016.jpg","Needle Holder Mayo-Hegar Straight Carb-bite Serrated Jaws 8in","closed","11","16.0"
"D:\augmented_data_consistent_backgrounds\images\train\Needle_Holder_Mayo-Hegar_Straight_Carb-bite_Serrated_Jaws_8in_closed_11_aug018.jpg","Needle Holder Mayo-Hegar Straight Carb-bite Serrated Jaws 8in","closed","11","18.0"
"D:\augmented_data_consistent_backgrounds\images\train\Needle_Holder_Mayo-Hegar_Straight_Carb-bite_Serrated_Jaws_8in_closed_11_aug019.jpg","Needle Holder Mayo-Hegar Straight Carb-bite Serrated Jaws 8in","closed","11","19.0"
"D:\augmented_data_consistent_backgrounds\images\train\Needle_Holder_Mayo-Hegar_Straight_Carb-bite_Serrated_Jaws_8in_closed_12.jpg","Needle Holder Mayo-Hegar Straight Carb-bite Serrated Jaws 8in","closed","12",""
"D:\augmented_data_consistent_backgrounds\images\train\Needle_Holder_Mayo-Hegar_Straight_Carb-bite_Serrated_Jaws_8in_closed_12_aug000.jpg","Needle Holder Mayo-Hegar Straight Carb-bite Serrated Jaws 8in","closed","12","0.0"
"D:\augmented_data_consistent_backgrounds\images\train\Needle_Holder_Mayo-Hegar_Straight_Carb-bite_Serrated_Jaws_8in_closed_12_aug001.jpg","Needle Holder Mayo-Hegar Straight Carb-bite Serrated Jaws 8in","closed","12","1.0"
"D:\augmented_data_consistent_backgrounds\images\train\Needle_Holder_Mayo-Hegar_Straight_Carb-bite_Serrated_Jaws_8in_closed_12_aug002.jpg","Needle Holder Mayo-Hegar Straight Carb-bite Serrated Jaws 8in","closed","12","2.0"
"D:\augmented_data_consistent_backgrounds\images\train\Needle_Holder_Mayo-Hegar_Straight_Carb-bite_Serrated_Jaws_8in_closed_12_aug003.jpg","Needle Holder Mayo-Hegar Straight Carb-bite Serrated Jaws 8in","closed","12","3.0"
"D:\augmented_data_consistent_backgrounds\images\train\Needle_Holder_Mayo-Hegar_Straight_Carb-bite_Serrated_Jaws_8in_closed_12_aug005.jpg","Needle Holder Mayo-Hegar Straight Carb-bite Serrated Jaws 8in","closed","12","5.0"
"D:\augmented_data_consistent_backgrounds\images\train\Needle_Holder_Mayo-Hegar_Straight_Carb-bite_Serrated_Jaws_8in_closed_12_aug006.jpg","Needle Holder Mayo-Hegar Straight Carb-bite Serrated Jaws 8in","closed","12","6.0"
"D:\augmented_data_consistent_backgrounds\images\train\Needle_Holder_Mayo-Hegar_Straight_Carb-bite_Serrated_Jaws_8in_closed_12_aug007.jpg","Needle Holder Mayo-Hegar Straight Carb-bite Serrated Jaws 8in","closed","12","7.0"
"D:\augmented_data_consistent_backgrounds\images\train\Needle_Holder_Mayo-Hegar_Straight_Carb-bite_Serrated_Jaws_8in_closed_12_aug008.jpg","Needle Holder Mayo-Hegar Straight Carb-bite Serrated Jaws 8in","closed","12","8.0"
"D:\augmented_data_consistent_backgrounds\images\train\Needle_Holder_Mayo-Hegar_Straight_Carb-bite_Serrated_Jaws_8in_closed_12_aug009.jpg","Needle Holder Mayo-Hegar Straight Carb-bite Serrated Jaws 8in","closed","12","9.0"
"D:\augmented_data_consistent_backgrounds\images\train\Needle_Holder_Mayo-Hegar_Straight_Carb-bite_Serrated_Jaws_8in_closed_12_aug012.jpg","Needle Holder Mayo-Hegar Straight Carb-bite Serrated Jaws 8in","closed","12","12.0"
"D:\augmented_data_consistent_backgrounds\images\train\Needle_Holder_Mayo-Hegar_Straight_Carb-bite_Serrated_Jaws_8in_closed_12_aug013.jpg","Needle Holder Mayo-Hegar Straight Carb-bite Serrated Jaws 8in","closed","12","13.0"
"D:\augmented_data_consistent_backgrounds\images\train\Needle_Holder_Mayo-Hegar_Straight_Carb-bite_Serrated_Jaws_8in_closed_12_aug014.jpg","Needle Holder Mayo-Hegar Straight Carb-bite Serrated Jaws 8in","closed","12","14.0"
"D:\augmented_data_consistent_backgrounds\images\train\Needle_Holder_Mayo-Hegar_Straight_Carb-bite_Serrated_Jaws_8in_closed_12_aug015.jpg","Needle Holder Mayo-Hegar Straight Carb-bite Serrated Jaws 8in","closed","12","15.0"
"D:\augmented_data_consistent_backgrounds\images\train\Needle_Holder_Mayo-Hegar_Straight_Carb-bite_Serrated_Jaws_8in_closed_12_aug016.jpg","Needle Holder Mayo-Hegar Straight Carb-bite Serrated Jaws 8in","closed","12","16.0"
"D:\augmented_data_consistent_backgrounds\images\train\Needle_Holder_Mayo-Hegar_Straight_Carb-bite_Serrated_Jaws_8in_closed_12_aug017.jpg","Needle Holder Mayo-Hegar Straight Carb-bite Serrated Jaws 8in","closed","12","17.0"
"D:\augmented_data_consistent_backgrounds\images\train\Needle_Holder_Mayo-Hegar_Straight_Carb-bite_Serrated_Jaws_8in_closed_12_aug018.jpg","Needle Holder Mayo-Hegar Straight Carb-bite Serrated Jaws 8in","closed","12","18.0"
"D:\augmented_data_consistent_backgrounds\images\train\Needle_Holder_Mayo-Hegar_Straight_Carb-bite_Serrated_Jaws_8in_closed_12_aug019.jpg","Needle Holder Mayo-Hegar Straight Carb-bite Serrated Jaws 8in","closed","12","19.0"
"D:\augmented_data_consistent_backgrounds\images\train\Needle_Holder_Mayo-Hegar_Straight_Carb-bite_Serrated_Jaws_8in_closed_13.jpg","Needle Holder Mayo-Hegar Straight Carb-bite Serrated Jaws 8in","closed","13",""
"D:\augmented_data_consistent_backgrounds\images\train\Needle_Holder_Mayo-Hegar_Straight_Carb-bite_Serrated_Jaws_8in_closed_13_aug000.jpg","Needle Holder Mayo-Hegar Straight Carb-bite Serrated Jaws 8in","closed","13","0.0"
"D:\augmented_data_consistent_backgrounds\images\train\Needle_Holder_Mayo-Hegar_Straight_Carb-bite_Serrated_Jaws_8in_closed_13_aug001.jpg","Needle Holder Mayo-Hegar Straight Carb-bite Serrated Jaws 8in","closed","13","1.0"
"D:\augmented_data_consistent_backgrounds\images\train\Needle_Holder_Mayo-Hegar_Straight_Carb-bite_Serrated_Jaws_8in_closed_13_aug002.jpg","Needle Holder Mayo-Hegar Straight Carb-bite Serrated Jaws 8in","closed","13","2.0"
"D:\augmented_data_consistent_backgrounds\images\train\Needle_Holder_Mayo-Hegar_Straight_Carb-bite_Serrated_Jaws_8in_closed_13_aug003.jpg","Needle Holder Mayo-Hegar Straight Carb-bite Serrated Jaws 8in","closed","13","3.0"
"D:\augmented_data_consistent_backgrounds\images\train\Needle_Holder_Mayo-Hegar_Straight_Carb-bite_Serrated_Jaws_8in_closed_13_aug004.jpg","Needle Holder Mayo-Hegar Straight Carb-bite Serrated Jaws 8in","closed","13","4.0"
"D:\augmented_data_consistent_backgrounds\images\train\Needle_Holder_Mayo-Hegar_Straight_Carb-bite_Serrated_Jaws_8in_closed_13_aug005.jpg","Needle Holder Mayo-Hegar Straight Carb-bite Serrated Jaws 8in","closed","13","5.0"
"D:\augmented_data_consistent_backgrounds\images\train\Needle_Holder_Mayo-Hegar_Straight_Carb-bite_Serrated_Jaws_8in_closed_13_aug006.jpg","Needle Holder Mayo-Hegar Straight Carb-bite Serrated Jaws 8in","closed","13","6.0"
"D:\augmented_data_consistent_backgrounds\images\train\Needle_Holder_Mayo-Hegar_Straight_Carb-bite_Serrated_Jaws_8in_closed_13_aug007.jpg","Needle Holder Mayo-Hegar Straight Carb-bite Serrated Jaws 8in","closed","13","7.0"
"D:\augmented_data_consistent_backgrounds\images\train\Needle_Holder_Mayo-Hegar_Straight_Carb-bite_Serrated_Jaws_8in_closed_13_aug008.jpg","Needle Holder Mayo-Hegar Straight Carb-bite Serrated Jaws 8in","closed","13","8.0"
"D:\augmented_data_consistent_backgrounds\images\train\Needle_Holder_Mayo-Hegar_Straight_Carb-bite_Serrated_Jaws_8in_closed_13_aug009.jpg","Needle Holder Mayo-Hegar Straight Carb-bite Serrated Jaws 8in","closed","13","9.0"
"D:\augmented_data_consistent_backgrounds\images\train\Needle_Holder_Mayo-Hegar_Straight_Carb-bite_Serrated_Jaws_8in_closed_13_aug010.jpg","Needle Holder Mayo-Hegar Straight Carb-bite Serrated Jaws 8in","closed","13","10.0"
"D:\augmented_data_consistent_backgrounds\images\train\Needle_Holder_Mayo-Hegar_Straight_Carb-bite_Serrated_Jaws_8in_closed_13_aug011.jpg","Needle Holder Mayo-Hegar Straight Carb-bite Serrated Jaws 8in","closed","13","11.0"
"D:\augmented_data_consistent_backgrounds\images\train\Needle_Holder_Mayo-Hegar_Straight_Carb-bite_Serrated_Jaws_8in_closed_13_aug012.jpg","Needle Holder Mayo-Hegar Straight Carb-bite Serrated Jaws 8in","closed","13","12.0"
"D:\augmented_data_consistent_backgrounds\images\train\Needle_Holder_Mayo-Hegar_Straight_Carb-bite_Serrated_Jaws_8in_closed_13_aug013.jpg","Needle Holder Mayo-Hegar Straight Carb-bite Serrated Jaws 8in","closed","13","13.0"
"D:\augmented_data_consistent_backgrounds\images\train\Needle_Holder_Mayo-Hegar_Straight_Carb-bite_Serrated_Jaws_8in_closed_13_aug014.jpg","Needle Holder Mayo-Hegar Straight Carb-bite Serrated Jaws 8in","closed","13","14.0"
"D:\augmented_data_consistent_backgrounds\images\train\Needle_Holder_Mayo-Hegar_Straight_Carb-bite_Serrated_Jaws_8in_closed_13_aug015.jpg","Needle Holder Mayo-Hegar Straight Carb-bite Serrated Jaws 8in","closed","13","15.0"
"D:\augmented_data_consistent_backgrounds\images\train\Needle_Holder_Mayo-Hegar_Straight_Carb-bite_Serrated_Jaws_8in_closed_13_aug016.jpg","Needle Holder Mayo-Hegar Straight Carb-bite Serrated Jaws 8in","closed","13","16.0"
"D:\augmented_data_consistent_backgrounds\images\train\Needle_Holder_Mayo-Hegar_Straight_Carb-bite_Serrated_Jaws_8in_closed_13_aug017.jpg","Needle Holder Mayo-Hegar Straight Carb-bite Serrated Jaws 8in","closed","13","17.0"
"D:\augmented_data_consistent_backgrounds\images\train\Needle_Holder_Mayo-Hegar_Straight_Carb-bite_Serrated_Jaws_8in_closed_13_aug018.jpg","Needle Holder Mayo-Hegar Straight Carb-bite Serrated Jaws 8in","closed","13","18.0"
"D:\augmented_data_consistent_backgrounds\images\train\Needle_Holder_Mayo-Hegar_Straight_Carb-bite_Serrated_Jaws_8in_closed_14.jpg","Needle Holder Mayo-Hegar Straight Carb-bite Serrated Jaws 8in","closed","14",""
"D:\augmented_data_consistent_backgrounds\images\train\Needle_Holder_Mayo-Hegar_Straight_Carb-bite_Serrated_Jaws_8in_closed_14_aug002.jpg","Needle Holder Mayo-Hegar Straight Carb-bite Serrated Jaws 8in","closed","14","2.0"
"D:\augmented_data_consistent_backgrounds\images\train\Needle_Holder_Mayo-Hegar_Straight_Carb-bite_Serrated_Jaws_8in_closed_14_aug003.jpg","Needle Holder Mayo-Hegar Straight Carb-bite Serrated Jaws 8in","closed","14","3.0"
"D:\augmented_data_consistent_backgrounds\images\train\Needle_Holder_Mayo-Hegar_Straight_Carb-bite_Serrated_Jaws_8in_closed_14_aug004.jpg","Needle Holder Mayo-Hegar Straight Carb-bite Serrated Jaws 8in","closed","14","4.0"
"D:\augmented_data_consistent_backgrounds\images\train\Needle_Holder_Mayo-Hegar_Straight_Carb-bite_Serrated_Jaws_8in_closed_14_aug006.jpg","Needle Holder Mayo-Hegar Straight Carb-bite Serrated Jaws 8in","closed","14","6.0"
"D:\augmented_data_consistent_backgrounds\images\train\Needle_Holder_Mayo-Hegar_Straight_Carb-bite_Serrated_Jaws_8in_closed_14_aug007.jpg","Needle Holder Mayo-Hegar Straight Carb-bite Serrated Jaws 8in","closed","14","7.0"
"D:\augmented_data_consistent_backgrounds\images\train\Needle_Holder_Mayo-Hegar_Straight_Carb-bite_Serrated_Jaws_8in_closed_14_aug008.jpg","Needle Holder Mayo-Hegar Straight Carb-bite Serrated Jaws 8in","closed","14","8.0"
"D:\augmented_data_consistent_backgrounds\images\train\Needle_Holder_Mayo-Hegar_Straight_Carb-bite_Serrated_Jaws_8in_closed_14_aug009.jpg","Needle Holder Mayo-Hegar Straight Carb-bite Serrated Jaws 8in","closed","14","9.0"
"D:\augmented_data_consistent_backgrounds\images\train\Needle_Holder_Mayo-Hegar_Straight_Carb-bite_Serrated_Jaws_8in_closed_14_aug010.jpg","Needle Holder Mayo-Hegar Straight Carb-bite Serrated Jaws 8in","closed","14","10.0"
"D:\augmented_data_consistent_backgrounds\images\train\Needle_Holder_Mayo-Hegar_Straight_Carb-bite_Serrated_Jaws_8in_closed_14_aug011.jpg","Needle Holder Mayo-Hegar Straight Carb-bite Serrated Jaws 8in","closed","14","11.0"
"D:\augmented_data_consistent_backgrounds\images\train\Needle_Holder_Mayo-Hegar_Straight_Carb-bite_Serrated_Jaws_8in_closed_14_aug012.jpg","Needle Holder Mayo-Hegar Straight Carb-bite Serrated Jaws 8in","closed","14","12.0"
"D:\augmented_data_consistent_backgrounds\images\train\Needle_Holder_Mayo-Hegar_Straight_Carb-bite_Serrated_Jaws_8in_closed_14_aug014.jpg","Needle Holder Mayo-Hegar Straight Carb-bite Serrated Jaws 8in","closed","14","14.0"
"D:\augmented_data_consistent_backgrounds\images\train\Needle_Holder_Mayo-Hegar_Straight_Carb-bite_Serrated_Jaws_8in_closed_14_aug015.jpg","Needle Holder Mayo-Hegar Straight Carb-bite Serrated Jaws 8in","closed","14","15.0"
"D:\augmented_data_consistent_backgrounds\images\train\Needle_Holder_Mayo-Hegar_Straight_Carb-bite_Serrated_Jaws_8in_closed_14_aug016.jpg","Needle Holder Mayo-Hegar Straight Carb-bite Serrated Jaws 8in","closed","14","16.0"
"D:\augmented_data_consistent_backgrounds\images\train\Needle_Holder_Mayo-Hegar_Straight_Carb-bite_Serrated_Jaws_8in_closed_14_aug017.jpg","Needle Holder Mayo-Hegar Straight Carb-bite Serrated Jaws 8in","closed","14","17.0"
"D:\augmented_data_consistent_backgrounds\images\train\Needle_Holder_Mayo-Hegar_Straight_Carb-bite_Serrated_Jaws_8in_closed_14_aug018.jpg","Needle Holder Mayo-Hegar Straight Carb-bite Serrated Jaws 8in","closed","14","18.0"
"D:\augmented_data_consistent_backgrounds\images\train\Needle_Holder_Mayo-Hegar_Straight_Carb-bite_Serrated_Jaws_8in_closed_14_aug019.jpg","Needle Holder Mayo-Hegar Straight Carb-bite Serrated Jaws 8in","closed","14","19.0"
"D:\augmented_data_consistent_backgrounds\images\train\Needle_Holder_Mayo-Hegar_Straight_Carb-bite_Serrated_Jaws_8in_closed_15.jpg","Needle Holder Mayo-Hegar Straight Carb-bite Serrated Jaws 8in","closed","15",""
"D:\augmented_data_consistent_backgrounds\images\train\Needle_Holder_Mayo-Hegar_Straight_Carb-bite_Serrated_Jaws_8in_closed_15_aug000.jpg","Needle Holder Mayo-Hegar Straight Carb-bite Serrated Jaws 8in","closed","15","0.0"
"D:\augmented_data_consistent_backgrounds\images\train\Needle_Holder_Mayo-Hegar_Straight_Carb-bite_Serrated_Jaws_8in_closed_15_aug001.jpg","Needle Holder Mayo-Hegar Straight Carb-bite Serrated Jaws 8in","closed","15","1.0"
"D:\augmented_data_consistent_backgrounds\images\train\Needle_Holder_Mayo-Hegar_Straight_Carb-bite_Serrated_Jaws_8in_closed_15_aug002.jpg","Needle Holder Mayo-Hegar Straight Carb-bite Serrated Jaws 8in","closed","15","2.0"
"D:\augmented_data_consistent_backgrounds\images\train\Needle_Holder_Mayo-Hegar_Straight_Carb-bite_Serrated_Jaws_8in_closed_15_aug003.jpg","Needle Holder Mayo-Hegar Straight Carb-bite Serrated Jaws 8in","closed","15","3.0"
"D:\augmented_data_consistent_backgrounds\images\train\Needle_Holder_Mayo-Hegar_Straight_Carb-bite_Serrated_Jaws_8in_closed_15_aug004.jpg","Needle Holder Mayo-Hegar Straight Carb-bite Serrated Jaws 8in","closed","15","4.0"
"D:\augmented_data_consistent_backgrounds\images\train\Needle_Holder_Mayo-Hegar_Straight_Carb-bite_Serrated_Jaws_8in_closed_15_aug005.jpg","Needle Holder Mayo-Hegar Straight Carb-bite Serrated Jaws 8in","closed","15","5.0"
"D:\augmented_data_consistent_backgrounds\images\train\Needle_Holder_Mayo-Hegar_Straight_Carb-bite_Serrated_Jaws_8in_closed_15_aug006.jpg","Needle Holder Mayo-Hegar Straight Carb-bite Serrated Jaws 8in","closed","15","6.0"
"D:\augmented_data_consistent_backgrounds\images\train\Needle_Holder_Mayo-Hegar_Straight_Carb-bite_Serrated_Jaws_8in_closed_15_aug007.jpg","Needle Holder Mayo-Hegar Straight Carb-bite Serrated Jaws 8in","closed","15","7.0"
"D:\augmented_data_consistent_backgrounds\images\train\Needle_Holder_Mayo-Hegar_Straight_Carb-bite_Serrated_Jaws_8in_closed_15_aug008.jpg","Needle Holder Mayo-Hegar Straight Carb-bite Serrated Jaws 8in","closed","15","8.0"
"D:\augmented_data_consistent_backgrounds\images\train\Needle_Holder_Mayo-Hegar_Straight_Carb-bite_Serrated_Jaws_8in_closed_15_aug009.jpg","Needle Holder Mayo-Hegar Straight Carb-bite Serrated Jaws 8in","closed","15","9.0"
"D:\augmented_data_consistent_backgrounds\images\train\Needle_Holder_Mayo-Hegar_Straight_Carb-bite_Serrated_Jaws_8in_closed_15_aug010.jpg","Needle Holder Mayo-Hegar Straight Carb-bite Serrated Jaws 8in","closed","15","10.0"
"D:\augmented_data_consistent_backgrounds\images\train\Needle_Holder_Mayo-Hegar_Straight_Carb-bite_Serrated_Jaws_8in_closed_15_aug011.jpg","Needle Holder Mayo-Hegar Straight Carb-bite Serrated Jaws 8in","closed","15","11.0"
"D:\augmented_data_consistent_backgrounds\images\train\Needle_Holder_Mayo-Hegar_Straight_Carb-bite_Serrated_Jaws_8in_closed_15_aug012.jpg","Needle Holder Mayo-Hegar Straight Carb-bite Serrated Jaws 8in","closed","15","12.0"
"D:\augmented_data_consistent_backgrounds\images\train\Needle_Holder_Mayo-Hegar_Straight_Carb-bite_Serrated_Jaws_8in_closed_15_aug013.jpg","Needle Holder Mayo-Hegar Straight Carb-bite Serrated Jaws 8in","closed","15","13.0"
"D:\augmented_data_consistent_backgrounds\images\train\Needle_Holder_Mayo-Hegar_Straight_Carb-bite_Serrated_Jaws_8in_closed_15_aug014.jpg","Needle Holder Mayo-Hegar Straight Carb-bite Serrated Jaws 8in","closed","15","14.0"
"D:\augmented_data_consistent_backgrounds\images\train\Needle_Holder_Mayo-Hegar_Straight_Carb-bite_Serrated_Jaws_8in_closed_15_aug015.jpg","Needle Holder Mayo-Hegar Straight Carb-bite Serrated Jaws 8in","closed","15","15.0"
"D:\augmented_data_consistent_backgrounds\images\train\Needle_Holder_Mayo-Hegar_Straight_Carb-bite_Serrated_Jaws_8in_closed_15_aug016.jpg","Needle Holder Mayo-Hegar Straight Carb-bite Serrated Jaws 8in","closed","15","16.0"
"D:\augmented_data_consistent_backgrounds\images\train\Needle_Holder_Mayo-Hegar_Straight_Carb-bite_Serrated_Jaws_8in_closed_15_aug017.jpg","Needle Holder Mayo-Hegar Straight Carb-bite Serrated Jaws 8in","closed","15","17.0"
"D:\augmented_data_consistent_backgrounds\images\train\Needle_Holder_Mayo-Hegar_Straight_Carb-bite_Serrated_Jaws_8in_closed_15_aug018.jpg","Needle Holder Mayo-Hegar Straight Carb-bite Serrated Jaws 8in","closed","15","18.0"
"D:\augmented_data_consistent_backgrounds\images\train\Needle_Holder_Mayo-Hegar_Straight_Carb-bite_Serrated_Jaws_8in_closed_15_aug019.jpg","Needle Holder Mayo-Hegar Straight Carb-bite Serrated Jaws 8in","closed","15","19.0"
"D:\augmented_data_consistent_backgrounds\images\train\Needle_Holder_Mayo-Hegar_Straight_Carb-bite_Serrated_Jaws_8in_closed_16.jpg","Needle Holder Mayo-Hegar Straight Carb-bite Serrated Jaws 8in","closed","16",""
"D:\augmented_data_consistent_backgrounds\images\train\Needle_Holder_Mayo-Hegar_Straight_Carb-bite_Serrated_Jaws_8in_closed_16_aug000.jpg","Needle Holder Mayo-Hegar Straight Carb-bite Serrated Jaws 8in","closed","16","0.0"
"D:\augmented_data_consistent_backgrounds\images\train\Needle_Holder_Mayo-Hegar_Straight_Carb-bite_Serrated_Jaws_8in_closed_16_aug001.jpg","Needle Holder Mayo-Hegar Straight Carb-bite Serrated Jaws 8in","closed","16","1.0"
"D:\augmented_data_consistent_backgrounds\images\train\Needle_Holder_Mayo-Hegar_Straight_Carb-bite_Serrated_Jaws_8in_closed_16_aug002.jpg","Needle Holder Mayo-Hegar Straight Carb-bite Serrated Jaws 8in","closed","16","2.0"
"D:\augmented_data_consistent_backgrounds\images\train\Needle_Holder_Mayo-Hegar_Straight_Carb-bite_Serrated_Jaws_8in_closed_16_aug004.jpg","Needle Holder Mayo-Hegar Straight Carb-bite Serrated Jaws 8in","closed","16","4.0"
"D:\augmented_data_consistent_backgrounds\images\train\Needle_Holder_Mayo-Hegar_Straight_Carb-bite_Serrated_Jaws_8in_closed_16_aug005.jpg","Needle Holder Mayo-Hegar Straight Carb-bite Serrated Jaws 8in","closed","16","5.0"
"D:\augmented_data_consistent_backgrounds\images\train\Needle_Holder_Mayo-Hegar_Straight_Carb-bite_Serrated_Jaws_8in_closed_16_aug006.jpg","Needle Holder Mayo-Hegar Straight Carb-bite Serrated Jaws 8in","closed","16","6.0"
"D:\augmented_data_consistent_backgrounds\images\train\Needle_Holder_Mayo-Hegar_Straight_Carb-bite_Serrated_Jaws_8in_closed_16_aug007.jpg","Needle Holder Mayo-Hegar Straight Carb-bite Serrated Jaws 8in","closed","16","7.0"
"D:\augmented_data_consistent_backgrounds\images\train\Needle_Holder_Mayo-Hegar_Straight_Carb-bite_Serrated_Jaws_8in_closed_16_aug008.jpg","Needle Holder Mayo-Hegar Straight Carb-bite Serrated Jaws 8in","closed","16","8.0"
"D:\augmented_data_consistent_backgrounds\images\train\Needle_Holder_Mayo-Hegar_Straight_Carb-bite_Serrated_Jaws_8in_closed_16_aug009.jpg","Needle Holder Mayo-Hegar Straight Carb-bite Serrated Jaws 8in","closed","16","9.0"
"D:\augmented_data_consistent_backgrounds\images\train\Needle_Holder_Mayo-Hegar_Straight_Carb-bite_Serrated_Jaws_8in_closed_16_aug010.jpg","Needle Holder Mayo-Hegar Straight Carb-bite Serrated Jaws 8in","closed","16","10.0"
"D:\augmented_data_consistent_backgrounds\images\train\Needle_Holder_Mayo-Hegar_Straight_Carb-bite_Serrated_Jaws_8in_closed_16_aug011.jpg","Needle Holder Mayo-Hegar Straight Carb-bite Serrated Jaws 8in","closed","16","11.0"
"D:\augmented_data_consistent_backgrounds\images\train\Needle_Holder_Mayo-Hegar_Straight_Carb-bite_Serrated_Jaws_8in_closed_16_aug012.jpg","Needle Holder Mayo-Hegar Straight Carb-bite Serrated Jaws 8in","closed","16","12.0"
"D:\augmented_data_consistent_backgrounds\images\train\Needle_Holder_Mayo-Hegar_Straight_Carb-bite_Serrated_Jaws_8in_closed_16_aug013.jpg","Needle Holder Mayo-Hegar Straight Carb-bite Serrated Jaws 8in","closed","16","13.0"
"D:\augmented_data_consistent_backgrounds\images\train\Needle_Holder_Mayo-Hegar_Straight_Carb-bite_Serrated_Jaws_8in_closed_16_aug014.jpg","Needle Holder Mayo-Hegar Straight Carb-bite Serrated Jaws 8in","closed","16","14.0"
"D:\augmented_data_consistent_backgrounds\images\train\Needle_Holder_Mayo-Hegar_Straight_Carb-bite_Serrated_Jaws_8in_closed_16_aug015.jpg","Needle Holder Mayo-Hegar Straight Carb-bite Serrated Jaws 8in","closed","16","15.0"
"D:\augmented_data_consistent_backgrounds\images\train\Needle_Holder_Mayo-Hegar_Straight_Carb-bite_Serrated_Jaws_8in_closed_16_aug016.jpg","Needle Holder Mayo-Hegar Straight Carb-bite Serrated Jaws 8in","closed","16","16.0"
"D:\augmented_data_consistent_backgrounds\images\train\Needle_Holder_Mayo-Hegar_Straight_Carb-bite_Serrated_Jaws_8in_closed_16_aug019.jpg","Needle Holder Mayo-Hegar Straight Carb-bite Serrated Jaws 8in","closed","16","19.0"
"D:\augmented_data_consistent_backgrounds\images\train\Needle_Holder_Mayo-Hegar_Straight_Carb-bite_Serrated_Jaws_8in_closed_17.jpg","Needle Holder Mayo-Hegar Straight Carb-bite Serrated Jaws 8in","closed","17",""
"D:\augmented_data_consistent_backgrounds\images\train\Needle_Holder_Mayo-Hegar_Straight_Carb-bite_Serrated_Jaws_8in_closed_17_aug000.jpg","Needle Holder Mayo-Hegar Straight Carb-bite Serrated Jaws 8in","closed","17","0.0"
"D:\augmented_data_consistent_backgrounds\images\train\Needle_Holder_Mayo-Hegar_Straight_Carb-bite_Serrated_Jaws_8in_closed_17_aug001.jpg","Needle Holder Mayo-Hegar Straight Carb-bite Serrated Jaws 8in","closed","17","1.0"
"D:\augmented_data_consistent_backgrounds\images\train\Needle_Holder_Mayo-Hegar_Straight_Carb-bite_Serrated_Jaws_8in_closed_17_aug002.jpg","Needle Holder Mayo-Hegar Straight Carb-bite Serrated Jaws 8in","closed","17","2.0"
"D:\augmented_data_consistent_backgrounds\images\train\Needle_Holder_Mayo-Hegar_Straight_Carb-bite_Serrated_Jaws_8in_closed_17_aug004.jpg","Needle Holder Mayo-Hegar Straight Carb-bite Serrated Jaws 8in","closed","17","4.0"
"D:\augmented_data_consistent_backgrounds\images\train\Needle_Holder_Mayo-Hegar_Straight_Carb-bite_Serrated_Jaws_8in_closed_17_aug006.jpg","Needle Holder Mayo-Hegar Straight Carb-bite Serrated Jaws 8in","closed","17","6.0"
"D:\augmented_data_consistent_backgrounds\images\train\Needle_Holder_Mayo-Hegar_Straight_Carb-bite_Serrated_Jaws_8in_closed_17_aug007.jpg","Needle Holder Mayo-Hegar Straight Carb-bite Serrated Jaws 8in","closed","17","7.0"
"D:\augmented_data_consistent_backgrounds\images\train\Needle_Holder_Mayo-Hegar_Straight_Carb-bite_Serrated_Jaws_8in_closed_17_aug008.jpg","Needle Holder Mayo-Hegar Straight Carb-bite Serrated Jaws 8in","closed","17","8.0"
"D:\augmented_data_consistent_backgrounds\images\train\Needle_Holder_Mayo-Hegar_Straight_Carb-bite_Serrated_Jaws_8in_closed_17_aug010.jpg","Needle Holder Mayo-Hegar Straight Carb-bite Serrated Jaws 8in","closed","17","10.0"
"D:\augmented_data_consistent_backgrounds\images\train\Needle_Holder_Mayo-Hegar_Straight_Carb-bite_Serrated_Jaws_8in_closed_17_aug011.jpg","Needle Holder Mayo-Hegar Straight Carb-bite Serrated Jaws 8in","closed","17","11.0"
"D:\augmented_data_consistent_backgrounds\images\train\Needle_Holder_Mayo-Hegar_Straight_Carb-bite_Serrated_Jaws_8in_closed_17_aug013.jpg","Needle Holder Mayo-Hegar Straight Carb-bite Serrated Jaws 8in","closed","17","13.0"
"D:\augmented_data_consistent_backgrounds\images\train\Needle_Holder_Mayo-Hegar_Straight_Carb-bite_Serrated_Jaws_8in_closed_17_aug014.jpg","Needle Holder Mayo-Hegar Straight Carb-bite Serrated Jaws 8in","closed","17","14.0"
"D:\augmented_data_consistent_backgrounds\images\train\Needle_Holder_Mayo-Hegar_Straight_Carb-bite_Serrated_Jaws_8in_closed_17_aug016.jpg","Needle Holder Mayo-Hegar Straight Carb-bite Serrated Jaws 8in","closed","17","16.0"
"D:\augmented_data_consistent_backgrounds\images\train\Needle_Holder_Mayo-Hegar_Straight_Carb-bite_Serrated_Jaws_8in_closed_17_aug017.jpg","Needle Holder Mayo-Hegar Straight Carb-bite Serrated Jaws 8in","closed","17","17.0"
"D:\augmented_data_consistent_backgrounds\images\train\Needle_Holder_Mayo-Hegar_Straight_Carb-bite_Serrated_Jaws_8in_closed_17_aug018.jpg","Needle Holder Mayo-Hegar Straight Carb-bite Serrated Jaws 8in","closed","17","18.0"
"D:\augmented_data_consistent_backgrounds\images\train\Needle_Holder_Mayo-Hegar_Straight_Carb-bite_Serrated_Jaws_8in_closed_17_aug019.jpg","Needle Holder Mayo-Hegar Straight Carb-bite Serrated Jaws 8in","closed","17","19.0"
"D:\augmented_data_consistent_backgrounds\images\train\Needle_Holder_Mayo-Hegar_Straight_Carb-bite_Serrated_Jaws_8in_closed_18.jpg","Needle Holder Mayo-Hegar Straight Carb-bite Serrated Jaws 8in","closed","18",""
"D:\augmented_data_consistent_backgrounds\images\train\Needle_Holder_Mayo-Hegar_Straight_Carb-bite_Serrated_Jaws_8in_closed_18_aug000.jpg","Needle Holder Mayo-Hegar Straight Carb-bite Serrated Jaws 8in","closed","18","0.0"
"D:\augmented_data_consistent_backgrounds\images\train\Needle_Holder_Mayo-Hegar_Straight_Carb-bite_Serrated_Jaws_8in_closed_18_aug001.jpg","Needle Holder Mayo-Hegar Straight Carb-bite Serrated Jaws 8in","closed","18","1.0"
"D:\augmented_data_consistent_backgrounds\images\train\Needle_Holder_Mayo-Hegar_Straight_Carb-bite_Serrated_Jaws_8in_closed_18_aug002.jpg","Needle Holder Mayo-Hegar Straight Carb-bite Serrated Jaws 8in","closed","18","2.0"
"D:\augmented_data_consistent_backgrounds\images\train\Needle_Holder_Mayo-Hegar_Straight_Carb-bite_Serrated_Jaws_8in_closed_18_aug003.jpg","Needle Holder Mayo-Hegar Straight Carb-bite Serrated Jaws 8in","closed","18","3.0"
"D:\augmented_data_consistent_backgrounds\images\train\Needle_Holder_Mayo-Hegar_Straight_Carb-bite_Serrated_Jaws_8in_closed_18_aug004.jpg","Needle Holder Mayo-Hegar Straight Carb-bite Serrated Jaws 8in","closed","18","4.0"
"D:\augmented_data_consistent_backgrounds\images\train\Needle_Holder_Mayo-Hegar_Straight_Carb-bite_Serrated_Jaws_8in_closed_18_aug011.jpg","Needle Holder Mayo-Hegar Straight Carb-bite Serrated Jaws 8in","closed","18","11.0"
"D:\augmented_data_consistent_backgrounds\images\train\Needle_Holder_Mayo-Hegar_Straight_Carb-bite_Serrated_Jaws_8in_closed_18_aug012.jpg","Needle Holder Mayo-Hegar Straight Carb-bite Serrated Jaws 8in","closed","18","12.0"
"D:\augmented_data_consistent_backgrounds\images\train\Needle_Holder_Mayo-Hegar_Straight_Carb-bite_Serrated_Jaws_8in_closed_18_aug013.jpg","Needle Holder Mayo-Hegar Straight Carb-bite Serrated Jaws 8in","closed","18","13.0"
"D:\augmented_data_consistent_backgrounds\images\train\Needle_Holder_Mayo-Hegar_Straight_Carb-bite_Serrated_Jaws_8in_closed_18_aug014.jpg","Needle Holder Mayo-Hegar Straight Carb-bite Serrated Jaws 8in","closed","18","14.0"
"D:\augmented_data_consistent_backgrounds\images\train\Needle_Holder_Mayo-Hegar_Straight_Carb-bite_Serrated_Jaws_8in_closed_18_aug015.jpg","Needle Holder Mayo-Hegar Straight Carb-bite Serrated Jaws 8in","closed","18","15.0"
"D:\augmented_data_consistent_backgrounds\images\train\Needle_Holder_Mayo-Hegar_Straight_Carb-bite_Serrated_Jaws_8in_closed_18_aug016.jpg","Needle Holder Mayo-Hegar Straight Carb-bite Serrated Jaws 8in","closed","18","16.0"
"D:\augmented_data_consistent_backgrounds\images\train\Needle_Holder_Mayo-Hegar_Straight_Carb-bite_Serrated_Jaws_8in_closed_18_aug019.jpg","Needle Holder Mayo-Hegar Straight Carb-bite Serrated Jaws 8in","closed","18","19.0"
"D:\augmented_data_consistent_backgrounds\images\train\Needle_Holder_Mayo-Hegar_Straight_Carb-bite_Serrated_Jaws_8in_closed_19.jpg","Needle Holder Mayo-Hegar Straight Carb-bite Serrated Jaws 8in","closed","19",""
"D:\augmented_data_consistent_backgrounds\images\train\Needle_Holder_Mayo-Hegar_Straight_Carb-bite_Serrated_Jaws_8in_closed_19_aug000.jpg","Needle Holder Mayo-Hegar Straight Carb-bite Serrated Jaws 8in","closed","19","0.0"
"D:\augmented_data_consistent_backgrounds\images\train\Needle_Holder_Mayo-Hegar_Straight_Carb-bite_Serrated_Jaws_8in_closed_19_aug002.jpg","Needle Holder Mayo-Hegar Straight Carb-bite Serrated Jaws 8in","closed","19","2.0"
"D:\augmented_data_consistent_backgrounds\images\train\Needle_Holder_Mayo-Hegar_Straight_Carb-bite_Serrated_Jaws_8in_closed_19_aug003.jpg","Needle Holder Mayo-Hegar Straight Carb-bite Serrated Jaws 8in","closed","19","3.0"
"D:\augmented_data_consistent_backgrounds\images\train\Needle_Holder_Mayo-Hegar_Straight_Carb-bite_Serrated_Jaws_8in_closed_19_aug004.jpg","Needle Holder Mayo-Hegar Straight Carb-bite Serrated Jaws 8in","closed","19","4.0"
"D:\augmented_data_consistent_backgrounds\images\train\Needle_Holder_Mayo-Hegar_Straight_Carb-bite_Serrated_Jaws_8in_closed_19_aug006.jpg","Needle Holder Mayo-Hegar Straight Carb-bite Serrated Jaws 8in","closed","19","6.0"
"D:\augmented_data_consistent_backgrounds\images\train\Needle_Holder_Mayo-Hegar_Straight_Carb-bite_Serrated_Jaws_8in_closed_19_aug007.jpg","Needle Holder Mayo-Hegar Straight Carb-bite Serrated Jaws 8in","closed","19","7.0"
"D:\augmented_data_consistent_backgrounds\images\train\Needle_Holder_Mayo-Hegar_Straight_Carb-bite_Serrated_Jaws_8in_closed_19_aug009.jpg","Needle Holder Mayo-Hegar Straight Carb-bite Serrated Jaws 8in","closed","19","9.0"
"D:\augmented_data_consistent_backgrounds\images\train\Needle_Holder_Mayo-Hegar_Straight_Carb-bite_Serrated_Jaws_8in_closed_19_aug010.jpg","Needle Holder Mayo-Hegar Straight Carb-bite Serrated Jaws 8in","closed","19","10.0"
"D:\augmented_data_consistent_backgrounds\images\train\Needle_Holder_Mayo-Hegar_Straight_Carb-bite_Serrated_Jaws_8in_closed_19_aug012.jpg","Needle Holder Mayo-Hegar Straight Carb-bite Serrated Jaws 8in","closed","19","12.0"
"D:\augmented_data_consistent_backgrounds\images\train\Needle_Holder_Mayo-Hegar_Straight_Carb-bite_Serrated_Jaws_8in_closed_19_aug014.jpg","Needle Holder Mayo-Hegar Straight Carb-bite Serrated Jaws 8in","closed","19","14.0"
"D:\augmented_data_consistent_backgrounds\images\train\Needle_Holder_Mayo-Hegar_Straight_Carb-bite_Serrated_Jaws_8in_closed_19_aug016.jpg","Needle Holder Mayo-Hegar Straight Carb-bite Serrated Jaws 8in","closed","19","16.0"
"D:\augmented_data_consistent_backgrounds\images\train\Needle_Holder_Mayo-Hegar_Straight_Carb-bite_Serrated_Jaws_8in_closed_19_aug017.jpg","Needle Holder Mayo-Hegar Straight Carb-bite Serrated Jaws 8in","closed","19","17.0"
"D:\augmented_data_consistent_backgrounds\images\train\Needle_Holder_Mayo-Hegar_Straight_Carb-bite_Serrated_Jaws_8in_closed_19_aug018.jpg","Needle Holder Mayo-Hegar Straight Carb-bite Serrated Jaws 8in","closed","19","18.0"
"D:\augmented_data_consistent_backgrounds\images\train\Needle_Holder_Mayo-Hegar_Straight_Carb-bite_Serrated_Jaws_8in_closed_20_aug001.jpg","Needle Holder Mayo-Hegar Straight Carb-bite Serrated Jaws 8in","closed","20","1.0"
"D:\augmented_data_consistent_backgrounds\images\train\Needle_Holder_Mayo-Hegar_Straight_Carb-bite_Serrated_Jaws_8in_closed_20_aug002.jpg","Needle Holder Mayo-Hegar Straight Carb-bite Serrated Jaws 8in","closed","20","2.0"
"D:\augmented_data_consistent_backgrounds\images\train\Needle_Holder_Mayo-Hegar_Straight_Carb-bite_Serrated_Jaws_8in_closed_20_aug003.jpg","Needle Holder Mayo-Hegar Straight Carb-bite Serrated Jaws 8in","closed","20","3.0"
"D:\augmented_data_consistent_backgrounds\images\train\Needle_Holder_Mayo-Hegar_Straight_Carb-bite_Serrated_Jaws_8in_closed_20_aug004.jpg","Needle Holder Mayo-Hegar Straight Carb-bite Serrated Jaws 8in","closed","20","4.0"
"D:\augmented_data_consistent_backgrounds\images\train\Needle_Holder_Mayo-Hegar_Straight_Carb-bite_Serrated_Jaws_8in_closed_20_aug006.jpg","Needle Holder Mayo-Hegar Straight Carb-bite Serrated Jaws 8in","closed","20","6.0"
"D:\augmented_data_consistent_backgrounds\images\train\Needle_Holder_Mayo-Hegar_Straight_Carb-bite_Serrated_Jaws_8in_closed_20_aug007.jpg","Needle Holder Mayo-Hegar Straight Carb-bite Serrated Jaws 8in","closed","20","7.0"
"D:\augmented_data_consistent_backgrounds\images\train\Needle_Holder_Mayo-Hegar_Straight_Carb-bite_Serrated_Jaws_8in_closed_20_aug008.jpg","Needle Holder Mayo-Hegar Straight Carb-bite Serrated Jaws 8in","closed","20","8.0"
"D:\augmented_data_consistent_backgrounds\images\train\Needle_Holder_Mayo-Hegar_Straight_Carb-bite_Serrated_Jaws_8in_closed_20_aug009.jpg","Needle Holder Mayo-Hegar Straight Carb-bite Serrated Jaws 8in","closed","20","9.0"
"D:\augmented_data_consistent_backgrounds\images\train\Needle_Holder_Mayo-Hegar_Straight_Carb-bite_Serrated_Jaws_8in_closed_20_aug010.jpg","Needle Holder Mayo-Hegar Straight Carb-bite Serrated Jaws 8in","closed","20","10.0"
"D:\augmented_data_consistent_backgrounds\images\train\Needle_Holder_Mayo-Hegar_Straight_Carb-bite_Serrated_Jaws_8in_closed_20_aug011.jpg","Needle Holder Mayo-Hegar Straight Carb-bite Serrated Jaws 8in","closed","20","11.0"
"D:\augmented_data_consistent_backgrounds\images\train\Needle_Holder_Mayo-Hegar_Straight_Carb-bite_Serrated_Jaws_8in_closed_20_aug012.jpg","Needle Holder Mayo-Hegar Straight Carb-bite Serrated Jaws 8in","closed","20","12.0"
"D:\augmented_data_consistent_backgrounds\images\train\Needle_Holder_Mayo-Hegar_Straight_Carb-bite_Serrated_Jaws_8in_closed_20_aug013.jpg","Needle Holder Mayo-Hegar Straight Carb-bite Serrated Jaws 8in","closed","20","13.0"
"D:\augmented_data_consistent_backgrounds\images\train\Needle_Holder_Mayo-Hegar_Straight_Carb-bite_Serrated_Jaws_8in_closed_20_aug015.jpg","Needle Holder Mayo-Hegar Straight Carb-bite Serrated Jaws 8in","closed","20","15.0"
"D:\augmented_data_consistent_backgrounds\images\train\Needle_Holder_Mayo-Hegar_Straight_Carb-bite_Serrated_Jaws_8in_closed_20_aug016.jpg","Needle Holder Mayo-Hegar Straight Carb-bite Serrated Jaws 8in","closed","20","16.0"
"D:\augmented_data_consistent_backgrounds\images\train\Needle_Holder_Mayo-Hegar_Straight_Carb-bite_Serrated_Jaws_8in_closed_20_aug017.jpg","Needle Holder Mayo-Hegar Straight Carb-bite Serrated Jaws 8in","closed","20","17.0"
"D:\augmented_data_consistent_backgrounds\images\train\Needle_Holder_Mayo-Hegar_Straight_Carb-bite_Serrated_Jaws_8in_closed_20_aug018.jpg","Needle Holder Mayo-Hegar Straight Carb-bite Serrated Jaws 8in","closed","20","18.0"
"D:\augmented_data_consistent_backgrounds\images\train\Needle_Holder_Mayo-Hegar_Straight_Carb-bite_Serrated_Jaws_8in_closed_20_aug019.jpg","Needle Holder Mayo-Hegar Straight Carb-bite Serrated Jaws 8in","closed","20","19.0"
"D:\augmented_data_consistent_backgrounds\images\train\Needle_Holder_Mayo-Hegar_Straight_Carb-bite_Serrated_Jaws_8in_closed_21.jpg","Needle Holder Mayo-Hegar Straight Carb-bite Serrated Jaws 8in","closed","21",""
"D:\augmented_data_consistent_backgrounds\images\train\Needle_Holder_Mayo-Hegar_Straight_Carb-bite_Serrated_Jaws_8in_closed_21_aug000.jpg","Needle Holder Mayo-Hegar Straight Carb-bite Serrated Jaws 8in","closed","21","0.0"
"D:\augmented_data_consistent_backgrounds\images\train\Needle_Holder_Mayo-Hegar_Straight_Carb-bite_Serrated_Jaws_8in_closed_21_aug001.jpg","Needle Holder Mayo-Hegar Straight Carb-bite Serrated Jaws 8in","closed","21","1.0"
"D:\augmented_data_consistent_backgrounds\images\train\Needle_Holder_Mayo-Hegar_Straight_Carb-bite_Serrated_Jaws_8in_closed_21_aug002.jpg","Needle Holder Mayo-Hegar Straight Carb-bite Serrated Jaws 8in","closed","21","2.0"
"D:\augmented_data_consistent_backgrounds\images\train\Needle_Holder_Mayo-Hegar_Straight_Carb-bite_Serrated_Jaws_8in_closed_21_aug003.jpg","Needle Holder Mayo-Hegar Straight Carb-bite Serrated Jaws 8in","closed","21","3.0"
"D:\augmented_data_consistent_backgrounds\images\train\Needle_Holder_Mayo-Hegar_Straight_Carb-bite_Serrated_Jaws_8in_closed_21_aug004.jpg","Needle Holder Mayo-Hegar Straight Carb-bite Serrated Jaws 8in","closed","21","4.0"
"D:\augmented_data_consistent_backgrounds\images\train\Needle_Holder_Mayo-Hegar_Straight_Carb-bite_Serrated_Jaws_8in_closed_21_aug005.jpg","Needle Holder Mayo-Hegar Straight Carb-bite Serrated Jaws 8in","closed","21","5.0"
"D:\augmented_data_consistent_backgrounds\images\train\Needle_Holder_Mayo-Hegar_Straight_Carb-bite_Serrated_Jaws_8in_closed_21_aug006.jpg","Needle Holder Mayo-Hegar Straight Carb-bite Serrated Jaws 8in","closed","21","6.0"
"D:\augmented_data_consistent_backgrounds\images\train\Needle_Holder_Mayo-Hegar_Straight_Carb-bite_Serrated_Jaws_8in_closed_21_aug007.jpg","Needle Holder Mayo-Hegar Straight Carb-bite Serrated Jaws 8in","closed","21","7.0"
"D:\augmented_data_consistent_backgrounds\images\train\Needle_Holder_Mayo-Hegar_Straight_Carb-bite_Serrated_Jaws_8in_closed_21_aug011.jpg","Needle Holder Mayo-Hegar Straight Carb-bite Serrated Jaws 8in","closed","21","11.0"
"D:\augmented_data_consistent_backgrounds\images\train\Needle_Holder_Mayo-Hegar_Straight_Carb-bite_Serrated_Jaws_8in_closed_21_aug013.jpg","Needle Holder Mayo-Hegar Straight Carb-bite Serrated Jaws 8in","closed","21","13.0"
"D:\augmented_data_consistent_backgrounds\images\train\Needle_Holder_Mayo-Hegar_Straight_Carb-bite_Serrated_Jaws_8in_closed_21_aug014.jpg","Needle Holder Mayo-Hegar Straight Carb-bite Serrated Jaws 8in","closed","21","14.0"
"D:\augmented_data_consistent_backgrounds\images\train\Needle_Holder_Mayo-Hegar_Straight_Carb-bite_Serrated_Jaws_8in_closed_21_aug015.jpg","Needle Holder Mayo-Hegar Straight Carb-bite Serrated Jaws 8in","closed","21","15.0"
"D:\augmented_data_consistent_backgrounds\images\train\Needle_Holder_Mayo-Hegar_Straight_Carb-bite_Serrated_Jaws_8in_closed_21_aug017.jpg","Needle Holder Mayo-Hegar Straight Carb-bite Serrated Jaws 8in","closed","21","17.0"
"D:\augmented_data_consistent_backgrounds\images\train\Needle_Holder_Mayo-Hegar_Straight_Carb-bite_Serrated_Jaws_8in_closed_21_aug018.jpg","Needle Holder Mayo-Hegar Straight Carb-bite Serrated Jaws 8in","closed","21","18.0"
"D:\augmented_data_consistent_backgrounds\images\train\Needle_Holder_Mayo-Hegar_Straight_Carb-bite_Serrated_Jaws_8in_closed_21_aug019.jpg","Needle Holder Mayo-Hegar Straight Carb-bite Serrated Jaws 8in","closed","21","19.0"
"D:\augmented_data_consistent_backgrounds\images\train\Needle_Holder_Mayo-Hegar_Straight_Carb-bite_Serrated_Jaws_8in_closed_22.jpg","Needle Holder Mayo-Hegar Straight Carb-bite Serrated Jaws 8in","closed","22",""
"D:\augmented_data_consistent_backgrounds\images\train\Needle_Holder_Mayo-Hegar_Straight_Carb-bite_Serrated_Jaws_8in_closed_22_aug000.jpg","Needle Holder Mayo-Hegar Straight Carb-bite Serrated Jaws 8in","closed","22","0.0"
"D:\augmented_data_consistent_backgrounds\images\train\Needle_Holder_Mayo-Hegar_Straight_Carb-bite_Serrated_Jaws_8in_closed_22_aug002.jpg","Needle Holder Mayo-Hegar Straight Carb-bite Serrated Jaws 8in","closed","22","2.0"
"D:\augmented_data_consistent_backgrounds\images\train\Needle_Holder_Mayo-Hegar_Straight_Carb-bite_Serrated_Jaws_8in_closed_22_aug005.jpg","Needle Holder Mayo-Hegar Straight Carb-bite Serrated Jaws 8in","closed","22","5.0"
"D:\augmented_data_consistent_backgrounds\images\train\Needle_Holder_Mayo-Hegar_Straight_Carb-bite_Serrated_Jaws_8in_closed_22_aug006.jpg","Needle Holder Mayo-Hegar Straight Carb-bite Serrated Jaws 8in","closed","22","6.0"
"D:\augmented_data_consistent_backgrounds\images\train\Needle_Holder_Mayo-Hegar_Straight_Carb-bite_Serrated_Jaws_8in_closed_22_aug007.jpg","Needle Holder Mayo-Hegar Straight Carb-bite Serrated Jaws 8in","closed","22","7.0"
"D:\augmented_data_consistent_backgrounds\images\train\Needle_Holder_Mayo-Hegar_Straight_Carb-bite_Serrated_Jaws_8in_closed_22_aug008.jpg","Needle Holder Mayo-Hegar Straight Carb-bite Serrated Jaws 8in","closed","22","8.0"
"D:\augmented_data_consistent_backgrounds\images\train\Needle_Holder_Mayo-Hegar_Straight_Carb-bite_Serrated_Jaws_8in_closed_22_aug009.jpg","Needle Holder Mayo-Hegar Straight Carb-bite Serrated Jaws 8in","closed","22","9.0"
"D:\augmented_data_consistent_backgrounds\images\train\Needle_Holder_Mayo-Hegar_Straight_Carb-bite_Serrated_Jaws_8in_closed_22_aug010.jpg","Needle Holder Mayo-Hegar Straight Carb-bite Serrated Jaws 8in","closed","22","10.0"
"D:\augmented_data_consistent_backgrounds\images\train\Needle_Holder_Mayo-Hegar_Straight_Carb-bite_Serrated_Jaws_8in_closed_22_aug011.jpg","Needle Holder Mayo-Hegar Straight Carb-bite Serrated Jaws 8in","closed","22","11.0"
"D:\augmented_data_consistent_backgrounds\images\train\Needle_Holder_Mayo-Hegar_Straight_Carb-bite_Serrated_Jaws_8in_closed_22_aug012.jpg","Needle Holder Mayo-Hegar Straight Carb-bite Serrated Jaws 8in","closed","22","12.0"
"D:\augmented_data_consistent_backgrounds\images\train\Needle_Holder_Mayo-Hegar_Straight_Carb-bite_Serrated_Jaws_8in_closed_22_aug014.jpg","Needle Holder Mayo-Hegar Straight Carb-bite Serrated Jaws 8in","closed","22","14.0"
"D:\augmented_data_consistent_backgrounds\images\train\Needle_Holder_Mayo-Hegar_Straight_Carb-bite_Serrated_Jaws_8in_closed_22_aug016.jpg","Needle Holder Mayo-Hegar Straight Carb-bite Serrated Jaws 8in","closed","22","16.0"
"D:\augmented_data_consistent_backgrounds\images\train\Needle_Holder_Mayo-Hegar_Straight_Carb-bite_Serrated_Jaws_8in_closed_22_aug017.jpg","Needle Holder Mayo-Hegar Straight Carb-bite Serrated Jaws 8in","closed","22","17.0"
"D:\augmented_data_consistent_backgrounds\images\train\Needle_Holder_Mayo-Hegar_Straight_Carb-bite_Serrated_Jaws_8in_closed_22_aug018.jpg","Needle Holder Mayo-Hegar Straight Carb-bite Serrated Jaws 8in","closed","22","18.0"
"D:\augmented_data_consistent_backgrounds\images\train\Needle_Holder_Mayo-Hegar_Straight_Carb-bite_Serrated_Jaws_8in_closed_22_aug019.jpg","Needle Holder Mayo-Hegar Straight Carb-bite Serrated Jaws 8in","closed","22","19.0"
"D:\augmented_data_consistent_backgrounds\images\train\Needle_Holder_Mayo-Hegar_Straight_Carb-bite_Serrated_Jaws_8in_closed_23.jpg","Needle Holder Mayo-Hegar Straight Carb-bite Serrated Jaws 8in","closed","23",""
"D:\augmented_data_consistent_backgrounds\images\train\Needle_Holder_Mayo-Hegar_Straight_Carb-bite_Serrated_Jaws_8in_closed_23_aug000.jpg","Needle Holder Mayo-Hegar Straight Carb-bite Serrated Jaws 8in","closed","23","0.0"
"D:\augmented_data_consistent_backgrounds\images\train\Needle_Holder_Mayo-Hegar_Straight_Carb-bite_Serrated_Jaws_8in_closed_23_aug001.jpg","Needle Holder Mayo-Hegar Straight Carb-bite Serrated Jaws 8in","closed","23","1.0"
"D:\augmented_data_consistent_backgrounds\images\train\Needle_Holder_Mayo-Hegar_Straight_Carb-bite_Serrated_Jaws_8in_closed_23_aug004.jpg","Needle Holder Mayo-Hegar Straight Carb-bite Serrated Jaws 8in","closed","23","4.0"
"D:\augmented_data_consistent_backgrounds\images\train\Needle_Holder_Mayo-Hegar_Straight_Carb-bite_Serrated_Jaws_8in_closed_23_aug005.jpg","Needle Holder Mayo-Hegar Straight Carb-bite Serrated Jaws 8in","closed","23","5.0"
"D:\augmented_data_consistent_backgrounds\images\train\Needle_Holder_Mayo-Hegar_Straight_Carb-bite_Serrated_Jaws_8in_closed_23_aug006.jpg","Needle Holder Mayo-Hegar Straight Carb-bite Serrated Jaws 8in","closed","23","6.0"
"D:\augmented_data_consistent_backgrounds\images\train\Needle_Holder_Mayo-Hegar_Straight_Carb-bite_Serrated_Jaws_8in_closed_23_aug007.jpg","Needle Holder Mayo-Hegar Straight Carb-bite Serrated Jaws 8in","closed","23","7.0"
"D:\augmented_data_consistent_backgrounds\images\train\Needle_Holder_Mayo-Hegar_Straight_Carb-bite_Serrated_Jaws_8in_closed_23_aug008.jpg","Needle Holder Mayo-Hegar Straight Carb-bite Serrated Jaws 8in","closed","23","8.0"
"D:\augmented_data_consistent_backgrounds\images\train\Needle_Holder_Mayo-Hegar_Straight_Carb-bite_Serrated_Jaws_8in_closed_23_aug009.jpg","Needle Holder Mayo-Hegar Straight Carb-bite Serrated Jaws 8in","closed","23","9.0"
"D:\augmented_data_consistent_backgrounds\images\train\Needle_Holder_Mayo-Hegar_Straight_Carb-bite_Serrated_Jaws_8in_closed_23_aug010.jpg","Needle Holder Mayo-Hegar Straight Carb-bite Serrated Jaws 8in","closed","23","10.0"
"D:\augmented_data_consistent_backgrounds\images\train\Needle_Holder_Mayo-Hegar_Straight_Carb-bite_Serrated_Jaws_8in_closed_23_aug011.jpg","Needle Holder Mayo-Hegar Straight Carb-bite Serrated Jaws 8in","closed","23","11.0"
"D:\augmented_data_consistent_backgrounds\images\train\Needle_Holder_Mayo-Hegar_Straight_Carb-bite_Serrated_Jaws_8in_closed_23_aug012.jpg","Needle Holder Mayo-Hegar Straight Carb-bite Serrated Jaws 8in","closed","23","12.0"
"D:\augmented_data_consistent_backgrounds\images\train\Needle_Holder_Mayo-Hegar_Straight_Carb-bite_Serrated_Jaws_8in_closed_23_aug014.jpg","Needle Holder Mayo-Hegar Straight Carb-bite Serrated Jaws 8in","closed","23","14.0"
"D:\augmented_data_consistent_backgrounds\images\train\Needle_Holder_Mayo-Hegar_Straight_Carb-bite_Serrated_Jaws_8in_closed_23_aug015.jpg","Needle Holder Mayo-Hegar Straight Carb-bite Serrated Jaws 8in","closed","23","15.0"
"D:\augmented_data_consistent_backgrounds\images\train\Needle_Holder_Mayo-Hegar_Straight_Carb-bite_Serrated_Jaws_8in_closed_23_aug016.jpg","Needle Holder Mayo-Hegar Straight Carb-bite Serrated Jaws 8in","closed","23","16.0"
"D:\augmented_data_consistent_backgrounds\images\train\Needle_Holder_Mayo-Hegar_Straight_Carb-bite_Serrated_Jaws_8in_closed_23_aug017.jpg","Needle Holder Mayo-Hegar Straight Carb-bite Serrated Jaws 8in","closed","23","17.0"
"D:\augmented_data_consistent_backgrounds\images\train\Needle_Holder_Mayo-Hegar_Straight_Carb-bite_Serrated_Jaws_8in_closed_23_aug018.jpg","Needle Holder Mayo-Hegar Straight Carb-bite Serrated Jaws 8in","closed","23","18.0"
"D:\augmented_data_consistent_backgrounds\images\train\Needle_Holder_Mayo-Hegar_Straight_Carb-bite_Serrated_Jaws_8in_closed_23_aug019.jpg","Needle Holder Mayo-Hegar Straight Carb-bite Serrated Jaws 8in","closed","23","19.0"
"D:\augmented_data_consistent_backgrounds\images\train\Needle_Holder_Mayo-Hegar_Straight_Carb-bite_Serrated_Jaws_8in_closed_24.jpg","Needle Holder Mayo-Hegar Straight Carb-bite Serrated Jaws 8in","closed","24",""
"D:\augmented_data_consistent_backgrounds\images\train\Needle_Holder_Mayo-Hegar_Straight_Carb-bite_Serrated_Jaws_8in_closed_24_aug000.jpg","Needle Holder Mayo-Hegar Straight Carb-bite Serrated Jaws 8in","closed","24","0.0"
"D:\augmented_data_consistent_backgrounds\images\train\Needle_Holder_Mayo-Hegar_Straight_Carb-bite_Serrated_Jaws_8in_closed_24_aug001.jpg","Needle Holder Mayo-Hegar Straight Carb-bite Serrated Jaws 8in","closed","24","1.0"
"D:\augmented_data_consistent_backgrounds\images\train\Needle_Holder_Mayo-Hegar_Straight_Carb-bite_Serrated_Jaws_8in_closed_24_aug002.jpg","Needle Holder Mayo-Hegar Straight Carb-bite Serrated Jaws 8in","closed","24","2.0"
"D:\augmented_data_consistent_backgrounds\images\train\Needle_Holder_Mayo-Hegar_Straight_Carb-bite_Serrated_Jaws_8in_closed_24_aug003.jpg","Needle Holder Mayo-Hegar Straight Carb-bite Serrated Jaws 8in","closed","24","3.0"
"D:\augmented_data_consistent_backgrounds\images\train\Needle_Holder_Mayo-Hegar_Straight_Carb-bite_Serrated_Jaws_8in_closed_24_aug004.jpg","Needle Holder Mayo-Hegar Straight Carb-bite Serrated Jaws 8in","closed","24","4.0"
"D:\augmented_data_consistent_backgrounds\images\train\Needle_Holder_Mayo-Hegar_Straight_Carb-bite_Serrated_Jaws_8in_closed_24_aug005.jpg","Needle Holder Mayo-Hegar Straight Carb-bite Serrated Jaws 8in","closed","24","5.0"
"D:\augmented_data_consistent_backgrounds\images\train\Needle_Holder_Mayo-Hegar_Straight_Carb-bite_Serrated_Jaws_8in_closed_24_aug006.jpg","Needle Holder Mayo-Hegar Straight Carb-bite Serrated Jaws 8in","closed","24","6.0"
"D:\augmented_data_consistent_backgrounds\images\train\Needle_Holder_Mayo-Hegar_Straight_Carb-bite_Serrated_Jaws_8in_closed_24_aug007.jpg","Needle Holder Mayo-Hegar Straight Carb-bite Serrated Jaws 8in","closed","24","7.0"
"D:\augmented_data_consistent_backgrounds\images\train\Needle_Holder_Mayo-Hegar_Straight_Carb-bite_Serrated_Jaws_8in_closed_24_aug008.jpg","Needle Holder Mayo-Hegar Straight Carb-bite Serrated Jaws 8in","closed","24","8.0"
"D:\augmented_data_consistent_backgrounds\images\train\Needle_Holder_Mayo-Hegar_Straight_Carb-bite_Serrated_Jaws_8in_closed_24_aug009.jpg","Needle Holder Mayo-Hegar Straight Carb-bite Serrated Jaws 8in","closed","24","9.0"
"D:\augmented_data_consistent_backgrounds\images\train\Needle_Holder_Mayo-Hegar_Straight_Carb-bite_Serrated_Jaws_8in_closed_24_aug010.jpg","Needle Holder Mayo-Hegar Straight Carb-bite Serrated Jaws 8in","closed","24","10.0"
"D:\augmented_data_consistent_backgrounds\images\train\Needle_Holder_Mayo-Hegar_Straight_Carb-bite_Serrated_Jaws_8in_closed_24_aug011.jpg","Needle Holder Mayo-Hegar Straight Carb-bite Serrated Jaws 8in","closed","24","11.0"
"D:\augmented_data_consistent_backgrounds\images\train\Needle_Holder_Mayo-Hegar_Straight_Carb-bite_Serrated_Jaws_8in_closed_24_aug013.jpg","Needle Holder Mayo-Hegar Straight Carb-bite Serrated Jaws 8in","closed","24","13.0"
"D:\augmented_data_consistent_backgrounds\images\train\Needle_Holder_Mayo-Hegar_Straight_Carb-bite_Serrated_Jaws_8in_closed_24_aug014.jpg","Needle Holder Mayo-Hegar Straight Carb-bite Serrated Jaws 8in","closed","24","14.0"
"D:\augmented_data_consistent_backgrounds\images\train\Needle_Holder_Mayo-Hegar_Straight_Carb-bite_Serrated_Jaws_8in_closed_24_aug016.jpg","Needle Holder Mayo-Hegar Straight Carb-bite Serrated Jaws 8in","closed","24","16.0"
"D:\augmented_data_consistent_backgrounds\images\train\Needle_Holder_Mayo-Hegar_Straight_Carb-bite_Serrated_Jaws_8in_closed_24_aug017.jpg","Needle Holder Mayo-Hegar Straight Carb-bite Serrated Jaws 8in","closed","24","17.0"
"D:\augmented_data_consistent_backgrounds\images\train\Needle_Holder_Mayo-Hegar_Straight_Carb-bite_Serrated_Jaws_8in_closed_25_aug001.jpg","Needle Holder Mayo-Hegar Straight Carb-bite Serrated Jaws 8in","closed","25","1.0"
"D:\augmented_data_consistent_backgrounds\images\train\Needle_Holder_Mayo-Hegar_Straight_Carb-bite_Serrated_Jaws_8in_closed_25_aug002.jpg","Needle Holder Mayo-Hegar Straight Carb-bite Serrated Jaws 8in","closed","25","2.0"
"D:\augmented_data_consistent_backgrounds\images\train\Needle_Holder_Mayo-Hegar_Straight_Carb-bite_Serrated_Jaws_8in_closed_25_aug004.jpg","Needle Holder Mayo-Hegar Straight Carb-bite Serrated Jaws 8in","closed","25","4.0"
"D:\augmented_data_consistent_backgrounds\images\train\Needle_Holder_Mayo-Hegar_Straight_Carb-bite_Serrated_Jaws_8in_closed_25_aug005.jpg","Needle Holder Mayo-Hegar Straight Carb-bite Serrated Jaws 8in","closed","25","5.0"
"D:\augmented_data_consistent_backgrounds\images\train\Needle_Holder_Mayo-Hegar_Straight_Carb-bite_Serrated_Jaws_8in_closed_25_aug006.jpg","Needle Holder Mayo-Hegar Straight Carb-bite Serrated Jaws 8in","closed","25","6.0"
"D:\augmented_data_consistent_backgrounds\images\train\Needle_Holder_Mayo-Hegar_Straight_Carb-bite_Serrated_Jaws_8in_closed_25_aug007.jpg","Needle Holder Mayo-Hegar Straight Carb-bite Serrated Jaws 8in","closed","25","7.0"
"D:\augmented_data_consistent_backgrounds\images\train\Needle_Holder_Mayo-Hegar_Straight_Carb-bite_Serrated_Jaws_8in_closed_25_aug008.jpg","Needle Holder Mayo-Hegar Straight Carb-bite Serrated Jaws 8in","closed","25","8.0"
"D:\augmented_data_consistent_backgrounds\images\train\Needle_Holder_Mayo-Hegar_Straight_Carb-bite_Serrated_Jaws_8in_closed_25_aug009.jpg","Needle Holder Mayo-Hegar Straight Carb-bite Serrated Jaws 8in","closed","25","9.0"
"D:\augmented_data_consistent_backgrounds\images\train\Needle_Holder_Mayo-Hegar_Straight_Carb-bite_Serrated_Jaws_8in_closed_25_aug010.jpg","Needle Holder Mayo-Hegar Straight Carb-bite Serrated Jaws 8in","closed","25","10.0"
"D:\augmented_data_consistent_backgrounds\images\train\Needle_Holder_Mayo-Hegar_Straight_Carb-bite_Serrated_Jaws_8in_closed_25_aug011.jpg","Needle Holder Mayo-Hegar Straight Carb-bite Serrated Jaws 8in","closed","25","11.0"
"D:\augmented_data_consistent_backgrounds\images\train\Needle_Holder_Mayo-Hegar_Straight_Carb-bite_Serrated_Jaws_8in_closed_25_aug012.jpg","Needle Holder Mayo-Hegar Straight Carb-bite Serrated Jaws 8in","closed","25","12.0"
"D:\augmented_data_consistent_backgrounds\images\train\Needle_Holder_Mayo-Hegar_Straight_Carb-bite_Serrated_Jaws_8in_closed_25_aug013.jpg","Needle Holder Mayo-Hegar Straight Carb-bite Serrated Jaws 8in","closed","25","13.0"
"D:\augmented_data_consistent_backgrounds\images\train\Needle_Holder_Mayo-Hegar_Straight_Carb-bite_Serrated_Jaws_8in_closed_25_aug014.jpg","Needle Holder Mayo-Hegar Straight Carb-bite Serrated Jaws 8in","closed","25","14.0"
"D:\augmented_data_consistent_backgrounds\images\train\Needle_Holder_Mayo-Hegar_Straight_Carb-bite_Serrated_Jaws_8in_closed_25_aug016.jpg","Needle Holder Mayo-Hegar Straight Carb-bite Serrated Jaws 8in","closed","25","16.0"
"D:\augmented_data_consistent_backgrounds\images\train\Needle_Holder_Mayo-Hegar_Straight_Carb-bite_Serrated_Jaws_8in_closed_25_aug017.jpg","Needle Holder Mayo-Hegar Straight Carb-bite Serrated Jaws 8in","closed","25","17.0"
"D:\augmented_data_consistent_backgrounds\images\train\Needle_Holder_Mayo-Hegar_Straight_Carb-bite_Serrated_Jaws_8in_closed_25_aug018.jpg","Needle Holder Mayo-Hegar Straight Carb-bite Serrated Jaws 8in","closed","25","18.0"
"D:\augmented_data_consistent_backgrounds\images\train\Needle_Holder_Mayo-Hegar_Straight_Carb-bite_Serrated_Jaws_8in_closed_25_aug019.jpg","Needle Holder Mayo-Hegar Straight Carb-bite Serrated Jaws 8in","closed","25","19.0"
"D:\augmented_data_consistent_backgrounds\images\train\Needle_Holder_Mayo-Hegar_Straight_Carb-bite_Serrated_Jaws_8in_open_01.jpg","Needle Holder Mayo-Hegar Straight Carb-bite Serrated Jaws 8in","open","1",""
"D:\augmented_data_consistent_backgrounds\images\train\Needle_Holder_Mayo-Hegar_Straight_Carb-bite_Serrated_Jaws_8in_open_01_aug000.jpg","Needle Holder Mayo-Hegar Straight Carb-bite Serrated Jaws 8in","open","1","0.0"
"D:\augmented_data_consistent_backgrounds\images\train\Needle_Holder_Mayo-Hegar_Straight_Carb-bite_Serrated_Jaws_8in_open_01_aug001.jpg","Needle Holder Mayo-Hegar Straight Carb-bite Serrated Jaws 8in","open","1","1.0"
"D:\augmented_data_consistent_backgrounds\images\train\Needle_Holder_Mayo-Hegar_Straight_Carb-bite_Serrated_Jaws_8in_open_01_aug005.jpg","Needle Holder Mayo-Hegar Straight Carb-bite Serrated Jaws 8in","open","1","5.0"
"D:\augmented_data_consistent_backgrounds\images\train\Needle_Holder_Mayo-Hegar_Straight_Carb-bite_Serrated_Jaws_8in_open_01_aug007.jpg","Needle Holder Mayo-Hegar Straight Carb-bite Serrated Jaws 8in","open","1","7.0"
"D:\augmented_data_consistent_backgrounds\images\train\Needle_Holder_Mayo-Hegar_Straight_Carb-bite_Serrated_Jaws_8in_open_01_aug009.jpg","Needle Holder Mayo-Hegar Straight Carb-bite Serrated Jaws 8in","open","1","9.0"
"D:\augmented_data_consistent_backgrounds\images\train\Needle_Holder_Mayo-Hegar_Straight_Carb-bite_Serrated_Jaws_8in_open_01_aug010.jpg","Needle Holder Mayo-Hegar Straight Carb-bite Serrated Jaws 8in","open","1","10.0"
"D:\augmented_data_consistent_backgrounds\images\train\Needle_Holder_Mayo-Hegar_Straight_Carb-bite_Serrated_Jaws_8in_open_01_aug012.jpg","Needle Holder Mayo-Hegar Straight Carb-bite Serrated Jaws 8in","open","1","12.0"
"D:\augmented_data_consistent_backgrounds\images\train\Needle_Holder_Mayo-Hegar_Straight_Carb-bite_Serrated_Jaws_8in_open_01_aug015.jpg","Needle Holder Mayo-Hegar Straight Carb-bite Serrated Jaws 8in","open","1","15.0"
"D:\augmented_data_consistent_backgrounds\images\train\Needle_Holder_Mayo-Hegar_Straight_Carb-bite_Serrated_Jaws_8in_open_01_aug016.jpg","Needle Holder Mayo-Hegar Straight Carb-bite Serrated Jaws 8in","open","1","16.0"
"D:\augmented_data_consistent_backgrounds\images\train\Needle_Holder_Mayo-Hegar_Straight_Carb-bite_Serrated_Jaws_8in_open_01_aug017.jpg","Needle Holder Mayo-Hegar Straight Carb-bite Serrated Jaws 8in","open","1","17.0"
"D:\augmented_data_consistent_backgrounds\images\train\Needle_Holder_Mayo-Hegar_Straight_Carb-bite_Serrated_Jaws_8in_open_01_aug019.jpg","Needle Holder Mayo-Hegar Straight Carb-bite Serrated Jaws 8in","open","1","19.0"
"D:\augmented_data_consistent_backgrounds\images\train\Needle_Holder_Mayo-Hegar_Straight_Carb-bite_Serrated_Jaws_8in_open_02.jpg","Needle Holder Mayo-Hegar Straight Carb-bite Serrated Jaws 8in","open","2",""
"D:\augmented_data_consistent_backgrounds\images\train\Needle_Holder_Mayo-Hegar_Straight_Carb-bite_Serrated_Jaws_8in_open_02_aug000.jpg","Needle Holder Mayo-Hegar Straight Carb-bite Serrated Jaws 8in","open","2","0.0"
"D:\augmented_data_consistent_backgrounds\images\train\Needle_Holder_Mayo-Hegar_Straight_Carb-bite_Serrated_Jaws_8in_open_02_aug002.jpg","Needle Holder Mayo-Hegar Straight Carb-bite Serrated Jaws 8in","open","2","2.0"
"D:\augmented_data_consistent_backgrounds\images\train\Needle_Holder_Mayo-Hegar_Straight_Carb-bite_Serrated_Jaws_8in_open_02_aug003.jpg","Needle Holder Mayo-Hegar Straight Carb-bite Serrated Jaws 8in","open","2","3.0"
"D:\augmented_data_consistent_backgrounds\images\train\Needle_Holder_Mayo-Hegar_Straight_Carb-bite_Serrated_Jaws_8in_open_02_aug004.jpg","Needle Holder Mayo-Hegar Straight Carb-bite Serrated Jaws 8in","open","2","4.0"
"D:\augmented_data_consistent_backgrounds\images\train\Needle_Holder_Mayo-Hegar_Straight_Carb-bite_Serrated_Jaws_8in_open_02_aug008.jpg","Needle Holder Mayo-Hegar Straight Carb-bite Serrated Jaws 8in","open","2","8.0"
"D:\augmented_data_consistent_backgrounds\images\train\Needle_Holder_Mayo-Hegar_Straight_Carb-bite_Serrated_Jaws_8in_open_02_aug009.jpg","Needle Holder Mayo-Hegar Straight Carb-bite Serrated Jaws 8in","open","2","9.0"
"D:\augmented_data_consistent_backgrounds\images\train\Needle_Holder_Mayo-Hegar_Straight_Carb-bite_Serrated_Jaws_8in_open_02_aug010.jpg","Needle Holder Mayo-Hegar Straight Carb-bite Serrated Jaws 8in","open","2","10.0"
"D:\augmented_data_consistent_backgrounds\images\train\Needle_Holder_Mayo-Hegar_Straight_Carb-bite_Serrated_Jaws_8in_open_02_aug011.jpg","Needle Holder Mayo-Hegar Straight Carb-bite Serrated Jaws 8in","open","2","11.0"
"D:\augmented_data_consistent_backgrounds\images\train\Needle_Holder_Mayo-Hegar_Straight_Carb-bite_Serrated_Jaws_8in_open_02_aug012.jpg","Needle Holder Mayo-Hegar Straight Carb-bite Serrated Jaws 8in","open","2","12.0"
"D:\augmented_data_consistent_backgrounds\images\train\Needle_Holder_Mayo-Hegar_Straight_Carb-bite_Serrated_Jaws_8in_open_02_aug015.jpg","Needle Holder Mayo-Hegar Straight Carb-bite Serrated Jaws 8in","open","2","15.0"
"D:\augmented_data_consistent_backgrounds\images\train\Needle_Holder_Mayo-Hegar_Straight_Carb-bite_Serrated_Jaws_8in_open_02_aug016.jpg","Needle Holder Mayo-Hegar Straight Carb-bite Serrated Jaws 8in","open","2","16.0"
"D:\augmented_data_consistent_backgrounds\images\train\Needle_Holder_Mayo-Hegar_Straight_Carb-bite_Serrated_Jaws_8in_open_02_aug017.jpg","Needle Holder Mayo-Hegar Straight Carb-bite Serrated Jaws 8in","open","2","17.0"
"D:\augmented_data_consistent_backgrounds\images\train\Needle_Holder_Mayo-Hegar_Straight_Carb-bite_Serrated_Jaws_8in_open_02_aug018.jpg","Needle Holder Mayo-Hegar Straight Carb-bite Serrated Jaws 8in","open","2","18.0"
"D:\augmented_data_consistent_backgrounds\images\train\Needle_Holder_Mayo-Hegar_Straight_Carb-bite_Serrated_Jaws_8in_open_02_aug019.jpg","Needle Holder Mayo-Hegar Straight Carb-bite Serrated Jaws 8in","open","2","19.0"
"D:\augmented_data_consistent_backgrounds\images\train\Needle_Holder_Mayo-Hegar_Straight_Carb-bite_Serrated_Jaws_8in_open_03.jpg","Needle Holder Mayo-Hegar Straight Carb-bite Serrated Jaws 8in","open","3",""
"D:\augmented_data_consistent_backgrounds\images\train\Needle_Holder_Mayo-Hegar_Straight_Carb-bite_Serrated_Jaws_8in_open_03_aug002.jpg","Needle Holder Mayo-Hegar Straight Carb-bite Serrated Jaws 8in","open","3","2.0"
"D:\augmented_data_consistent_backgrounds\images\train\Needle_Holder_Mayo-Hegar_Straight_Carb-bite_Serrated_Jaws_8in_open_03_aug003.jpg","Needle Holder Mayo-Hegar Straight Carb-bite Serrated Jaws 8in","open","3","3.0"
"D:\augmented_data_consistent_backgrounds\images\train\Needle_Holder_Mayo-Hegar_Straight_Carb-bite_Serrated_Jaws_8in_open_03_aug004.jpg","Needle Holder Mayo-Hegar Straight Carb-bite Serrated Jaws 8in","open","3","4.0"
"D:\augmented_data_consistent_backgrounds\images\train\Needle_Holder_Mayo-Hegar_Straight_Carb-bite_Serrated_Jaws_8in_open_03_aug005.jpg","Needle Holder Mayo-Hegar Straight Carb-bite Serrated Jaws 8in","open","3","5.0"
"D:\augmented_data_consistent_backgrounds\images\train\Needle_Holder_Mayo-Hegar_Straight_Carb-bite_Serrated_Jaws_8in_open_03_aug006.jpg","Needle Holder Mayo-Hegar Straight Carb-bite Serrated Jaws 8in","open","3","6.0"
"D:\augmented_data_consistent_backgrounds\images\train\Needle_Holder_Mayo-Hegar_Straight_Carb-bite_Serrated_Jaws_8in_open_03_aug007.jpg","Needle Holder Mayo-Hegar Straight Carb-bite Serrated Jaws 8in","open","3","7.0"
"D:\augmented_data_consistent_backgrounds\images\train\Needle_Holder_Mayo-Hegar_Straight_Carb-bite_Serrated_Jaws_8in_open_03_aug008.jpg","Needle Holder Mayo-Hegar Straight Carb-bite Serrated Jaws 8in","open","3","8.0"
"D:\augmented_data_consistent_backgrounds\images\train\Needle_Holder_Mayo-Hegar_Straight_Carb-bite_Serrated_Jaws_8in_open_03_aug009.jpg","Needle Holder Mayo-Hegar Straight Carb-bite Serrated Jaws 8in","open","3","9.0"
"D:\augmented_data_consistent_backgrounds\images\train\Needle_Holder_Mayo-Hegar_Straight_Carb-bite_Serrated_Jaws_8in_open_03_aug011.jpg","Needle Holder Mayo-Hegar Straight Carb-bite Serrated Jaws 8in","open","3","11.0"
"D:\augmented_data_consistent_backgrounds\images\train\Needle_Holder_Mayo-Hegar_Straight_Carb-bite_Serrated_Jaws_8in_open_03_aug012.jpg","Needle Holder Mayo-Hegar Straight Carb-bite Serrated Jaws 8in","open","3","12.0"
"D:\augmented_data_consistent_backgrounds\images\train\Needle_Holder_Mayo-Hegar_Straight_Carb-bite_Serrated_Jaws_8in_open_03_aug013.jpg","Needle Holder Mayo-Hegar Straight Carb-bite Serrated Jaws 8in","open","3","13.0"
"D:\augmented_data_consistent_backgrounds\images\train\Needle_Holder_Mayo-Hegar_Straight_Carb-bite_Serrated_Jaws_8in_open_03_aug014.jpg","Needle Holder Mayo-Hegar Straight Carb-bite Serrated Jaws 8in","open","3","14.0"
"D:\augmented_data_consistent_backgrounds\images\train\Needle_Holder_Mayo-Hegar_Straight_Carb-bite_Serrated_Jaws_8in_open_03_aug015.jpg","Needle Holder Mayo-Hegar Straight Carb-bite Serrated Jaws 8in","open","3","15.0"
"D:\augmented_data_consistent_backgrounds\images\train\Needle_Holder_Mayo-Hegar_Straight_Carb-bite_Serrated_Jaws_8in_open_03_aug016.jpg","Needle Holder Mayo-Hegar Straight Carb-bite Serrated Jaws 8in","open","3","16.0"
"D:\augmented_data_consistent_backgrounds\images\train\Needle_Holder_Mayo-Hegar_Straight_Carb-bite_Serrated_Jaws_8in_open_03_aug017.jpg","Needle Holder Mayo-Hegar Straight Carb-bite Serrated Jaws 8in","open","3","17.0"
"D:\augmented_data_consistent_backgrounds\images\train\Needle_Holder_Mayo-Hegar_Straight_Carb-bite_Serrated_Jaws_8in_open_03_aug018.jpg","Needle Holder Mayo-Hegar Straight Carb-bite Serrated Jaws 8in","open","3","18.0"
"D:\augmented_data_consistent_backgrounds\images\train\Needle_Holder_Mayo-Hegar_Straight_Carb-bite_Serrated_Jaws_8in_open_03_aug019.jpg","Needle Holder Mayo-Hegar Straight Carb-bite Serrated Jaws 8in","open","3","19.0"
"D:\augmented_data_consistent_backgrounds\images\train\Needle_Holder_Mayo-Hegar_Straight_Carb-bite_Serrated_Jaws_8in_open_04_aug000.jpg","Needle Holder Mayo-Hegar Straight Carb-bite Serrated Jaws 8in","open","4","0.0"
"D:\augmented_data_consistent_backgrounds\images\train\Needle_Holder_Mayo-Hegar_Straight_Carb-bite_Serrated_Jaws_8in_open_04_aug001.jpg","Needle Holder Mayo-Hegar Straight Carb-bite Serrated Jaws 8in","open","4","1.0"
"D:\augmented_data_consistent_backgrounds\images\train\Needle_Holder_Mayo-Hegar_Straight_Carb-bite_Serrated_Jaws_8in_open_04_aug002.jpg","Needle Holder Mayo-Hegar Straight Carb-bite Serrated Jaws 8in","open","4","2.0"
"D:\augmented_data_consistent_backgrounds\images\train\Needle_Holder_Mayo-Hegar_Straight_Carb-bite_Serrated_Jaws_8in_open_04_aug003.jpg","Needle Holder Mayo-Hegar Straight Carb-bite Serrated Jaws 8in","open","4","3.0"
"D:\augmented_data_consistent_backgrounds\images\train\Needle_Holder_Mayo-Hegar_Straight_Carb-bite_Serrated_Jaws_8in_open_04_aug005.jpg","Needle Holder Mayo-Hegar Straight Carb-bite Serrated Jaws 8in","open","4","5.0"
"D:\augmented_data_consistent_backgrounds\images\train\Needle_Holder_Mayo-Hegar_Straight_Carb-bite_Serrated_Jaws_8in_open_04_aug007.jpg","Needle Holder Mayo-Hegar Straight Carb-bite Serrated Jaws 8in","open","4","7.0"
"D:\augmented_data_consistent_backgrounds\images\train\Needle_Holder_Mayo-Hegar_Straight_Carb-bite_Serrated_Jaws_8in_open_04_aug008.jpg","Needle Holder Mayo-Hegar Straight Carb-bite Serrated Jaws 8in","open","4","8.0"
"D:\augmented_data_consistent_backgrounds\images\train\Needle_Holder_Mayo-Hegar_Straight_Carb-bite_Serrated_Jaws_8in_open_04_aug011.jpg","Needle Holder Mayo-Hegar Straight Carb-bite Serrated Jaws 8in","open","4","11.0"
"D:\augmented_data_consistent_backgrounds\images\train\Needle_Holder_Mayo-Hegar_Straight_Carb-bite_Serrated_Jaws_8in_open_04_aug012.jpg","Needle Holder Mayo-Hegar Straight Carb-bite Serrated Jaws 8in","open","4","12.0"
"D:\augmented_data_consistent_backgrounds\images\train\Needle_Holder_Mayo-Hegar_Straight_Carb-bite_Serrated_Jaws_8in_open_04_aug014.jpg","Needle Holder Mayo-Hegar Straight Carb-bite Serrated Jaws 8in","open","4","14.0"
"D:\augmented_data_consistent_backgrounds\images\train\Needle_Holder_Mayo-Hegar_Straight_Carb-bite_Serrated_Jaws_8in_open_04_aug015.jpg","Needle Holder Mayo-Hegar Straight Carb-bite Serrated Jaws 8in","open","4","15.0"
"D:\augmented_data_consistent_backgrounds\images\train\Needle_Holder_Mayo-Hegar_Straight_Carb-bite_Serrated_Jaws_8in_open_04_aug016.jpg","Needle Holder Mayo-Hegar Straight Carb-bite Serrated Jaws 8in","open","4","16.0"
"D:\augmented_data_consistent_backgrounds\images\train\Needle_Holder_Mayo-Hegar_Straight_Carb-bite_Serrated_Jaws_8in_open_04_aug017.jpg","Needle Holder Mayo-Hegar Straight Carb-bite Serrated Jaws 8in","open","4","17.0"
"D:\augmented_data_consistent_backgrounds\images\train\Needle_Holder_Mayo-Hegar_Straight_Carb-bite_Serrated_Jaws_8in_open_04_aug018.jpg","Needle Holder Mayo-Hegar Straight Carb-bite Serrated Jaws 8in","open","4","18.0"
"D:\augmented_data_consistent_backgrounds\images\train\Needle_Holder_Mayo-Hegar_Straight_Carb-bite_Serrated_Jaws_8in_open_04_aug019.jpg","Needle Holder Mayo-Hegar Straight Carb-bite Serrated Jaws 8in","open","4","19.0"
"D:\augmented_data_consistent_backgrounds\images\train\Needle_Holder_Mayo-Hegar_Straight_Carb-bite_Serrated_Jaws_8in_open_05_aug000.jpg","Needle Holder Mayo-Hegar Straight Carb-bite Serrated Jaws 8in","open","5","0.0"
"D:\augmented_data_consistent_backgrounds\images\train\Needle_Holder_Mayo-Hegar_Straight_Carb-bite_Serrated_Jaws_8in_open_05_aug001.jpg","Needle Holder Mayo-Hegar Straight Carb-bite Serrated Jaws 8in","open","5","1.0"
"D:\augmented_data_consistent_backgrounds\images\train\Needle_Holder_Mayo-Hegar_Straight_Carb-bite_Serrated_Jaws_8in_open_05_aug002.jpg","Needle Holder Mayo-Hegar Straight Carb-bite Serrated Jaws 8in","open","5","2.0"
"D:\augmented_data_consistent_backgrounds\images\train\Needle_Holder_Mayo-Hegar_Straight_Carb-bite_Serrated_Jaws_8in_open_05_aug004.jpg","Needle Holder Mayo-Hegar Straight Carb-bite Serrated Jaws 8in","open","5","4.0"
"D:\augmented_data_consistent_backgrounds\images\train\Needle_Holder_Mayo-Hegar_Straight_Carb-bite_Serrated_Jaws_8in_open_05_aug006.jpg","Needle Holder Mayo-Hegar Straight Carb-bite Serrated Jaws 8in","open","5","6.0"
"D:\augmented_data_consistent_backgrounds\images\train\Needle_Holder_Mayo-Hegar_Straight_Carb-bite_Serrated_Jaws_8in_open_05_aug007.jpg","Needle Holder Mayo-Hegar Straight Carb-bite Serrated Jaws 8in","open","5","7.0"
"D:\augmented_data_consistent_backgrounds\images\train\Needle_Holder_Mayo-Hegar_Straight_Carb-bite_Serrated_Jaws_8in_open_05_aug008.jpg","Needle Holder Mayo-Hegar Straight Carb-bite Serrated Jaws 8in","open","5","8.0"
"D:\augmented_data_consistent_backgrounds\images\train\Needle_Holder_Mayo-Hegar_Straight_Carb-bite_Serrated_Jaws_8in_open_05_aug009.jpg","Needle Holder Mayo-Hegar Straight Carb-bite Serrated Jaws 8in","open","5","9.0"
"D:\augmented_data_consistent_backgrounds\images\train\Needle_Holder_Mayo-Hegar_Straight_Carb-bite_Serrated_Jaws_8in_open_05_aug010.jpg","Needle Holder Mayo-Hegar Straight Carb-bite Serrated Jaws 8in","open","5","10.0"
"D:\augmented_data_consistent_backgrounds\images\train\Needle_Holder_Mayo-Hegar_Straight_Carb-bite_Serrated_Jaws_8in_open_05_aug011.jpg","Needle Holder Mayo-Hegar Straight Carb-bite Serrated Jaws 8in","open","5","11.0"
"D:\augmented_data_consistent_backgrounds\images\train\Needle_Holder_Mayo-Hegar_Straight_Carb-bite_Serrated_Jaws_8in_open_05_aug012.jpg","Needle Holder Mayo-Hegar Straight Carb-bite Serrated Jaws 8in","open","5","12.0"
"D:\augmented_data_consistent_backgrounds\images\train\Needle_Holder_Mayo-Hegar_Straight_Carb-bite_Serrated_Jaws_8in_open_05_aug013.jpg","Needle Holder Mayo-Hegar Straight Carb-bite Serrated Jaws 8in","open","5","13.0"
"D:\augmented_data_consistent_backgrounds\images\train\Needle_Holder_Mayo-Hegar_Straight_Carb-bite_Serrated_Jaws_8in_open_05_aug014.jpg","Needle Holder Mayo-Hegar Straight Carb-bite Serrated Jaws 8in","open","5","14.0"
"D:\augmented_data_consistent_backgrounds\images\train\Needle_Holder_Mayo-Hegar_Straight_Carb-bite_Serrated_Jaws_8in_open_05_aug015.jpg","Needle Holder Mayo-Hegar Straight Carb-bite Serrated Jaws 8in","open","5","15.0"
"D:\augmented_data_consistent_backgrounds\images\train\Needle_Holder_Mayo-Hegar_Straight_Carb-bite_Serrated_Jaws_8in_open_05_aug016.jpg","Needle Holder Mayo-Hegar Straight Carb-bite Serrated Jaws 8in","open","5","16.0"
"D:\augmented_data_consistent_backgrounds\images\train\Needle_Holder_Mayo-Hegar_Straight_Carb-bite_Serrated_Jaws_8in_open_05_aug017.jpg","Needle Holder Mayo-Hegar Straight Carb-bite Serrated Jaws 8in","open","5","17.0"
"D:\augmented_data_consistent_backgrounds\images\train\Needle_Holder_Mayo-Hegar_Straight_Carb-bite_Serrated_Jaws_8in_open_05_aug019.jpg","Needle Holder Mayo-Hegar Straight Carb-bite Serrated Jaws 8in","open","5","19.0"
"D:\augmented_data_consistent_backgrounds\images\train\Needle_Holder_Mayo-Hegar_Straight_Carb-bite_Serrated_Jaws_8in_open_06.jpg","Needle Holder Mayo-Hegar Straight Carb-bite Serrated Jaws 8in","open","6",""
"D:\augmented_data_consistent_backgrounds\images\train\Needle_Holder_Mayo-Hegar_Straight_Carb-bite_Serrated_Jaws_8in_open_06_aug000.jpg","Needle Holder Mayo-Hegar Straight Carb-bite Serrated Jaws 8in","open","6","0.0"
"D:\augmented_data_consistent_backgrounds\images\train\Needle_Holder_Mayo-Hegar_Straight_Carb-bite_Serrated_Jaws_8in_open_06_aug001.jpg","Needle Holder Mayo-Hegar Straight Carb-bite Serrated Jaws 8in","open","6","1.0"
"D:\augmented_data_consistent_backgrounds\images\train\Needle_Holder_Mayo-Hegar_Straight_Carb-bite_Serrated_Jaws_8in_open_06_aug002.jpg","Needle Holder Mayo-Hegar Straight Carb-bite Serrated Jaws 8in","open","6","2.0"
"D:\augmented_data_consistent_backgrounds\images\train\Needle_Holder_Mayo-Hegar_Straight_Carb-bite_Serrated_Jaws_8in_open_06_aug003.jpg","Needle Holder Mayo-Hegar Straight Carb-bite Serrated Jaws 8in","open","6","3.0"
"D:\augmented_data_consistent_backgrounds\images\train\Needle_Holder_Mayo-Hegar_Straight_Carb-bite_Serrated_Jaws_8in_open_06_aug004.jpg","Needle Holder Mayo-Hegar Straight Carb-bite Serrated Jaws 8in","open","6","4.0"
"D:\augmented_data_consistent_backgrounds\images\train\Needle_Holder_Mayo-Hegar_Straight_Carb-bite_Serrated_Jaws_8in_open_06_aug005.jpg","Needle Holder Mayo-Hegar Straight Carb-bite Serrated Jaws 8in","open","6","5.0"
"D:\augmented_data_consistent_backgrounds\images\train\Needle_Holder_Mayo-Hegar_Straight_Carb-bite_Serrated_Jaws_8in_open_06_aug007.jpg","Needle Holder Mayo-Hegar Straight Carb-bite Serrated Jaws 8in","open","6","7.0"
"D:\augmented_data_consistent_backgrounds\images\train\Needle_Holder_Mayo-Hegar_Straight_Carb-bite_Serrated_Jaws_8in_open_06_aug008.jpg","Needle Holder Mayo-Hegar Straight Carb-bite Serrated Jaws 8in","open","6","8.0"
"D:\augmented_data_consistent_backgrounds\images\train\Needle_Holder_Mayo-Hegar_Straight_Carb-bite_Serrated_Jaws_8in_open_06_aug009.jpg","Needle Holder Mayo-Hegar Straight Carb-bite Serrated Jaws 8in","open","6","9.0"
"D:\augmented_data_consistent_backgrounds\images\train\Needle_Holder_Mayo-Hegar_Straight_Carb-bite_Serrated_Jaws_8in_open_06_aug010.jpg","Needle Holder Mayo-Hegar Straight Carb-bite Serrated Jaws 8in","open","6","10.0"
"D:\augmented_data_consistent_backgrounds\images\train\Needle_Holder_Mayo-Hegar_Straight_Carb-bite_Serrated_Jaws_8in_open_06_aug011.jpg","Needle Holder Mayo-Hegar Straight Carb-bite Serrated Jaws 8in","open","6","11.0"
"D:\augmented_data_consistent_backgrounds\images\train\Needle_Holder_Mayo-Hegar_Straight_Carb-bite_Serrated_Jaws_8in_open_06_aug012.jpg","Needle Holder Mayo-Hegar Straight Carb-bite Serrated Jaws 8in","open","6","12.0"
"D:\augmented_data_consistent_backgrounds\images\train\Needle_Holder_Mayo-Hegar_Straight_Carb-bite_Serrated_Jaws_8in_open_06_aug013.jpg","Needle Holder Mayo-Hegar Straight Carb-bite Serrated Jaws 8in","open","6","13.0"
"D:\augmented_data_consistent_backgrounds\images\train\Needle_Holder_Mayo-Hegar_Straight_Carb-bite_Serrated_Jaws_8in_open_06_aug015.jpg","Needle Holder Mayo-Hegar Straight Carb-bite Serrated Jaws 8in","open","6","15.0"
"D:\augmented_data_consistent_backgrounds\images\train\Needle_Holder_Mayo-Hegar_Straight_Carb-bite_Serrated_Jaws_8in_open_06_aug016.jpg","Needle Holder Mayo-Hegar Straight Carb-bite Serrated Jaws 8in","open","6","16.0"
"D:\augmented_data_consistent_backgrounds\images\train\Needle_Holder_Mayo-Hegar_Straight_Carb-bite_Serrated_Jaws_8in_open_06_aug017.jpg","Needle Holder Mayo-Hegar Straight Carb-bite Serrated Jaws 8in","open","6","17.0"
"D:\augmented_data_consistent_backgrounds\images\train\Needle_Holder_Mayo-Hegar_Straight_Carb-bite_Serrated_Jaws_8in_open_06_aug018.jpg","Needle Holder Mayo-Hegar Straight Carb-bite Serrated Jaws 8in","open","6","18.0"
"D:\augmented_data_consistent_backgrounds\images\train\Needle_Holder_Mayo-Hegar_Straight_Carb-bite_Serrated_Jaws_8in_open_06_aug019.jpg","Needle Holder Mayo-Hegar Straight Carb-bite Serrated Jaws 8in","open","6","19.0"
"D:\augmented_data_consistent_backgrounds\images\train\Needle_Holder_Mayo-Hegar_Straight_Carb-bite_Serrated_Jaws_8in_open_07.jpg","Needle Holder Mayo-Hegar Straight Carb-bite Serrated Jaws 8in","open","7",""
"D:\augmented_data_consistent_backgrounds\images\train\Needle_Holder_Mayo-Hegar_Straight_Carb-bite_Serrated_Jaws_8in_open_07_aug000.jpg","Needle Holder Mayo-Hegar Straight Carb-bite Serrated Jaws 8in","open","7","0.0"
"D:\augmented_data_consistent_backgrounds\images\train\Needle_Holder_Mayo-Hegar_Straight_Carb-bite_Serrated_Jaws_8in_open_07_aug001.jpg","Needle Holder Mayo-Hegar Straight Carb-bite Serrated Jaws 8in","open","7","1.0"
"D:\augmented_data_consistent_backgrounds\images\train\Needle_Holder_Mayo-Hegar_Straight_Carb-bite_Serrated_Jaws_8in_open_07_aug002.jpg","Needle Holder Mayo-Hegar Straight Carb-bite Serrated Jaws 8in","open","7","2.0"
"D:\augmented_data_consistent_backgrounds\images\train\Needle_Holder_Mayo-Hegar_Straight_Carb-bite_Serrated_Jaws_8in_open_07_aug003.jpg","Needle Holder Mayo-Hegar Straight Carb-bite Serrated Jaws 8in","open","7","3.0"
"D:\augmented_data_consistent_backgrounds\images\train\Needle_Holder_Mayo-Hegar_Straight_Carb-bite_Serrated_Jaws_8in_open_07_aug004.jpg","Needle Holder Mayo-Hegar Straight Carb-bite Serrated Jaws 8in","open","7","4.0"
"D:\augmented_data_consistent_backgrounds\images\train\Needle_Holder_Mayo-Hegar_Straight_Carb-bite_Serrated_Jaws_8in_open_07_aug005.jpg","Needle Holder Mayo-Hegar Straight Carb-bite Serrated Jaws 8in","open","7","5.0"
"D:\augmented_data_consistent_backgrounds\images\train\Needle_Holder_Mayo-Hegar_Straight_Carb-bite_Serrated_Jaws_8in_open_07_aug006.jpg","Needle Holder Mayo-Hegar Straight Carb-bite Serrated Jaws 8in","open","7","6.0"
"D:\augmented_data_consistent_backgrounds\images\train\Needle_Holder_Mayo-Hegar_Straight_Carb-bite_Serrated_Jaws_8in_open_07_aug007.jpg","Needle Holder Mayo-Hegar Straight Carb-bite Serrated Jaws 8in","open","7","7.0"
"D:\augmented_data_consistent_backgrounds\images\train\Needle_Holder_Mayo-Hegar_Straight_Carb-bite_Serrated_Jaws_8in_open_07_aug009.jpg","Needle Holder Mayo-Hegar Straight Carb-bite Serrated Jaws 8in","open","7","9.0"
"D:\augmented_data_consistent_backgrounds\images\train\Needle_Holder_Mayo-Hegar_Straight_Carb-bite_Serrated_Jaws_8in_open_07_aug011.jpg","Needle Holder Mayo-Hegar Straight Carb-bite Serrated Jaws 8in","open","7","11.0"
"D:\augmented_data_consistent_backgrounds\images\train\Needle_Holder_Mayo-Hegar_Straight_Carb-bite_Serrated_Jaws_8in_open_07_aug012.jpg","Needle Holder Mayo-Hegar Straight Carb-bite Serrated Jaws 8in","open","7","12.0"
"D:\augmented_data_consistent_backgrounds\images\train\Needle_Holder_Mayo-Hegar_Straight_Carb-bite_Serrated_Jaws_8in_open_07_aug013.jpg","Needle Holder Mayo-Hegar Straight Carb-bite Serrated Jaws 8in","open","7","13.0"
"D:\augmented_data_consistent_backgrounds\images\train\Needle_Holder_Mayo-Hegar_Straight_Carb-bite_Serrated_Jaws_8in_open_07_aug014.jpg","Needle Holder Mayo-Hegar Straight Carb-bite Serrated Jaws 8in","open","7","14.0"
"D:\augmented_data_consistent_backgrounds\images\train\Needle_Holder_Mayo-Hegar_Straight_Carb-bite_Serrated_Jaws_8in_open_07_aug017.jpg","Needle Holder Mayo-Hegar Straight Carb-bite Serrated Jaws 8in","open","7","17.0"
"D:\augmented_data_consistent_backgrounds\images\train\Needle_Holder_Mayo-Hegar_Straight_Carb-bite_Serrated_Jaws_8in_open_07_aug018.jpg","Needle Holder Mayo-Hegar Straight Carb-bite Serrated Jaws 8in","open","7","18.0"
"D:\augmented_data_consistent_backgrounds\images\train\Needle_Holder_Mayo-Hegar_Straight_Carb-bite_Serrated_Jaws_8in_open_07_aug019.jpg","Needle Holder Mayo-Hegar Straight Carb-bite Serrated Jaws 8in","open","7","19.0"
"D:\augmented_data_consistent_backgrounds\images\train\Needle_Holder_Mayo-Hegar_Straight_Carb-bite_Serrated_Jaws_8in_open_08.jpg","Needle Holder Mayo-Hegar Straight Carb-bite Serrated Jaws 8in","open","8",""
"D:\augmented_data_consistent_backgrounds\images\train\Needle_Holder_Mayo-Hegar_Straight_Carb-bite_Serrated_Jaws_8in_open_08_aug001.jpg","Needle Holder Mayo-Hegar Straight Carb-bite Serrated Jaws 8in","open","8","1.0"
"D:\augmented_data_consistent_backgrounds\images\train\Needle_Holder_Mayo-Hegar_Straight_Carb-bite_Serrated_Jaws_8in_open_08_aug002.jpg","Needle Holder Mayo-Hegar Straight Carb-bite Serrated Jaws 8in","open","8","2.0"
"D:\augmented_data_consistent_backgrounds\images\train\Needle_Holder_Mayo-Hegar_Straight_Carb-bite_Serrated_Jaws_8in_open_08_aug003.jpg","Needle Holder Mayo-Hegar Straight Carb-bite Serrated Jaws 8in","open","8","3.0"
"D:\augmented_data_consistent_backgrounds\images\train\Needle_Holder_Mayo-Hegar_Straight_Carb-bite_Serrated_Jaws_8in_open_08_aug004.jpg","Needle Holder Mayo-Hegar Straight Carb-bite Serrated Jaws 8in","open","8","4.0"
"D:\augmented_data_consistent_backgrounds\images\train\Needle_Holder_Mayo-Hegar_Straight_Carb-bite_Serrated_Jaws_8in_open_08_aug005.jpg","Needle Holder Mayo-Hegar Straight Carb-bite Serrated Jaws 8in","open","8","5.0"
"D:\augmented_data_consistent_backgrounds\images\train\Needle_Holder_Mayo-Hegar_Straight_Carb-bite_Serrated_Jaws_8in_open_08_aug006.jpg","Needle Holder Mayo-Hegar Straight Carb-bite Serrated Jaws 8in","open","8","6.0"
"D:\augmented_data_consistent_backgrounds\images\train\Needle_Holder_Mayo-Hegar_Straight_Carb-bite_Serrated_Jaws_8in_open_08_aug007.jpg","Needle Holder Mayo-Hegar Straight Carb-bite Serrated Jaws 8in","open","8","7.0"
"D:\augmented_data_consistent_backgrounds\images\train\Needle_Holder_Mayo-Hegar_Straight_Carb-bite_Serrated_Jaws_8in_open_08_aug008.jpg","Needle Holder Mayo-Hegar Straight Carb-bite Serrated Jaws 8in","open","8","8.0"
"D:\augmented_data_consistent_backgrounds\images\train\Needle_Holder_Mayo-Hegar_Straight_Carb-bite_Serrated_Jaws_8in_open_08_aug009.jpg","Needle Holder Mayo-Hegar Straight Carb-bite Serrated Jaws 8in","open","8","9.0"
"D:\augmented_data_consistent_backgrounds\images\train\Needle_Holder_Mayo-Hegar_Straight_Carb-bite_Serrated_Jaws_8in_open_08_aug010.jpg","Needle Holder Mayo-Hegar Straight Carb-bite Serrated Jaws 8in","open","8","10.0"
"D:\augmented_data_consistent_backgrounds\images\train\Needle_Holder_Mayo-Hegar_Straight_Carb-bite_Serrated_Jaws_8in_open_08_aug012.jpg","Needle Holder Mayo-Hegar Straight Carb-bite Serrated Jaws 8in","open","8","12.0"
"D:\augmented_data_consistent_backgrounds\images\train\Needle_Holder_Mayo-Hegar_Straight_Carb-bite_Serrated_Jaws_8in_open_08_aug013.jpg","Needle Holder Mayo-Hegar Straight Carb-bite Serrated Jaws 8in","open","8","13.0"
"D:\augmented_data_consistent_backgrounds\images\train\Needle_Holder_Mayo-Hegar_Straight_Carb-bite_Serrated_Jaws_8in_open_08_aug014.jpg","Needle Holder Mayo-Hegar Straight Carb-bite Serrated Jaws 8in","open","8","14.0"
"D:\augmented_data_consistent_backgrounds\images\train\Needle_Holder_Mayo-Hegar_Straight_Carb-bite_Serrated_Jaws_8in_open_08_aug015.jpg","Needle Holder Mayo-Hegar Straight Carb-bite Serrated Jaws 8in","open","8","15.0"
"D:\augmented_data_consistent_backgrounds\images\train\Needle_Holder_Mayo-Hegar_Straight_Carb-bite_Serrated_Jaws_8in_open_08_aug016.jpg","Needle Holder Mayo-Hegar Straight Carb-bite Serrated Jaws 8in","open","8","16.0"
"D:\augmented_data_consistent_backgrounds\images\train\Needle_Holder_Mayo-Hegar_Straight_Carb-bite_Serrated_Jaws_8in_open_08_aug017.jpg","Needle Holder Mayo-Hegar Straight Carb-bite Serrated Jaws 8in","open","8","17.0"
"D:\augmented_data_consistent_backgrounds\images\train\Needle_Holder_Mayo-Hegar_Straight_Carb-bite_Serrated_Jaws_8in_open_08_aug019.jpg","Needle Holder Mayo-Hegar Straight Carb-bite Serrated Jaws 8in","open","8","19.0"
"D:\augmented_data_consistent_backgrounds\images\train\Needle_Holder_Mayo-Hegar_Straight_Carb-bite_Serrated_Jaws_8in_open_09.jpg","Needle Holder Mayo-Hegar Straight Carb-bite Serrated Jaws 8in","open","9",""
"D:\augmented_data_consistent_backgrounds\images\train\Needle_Holder_Mayo-Hegar_Straight_Carb-bite_Serrated_Jaws_8in_open_09_aug000.jpg","Needle Holder Mayo-Hegar Straight Carb-bite Serrated Jaws 8in","open","9","0.0"
"D:\augmented_data_consistent_backgrounds\images\train\Needle_Holder_Mayo-Hegar_Straight_Carb-bite_Serrated_Jaws_8in_open_09_aug001.jpg","Needle Holder Mayo-Hegar Straight Carb-bite Serrated Jaws 8in","open","9","1.0"
"D:\augmented_data_consistent_backgrounds\images\train\Needle_Holder_Mayo-Hegar_Straight_Carb-bite_Serrated_Jaws_8in_open_09_aug002.jpg","Needle Holder Mayo-Hegar Straight Carb-bite Serrated Jaws 8in","open","9","2.0"
"D:\augmented_data_consistent_backgrounds\images\train\Needle_Holder_Mayo-Hegar_Straight_Carb-bite_Serrated_Jaws_8in_open_09_aug003.jpg","Needle Holder Mayo-Hegar Straight Carb-bite Serrated Jaws 8in","open","9","3.0"
"D:\augmented_data_consistent_backgrounds\images\train\Needle_Holder_Mayo-Hegar_Straight_Carb-bite_Serrated_Jaws_8in_open_09_aug004.jpg","Needle Holder Mayo-Hegar Straight Carb-bite Serrated Jaws 8in","open","9","4.0"
"D:\augmented_data_consistent_backgrounds\images\train\Needle_Holder_Mayo-Hegar_Straight_Carb-bite_Serrated_Jaws_8in_open_09_aug005.jpg","Needle Holder Mayo-Hegar Straight Carb-bite Serrated Jaws 8in","open","9","5.0"
"D:\augmented_data_consistent_backgrounds\images\train\Needle_Holder_Mayo-Hegar_Straight_Carb-bite_Serrated_Jaws_8in_open_09_aug006.jpg","Needle Holder Mayo-Hegar Straight Carb-bite Serrated Jaws 8in","open","9","6.0"
"D:\augmented_data_consistent_backgrounds\images\train\Needle_Holder_Mayo-Hegar_Straight_Carb-bite_Serrated_Jaws_8in_open_09_aug007.jpg","Needle Holder Mayo-Hegar Straight Carb-bite Serrated Jaws 8in","open","9","7.0"
"D:\augmented_data_consistent_backgrounds\images\train\Needle_Holder_Mayo-Hegar_Straight_Carb-bite_Serrated_Jaws_8in_open_09_aug009.jpg","Needle Holder Mayo-Hegar Straight Carb-bite Serrated Jaws 8in","open","9","9.0"
"D:\augmented_data_consistent_backgrounds\images\train\Needle_Holder_Mayo-Hegar_Straight_Carb-bite_Serrated_Jaws_8in_open_09_aug010.jpg","Needle Holder Mayo-Hegar Straight Carb-bite Serrated Jaws 8in","open","9","10.0"
"D:\augmented_data_consistent_backgrounds\images\train\Needle_Holder_Mayo-Hegar_Straight_Carb-bite_Serrated_Jaws_8in_open_09_aug011.jpg","Needle Holder Mayo-Hegar Straight Carb-bite Serrated Jaws 8in","open","9","11.0"
"D:\augmented_data_consistent_backgrounds\images\train\Needle_Holder_Mayo-Hegar_Straight_Carb-bite_Serrated_Jaws_8in_open_09_aug012.jpg","Needle Holder Mayo-Hegar Straight Carb-bite Serrated Jaws 8in","open","9","12.0"
"D:\augmented_data_consistent_backgrounds\images\train\Needle_Holder_Mayo-Hegar_Straight_Carb-bite_Serrated_Jaws_8in_open_09_aug013.jpg","Needle Holder Mayo-Hegar Straight Carb-bite Serrated Jaws 8in","open","9","13.0"
"D:\augmented_data_consistent_backgrounds\images\train\Needle_Holder_Mayo-Hegar_Straight_Carb-bite_Serrated_Jaws_8in_open_09_aug015.jpg","Needle Holder Mayo-Hegar Straight Carb-bite Serrated Jaws 8in","open","9","15.0"
"D:\augmented_data_consistent_backgrounds\images\train\Needle_Holder_Mayo-Hegar_Straight_Carb-bite_Serrated_Jaws_8in_open_09_aug017.jpg","Needle Holder Mayo-Hegar Straight Carb-bite Serrated Jaws 8in","open","9","17.0"
"D:\augmented_data_consistent_backgrounds\images\train\Needle_Holder_Mayo-Hegar_Straight_Carb-bite_Serrated_Jaws_8in_open_09_aug018.jpg","Needle Holder Mayo-Hegar Straight Carb-bite Serrated Jaws 8in","open","9","18.0"
"D:\augmented_data_consistent_backgrounds\images\train\Needle_Holder_Mayo-Hegar_Straight_Carb-bite_Serrated_Jaws_8in_open_09_aug019.jpg","Needle Holder Mayo-Hegar Straight Carb-bite Serrated Jaws 8in","open","9","19.0"
"D:\augmented_data_consistent_backgrounds\images\train\Needle_Holder_Mayo-Hegar_Straight_Carb-bite_Serrated_Jaws_8in_open_10_aug000.jpg","Needle Holder Mayo-Hegar Straight Carb-bite Serrated Jaws 8in","open","10","0.0"
"D:\augmented_data_consistent_backgrounds\images\train\Needle_Holder_Mayo-Hegar_Straight_Carb-bite_Serrated_Jaws_8in_open_10_aug001.jpg","Needle Holder Mayo-Hegar Straight Carb-bite Serrated Jaws 8in","open","10","1.0"
"D:\augmented_data_consistent_backgrounds\images\train\Needle_Holder_Mayo-Hegar_Straight_Carb-bite_Serrated_Jaws_8in_open_10_aug002.jpg","Needle Holder Mayo-Hegar Straight Carb-bite Serrated Jaws 8in","open","10","2.0"
"D:\augmented_data_consistent_backgrounds\images\train\Needle_Holder_Mayo-Hegar_Straight_Carb-bite_Serrated_Jaws_8in_open_10_aug003.jpg","Needle Holder Mayo-Hegar Straight Carb-bite Serrated Jaws 8in","open","10","3.0"
"D:\augmented_data_consistent_backgrounds\images\train\Needle_Holder_Mayo-Hegar_Straight_Carb-bite_Serrated_Jaws_8in_open_10_aug004.jpg","Needle Holder Mayo-Hegar Straight Carb-bite Serrated Jaws 8in","open","10","4.0"
"D:\augmented_data_consistent_backgrounds\images\train\Needle_Holder_Mayo-Hegar_Straight_Carb-bite_Serrated_Jaws_8in_open_10_aug005.jpg","Needle Holder Mayo-Hegar Straight Carb-bite Serrated Jaws 8in","open","10","5.0"
"D:\augmented_data_consistent_backgrounds\images\train\Needle_Holder_Mayo-Hegar_Straight_Carb-bite_Serrated_Jaws_8in_open_10_aug006.jpg","Needle Holder Mayo-Hegar Straight Carb-bite Serrated Jaws 8in","open","10","6.0"
"D:\augmented_data_consistent_backgrounds\images\train\Needle_Holder_Mayo-Hegar_Straight_Carb-bite_Serrated_Jaws_8in_open_10_aug007.jpg","Needle Holder Mayo-Hegar Straight Carb-bite Serrated Jaws 8in","open","10","7.0"
"D:\augmented_data_consistent_backgrounds\images\train\Needle_Holder_Mayo-Hegar_Straight_Carb-bite_Serrated_Jaws_8in_open_10_aug009.jpg","Needle Holder Mayo-Hegar Straight Carb-bite Serrated Jaws 8in","open","10","9.0"
"D:\augmented_data_consistent_backgrounds\images\train\Needle_Holder_Mayo-Hegar_Straight_Carb-bite_Serrated_Jaws_8in_open_10_aug010.jpg","Needle Holder Mayo-Hegar Straight Carb-bite Serrated Jaws 8in","open","10","10.0"
"D:\augmented_data_consistent_backgrounds\images\train\Needle_Holder_Mayo-Hegar_Straight_Carb-bite_Serrated_Jaws_8in_open_10_aug011.jpg","Needle Holder Mayo-Hegar Straight Carb-bite Serrated Jaws 8in","open","10","11.0"
"D:\augmented_data_consistent_backgrounds\images\train\Needle_Holder_Mayo-Hegar_Straight_Carb-bite_Serrated_Jaws_8in_open_10_aug015.jpg","Needle Holder Mayo-Hegar Straight Carb-bite Serrated Jaws 8in","open","10","15.0"
"D:\augmented_data_consistent_backgrounds\images\train\Needle_Holder_Mayo-Hegar_Straight_Carb-bite_Serrated_Jaws_8in_open_10_aug016.jpg","Needle Holder Mayo-Hegar Straight Carb-bite Serrated Jaws 8in","open","10","16.0"
"D:\augmented_data_consistent_backgrounds\images\train\Needle_Holder_Mayo-Hegar_Straight_Carb-bite_Serrated_Jaws_8in_open_10_aug018.jpg","Needle Holder Mayo-Hegar Straight Carb-bite Serrated Jaws 8in","open","10","18.0"
"D:\augmented_data_consistent_backgrounds\images\train\Needle_Holder_Mayo-Hegar_Straight_Carb-bite_Serrated_Jaws_8in_open_10_aug019.jpg","Needle Holder Mayo-Hegar Straight Carb-bite Serrated Jaws 8in","open","10","19.0"
"D:\augmented_data_consistent_backgrounds\images\train\Needle_Holder_Mayo-Hegar_Straight_Carb-bite_Serrated_Jaws_8in_open_11.jpg","Needle Holder Mayo-Hegar Straight Carb-bite Serrated Jaws 8in","open","11",""
"D:\augmented_data_consistent_backgrounds\images\train\Needle_Holder_Mayo-Hegar_Straight_Carb-bite_Serrated_Jaws_8in_open_11_aug001.jpg","Needle Holder Mayo-Hegar Straight Carb-bite Serrated Jaws 8in","open","11","1.0"
"D:\augmented_data_consistent_backgrounds\images\train\Needle_Holder_Mayo-Hegar_Straight_Carb-bite_Serrated_Jaws_8in_open_11_aug002.jpg","Needle Holder Mayo-Hegar Straight Carb-bite Serrated Jaws 8in","open","11","2.0"
"D:\augmented_data_consistent_backgrounds\images\train\Needle_Holder_Mayo-Hegar_Straight_Carb-bite_Serrated_Jaws_8in_open_11_aug003.jpg","Needle Holder Mayo-Hegar Straight Carb-bite Serrated Jaws 8in","open","11","3.0"
"D:\augmented_data_consistent_backgrounds\images\train\Needle_Holder_Mayo-Hegar_Straight_Carb-bite_Serrated_Jaws_8in_open_11_aug004.jpg","Needle Holder Mayo-Hegar Straight Carb-bite Serrated Jaws 8in","open","11","4.0"
"D:\augmented_data_consistent_backgrounds\images\train\Needle_Holder_Mayo-Hegar_Straight_Carb-bite_Serrated_Jaws_8in_open_11_aug005.jpg","Needle Holder Mayo-Hegar Straight Carb-bite Serrated Jaws 8in","open","11","5.0"
"D:\augmented_data_consistent_backgrounds\images\train\Needle_Holder_Mayo-Hegar_Straight_Carb-bite_Serrated_Jaws_8in_open_11_aug006.jpg","Needle Holder Mayo-Hegar Straight Carb-bite Serrated Jaws 8in","open","11","6.0"
"D:\augmented_data_consistent_backgrounds\images\train\Needle_Holder_Mayo-Hegar_Straight_Carb-bite_Serrated_Jaws_8in_open_11_aug007.jpg","Needle Holder Mayo-Hegar Straight Carb-bite Serrated Jaws 8in","open","11","7.0"
"D:\augmented_data_consistent_backgrounds\images\train\Needle_Holder_Mayo-Hegar_Straight_Carb-bite_Serrated_Jaws_8in_open_11_aug008.jpg","Needle Holder Mayo-Hegar Straight Carb-bite Serrated Jaws 8in","open","11","8.0"
"D:\augmented_data_consistent_backgrounds\images\train\Needle_Holder_Mayo-Hegar_Straight_Carb-bite_Serrated_Jaws_8in_open_11_aug009.jpg","Needle Holder Mayo-Hegar Straight Carb-bite Serrated Jaws 8in","open","11","9.0"
"D:\augmented_data_consistent_backgrounds\images\train\Needle_Holder_Mayo-Hegar_Straight_Carb-bite_Serrated_Jaws_8in_open_11_aug010.jpg","Needle Holder Mayo-Hegar Straight Carb-bite Serrated Jaws 8in","open","11","10.0"
"D:\augmented_data_consistent_backgrounds\images\train\Needle_Holder_Mayo-Hegar_Straight_Carb-bite_Serrated_Jaws_8in_open_11_aug011.jpg","Needle Holder Mayo-Hegar Straight Carb-bite Serrated Jaws 8in","open","11","11.0"
"D:\augmented_data_consistent_backgrounds\images\train\Needle_Holder_Mayo-Hegar_Straight_Carb-bite_Serrated_Jaws_8in_open_11_aug013.jpg","Needle Holder Mayo-Hegar Straight Carb-bite Serrated Jaws 8in","open","11","13.0"
"D:\augmented_data_consistent_backgrounds\images\train\Needle_Holder_Mayo-Hegar_Straight_Carb-bite_Serrated_Jaws_8in_open_11_aug014.jpg","Needle Holder Mayo-Hegar Straight Carb-bite Serrated Jaws 8in","open","11","14.0"
"D:\augmented_data_consistent_backgrounds\images\train\Needle_Holder_Mayo-Hegar_Straight_Carb-bite_Serrated_Jaws_8in_open_11_aug015.jpg","Needle Holder Mayo-Hegar Straight Carb-bite Serrated Jaws 8in","open","11","15.0"
"D:\augmented_data_consistent_backgrounds\images\train\Needle_Holder_Mayo-Hegar_Straight_Carb-bite_Serrated_Jaws_8in_open_11_aug016.jpg","Needle Holder Mayo-Hegar Straight Carb-bite Serrated Jaws 8in","open","11","16.0"
"D:\augmented_data_consistent_backgrounds\images\train\Needle_Holder_Mayo-Hegar_Straight_Carb-bite_Serrated_Jaws_8in_open_11_aug017.jpg","Needle Holder Mayo-Hegar Straight Carb-bite Serrated Jaws 8in","open","11","17.0"
"D:\augmented_data_consistent_backgrounds\images\train\Needle_Holder_Mayo-Hegar_Straight_Carb-bite_Serrated_Jaws_8in_open_11_aug018.jpg","Needle Holder Mayo-Hegar Straight Carb-bite Serrated Jaws 8in","open","11","18.0"
"D:\augmented_data_consistent_backgrounds\images\train\Needle_Holder_Mayo-Hegar_Straight_Carb-bite_Serrated_Jaws_8in_open_11_aug019.jpg","Needle Holder Mayo-Hegar Straight Carb-bite Serrated Jaws 8in","open","11","19.0"
"D:\augmented_data_consistent_backgrounds\images\train\Needle_Holder_Mayo-Hegar_Straight_Carb-bite_Serrated_Jaws_8in_open_12_aug000.jpg","Needle Holder Mayo-Hegar Straight Carb-bite Serrated Jaws 8in","open","12","0.0"
"D:\augmented_data_consistent_backgrounds\images\train\Needle_Holder_Mayo-Hegar_Straight_Carb-bite_Serrated_Jaws_8in_open_12_aug001.jpg","Needle Holder Mayo-Hegar Straight Carb-bite Serrated Jaws 8in","open","12","1.0"
"D:\augmented_data_consistent_backgrounds\images\train\Needle_Holder_Mayo-Hegar_Straight_Carb-bite_Serrated_Jaws_8in_open_12_aug002.jpg","Needle Holder Mayo-Hegar Straight Carb-bite Serrated Jaws 8in","open","12","2.0"
"D:\augmented_data_consistent_backgrounds\images\train\Needle_Holder_Mayo-Hegar_Straight_Carb-bite_Serrated_Jaws_8in_open_12_aug003.jpg","Needle Holder Mayo-Hegar Straight Carb-bite Serrated Jaws 8in","open","12","3.0"
"D:\augmented_data_consistent_backgrounds\images\train\Needle_Holder_Mayo-Hegar_Straight_Carb-bite_Serrated_Jaws_8in_open_12_aug004.jpg","Needle Holder Mayo-Hegar Straight Carb-bite Serrated Jaws 8in","open","12","4.0"
"D:\augmented_data_consistent_backgrounds\images\train\Needle_Holder_Mayo-Hegar_Straight_Carb-bite_Serrated_Jaws_8in_open_12_aug006.jpg","Needle Holder Mayo-Hegar Straight Carb-bite Serrated Jaws 8in","open","12","6.0"
"D:\augmented_data_consistent_backgrounds\images\train\Needle_Holder_Mayo-Hegar_Straight_Carb-bite_Serrated_Jaws_8in_open_12_aug007.jpg","Needle Holder Mayo-Hegar Straight Carb-bite Serrated Jaws 8in","open","12","7.0"
"D:\augmented_data_consistent_backgrounds\images\train\Needle_Holder_Mayo-Hegar_Straight_Carb-bite_Serrated_Jaws_8in_open_12_aug008.jpg","Needle Holder Mayo-Hegar Straight Carb-bite Serrated Jaws 8in","open","12","8.0"
"D:\augmented_data_consistent_backgrounds\images\train\Needle_Holder_Mayo-Hegar_Straight_Carb-bite_Serrated_Jaws_8in_open_12_aug009.jpg","Needle Holder Mayo-Hegar Straight Carb-bite Serrated Jaws 8in","open","12","9.0"
"D:\augmented_data_consistent_backgrounds\images\train\Needle_Holder_Mayo-Hegar_Straight_Carb-bite_Serrated_Jaws_8in_open_12_aug010.jpg","Needle Holder Mayo-Hegar Straight Carb-bite Serrated Jaws 8in","open","12","10.0"
"D:\augmented_data_consistent_backgrounds\images\train\Needle_Holder_Mayo-Hegar_Straight_Carb-bite_Serrated_Jaws_8in_open_12_aug011.jpg","Needle Holder Mayo-Hegar Straight Carb-bite Serrated Jaws 8in","open","12","11.0"
"D:\augmented_data_consistent_backgrounds\images\train\Needle_Holder_Mayo-Hegar_Straight_Carb-bite_Serrated_Jaws_8in_open_12_aug012.jpg","Needle Holder Mayo-Hegar Straight Carb-bite Serrated Jaws 8in","open","12","12.0"
"D:\augmented_data_consistent_backgrounds\images\train\Needle_Holder_Mayo-Hegar_Straight_Carb-bite_Serrated_Jaws_8in_open_12_aug013.jpg","Needle Holder Mayo-Hegar Straight Carb-bite Serrated Jaws 8in","open","12","13.0"
"D:\augmented_data_consistent_backgrounds\images\train\Needle_Holder_Mayo-Hegar_Straight_Carb-bite_Serrated_Jaws_8in_open_12_aug014.jpg","Needle Holder Mayo-Hegar Straight Carb-bite Serrated Jaws 8in","open","12","14.0"
"D:\augmented_data_consistent_backgrounds\images\train\Needle_Holder_Mayo-Hegar_Straight_Carb-bite_Serrated_Jaws_8in_open_12_aug015.jpg","Needle Holder Mayo-Hegar Straight Carb-bite Serrated Jaws 8in","open","12","15.0"
"D:\augmented_data_consistent_backgrounds\images\train\Needle_Holder_Mayo-Hegar_Straight_Carb-bite_Serrated_Jaws_8in_open_12_aug016.jpg","Needle Holder Mayo-Hegar Straight Carb-bite Serrated Jaws 8in","open","12","16.0"
"D:\augmented_data_consistent_backgrounds\images\train\Needle_Holder_Mayo-Hegar_Straight_Carb-bite_Serrated_Jaws_8in_open_12_aug019.jpg","Needle Holder Mayo-Hegar Straight Carb-bite Serrated Jaws 8in","open","12","19.0"
"D:\augmented_data_consistent_backgrounds\images\train\Needle_Holder_Mayo-Hegar_Straight_Carb-bite_Serrated_Jaws_8in_open_13.jpg","Needle Holder Mayo-Hegar Straight Carb-bite Serrated Jaws 8in","open","13",""
"D:\augmented_data_consistent_backgrounds\images\train\Needle_Holder_Mayo-Hegar_Straight_Carb-bite_Serrated_Jaws_8in_open_13_aug000.jpg","Needle Holder Mayo-Hegar Straight Carb-bite Serrated Jaws 8in","open","13","0.0"
"D:\augmented_data_consistent_backgrounds\images\train\Needle_Holder_Mayo-Hegar_Straight_Carb-bite_Serrated_Jaws_8in_open_13_aug001.jpg","Needle Holder Mayo-Hegar Straight Carb-bite Serrated Jaws 8in","open","13","1.0"
"D:\augmented_data_consistent_backgrounds\images\train\Needle_Holder_Mayo-Hegar_Straight_Carb-bite_Serrated_Jaws_8in_open_13_aug002.jpg","Needle Holder Mayo-Hegar Straight Carb-bite Serrated Jaws 8in","open","13","2.0"
"D:\augmented_data_consistent_backgrounds\images\train\Needle_Holder_Mayo-Hegar_Straight_Carb-bite_Serrated_Jaws_8in_open_13_aug003.jpg","Needle Holder Mayo-Hegar Straight Carb-bite Serrated Jaws 8in","open","13","3.0"
"D:\augmented_data_consistent_backgrounds\images\train\Needle_Holder_Mayo-Hegar_Straight_Carb-bite_Serrated_Jaws_8in_open_13_aug004.jpg","Needle Holder Mayo-Hegar Straight Carb-bite Serrated Jaws 8in","open","13","4.0"
"D:\augmented_data_consistent_backgrounds\images\train\Needle_Holder_Mayo-Hegar_Straight_Carb-bite_Serrated_Jaws_8in_open_13_aug006.jpg","Needle Holder Mayo-Hegar Straight Carb-bite Serrated Jaws 8in","open","13","6.0"
"D:\augmented_data_consistent_backgrounds\images\train\Needle_Holder_Mayo-Hegar_Straight_Carb-bite_Serrated_Jaws_8in_open_13_aug007.jpg","Needle Holder Mayo-Hegar Straight Carb-bite Serrated Jaws 8in","open","13","7.0"
"D:\augmented_data_consistent_backgrounds\images\train\Needle_Holder_Mayo-Hegar_Straight_Carb-bite_Serrated_Jaws_8in_open_13_aug009.jpg","Needle Holder Mayo-Hegar Straight Carb-bite Serrated Jaws 8in","open","13","9.0"
"D:\augmented_data_consistent_backgrounds\images\train\Needle_Holder_Mayo-Hegar_Straight_Carb-bite_Serrated_Jaws_8in_open_13_aug010.jpg","Needle Holder Mayo-Hegar Straight Carb-bite Serrated Jaws 8in","open","13","10.0"
"D:\augmented_data_consistent_backgrounds\images\train\Needle_Holder_Mayo-Hegar_Straight_Carb-bite_Serrated_Jaws_8in_open_13_aug011.jpg","Needle Holder Mayo-Hegar Straight Carb-bite Serrated Jaws 8in","open","13","11.0"
"D:\augmented_data_consistent_backgrounds\images\train\Needle_Holder_Mayo-Hegar_Straight_Carb-bite_Serrated_Jaws_8in_open_13_aug012.jpg","Needle Holder Mayo-Hegar Straight Carb-bite Serrated Jaws 8in","open","13","12.0"
"D:\augmented_data_consistent_backgrounds\images\train\Needle_Holder_Mayo-Hegar_Straight_Carb-bite_Serrated_Jaws_8in_open_13_aug013.jpg","Needle Holder Mayo-Hegar Straight Carb-bite Serrated Jaws 8in","open","13","13.0"
"D:\augmented_data_consistent_backgrounds\images\train\Needle_Holder_Mayo-Hegar_Straight_Carb-bite_Serrated_Jaws_8in_open_13_aug014.jpg","Needle Holder Mayo-Hegar Straight Carb-bite Serrated Jaws 8in","open","13","14.0"
"D:\augmented_data_consistent_backgrounds\images\train\Needle_Holder_Mayo-Hegar_Straight_Carb-bite_Serrated_Jaws_8in_open_13_aug015.jpg","Needle Holder Mayo-Hegar Straight Carb-bite Serrated Jaws 8in","open","13","15.0"
"D:\augmented_data_consistent_backgrounds\images\train\Needle_Holder_Mayo-Hegar_Straight_Carb-bite_Serrated_Jaws_8in_open_13_aug017.jpg","Needle Holder Mayo-Hegar Straight Carb-bite Serrated Jaws 8in","open","13","17.0"
"D:\augmented_data_consistent_backgrounds\images\train\Needle_Holder_Mayo-Hegar_Straight_Carb-bite_Serrated_Jaws_8in_open_13_aug018.jpg","Needle Holder Mayo-Hegar Straight Carb-bite Serrated Jaws 8in","open","13","18.0"
"D:\augmented_data_consistent_backgrounds\images\train\Needle_Holder_Mayo-Hegar_Straight_Carb-bite_Serrated_Jaws_8in_open_13_aug019.jpg","Needle Holder Mayo-Hegar Straight Carb-bite Serrated Jaws 8in","open","13","19.0"
"D:\augmented_data_consistent_backgrounds\images\train\Needle_Holder_Mayo-Hegar_Straight_Carb-bite_Serrated_Jaws_8in_open_14_aug000.jpg","Needle Holder Mayo-Hegar Straight Carb-bite Serrated Jaws 8in","open","14","0.0"
"D:\augmented_data_consistent_backgrounds\images\train\Needle_Holder_Mayo-Hegar_Straight_Carb-bite_Serrated_Jaws_8in_open_14_aug003.jpg","Needle Holder Mayo-Hegar Straight Carb-bite Serrated Jaws 8in","open","14","3.0"
"D:\augmented_data_consistent_backgrounds\images\train\Needle_Holder_Mayo-Hegar_Straight_Carb-bite_Serrated_Jaws_8in_open_14_aug008.jpg","Needle Holder Mayo-Hegar Straight Carb-bite Serrated Jaws 8in","open","14","8.0"
"D:\augmented_data_consistent_backgrounds\images\train\Needle_Holder_Mayo-Hegar_Straight_Carb-bite_Serrated_Jaws_8in_open_14_aug009.jpg","Needle Holder Mayo-Hegar Straight Carb-bite Serrated Jaws 8in","open","14","9.0"
"D:\augmented_data_consistent_backgrounds\images\train\Needle_Holder_Mayo-Hegar_Straight_Carb-bite_Serrated_Jaws_8in_open_14_aug010.jpg","Needle Holder Mayo-Hegar Straight Carb-bite Serrated Jaws 8in","open","14","10.0"
"D:\augmented_data_consistent_backgrounds\images\train\Needle_Holder_Mayo-Hegar_Straight_Carb-bite_Serrated_Jaws_8in_open_14_aug011.jpg","Needle Holder Mayo-Hegar Straight Carb-bite Serrated Jaws 8in","open","14","11.0"
"D:\augmented_data_consistent_backgrounds\images\train\Needle_Holder_Mayo-Hegar_Straight_Carb-bite_Serrated_Jaws_8in_open_14_aug012.jpg","Needle Holder Mayo-Hegar Straight Carb-bite Serrated Jaws 8in","open","14","12.0"
"D:\augmented_data_consistent_backgrounds\images\train\Needle_Holder_Mayo-Hegar_Straight_Carb-bite_Serrated_Jaws_8in_open_14_aug013.jpg","Needle Holder Mayo-Hegar Straight Carb-bite Serrated Jaws 8in","open","14","13.0"
"D:\augmented_data_consistent_backgrounds\images\train\Needle_Holder_Mayo-Hegar_Straight_Carb-bite_Serrated_Jaws_8in_open_14_aug014.jpg","Needle Holder Mayo-Hegar Straight Carb-bite Serrated Jaws 8in","open","14","14.0"
"D:\augmented_data_consistent_backgrounds\images\train\Needle_Holder_Mayo-Hegar_Straight_Carb-bite_Serrated_Jaws_8in_open_14_aug015.jpg","Needle Holder Mayo-Hegar Straight Carb-bite Serrated Jaws 8in","open","14","15.0"
"D:\augmented_data_consistent_backgrounds\images\train\Needle_Holder_Mayo-Hegar_Straight_Carb-bite_Serrated_Jaws_8in_open_14_aug016.jpg","Needle Holder Mayo-Hegar Straight Carb-bite Serrated Jaws 8in","open","14","16.0"
"D:\augmented_data_consistent_backgrounds\images\train\Needle_Holder_Mayo-Hegar_Straight_Carb-bite_Serrated_Jaws_8in_open_14_aug017.jpg","Needle Holder Mayo-Hegar Straight Carb-bite Serrated Jaws 8in","open","14","17.0"
"D:\augmented_data_consistent_backgrounds\images\train\Needle_Holder_Mayo-Hegar_Straight_Carb-bite_Serrated_Jaws_8in_open_14_aug018.jpg","Needle Holder Mayo-Hegar Straight Carb-bite Serrated Jaws 8in","open","14","18.0"
"D:\augmented_data_consistent_backgrounds\images\train\Needle_Holder_Mayo-Hegar_Straight_Carb-bite_Serrated_Jaws_8in_open_15.jpg","Needle Holder Mayo-Hegar Straight Carb-bite Serrated Jaws 8in","open","15",""
"D:\augmented_data_consistent_backgrounds\images\train\Needle_Holder_Mayo-Hegar_Straight_Carb-bite_Serrated_Jaws_8in_open_15_aug000.jpg","Needle Holder Mayo-Hegar Straight Carb-bite Serrated Jaws 8in","open","15","0.0"
"D:\augmented_data_consistent_backgrounds\images\train\Needle_Holder_Mayo-Hegar_Straight_Carb-bite_Serrated_Jaws_8in_open_15_aug002.jpg","Needle Holder Mayo-Hegar Straight Carb-bite Serrated Jaws 8in","open","15","2.0"
"D:\augmented_data_consistent_backgrounds\images\train\Needle_Holder_Mayo-Hegar_Straight_Carb-bite_Serrated_Jaws_8in_open_15_aug003.jpg","Needle Holder Mayo-Hegar Straight Carb-bite Serrated Jaws 8in","open","15","3.0"
"D:\augmented_data_consistent_backgrounds\images\train\Needle_Holder_Mayo-Hegar_Straight_Carb-bite_Serrated_Jaws_8in_open_15_aug004.jpg","Needle Holder Mayo-Hegar Straight Carb-bite Serrated Jaws 8in","open","15","4.0"
"D:\augmented_data_consistent_backgrounds\images\train\Needle_Holder_Mayo-Hegar_Straight_Carb-bite_Serrated_Jaws_8in_open_15_aug005.jpg","Needle Holder Mayo-Hegar Straight Carb-bite Serrated Jaws 8in","open","15","5.0"
"D:\augmented_data_consistent_backgrounds\images\train\Needle_Holder_Mayo-Hegar_Straight_Carb-bite_Serrated_Jaws_8in_open_15_aug006.jpg","Needle Holder Mayo-Hegar Straight Carb-bite Serrated Jaws 8in","open","15","6.0"
"D:\augmented_data_consistent_backgrounds\images\train\Needle_Holder_Mayo-Hegar_Straight_Carb-bite_Serrated_Jaws_8in_open_15_aug008.jpg","Needle Holder Mayo-Hegar Straight Carb-bite Serrated Jaws 8in","open","15","8.0"
"D:\augmented_data_consistent_backgrounds\images\train\Needle_Holder_Mayo-Hegar_Straight_Carb-bite_Serrated_Jaws_8in_open_15_aug009.jpg","Needle Holder Mayo-Hegar Straight Carb-bite Serrated Jaws 8in","open","15","9.0"
"D:\augmented_data_consistent_backgrounds\images\train\Needle_Holder_Mayo-Hegar_Straight_Carb-bite_Serrated_Jaws_8in_open_15_aug011.jpg","Needle Holder Mayo-Hegar Straight Carb-bite Serrated Jaws 8in","open","15","11.0"
"D:\augmented_data_consistent_backgrounds\images\train\Needle_Holder_Mayo-Hegar_Straight_Carb-bite_Serrated_Jaws_8in_open_15_aug013.jpg","Needle Holder Mayo-Hegar Straight Carb-bite Serrated Jaws 8in","open","15","13.0"
"D:\augmented_data_consistent_backgrounds\images\train\Needle_Holder_Mayo-Hegar_Straight_Carb-bite_Serrated_Jaws_8in_open_15_aug015.jpg","Needle Holder Mayo-Hegar Straight Carb-bite Serrated Jaws 8in","open","15","15.0"
"D:\augmented_data_consistent_backgrounds\images\train\Needle_Holder_Mayo-Hegar_Straight_Carb-bite_Serrated_Jaws_8in_open_15_aug016.jpg","Needle Holder Mayo-Hegar Straight Carb-bite Serrated Jaws 8in","open","15","16.0"
"D:\augmented_data_consistent_backgrounds\images\train\Needle_Holder_Mayo-Hegar_Straight_Carb-bite_Serrated_Jaws_8in_open_15_aug017.jpg","Needle Holder Mayo-Hegar Straight Carb-bite Serrated Jaws 8in","open","15","17.0"
"D:\augmented_data_consistent_backgrounds\images\train\Needle_Holder_Mayo-Hegar_Straight_Carb-bite_Serrated_Jaws_8in_open_15_aug018.jpg","Needle Holder Mayo-Hegar Straight Carb-bite Serrated Jaws 8in","open","15","18.0"
"D:\augmented_data_consistent_backgrounds\images\train\Needle_Holder_Mayo-Hegar_Straight_Carb-bite_Serrated_Jaws_8in_open_16_aug000.jpg","Needle Holder Mayo-Hegar Straight Carb-bite Serrated Jaws 8in","open","16","0.0"
"D:\augmented_data_consistent_backgrounds\images\train\Needle_Holder_Mayo-Hegar_Straight_Carb-bite_Serrated_Jaws_8in_open_16_aug002.jpg","Needle Holder Mayo-Hegar Straight Carb-bite Serrated Jaws 8in","open","16","2.0"
"D:\augmented_data_consistent_backgrounds\images\train\Needle_Holder_Mayo-Hegar_Straight_Carb-bite_Serrated_Jaws_8in_open_16_aug004.jpg","Needle Holder Mayo-Hegar Straight Carb-bite Serrated Jaws 8in","open","16","4.0"
"D:\augmented_data_consistent_backgrounds\images\train\Needle_Holder_Mayo-Hegar_Straight_Carb-bite_Serrated_Jaws_8in_open_16_aug006.jpg","Needle Holder Mayo-Hegar Straight Carb-bite Serrated Jaws 8in","open","16","6.0"
"D:\augmented_data_consistent_backgrounds\images\train\Needle_Holder_Mayo-Hegar_Straight_Carb-bite_Serrated_Jaws_8in_open_16_aug007.jpg","Needle Holder Mayo-Hegar Straight Carb-bite Serrated Jaws 8in","open","16","7.0"
"D:\augmented_data_consistent_backgrounds\images\train\Needle_Holder_Mayo-Hegar_Straight_Carb-bite_Serrated_Jaws_8in_open_16_aug008.jpg","Needle Holder Mayo-Hegar Straight Carb-bite Serrated Jaws 8in","open","16","8.0"
"D:\augmented_data_consistent_backgrounds\images\train\Needle_Holder_Mayo-Hegar_Straight_Carb-bite_Serrated_Jaws_8in_open_16_aug009.jpg","Needle Holder Mayo-Hegar Straight Carb-bite Serrated Jaws 8in","open","16","9.0"
"D:\augmented_data_consistent_backgrounds\images\train\Needle_Holder_Mayo-Hegar_Straight_Carb-bite_Serrated_Jaws_8in_open_16_aug010.jpg","Needle Holder Mayo-Hegar Straight Carb-bite Serrated Jaws 8in","open","16","10.0"
"D:\augmented_data_consistent_backgrounds\images\train\Needle_Holder_Mayo-Hegar_Straight_Carb-bite_Serrated_Jaws_8in_open_16_aug012.jpg","Needle Holder Mayo-Hegar Straight Carb-bite Serrated Jaws 8in","open","16","12.0"
"D:\augmented_data_consistent_backgrounds\images\train\Needle_Holder_Mayo-Hegar_Straight_Carb-bite_Serrated_Jaws_8in_open_16_aug014.jpg","Needle Holder Mayo-Hegar Straight Carb-bite Serrated Jaws 8in","open","16","14.0"
"D:\augmented_data_consistent_backgrounds\images\train\Needle_Holder_Mayo-Hegar_Straight_Carb-bite_Serrated_Jaws_8in_open_16_aug016.jpg","Needle Holder Mayo-Hegar Straight Carb-bite Serrated Jaws 8in","open","16","16.0"
"D:\augmented_data_consistent_backgrounds\images\train\Needle_Holder_Mayo-Hegar_Straight_Carb-bite_Serrated_Jaws_8in_open_16_aug017.jpg","Needle Holder Mayo-Hegar Straight Carb-bite Serrated Jaws 8in","open","16","17.0"
"D:\augmented_data_consistent_backgrounds\images\train\Needle_Holder_Mayo-Hegar_Straight_Carb-bite_Serrated_Jaws_8in_open_16_aug018.jpg","Needle Holder Mayo-Hegar Straight Carb-bite Serrated Jaws 8in","open","16","18.0"
"D:\augmented_data_consistent_backgrounds\images\train\Needle_Holder_Mayo-Hegar_Straight_Carb-bite_Serrated_Jaws_8in_open_16_aug019.jpg","Needle Holder Mayo-Hegar Straight Carb-bite Serrated Jaws 8in","open","16","19.0"
"D:\augmented_data_consistent_backgrounds\images\train\Needle_Holder_Mayo-Hegar_Straight_Carb-bite_Serrated_Jaws_8in_open_17.jpg","Needle Holder Mayo-Hegar Straight Carb-bite Serrated Jaws 8in","open","17",""
"D:\augmented_data_consistent_backgrounds\images\train\Needle_Holder_Mayo-Hegar_Straight_Carb-bite_Serrated_Jaws_8in_open_17_aug000.jpg","Needle Holder Mayo-Hegar Straight Carb-bite Serrated Jaws 8in","open","17","0.0"
"D:\augmented_data_consistent_backgrounds\images\train\Needle_Holder_Mayo-Hegar_Straight_Carb-bite_Serrated_Jaws_8in_open_17_aug001.jpg","Needle Holder Mayo-Hegar Straight Carb-bite Serrated Jaws 8in","open","17","1.0"
"D:\augmented_data_consistent_backgrounds\images\train\Needle_Holder_Mayo-Hegar_Straight_Carb-bite_Serrated_Jaws_8in_open_17_aug002.jpg","Needle Holder Mayo-Hegar Straight Carb-bite Serrated Jaws 8in","open","17","2.0"
"D:\augmented_data_consistent_backgrounds\images\train\Needle_Holder_Mayo-Hegar_Straight_Carb-bite_Serrated_Jaws_8in_open_17_aug004.jpg","Needle Holder Mayo-Hegar Straight Carb-bite Serrated Jaws 8in","open","17","4.0"
"D:\augmented_data_consistent_backgrounds\images\train\Needle_Holder_Mayo-Hegar_Straight_Carb-bite_Serrated_Jaws_8in_open_17_aug005.jpg","Needle Holder Mayo-Hegar Straight Carb-bite Serrated Jaws 8in","open","17","5.0"
"D:\augmented_data_consistent_backgrounds\images\train\Needle_Holder_Mayo-Hegar_Straight_Carb-bite_Serrated_Jaws_8in_open_17_aug006.jpg","Needle Holder Mayo-Hegar Straight Carb-bite Serrated Jaws 8in","open","17","6.0"
"D:\augmented_data_consistent_backgrounds\images\train\Needle_Holder_Mayo-Hegar_Straight_Carb-bite_Serrated_Jaws_8in_open_17_aug007.jpg","Needle Holder Mayo-Hegar Straight Carb-bite Serrated Jaws 8in","open","17","7.0"
"D:\augmented_data_consistent_backgrounds\images\train\Needle_Holder_Mayo-Hegar_Straight_Carb-bite_Serrated_Jaws_8in_open_17_aug008.jpg","Needle Holder Mayo-Hegar Straight Carb-bite Serrated Jaws 8in","open","17","8.0"
"D:\augmented_data_consistent_backgrounds\images\train\Needle_Holder_Mayo-Hegar_Straight_Carb-bite_Serrated_Jaws_8in_open_17_aug010.jpg","Needle Holder Mayo-Hegar Straight Carb-bite Serrated Jaws 8in","open","17","10.0"
"D:\augmented_data_consistent_backgrounds\images\train\Needle_Holder_Mayo-Hegar_Straight_Carb-bite_Serrated_Jaws_8in_open_17_aug011.jpg","Needle Holder Mayo-Hegar Straight Carb-bite Serrated Jaws 8in","open","17","11.0"
"D:\augmented_data_consistent_backgrounds\images\train\Needle_Holder_Mayo-Hegar_Straight_Carb-bite_Serrated_Jaws_8in_open_17_aug012.jpg","Needle Holder Mayo-Hegar Straight Carb-bite Serrated Jaws 8in","open","17","12.0"
"D:\augmented_data_consistent_backgrounds\images\train\Needle_Holder_Mayo-Hegar_Straight_Carb-bite_Serrated_Jaws_8in_open_17_aug013.jpg","Needle Holder Mayo-Hegar Straight Carb-bite Serrated Jaws 8in","open","17","13.0"
"D:\augmented_data_consistent_backgrounds\images\train\Needle_Holder_Mayo-Hegar_Straight_Carb-bite_Serrated_Jaws_8in_open_17_aug014.jpg","Needle Holder Mayo-Hegar Straight Carb-bite Serrated Jaws 8in","open","17","14.0"
"D:\augmented_data_consistent_backgrounds\images\train\Needle_Holder_Mayo-Hegar_Straight_Carb-bite_Serrated_Jaws_8in_open_17_aug015.jpg","Needle Holder Mayo-Hegar Straight Carb-bite Serrated Jaws 8in","open","17","15.0"
"D:\augmented_data_consistent_backgrounds\images\train\Needle_Holder_Mayo-Hegar_Straight_Carb-bite_Serrated_Jaws_8in_open_17_aug016.jpg","Needle Holder Mayo-Hegar Straight Carb-bite Serrated Jaws 8in","open","17","16.0"
"D:\augmented_data_consistent_backgrounds\images\train\Needle_Holder_Mayo-Hegar_Straight_Carb-bite_Serrated_Jaws_8in_open_17_aug017.jpg","Needle Holder Mayo-Hegar Straight Carb-bite Serrated Jaws 8in","open","17","17.0"
"D:\augmented_data_consistent_backgrounds\images\train\Needle_Holder_Mayo-Hegar_Straight_Carb-bite_Serrated_Jaws_8in_open_17_aug018.jpg","Needle Holder Mayo-Hegar Straight Carb-bite Serrated Jaws 8in","open","17","18.0"
"D:\augmented_data_consistent_backgrounds\images\train\Needle_Holder_Mayo-Hegar_Straight_Carb-bite_Serrated_Jaws_8in_open_17_aug019.jpg","Needle Holder Mayo-Hegar Straight Carb-bite Serrated Jaws 8in","open","17","19.0"
"D:\augmented_data_consistent_backgrounds\images\train\Needle_Holder_Mayo-Hegar_Straight_Carb-bite_Serrated_Jaws_8in_open_18.jpg","Needle Holder Mayo-Hegar Straight Carb-bite Serrated Jaws 8in","open","18",""
"D:\augmented_data_consistent_backgrounds\images\train\Needle_Holder_Mayo-Hegar_Straight_Carb-bite_Serrated_Jaws_8in_open_18_aug001.jpg","Needle Holder Mayo-Hegar Straight Carb-bite Serrated Jaws 8in","open","18","1.0"
"D:\augmented_data_consistent_backgrounds\images\train\Needle_Holder_Mayo-Hegar_Straight_Carb-bite_Serrated_Jaws_8in_open_18_aug003.jpg","Needle Holder Mayo-Hegar Straight Carb-bite Serrated Jaws 8in","open","18","3.0"
"D:\augmented_data_consistent_backgrounds\images\train\Needle_Holder_Mayo-Hegar_Straight_Carb-bite_Serrated_Jaws_8in_open_18_aug007.jpg","Needle Holder Mayo-Hegar Straight Carb-bite Serrated Jaws 8in","open","18","7.0"
"D:\augmented_data_consistent_backgrounds\images\train\Needle_Holder_Mayo-Hegar_Straight_Carb-bite_Serrated_Jaws_8in_open_18_aug008.jpg","Needle Holder Mayo-Hegar Straight Carb-bite Serrated Jaws 8in","open","18","8.0"
"D:\augmented_data_consistent_backgrounds\images\train\Needle_Holder_Mayo-Hegar_Straight_Carb-bite_Serrated_Jaws_8in_open_18_aug009.jpg","Needle Holder Mayo-Hegar Straight Carb-bite Serrated Jaws 8in","open","18","9.0"
"D:\augmented_data_consistent_backgrounds\images\train\Needle_Holder_Mayo-Hegar_Straight_Carb-bite_Serrated_Jaws_8in_open_18_aug010.jpg","Needle Holder Mayo-Hegar Straight Carb-bite Serrated Jaws 8in","open","18","10.0"
"D:\augmented_data_consistent_backgrounds\images\train\Needle_Holder_Mayo-Hegar_Straight_Carb-bite_Serrated_Jaws_8in_open_18_aug011.jpg","Needle Holder Mayo-Hegar Straight Carb-bite Serrated Jaws 8in","open","18","11.0"
"D:\augmented_data_consistent_backgrounds\images\train\Needle_Holder_Mayo-Hegar_Straight_Carb-bite_Serrated_Jaws_8in_open_18_aug012.jpg","Needle Holder Mayo-Hegar Straight Carb-bite Serrated Jaws 8in","open","18","12.0"
"D:\augmented_data_consistent_backgrounds\images\train\Needle_Holder_Mayo-Hegar_Straight_Carb-bite_Serrated_Jaws_8in_open_18_aug013.jpg","Needle Holder Mayo-Hegar Straight Carb-bite Serrated Jaws 8in","open","18","13.0"
"D:\augmented_data_consistent_backgrounds\images\train\Needle_Holder_Mayo-Hegar_Straight_Carb-bite_Serrated_Jaws_8in_open_18_aug014.jpg","Needle Holder Mayo-Hegar Straight Carb-bite Serrated Jaws 8in","open","18","14.0"
"D:\augmented_data_consistent_backgrounds\images\train\Needle_Holder_Mayo-Hegar_Straight_Carb-bite_Serrated_Jaws_8in_open_18_aug015.jpg","Needle Holder Mayo-Hegar Straight Carb-bite Serrated Jaws 8in","open","18","15.0"
"D:\augmented_data_consistent_backgrounds\images\train\Needle_Holder_Mayo-Hegar_Straight_Carb-bite_Serrated_Jaws_8in_open_18_aug016.jpg","Needle Holder Mayo-Hegar Straight Carb-bite Serrated Jaws 8in","open","18","16.0"
"D:\augmented_data_consistent_backgrounds\images\train\Needle_Holder_Mayo-Hegar_Straight_Carb-bite_Serrated_Jaws_8in_open_18_aug017.jpg","Needle Holder Mayo-Hegar Straight Carb-bite Serrated Jaws 8in","open","18","17.0"
"D:\augmented_data_consistent_backgrounds\images\train\Needle_Holder_Mayo-Hegar_Straight_Carb-bite_Serrated_Jaws_8in_open_18_aug018.jpg","Needle Holder Mayo-Hegar Straight Carb-bite Serrated Jaws 8in","open","18","18.0"
"D:\augmented_data_consistent_backgrounds\images\train\Needle_Holder_Mayo-Hegar_Straight_Carb-bite_Serrated_Jaws_8in_open_18_aug019.jpg","Needle Holder Mayo-Hegar Straight Carb-bite Serrated Jaws 8in","open","18","19.0"
"D:\augmented_data_consistent_backgrounds\images\train\Needle_Holder_Mayo-Hegar_Straight_Carb-bite_Serrated_Jaws_8in_open_19.jpg","Needle Holder Mayo-Hegar Straight Carb-bite Serrated Jaws 8in","open","19",""
"D:\augmented_data_consistent_backgrounds\images\train\Needle_Holder_Mayo-Hegar_Straight_Carb-bite_Serrated_Jaws_8in_open_19_aug000.jpg","Needle Holder Mayo-Hegar Straight Carb-bite Serrated Jaws 8in","open","19","0.0"
"D:\augmented_data_consistent_backgrounds\images\train\Needle_Holder_Mayo-Hegar_Straight_Carb-bite_Serrated_Jaws_8in_open_19_aug001.jpg","Needle Holder Mayo-Hegar Straight Carb-bite Serrated Jaws 8in","open","19","1.0"
"D:\augmented_data_consistent_backgrounds\images\train\Needle_Holder_Mayo-Hegar_Straight_Carb-bite_Serrated_Jaws_8in_open_19_aug002.jpg","Needle Holder Mayo-Hegar Straight Carb-bite Serrated Jaws 8in","open","19","2.0"
"D:\augmented_data_consistent_backgrounds\images\train\Needle_Holder_Mayo-Hegar_Straight_Carb-bite_Serrated_Jaws_8in_open_19_aug003.jpg","Needle Holder Mayo-Hegar Straight Carb-bite Serrated Jaws 8in","open","19","3.0"
"D:\augmented_data_consistent_backgrounds\images\train\Needle_Holder_Mayo-Hegar_Straight_Carb-bite_Serrated_Jaws_8in_open_19_aug004.jpg","Needle Holder Mayo-Hegar Straight Carb-bite Serrated Jaws 8in","open","19","4.0"
"D:\augmented_data_consistent_backgrounds\images\train\Needle_Holder_Mayo-Hegar_Straight_Carb-bite_Serrated_Jaws_8in_open_19_aug005.jpg","Needle Holder Mayo-Hegar Straight Carb-bite Serrated Jaws 8in","open","19","5.0"
"D:\augmented_data_consistent_backgrounds\images\train\Needle_Holder_Mayo-Hegar_Straight_Carb-bite_Serrated_Jaws_8in_open_19_aug006.jpg","Needle Holder Mayo-Hegar Straight Carb-bite Serrated Jaws 8in","open","19","6.0"
"D:\augmented_data_consistent_backgrounds\images\train\Needle_Holder_Mayo-Hegar_Straight_Carb-bite_Serrated_Jaws_8in_open_19_aug007.jpg","Needle Holder Mayo-Hegar Straight Carb-bite Serrated Jaws 8in","open","19","7.0"
"D:\augmented_data_consistent_backgrounds\images\train\Needle_Holder_Mayo-Hegar_Straight_Carb-bite_Serrated_Jaws_8in_open_19_aug008.jpg","Needle Holder Mayo-Hegar Straight Carb-bite Serrated Jaws 8in","open","19","8.0"
"D:\augmented_data_consistent_backgrounds\images\train\Needle_Holder_Mayo-Hegar_Straight_Carb-bite_Serrated_Jaws_8in_open_19_aug009.jpg","Needle Holder Mayo-Hegar Straight Carb-bite Serrated Jaws 8in","open","19","9.0"
"D:\augmented_data_consistent_backgrounds\images\train\Needle_Holder_Mayo-Hegar_Straight_Carb-bite_Serrated_Jaws_8in_open_19_aug010.jpg","Needle Holder Mayo-Hegar Straight Carb-bite Serrated Jaws 8in","open","19","10.0"
"D:\augmented_data_consistent_backgrounds\images\train\Needle_Holder_Mayo-Hegar_Straight_Carb-bite_Serrated_Jaws_8in_open_19_aug011.jpg","Needle Holder Mayo-Hegar Straight Carb-bite Serrated Jaws 8in","open","19","11.0"
"D:\augmented_data_consistent_backgrounds\images\train\Needle_Holder_Mayo-Hegar_Straight_Carb-bite_Serrated_Jaws_8in_open_19_aug012.jpg","Needle Holder Mayo-Hegar Straight Carb-bite Serrated Jaws 8in","open","19","12.0"
"D:\augmented_data_consistent_backgrounds\images\train\Needle_Holder_Mayo-Hegar_Straight_Carb-bite_Serrated_Jaws_8in_open_19_aug014.jpg","Needle Holder Mayo-Hegar Straight Carb-bite Serrated Jaws 8in","open","19","14.0"
"D:\augmented_data_consistent_backgrounds\images\train\Needle_Holder_Mayo-Hegar_Straight_Carb-bite_Serrated_Jaws_8in_open_19_aug015.jpg","Needle Holder Mayo-Hegar Straight Carb-bite Serrated Jaws 8in","open","19","15.0"
"D:\augmented_data_consistent_backgrounds\images\train\Needle_Holder_Mayo-Hegar_Straight_Carb-bite_Serrated_Jaws_8in_open_19_aug016.jpg","Needle Holder Mayo-Hegar Straight Carb-bite Serrated Jaws 8in","open","19","16.0"
"D:\augmented_data_consistent_backgrounds\images\train\Needle_Holder_Mayo-Hegar_Straight_Carb-bite_Serrated_Jaws_8in_open_19_aug017.jpg","Needle Holder Mayo-Hegar Straight Carb-bite Serrated Jaws 8in","open","19","17.0"
"D:\augmented_data_consistent_backgrounds\images\train\Needle_Holder_Mayo-Hegar_Straight_Carb-bite_Serrated_Jaws_8in_open_19_aug018.jpg","Needle Holder Mayo-Hegar Straight Carb-bite Serrated Jaws 8in","open","19","18.0"
"D:\augmented_data_consistent_backgrounds\images\train\Needle_Holder_Mayo-Hegar_Straight_Carb-bite_Serrated_Jaws_8in_open_19_aug019.jpg","Needle Holder Mayo-Hegar Straight Carb-bite Serrated Jaws 8in","open","19","19.0"
"D:\augmented_data_consistent_backgrounds\images\train\Needle_Holder_Mayo-Hegar_Straight_Carb-bite_Serrated_Jaws_8in_open_20.jpg","Needle Holder Mayo-Hegar Straight Carb-bite Serrated Jaws 8in","open","20",""
"D:\augmented_data_consistent_backgrounds\images\train\Needle_Holder_Mayo-Hegar_Straight_Carb-bite_Serrated_Jaws_8in_open_20_aug000.jpg","Needle Holder Mayo-Hegar Straight Carb-bite Serrated Jaws 8in","open","20","0.0"
"D:\augmented_data_consistent_backgrounds\images\train\Needle_Holder_Mayo-Hegar_Straight_Carb-bite_Serrated_Jaws_8in_open_20_aug003.jpg","Needle Holder Mayo-Hegar Straight Carb-bite Serrated Jaws 8in","open","20","3.0"
"D:\augmented_data_consistent_backgrounds\images\train\Needle_Holder_Mayo-Hegar_Straight_Carb-bite_Serrated_Jaws_8in_open_20_aug004.jpg","Needle Holder Mayo-Hegar Straight Carb-bite Serrated Jaws 8in","open","20","4.0"
"D:\augmented_data_consistent_backgrounds\images\train\Needle_Holder_Mayo-Hegar_Straight_Carb-bite_Serrated_Jaws_8in_open_20_aug006.jpg","Needle Holder Mayo-Hegar Straight Carb-bite Serrated Jaws 8in","open","20","6.0"
"D:\augmented_data_consistent_backgrounds\images\train\Needle_Holder_Mayo-Hegar_Straight_Carb-bite_Serrated_Jaws_8in_open_20_aug007.jpg","Needle Holder Mayo-Hegar Straight Carb-bite Serrated Jaws 8in","open","20","7.0"
"D:\augmented_data_consistent_backgrounds\images\train\Needle_Holder_Mayo-Hegar_Straight_Carb-bite_Serrated_Jaws_8in_open_20_aug008.jpg","Needle Holder Mayo-Hegar Straight Carb-bite Serrated Jaws 8in","open","20","8.0"
"D:\augmented_data_consistent_backgrounds\images\train\Needle_Holder_Mayo-Hegar_Straight_Carb-bite_Serrated_Jaws_8in_open_20_aug009.jpg","Needle Holder Mayo-Hegar Straight Carb-bite Serrated Jaws 8in","open","20","9.0"
"D:\augmented_data_consistent_backgrounds\images\train\Needle_Holder_Mayo-Hegar_Straight_Carb-bite_Serrated_Jaws_8in_open_20_aug010.jpg","Needle Holder Mayo-Hegar Straight Carb-bite Serrated Jaws 8in","open","20","10.0"
"D:\augmented_data_consistent_backgrounds\images\train\Needle_Holder_Mayo-Hegar_Straight_Carb-bite_Serrated_Jaws_8in_open_20_aug011.jpg","Needle Holder Mayo-Hegar Straight Carb-bite Serrated Jaws 8in","open","20","11.0"
"D:\augmented_data_consistent_backgrounds\images\train\Needle_Holder_Mayo-Hegar_Straight_Carb-bite_Serrated_Jaws_8in_open_20_aug012.jpg","Needle Holder Mayo-Hegar Straight Carb-bite Serrated Jaws 8in","open","20","12.0"
"D:\augmented_data_consistent_backgrounds\images\train\Needle_Holder_Mayo-Hegar_Straight_Carb-bite_Serrated_Jaws_8in_open_20_aug013.jpg","Needle Holder Mayo-Hegar Straight Carb-bite Serrated Jaws 8in","open","20","13.0"
"D:\augmented_data_consistent_backgrounds\images\train\Needle_Holder_Mayo-Hegar_Straight_Carb-bite_Serrated_Jaws_8in_open_20_aug015.jpg","Needle Holder Mayo-Hegar Straight Carb-bite Serrated Jaws 8in","open","20","15.0"
"D:\augmented_data_consistent_backgrounds\images\train\Needle_Holder_Mayo-Hegar_Straight_Carb-bite_Serrated_Jaws_8in_open_20_aug016.jpg","Needle Holder Mayo-Hegar Straight Carb-bite Serrated Jaws 8in","open","20","16.0"
"D:\augmented_data_consistent_backgrounds\images\train\Needle_Holder_Mayo-Hegar_Straight_Carb-bite_Serrated_Jaws_8in_open_20_aug017.jpg","Needle Holder Mayo-Hegar Straight Carb-bite Serrated Jaws 8in","open","20","17.0"
"D:\augmented_data_consistent_backgrounds\images\train\Needle_Holder_Mayo-Hegar_Straight_Carb-bite_Serrated_Jaws_8in_open_20_aug018.jpg","Needle Holder Mayo-Hegar Straight Carb-bite Serrated Jaws 8in","open","20","18.0"
"D:\augmented_data_consistent_backgrounds\images\train\Needle_Holder_Mayo-Hegar_Straight_Carb-bite_Serrated_Jaws_8in_open_20_aug019.jpg","Needle Holder Mayo-Hegar Straight Carb-bite Serrated Jaws 8in","open","20","19.0"
"D:\augmented_data_consistent_backgrounds\images\train\Needle_Holder_Mayo-Hegar_Straight_Carb-bite_Serrated_Jaws_8in_open_21.jpg","Needle Holder Mayo-Hegar Straight Carb-bite Serrated Jaws 8in","open","21",""
"D:\augmented_data_consistent_backgrounds\images\train\Needle_Holder_Mayo-Hegar_Straight_Carb-bite_Serrated_Jaws_8in_open_21_aug000.jpg","Needle Holder Mayo-Hegar Straight Carb-bite Serrated Jaws 8in","open","21","0.0"
"D:\augmented_data_consistent_backgrounds\images\train\Needle_Holder_Mayo-Hegar_Straight_Carb-bite_Serrated_Jaws_8in_open_21_aug001.jpg","Needle Holder Mayo-Hegar Straight Carb-bite Serrated Jaws 8in","open","21","1.0"
"D:\augmented_data_consistent_backgrounds\images\train\Needle_Holder_Mayo-Hegar_Straight_Carb-bite_Serrated_Jaws_8in_open_21_aug002.jpg","Needle Holder Mayo-Hegar Straight Carb-bite Serrated Jaws 8in","open","21","2.0"
"D:\augmented_data_consistent_backgrounds\images\train\Needle_Holder_Mayo-Hegar_Straight_Carb-bite_Serrated_Jaws_8in_open_21_aug004.jpg","Needle Holder Mayo-Hegar Straight Carb-bite Serrated Jaws 8in","open","21","4.0"
"D:\augmented_data_consistent_backgrounds\images\train\Needle_Holder_Mayo-Hegar_Straight_Carb-bite_Serrated_Jaws_8in_open_21_aug005.jpg","Needle Holder Mayo-Hegar Straight Carb-bite Serrated Jaws 8in","open","21","5.0"
"D:\augmented_data_consistent_backgrounds\images\train\Needle_Holder_Mayo-Hegar_Straight_Carb-bite_Serrated_Jaws_8in_open_21_aug006.jpg","Needle Holder Mayo-Hegar Straight Carb-bite Serrated Jaws 8in","open","21","6.0"
"D:\augmented_data_consistent_backgrounds\images\train\Needle_Holder_Mayo-Hegar_Straight_Carb-bite_Serrated_Jaws_8in_open_21_aug007.jpg","Needle Holder Mayo-Hegar Straight Carb-bite Serrated Jaws 8in","open","21","7.0"
"D:\augmented_data_consistent_backgrounds\images\train\Needle_Holder_Mayo-Hegar_Straight_Carb-bite_Serrated_Jaws_8in_open_21_aug008.jpg","Needle Holder Mayo-Hegar Straight Carb-bite Serrated Jaws 8in","open","21","8.0"
"D:\augmented_data_consistent_backgrounds\images\train\Needle_Holder_Mayo-Hegar_Straight_Carb-bite_Serrated_Jaws_8in_open_21_aug010.jpg","Needle Holder Mayo-Hegar Straight Carb-bite Serrated Jaws 8in","open","21","10.0"
"D:\augmented_data_consistent_backgrounds\images\train\Needle_Holder_Mayo-Hegar_Straight_Carb-bite_Serrated_Jaws_8in_open_21_aug011.jpg","Needle Holder Mayo-Hegar Straight Carb-bite Serrated Jaws 8in","open","21","11.0"
"D:\augmented_data_consistent_backgrounds\images\train\Needle_Holder_Mayo-Hegar_Straight_Carb-bite_Serrated_Jaws_8in_open_21_aug013.jpg","Needle Holder Mayo-Hegar Straight Carb-bite Serrated Jaws 8in","open","21","13.0"
"D:\augmented_data_consistent_backgrounds\images\train\Needle_Holder_Mayo-Hegar_Straight_Carb-bite_Serrated_Jaws_8in_open_21_aug014.jpg","Needle Holder Mayo-Hegar Straight Carb-bite Serrated Jaws 8in","open","21","14.0"
"D:\augmented_data_consistent_backgrounds\images\train\Needle_Holder_Mayo-Hegar_Straight_Carb-bite_Serrated_Jaws_8in_open_21_aug015.jpg","Needle Holder Mayo-Hegar Straight Carb-bite Serrated Jaws 8in","open","21","15.0"
"D:\augmented_data_consistent_backgrounds\images\train\Needle_Holder_Mayo-Hegar_Straight_Carb-bite_Serrated_Jaws_8in_open_21_aug016.jpg","Needle Holder Mayo-Hegar Straight Carb-bite Serrated Jaws 8in","open","21","16.0"
"D:\augmented_data_consistent_backgrounds\images\train\Needle_Holder_Mayo-Hegar_Straight_Carb-bite_Serrated_Jaws_8in_open_21_aug017.jpg","Needle Holder Mayo-Hegar Straight Carb-bite Serrated Jaws 8in","open","21","17.0"
"D:\augmented_data_consistent_backgrounds\images\train\Needle_Holder_Mayo-Hegar_Straight_Carb-bite_Serrated_Jaws_8in_open_21_aug018.jpg","Needle Holder Mayo-Hegar Straight Carb-bite Serrated Jaws 8in","open","21","18.0"
"D:\augmented_data_consistent_backgrounds\images\train\Needle_Holder_Mayo-Hegar_Straight_Carb-bite_Serrated_Jaws_8in_open_21_aug019.jpg","Needle Holder Mayo-Hegar Straight Carb-bite Serrated Jaws 8in","open","21","19.0"
"D:\augmented_data_consistent_backgrounds\images\train\Needle_Holder_Mayo-Hegar_Straight_Carb-bite_Serrated_Jaws_8in_open_22_aug000.jpg","Needle Holder Mayo-Hegar Straight Carb-bite Serrated Jaws 8in","open","22","0.0"
"D:\augmented_data_consistent_backgrounds\images\train\Needle_Holder_Mayo-Hegar_Straight_Carb-bite_Serrated_Jaws_8in_open_22_aug001.jpg","Needle Holder Mayo-Hegar Straight Carb-bite Serrated Jaws 8in","open","22","1.0"
"D:\augmented_data_consistent_backgrounds\images\train\Needle_Holder_Mayo-Hegar_Straight_Carb-bite_Serrated_Jaws_8in_open_22_aug002.jpg","Needle Holder Mayo-Hegar Straight Carb-bite Serrated Jaws 8in","open","22","2.0"
"D:\augmented_data_consistent_backgrounds\images\train\Needle_Holder_Mayo-Hegar_Straight_Carb-bite_Serrated_Jaws_8in_open_22_aug003.jpg","Needle Holder Mayo-Hegar Straight Carb-bite Serrated Jaws 8in","open","22","3.0"
"D:\augmented_data_consistent_backgrounds\images\train\Needle_Holder_Mayo-Hegar_Straight_Carb-bite_Serrated_Jaws_8in_open_22_aug004.jpg","Needle Holder Mayo-Hegar Straight Carb-bite Serrated Jaws 8in","open","22","4.0"
"D:\augmented_data_consistent_backgrounds\images\train\Needle_Holder_Mayo-Hegar_Straight_Carb-bite_Serrated_Jaws_8in_open_22_aug007.jpg","Needle Holder Mayo-Hegar Straight Carb-bite Serrated Jaws 8in","open","22","7.0"
"D:\augmented_data_consistent_backgrounds\images\train\Needle_Holder_Mayo-Hegar_Straight_Carb-bite_Serrated_Jaws_8in_open_22_aug008.jpg","Needle Holder Mayo-Hegar Straight Carb-bite Serrated Jaws 8in","open","22","8.0"
"D:\augmented_data_consistent_backgrounds\images\train\Needle_Holder_Mayo-Hegar_Straight_Carb-bite_Serrated_Jaws_8in_open_22_aug010.jpg","Needle Holder Mayo-Hegar Straight Carb-bite Serrated Jaws 8in","open","22","10.0"
"D:\augmented_data_consistent_backgrounds\images\train\Needle_Holder_Mayo-Hegar_Straight_Carb-bite_Serrated_Jaws_8in_open_22_aug011.jpg","Needle Holder Mayo-Hegar Straight Carb-bite Serrated Jaws 8in","open","22","11.0"
"D:\augmented_data_consistent_backgrounds\images\train\Needle_Holder_Mayo-Hegar_Straight_Carb-bite_Serrated_Jaws_8in_open_22_aug012.jpg","Needle Holder Mayo-Hegar Straight Carb-bite Serrated Jaws 8in","open","22","12.0"
"D:\augmented_data_consistent_backgrounds\images\train\Needle_Holder_Mayo-Hegar_Straight_Carb-bite_Serrated_Jaws_8in_open_22_aug013.jpg","Needle Holder Mayo-Hegar Straight Carb-bite Serrated Jaws 8in","open","22","13.0"
"D:\augmented_data_consistent_backgrounds\images\train\Needle_Holder_Mayo-Hegar_Straight_Carb-bite_Serrated_Jaws_8in_open_22_aug015.jpg","Needle Holder Mayo-Hegar Straight Carb-bite Serrated Jaws 8in","open","22","15.0"
"D:\augmented_data_consistent_backgrounds\images\train\Needle_Holder_Mayo-Hegar_Straight_Carb-bite_Serrated_Jaws_8in_open_22_aug017.jpg","Needle Holder Mayo-Hegar Straight Carb-bite Serrated Jaws 8in","open","22","17.0"
"D:\augmented_data_consistent_backgrounds\images\train\Needle_Holder_Mayo-Hegar_Straight_Carb-bite_Serrated_Jaws_8in_open_22_aug019.jpg","Needle Holder Mayo-Hegar Straight Carb-bite Serrated Jaws 8in","open","22","19.0"
"D:\augmented_data_consistent_backgrounds\images\train\Needle_Holder_Mayo-Hegar_Straight_Carb-bite_Serrated_Jaws_8in_open_23.jpg","Needle Holder Mayo-Hegar Straight Carb-bite Serrated Jaws 8in","open","23",""
"D:\augmented_data_consistent_backgrounds\images\train\Needle_Holder_Mayo-Hegar_Straight_Carb-bite_Serrated_Jaws_8in_open_23_aug000.jpg","Needle Holder Mayo-Hegar Straight Carb-bite Serrated Jaws 8in","open","23","0.0"
"D:\augmented_data_consistent_backgrounds\images\train\Needle_Holder_Mayo-Hegar_Straight_Carb-bite_Serrated_Jaws_8in_open_23_aug001.jpg","Needle Holder Mayo-Hegar Straight Carb-bite Serrated Jaws 8in","open","23","1.0"
"D:\augmented_data_consistent_backgrounds\images\train\Needle_Holder_Mayo-Hegar_Straight_Carb-bite_Serrated_Jaws_8in_open_23_aug006.jpg","Needle Holder Mayo-Hegar Straight Carb-bite Serrated Jaws 8in","open","23","6.0"
"D:\augmented_data_consistent_backgrounds\images\train\Needle_Holder_Mayo-Hegar_Straight_Carb-bite_Serrated_Jaws_8in_open_23_aug007.jpg","Needle Holder Mayo-Hegar Straight Carb-bite Serrated Jaws 8in","open","23","7.0"
"D:\augmented_data_consistent_backgrounds\images\train\Needle_Holder_Mayo-Hegar_Straight_Carb-bite_Serrated_Jaws_8in_open_23_aug008.jpg","Needle Holder Mayo-Hegar Straight Carb-bite Serrated Jaws 8in","open","23","8.0"
"D:\augmented_data_consistent_backgrounds\images\train\Needle_Holder_Mayo-Hegar_Straight_Carb-bite_Serrated_Jaws_8in_open_23_aug010.jpg","Needle Holder Mayo-Hegar Straight Carb-bite Serrated Jaws 8in","open","23","10.0"
"D:\augmented_data_consistent_backgrounds\images\train\Needle_Holder_Mayo-Hegar_Straight_Carb-bite_Serrated_Jaws_8in_open_23_aug011.jpg","Needle Holder Mayo-Hegar Straight Carb-bite Serrated Jaws 8in","open","23","11.0"
"D:\augmented_data_consistent_backgrounds\images\train\Needle_Holder_Mayo-Hegar_Straight_Carb-bite_Serrated_Jaws_8in_open_23_aug012.jpg","Needle Holder Mayo-Hegar Straight Carb-bite Serrated Jaws 8in","open","23","12.0"
"D:\augmented_data_consistent_backgrounds\images\train\Needle_Holder_Mayo-Hegar_Straight_Carb-bite_Serrated_Jaws_8in_open_23_aug014.jpg","Needle Holder Mayo-Hegar Straight Carb-bite Serrated Jaws 8in","open","23","14.0"
"D:\augmented_data_consistent_backgrounds\images\train\Needle_Holder_Mayo-Hegar_Straight_Carb-bite_Serrated_Jaws_8in_open_23_aug015.jpg","Needle Holder Mayo-Hegar Straight Carb-bite Serrated Jaws 8in","open","23","15.0"
"D:\augmented_data_consistent_backgrounds\images\train\Needle_Holder_Mayo-Hegar_Straight_Carb-bite_Serrated_Jaws_8in_open_23_aug016.jpg","Needle Holder Mayo-Hegar Straight Carb-bite Serrated Jaws 8in","open","23","16.0"
"D:\augmented_data_consistent_backgrounds\images\train\Needle_Holder_Mayo-Hegar_Straight_Carb-bite_Serrated_Jaws_8in_open_23_aug017.jpg","Needle Holder Mayo-Hegar Straight Carb-bite Serrated Jaws 8in","open","23","17.0"
"D:\augmented_data_consistent_backgrounds\images\train\Needle_Holder_Mayo-Hegar_Straight_Carb-bite_Serrated_Jaws_8in_open_24.jpg","Needle Holder Mayo-Hegar Straight Carb-bite Serrated Jaws 8in","open","24",""
"D:\augmented_data_consistent_backgrounds\images\train\Needle_Holder_Mayo-Hegar_Straight_Carb-bite_Serrated_Jaws_8in_open_24_aug001.jpg","Needle Holder Mayo-Hegar Straight Carb-bite Serrated Jaws 8in","open","24","1.0"
"D:\augmented_data_consistent_backgrounds\images\train\Needle_Holder_Mayo-Hegar_Straight_Carb-bite_Serrated_Jaws_8in_open_24_aug002.jpg","Needle Holder Mayo-Hegar Straight Carb-bite Serrated Jaws 8in","open","24","2.0"
"D:\augmented_data_consistent_backgrounds\images\train\Needle_Holder_Mayo-Hegar_Straight_Carb-bite_Serrated_Jaws_8in_open_24_aug003.jpg","Needle Holder Mayo-Hegar Straight Carb-bite Serrated Jaws 8in","open","24","3.0"
"D:\augmented_data_consistent_backgrounds\images\train\Needle_Holder_Mayo-Hegar_Straight_Carb-bite_Serrated_Jaws_8in_open_24_aug005.jpg","Needle Holder Mayo-Hegar Straight Carb-bite Serrated Jaws 8in","open","24","5.0"
"D:\augmented_data_consistent_backgrounds\images\train\Needle_Holder_Mayo-Hegar_Straight_Carb-bite_Serrated_Jaws_8in_open_24_aug006.jpg","Needle Holder Mayo-Hegar Straight Carb-bite Serrated Jaws 8in","open","24","6.0"
"D:\augmented_data_consistent_backgrounds\images\train\Needle_Holder_Mayo-Hegar_Straight_Carb-bite_Serrated_Jaws_8in_open_24_aug007.jpg","Needle Holder Mayo-Hegar Straight Carb-bite Serrated Jaws 8in","open","24","7.0"
"D:\augmented_data_consistent_backgrounds\images\train\Needle_Holder_Mayo-Hegar_Straight_Carb-bite_Serrated_Jaws_8in_open_24_aug008.jpg","Needle Holder Mayo-Hegar Straight Carb-bite Serrated Jaws 8in","open","24","8.0"
"D:\augmented_data_consistent_backgrounds\images\train\Needle_Holder_Mayo-Hegar_Straight_Carb-bite_Serrated_Jaws_8in_open_24_aug009.jpg","Needle Holder Mayo-Hegar Straight Carb-bite Serrated Jaws 8in","open","24","9.0"
"D:\augmented_data_consistent_backgrounds\images\train\Needle_Holder_Mayo-Hegar_Straight_Carb-bite_Serrated_Jaws_8in_open_24_aug011.jpg","Needle Holder Mayo-Hegar Straight Carb-bite Serrated Jaws 8in","open","24","11.0"
"D:\augmented_data_consistent_backgrounds\images\train\Needle_Holder_Mayo-Hegar_Straight_Carb-bite_Serrated_Jaws_8in_open_24_aug013.jpg","Needle Holder Mayo-Hegar Straight Carb-bite Serrated Jaws 8in","open","24","13.0"
"D:\augmented_data_consistent_backgrounds\images\train\Needle_Holder_Mayo-Hegar_Straight_Carb-bite_Serrated_Jaws_8in_open_24_aug014.jpg","Needle Holder Mayo-Hegar Straight Carb-bite Serrated Jaws 8in","open","24","14.0"
"D:\augmented_data_consistent_backgrounds\images\train\Needle_Holder_Mayo-Hegar_Straight_Carb-bite_Serrated_Jaws_8in_open_24_aug015.jpg","Needle Holder Mayo-Hegar Straight Carb-bite Serrated Jaws 8in","open","24","15.0"
"D:\augmented_data_consistent_backgrounds\images\train\Needle_Holder_Mayo-Hegar_Straight_Carb-bite_Serrated_Jaws_8in_open_24_aug016.jpg","Needle Holder Mayo-Hegar Straight Carb-bite Serrated Jaws 8in","open","24","16.0"
"D:\augmented_data_consistent_backgrounds\images\train\Needle_Holder_Mayo-Hegar_Straight_Carb-bite_Serrated_Jaws_8in_open_24_aug017.jpg","Needle Holder Mayo-Hegar Straight Carb-bite Serrated Jaws 8in","open","24","17.0"
"D:\augmented_data_consistent_backgrounds\images\train\Needle_Holder_Mayo-Hegar_Straight_Carb-bite_Serrated_Jaws_8in_open_24_aug018.jpg","Needle Holder Mayo-Hegar Straight Carb-bite Serrated Jaws 8in","open","24","18.0"
"D:\augmented_data_consistent_backgrounds\images\train\Needle_Holder_Mayo-Hegar_Straight_Carb-bite_Serrated_Jaws_8in_open_24_aug019.jpg","Needle Holder Mayo-Hegar Straight Carb-bite Serrated Jaws 8in","open","24","19.0"
"D:\augmented_data_consistent_backgrounds\images\train\Needle_Holder_Mayo-Hegar_Straight_Carb-bite_Serrated_Jaws_8in_open_25.jpg","Needle Holder Mayo-Hegar Straight Carb-bite Serrated Jaws 8in","open","25",""
"D:\augmented_data_consistent_backgrounds\images\train\Needle_Holder_Mayo-Hegar_Straight_Carb-bite_Serrated_Jaws_8in_open_25_aug001.jpg","Needle Holder Mayo-Hegar Straight Carb-bite Serrated Jaws 8in","open","25","1.0"
"D:\augmented_data_consistent_backgrounds\images\train\Needle_Holder_Mayo-Hegar_Straight_Carb-bite_Serrated_Jaws_8in_open_25_aug002.jpg","Needle Holder Mayo-Hegar Straight Carb-bite Serrated Jaws 8in","open","25","2.0"
"D:\augmented_data_consistent_backgrounds\images\train\Needle_Holder_Mayo-Hegar_Straight_Carb-bite_Serrated_Jaws_8in_open_25_aug003.jpg","Needle Holder Mayo-Hegar Straight Carb-bite Serrated Jaws 8in","open","25","3.0"
"D:\augmented_data_consistent_backgrounds\images\train\Needle_Holder_Mayo-Hegar_Straight_Carb-bite_Serrated_Jaws_8in_open_25_aug004.jpg","Needle Holder Mayo-Hegar Straight Carb-bite Serrated Jaws 8in","open","25","4.0"
"D:\augmented_data_consistent_backgrounds\images\train\Needle_Holder_Mayo-Hegar_Straight_Carb-bite_Serrated_Jaws_8in_open_25_aug005.jpg","Needle Holder Mayo-Hegar Straight Carb-bite Serrated Jaws 8in","open","25","5.0"
"D:\augmented_data_consistent_backgrounds\images\train\Needle_Holder_Mayo-Hegar_Straight_Carb-bite_Serrated_Jaws_8in_open_25_aug007.jpg","Needle Holder Mayo-Hegar Straight Carb-bite Serrated Jaws 8in","open","25","7.0"
"D:\augmented_data_consistent_backgrounds\images\train\Needle_Holder_Mayo-Hegar_Straight_Carb-bite_Serrated_Jaws_8in_open_25_aug008.jpg","Needle Holder Mayo-Hegar Straight Carb-bite Serrated Jaws 8in","open","25","8.0"
"D:\augmented_data_consistent_backgrounds\images\train\Needle_Holder_Mayo-Hegar_Straight_Carb-bite_Serrated_Jaws_8in_open_25_aug009.jpg","Needle Holder Mayo-Hegar Straight Carb-bite Serrated Jaws 8in","open","25","9.0"
"D:\augmented_data_consistent_backgrounds\images\train\Needle_Holder_Mayo-Hegar_Straight_Carb-bite_Serrated_Jaws_8in_open_25_aug010.jpg","Needle Holder Mayo-Hegar Straight Carb-bite Serrated Jaws 8in","open","25","10.0"
"D:\augmented_data_consistent_backgrounds\images\train\Needle_Holder_Mayo-Hegar_Straight_Carb-bite_Serrated_Jaws_8in_open_25_aug011.jpg","Needle Holder Mayo-Hegar Straight Carb-bite Serrated Jaws 8in","open","25","11.0"
"D:\augmented_data_consistent_backgrounds\images\train\Needle_Holder_Mayo-Hegar_Straight_Carb-bite_Serrated_Jaws_8in_open_25_aug012.jpg","Needle Holder Mayo-Hegar Straight Carb-bite Serrated Jaws 8in","open","25","12.0"
"D:\augmented_data_consistent_backgrounds\images\train\Needle_Holder_Mayo-Hegar_Straight_Carb-bite_Serrated_Jaws_8in_open_25_aug013.jpg","Needle Holder Mayo-Hegar Straight Carb-bite Serrated Jaws 8in","open","25","13.0"
"D:\augmented_data_consistent_backgrounds\images\train\Needle_Holder_Mayo-Hegar_Straight_Carb-bite_Serrated_Jaws_8in_open_25_aug014.jpg","Needle Holder Mayo-Hegar Straight Carb-bite Serrated Jaws 8in","open","25","14.0"
"D:\augmented_data_consistent_backgrounds\images\train\Needle_Holder_Mayo-Hegar_Straight_Carb-bite_Serrated_Jaws_8in_open_25_aug015.jpg","Needle Holder Mayo-Hegar Straight Carb-bite Serrated Jaws 8in","open","25","15.0"
"D:\augmented_data_consistent_backgrounds\images\train\Needle_Holder_Mayo-Hegar_Straight_Carb-bite_Serrated_Jaws_8in_open_25_aug017.jpg","Needle Holder Mayo-Hegar Straight Carb-bite Serrated Jaws 8in","open","25","17.0"
"D:\augmented_data_consistent_backgrounds\images\train\Needle_Holder_Mayo-Hegar_Straight_Carb-bite_Serrated_Jaws_8in_open_25_aug019.jpg","Needle Holder Mayo-Hegar Straight Carb-bite Serrated Jaws 8in","open","25","19.0"
"D:\augmented_data_consistent_backgrounds\images\train\Needle_Holder_Ryder_Straight_Carb-bite_Serrated_Jaws_8in_closed_01.jpg","Needle Holder Ryder Straight Carb-bite Serrated Jaws 8in","closed","1",""
"D:\augmented_data_consistent_backgrounds\images\train\Needle_Holder_Ryder_Straight_Carb-bite_Serrated_Jaws_8in_closed_01_aug000.jpg","Needle Holder Ryder Straight Carb-bite Serrated Jaws 8in","closed","1","0.0"
"D:\augmented_data_consistent_backgrounds\images\train\Needle_Holder_Ryder_Straight_Carb-bite_Serrated_Jaws_8in_closed_01_aug003.jpg","Needle Holder Ryder Straight Carb-bite Serrated Jaws 8in","closed","1","3.0"
"D:\augmented_data_consistent_backgrounds\images\train\Needle_Holder_Ryder_Straight_Carb-bite_Serrated_Jaws_8in_closed_01_aug004.jpg","Needle Holder Ryder Straight Carb-bite Serrated Jaws 8in","closed","1","4.0"
"D:\augmented_data_consistent_backgrounds\images\train\Needle_Holder_Ryder_Straight_Carb-bite_Serrated_Jaws_8in_closed_01_aug005.jpg","Needle Holder Ryder Straight Carb-bite Serrated Jaws 8in","closed","1","5.0"
"D:\augmented_data_consistent_backgrounds\images\train\Needle_Holder_Ryder_Straight_Carb-bite_Serrated_Jaws_8in_closed_01_aug007.jpg","Needle Holder Ryder Straight Carb-bite Serrated Jaws 8in","closed","1","7.0"
"D:\augmented_data_consistent_backgrounds\images\train\Needle_Holder_Ryder_Straight_Carb-bite_Serrated_Jaws_8in_closed_01_aug009.jpg","Needle Holder Ryder Straight Carb-bite Serrated Jaws 8in","closed","1","9.0"
"D:\augmented_data_consistent_backgrounds\images\train\Needle_Holder_Ryder_Straight_Carb-bite_Serrated_Jaws_8in_closed_01_aug010.jpg","Needle Holder Ryder Straight Carb-bite Serrated Jaws 8in","closed","1","10.0"
"D:\augmented_data_consistent_backgrounds\images\train\Needle_Holder_Ryder_Straight_Carb-bite_Serrated_Jaws_8in_closed_01_aug011.jpg","Needle Holder Ryder Straight Carb-bite Serrated Jaws 8in","closed","1","11.0"
"D:\augmented_data_consistent_backgrounds\images\train\Needle_Holder_Ryder_Straight_Carb-bite_Serrated_Jaws_8in_closed_01_aug012.jpg","Needle Holder Ryder Straight Carb-bite Serrated Jaws 8in","closed","1","12.0"
"D:\augmented_data_consistent_backgrounds\images\train\Needle_Holder_Ryder_Straight_Carb-bite_Serrated_Jaws_8in_closed_01_aug014.jpg","Needle Holder Ryder Straight Carb-bite Serrated Jaws 8in","closed","1","14.0"
"D:\augmented_data_consistent_backgrounds\images\train\Needle_Holder_Ryder_Straight_Carb-bite_Serrated_Jaws_8in_closed_01_aug015.jpg","Needle Holder Ryder Straight Carb-bite Serrated Jaws 8in","closed","1","15.0"
"D:\augmented_data_consistent_backgrounds\images\train\Needle_Holder_Ryder_Straight_Carb-bite_Serrated_Jaws_8in_closed_01_aug016.jpg","Needle Holder Ryder Straight Carb-bite Serrated Jaws 8in","closed","1","16.0"
"D:\augmented_data_consistent_backgrounds\images\train\Needle_Holder_Ryder_Straight_Carb-bite_Serrated_Jaws_8in_closed_01_aug017.jpg","Needle Holder Ryder Straight Carb-bite Serrated Jaws 8in","closed","1","17.0"
"D:\augmented_data_consistent_backgrounds\images\train\Needle_Holder_Ryder_Straight_Carb-bite_Serrated_Jaws_8in_closed_01_aug018.jpg","Needle Holder Ryder Straight Carb-bite Serrated Jaws 8in","closed","1","18.0"
"D:\augmented_data_consistent_backgrounds\images\train\Needle_Holder_Ryder_Straight_Carb-bite_Serrated_Jaws_8in_closed_01_aug019.jpg","Needle Holder Ryder Straight Carb-bite Serrated Jaws 8in","closed","1","19.0"
"D:\augmented_data_consistent_backgrounds\images\train\Needle_Holder_Ryder_Straight_Carb-bite_Serrated_Jaws_8in_closed_02.jpg","Needle Holder Ryder Straight Carb-bite Serrated Jaws 8in","closed","2",""
"D:\augmented_data_consistent_backgrounds\images\train\Needle_Holder_Ryder_Straight_Carb-bite_Serrated_Jaws_8in_closed_02_aug000.jpg","Needle Holder Ryder Straight Carb-bite Serrated Jaws 8in","closed","2","0.0"
"D:\augmented_data_consistent_backgrounds\images\train\Needle_Holder_Ryder_Straight_Carb-bite_Serrated_Jaws_8in_closed_02_aug001.jpg","Needle Holder Ryder Straight Carb-bite Serrated Jaws 8in","closed","2","1.0"
"D:\augmented_data_consistent_backgrounds\images\train\Needle_Holder_Ryder_Straight_Carb-bite_Serrated_Jaws_8in_closed_02_aug004.jpg","Needle Holder Ryder Straight Carb-bite Serrated Jaws 8in","closed","2","4.0"
"D:\augmented_data_consistent_backgrounds\images\train\Needle_Holder_Ryder_Straight_Carb-bite_Serrated_Jaws_8in_closed_02_aug005.jpg","Needle Holder Ryder Straight Carb-bite Serrated Jaws 8in","closed","2","5.0"
"D:\augmented_data_consistent_backgrounds\images\train\Needle_Holder_Ryder_Straight_Carb-bite_Serrated_Jaws_8in_closed_02_aug006.jpg","Needle Holder Ryder Straight Carb-bite Serrated Jaws 8in","closed","2","6.0"
"D:\augmented_data_consistent_backgrounds\images\train\Needle_Holder_Ryder_Straight_Carb-bite_Serrated_Jaws_8in_closed_02_aug007.jpg","Needle Holder Ryder Straight Carb-bite Serrated Jaws 8in","closed","2","7.0"
"D:\augmented_data_consistent_backgrounds\images\train\Needle_Holder_Ryder_Straight_Carb-bite_Serrated_Jaws_8in_closed_02_aug008.jpg","Needle Holder Ryder Straight Carb-bite Serrated Jaws 8in","closed","2","8.0"
"D:\augmented_data_consistent_backgrounds\images\train\Needle_Holder_Ryder_Straight_Carb-bite_Serrated_Jaws_8in_closed_02_aug009.jpg","Needle Holder Ryder Straight Carb-bite Serrated Jaws 8in","closed","2","9.0"
"D:\augmented_data_consistent_backgrounds\images\train\Needle_Holder_Ryder_Straight_Carb-bite_Serrated_Jaws_8in_closed_02_aug011.jpg","Needle Holder Ryder Straight Carb-bite Serrated Jaws 8in","closed","2","11.0"
"D:\augmented_data_consistent_backgrounds\images\train\Needle_Holder_Ryder_Straight_Carb-bite_Serrated_Jaws_8in_closed_02_aug012.jpg","Needle Holder Ryder Straight Carb-bite Serrated Jaws 8in","closed","2","12.0"
"D:\augmented_data_consistent_backgrounds\images\train\Needle_Holder_Ryder_Straight_Carb-bite_Serrated_Jaws_8in_closed_02_aug013.jpg","Needle Holder Ryder Straight Carb-bite Serrated Jaws 8in","closed","2","13.0"
"D:\augmented_data_consistent_backgrounds\images\train\Needle_Holder_Ryder_Straight_Carb-bite_Serrated_Jaws_8in_closed_02_aug014.jpg","Needle Holder Ryder Straight Carb-bite Serrated Jaws 8in","closed","2","14.0"
"D:\augmented_data_consistent_backgrounds\images\train\Needle_Holder_Ryder_Straight_Carb-bite_Serrated_Jaws_8in_closed_02_aug015.jpg","Needle Holder Ryder Straight Carb-bite Serrated Jaws 8in","closed","2","15.0"
"D:\augmented_data_consistent_backgrounds\images\train\Needle_Holder_Ryder_Straight_Carb-bite_Serrated_Jaws_8in_closed_02_aug016.jpg","Needle Holder Ryder Straight Carb-bite Serrated Jaws 8in","closed","2","16.0"
"D:\augmented_data_consistent_backgrounds\images\train\Needle_Holder_Ryder_Straight_Carb-bite_Serrated_Jaws_8in_closed_02_aug018.jpg","Needle Holder Ryder Straight Carb-bite Serrated Jaws 8in","closed","2","18.0"
"D:\augmented_data_consistent_backgrounds\images\train\Needle_Holder_Ryder_Straight_Carb-bite_Serrated_Jaws_8in_closed_02_aug019.jpg","Needle Holder Ryder Straight Carb-bite Serrated Jaws 8in","closed","2","19.0"
"D:\augmented_data_consistent_backgrounds\images\train\Needle_Holder_Ryder_Straight_Carb-bite_Serrated_Jaws_8in_closed_03.jpg","Needle Holder Ryder Straight Carb-bite Serrated Jaws 8in","closed","3",""
"D:\augmented_data_consistent_backgrounds\images\train\Needle_Holder_Ryder_Straight_Carb-bite_Serrated_Jaws_8in_closed_03_aug000.jpg","Needle Holder Ryder Straight Carb-bite Serrated Jaws 8in","closed","3","0.0"
"D:\augmented_data_consistent_backgrounds\images\train\Needle_Holder_Ryder_Straight_Carb-bite_Serrated_Jaws_8in_closed_03_aug001.jpg","Needle Holder Ryder Straight Carb-bite Serrated Jaws 8in","closed","3","1.0"
"D:\augmented_data_consistent_backgrounds\images\train\Needle_Holder_Ryder_Straight_Carb-bite_Serrated_Jaws_8in_closed_03_aug003.jpg","Needle Holder Ryder Straight Carb-bite Serrated Jaws 8in","closed","3","3.0"
"D:\augmented_data_consistent_backgrounds\images\train\Needle_Holder_Ryder_Straight_Carb-bite_Serrated_Jaws_8in_closed_03_aug004.jpg","Needle Holder Ryder Straight Carb-bite Serrated Jaws 8in","closed","3","4.0"
"D:\augmented_data_consistent_backgrounds\images\train\Needle_Holder_Ryder_Straight_Carb-bite_Serrated_Jaws_8in_closed_03_aug005.jpg","Needle Holder Ryder Straight Carb-bite Serrated Jaws 8in","closed","3","5.0"
"D:\augmented_data_consistent_backgrounds\images\train\Needle_Holder_Ryder_Straight_Carb-bite_Serrated_Jaws_8in_closed_03_aug006.jpg","Needle Holder Ryder Straight Carb-bite Serrated Jaws 8in","closed","3","6.0"
"D:\augmented_data_consistent_backgrounds\images\train\Needle_Holder_Ryder_Straight_Carb-bite_Serrated_Jaws_8in_closed_03_aug007.jpg","Needle Holder Ryder Straight Carb-bite Serrated Jaws 8in","closed","3","7.0"
"D:\augmented_data_consistent_backgrounds\images\train\Needle_Holder_Ryder_Straight_Carb-bite_Serrated_Jaws_8in_closed_03_aug010.jpg","Needle Holder Ryder Straight Carb-bite Serrated Jaws 8in","closed","3","10.0"
"D:\augmented_data_consistent_backgrounds\images\train\Needle_Holder_Ryder_Straight_Carb-bite_Serrated_Jaws_8in_closed_03_aug011.jpg","Needle Holder Ryder Straight Carb-bite Serrated Jaws 8in","closed","3","11.0"
"D:\augmented_data_consistent_backgrounds\images\train\Needle_Holder_Ryder_Straight_Carb-bite_Serrated_Jaws_8in_closed_03_aug012.jpg","Needle Holder Ryder Straight Carb-bite Serrated Jaws 8in","closed","3","12.0"
"D:\augmented_data_consistent_backgrounds\images\train\Needle_Holder_Ryder_Straight_Carb-bite_Serrated_Jaws_8in_closed_03_aug013.jpg","Needle Holder Ryder Straight Carb-bite Serrated Jaws 8in","closed","3","13.0"
"D:\augmented_data_consistent_backgrounds\images\train\Needle_Holder_Ryder_Straight_Carb-bite_Serrated_Jaws_8in_closed_03_aug016.jpg","Needle Holder Ryder Straight Carb-bite Serrated Jaws 8in","closed","3","16.0"
"D:\augmented_data_consistent_backgrounds\images\train\Needle_Holder_Ryder_Straight_Carb-bite_Serrated_Jaws_8in_closed_03_aug017.jpg","Needle Holder Ryder Straight Carb-bite Serrated Jaws 8in","closed","3","17.0"
"D:\augmented_data_consistent_backgrounds\images\train\Needle_Holder_Ryder_Straight_Carb-bite_Serrated_Jaws_8in_closed_03_aug019.jpg","Needle Holder Ryder Straight Carb-bite Serrated Jaws 8in","closed","3","19.0"
"D:\augmented_data_consistent_backgrounds\images\train\Needle_Holder_Ryder_Straight_Carb-bite_Serrated_Jaws_8in_closed_04.jpg","Needle Holder Ryder Straight Carb-bite Serrated Jaws 8in","closed","4",""
"D:\augmented_data_consistent_backgrounds\images\train\Needle_Holder_Ryder_Straight_Carb-bite_Serrated_Jaws_8in_closed_04_aug000.jpg","Needle Holder Ryder Straight Carb-bite Serrated Jaws 8in","closed","4","0.0"
"D:\augmented_data_consistent_backgrounds\images\train\Needle_Holder_Ryder_Straight_Carb-bite_Serrated_Jaws_8in_closed_04_aug001.jpg","Needle Holder Ryder Straight Carb-bite Serrated Jaws 8in","closed","4","1.0"
"D:\augmented_data_consistent_backgrounds\images\train\Needle_Holder_Ryder_Straight_Carb-bite_Serrated_Jaws_8in_closed_04_aug003.jpg","Needle Holder Ryder Straight Carb-bite Serrated Jaws 8in","closed","4","3.0"
"D:\augmented_data_consistent_backgrounds\images\train\Needle_Holder_Ryder_Straight_Carb-bite_Serrated_Jaws_8in_closed_04_aug004.jpg","Needle Holder Ryder Straight Carb-bite Serrated Jaws 8in","closed","4","4.0"
"D:\augmented_data_consistent_backgrounds\images\train\Needle_Holder_Ryder_Straight_Carb-bite_Serrated_Jaws_8in_closed_04_aug005.jpg","Needle Holder Ryder Straight Carb-bite Serrated Jaws 8in","closed","4","5.0"
"D:\augmented_data_consistent_backgrounds\images\train\Needle_Holder_Ryder_Straight_Carb-bite_Serrated_Jaws_8in_closed_04_aug009.jpg","Needle Holder Ryder Straight Carb-bite Serrated Jaws 8in","closed","4","9.0"
"D:\augmented_data_consistent_backgrounds\images\train\Needle_Holder_Ryder_Straight_Carb-bite_Serrated_Jaws_8in_closed_04_aug010.jpg","Needle Holder Ryder Straight Carb-bite Serrated Jaws 8in","closed","4","10.0"
"D:\augmented_data_consistent_backgrounds\images\train\Needle_Holder_Ryder_Straight_Carb-bite_Serrated_Jaws_8in_closed_04_aug012.jpg","Needle Holder Ryder Straight Carb-bite Serrated Jaws 8in","closed","4","12.0"
"D:\augmented_data_consistent_backgrounds\images\train\Needle_Holder_Ryder_Straight_Carb-bite_Serrated_Jaws_8in_closed_04_aug013.jpg","Needle Holder Ryder Straight Carb-bite Serrated Jaws 8in","closed","4","13.0"
"D:\augmented_data_consistent_backgrounds\images\train\Needle_Holder_Ryder_Straight_Carb-bite_Serrated_Jaws_8in_closed_04_aug015.jpg","Needle Holder Ryder Straight Carb-bite Serrated Jaws 8in","closed","4","15.0"
"D:\augmented_data_consistent_backgrounds\images\train\Needle_Holder_Ryder_Straight_Carb-bite_Serrated_Jaws_8in_closed_04_aug016.jpg","Needle Holder Ryder Straight Carb-bite Serrated Jaws 8in","closed","4","16.0"
"D:\augmented_data_consistent_backgrounds\images\train\Needle_Holder_Ryder_Straight_Carb-bite_Serrated_Jaws_8in_closed_04_aug017.jpg","Needle Holder Ryder Straight Carb-bite Serrated Jaws 8in","closed","4","17.0"
"D:\augmented_data_consistent_backgrounds\images\train\Needle_Holder_Ryder_Straight_Carb-bite_Serrated_Jaws_8in_closed_04_aug018.jpg","Needle Holder Ryder Straight Carb-bite Serrated Jaws 8in","closed","4","18.0"
"D:\augmented_data_consistent_backgrounds\images\train\Needle_Holder_Ryder_Straight_Carb-bite_Serrated_Jaws_8in_closed_04_aug019.jpg","Needle Holder Ryder Straight Carb-bite Serrated Jaws 8in","closed","4","19.0"
"D:\augmented_data_consistent_backgrounds\images\train\Needle_Holder_Ryder_Straight_Carb-bite_Serrated_Jaws_8in_closed_05.jpg","Needle Holder Ryder Straight Carb-bite Serrated Jaws 8in","closed","5",""
"D:\augmented_data_consistent_backgrounds\images\train\Needle_Holder_Ryder_Straight_Carb-bite_Serrated_Jaws_8in_closed_05_aug000.jpg","Needle Holder Ryder Straight Carb-bite Serrated Jaws 8in","closed","5","0.0"
"D:\augmented_data_consistent_backgrounds\images\train\Needle_Holder_Ryder_Straight_Carb-bite_Serrated_Jaws_8in_closed_05_aug001.jpg","Needle Holder Ryder Straight Carb-bite Serrated Jaws 8in","closed","5","1.0"
"D:\augmented_data_consistent_backgrounds\images\train\Needle_Holder_Ryder_Straight_Carb-bite_Serrated_Jaws_8in_closed_05_aug002.jpg","Needle Holder Ryder Straight Carb-bite Serrated Jaws 8in","closed","5","2.0"
"D:\augmented_data_consistent_backgrounds\images\train\Needle_Holder_Ryder_Straight_Carb-bite_Serrated_Jaws_8in_closed_05_aug003.jpg","Needle Holder Ryder Straight Carb-bite Serrated Jaws 8in","closed","5","3.0"
"D:\augmented_data_consistent_backgrounds\images\train\Needle_Holder_Ryder_Straight_Carb-bite_Serrated_Jaws_8in_closed_05_aug004.jpg","Needle Holder Ryder Straight Carb-bite Serrated Jaws 8in","closed","5","4.0"
"D:\augmented_data_consistent_backgrounds\images\train\Needle_Holder_Ryder_Straight_Carb-bite_Serrated_Jaws_8in_closed_05_aug005.jpg","Needle Holder Ryder Straight Carb-bite Serrated Jaws 8in","closed","5","5.0"
"D:\augmented_data_consistent_backgrounds\images\train\Needle_Holder_Ryder_Straight_Carb-bite_Serrated_Jaws_8in_closed_05_aug006.jpg","Needle Holder Ryder Straight Carb-bite Serrated Jaws 8in","closed","5","6.0"
"D:\augmented_data_consistent_backgrounds\images\train\Needle_Holder_Ryder_Straight_Carb-bite_Serrated_Jaws_8in_closed_05_aug007.jpg","Needle Holder Ryder Straight Carb-bite Serrated Jaws 8in","closed","5","7.0"
"D:\augmented_data_consistent_backgrounds\images\train\Needle_Holder_Ryder_Straight_Carb-bite_Serrated_Jaws_8in_closed_05_aug008.jpg","Needle Holder Ryder Straight Carb-bite Serrated Jaws 8in","closed","5","8.0"
"D:\augmented_data_consistent_backgrounds\images\train\Needle_Holder_Ryder_Straight_Carb-bite_Serrated_Jaws_8in_closed_05_aug009.jpg","Needle Holder Ryder Straight Carb-bite Serrated Jaws 8in","closed","5","9.0"
"D:\augmented_data_consistent_backgrounds\images\train\Needle_Holder_Ryder_Straight_Carb-bite_Serrated_Jaws_8in_closed_05_aug010.jpg","Needle Holder Ryder Straight Carb-bite Serrated Jaws 8in","closed","5","10.0"
"D:\augmented_data_consistent_backgrounds\images\train\Needle_Holder_Ryder_Straight_Carb-bite_Serrated_Jaws_8in_closed_05_aug013.jpg","Needle Holder Ryder Straight Carb-bite Serrated Jaws 8in","closed","5","13.0"
"D:\augmented_data_consistent_backgrounds\images\train\Needle_Holder_Ryder_Straight_Carb-bite_Serrated_Jaws_8in_closed_05_aug014.jpg","Needle Holder Ryder Straight Carb-bite Serrated Jaws 8in","closed","5","14.0"
"D:\augmented_data_consistent_backgrounds\images\train\Needle_Holder_Ryder_Straight_Carb-bite_Serrated_Jaws_8in_closed_05_aug015.jpg","Needle Holder Ryder Straight Carb-bite Serrated Jaws 8in","closed","5","15.0"
"D:\augmented_data_consistent_backgrounds\images\train\Needle_Holder_Ryder_Straight_Carb-bite_Serrated_Jaws_8in_closed_05_aug017.jpg","Needle Holder Ryder Straight Carb-bite Serrated Jaws 8in","closed","5","17.0"
"D:\augmented_data_consistent_backgrounds\images\train\Needle_Holder_Ryder_Straight_Carb-bite_Serrated_Jaws_8in_closed_05_aug018.jpg","Needle Holder Ryder Straight Carb-bite Serrated Jaws 8in","closed","5","18.0"
"D:\augmented_data_consistent_backgrounds\images\train\Needle_Holder_Ryder_Straight_Carb-bite_Serrated_Jaws_8in_closed_05_aug019.jpg","Needle Holder Ryder Straight Carb-bite Serrated Jaws 8in","closed","5","19.0"
"D:\augmented_data_consistent_backgrounds\images\train\Needle_Holder_Ryder_Straight_Carb-bite_Serrated_Jaws_8in_closed_06_aug000.jpg","Needle Holder Ryder Straight Carb-bite Serrated Jaws 8in","closed","6","0.0"
"D:\augmented_data_consistent_backgrounds\images\train\Needle_Holder_Ryder_Straight_Carb-bite_Serrated_Jaws_8in_closed_06_aug001.jpg","Needle Holder Ryder Straight Carb-bite Serrated Jaws 8in","closed","6","1.0"
"D:\augmented_data_consistent_backgrounds\images\train\Needle_Holder_Ryder_Straight_Carb-bite_Serrated_Jaws_8in_closed_06_aug002.jpg","Needle Holder Ryder Straight Carb-bite Serrated Jaws 8in","closed","6","2.0"
"D:\augmented_data_consistent_backgrounds\images\train\Needle_Holder_Ryder_Straight_Carb-bite_Serrated_Jaws_8in_closed_06_aug003.jpg","Needle Holder Ryder Straight Carb-bite Serrated Jaws 8in","closed","6","3.0"
"D:\augmented_data_consistent_backgrounds\images\train\Needle_Holder_Ryder_Straight_Carb-bite_Serrated_Jaws_8in_closed_06_aug006.jpg","Needle Holder Ryder Straight Carb-bite Serrated Jaws 8in","closed","6","6.0"
"D:\augmented_data_consistent_backgrounds\images\train\Needle_Holder_Ryder_Straight_Carb-bite_Serrated_Jaws_8in_closed_06_aug007.jpg","Needle Holder Ryder Straight Carb-bite Serrated Jaws 8in","closed","6","7.0"
"D:\augmented_data_consistent_backgrounds\images\train\Needle_Holder_Ryder_Straight_Carb-bite_Serrated_Jaws_8in_closed_06_aug008.jpg","Needle Holder Ryder Straight Carb-bite Serrated Jaws 8in","closed","6","8.0"
"D:\augmented_data_consistent_backgrounds\images\train\Needle_Holder_Ryder_Straight_Carb-bite_Serrated_Jaws_8in_closed_06_aug011.jpg","Needle Holder Ryder Straight Carb-bite Serrated Jaws 8in","closed","6","11.0"
"D:\augmented_data_consistent_backgrounds\images\train\Needle_Holder_Ryder_Straight_Carb-bite_Serrated_Jaws_8in_closed_06_aug012.jpg","Needle Holder Ryder Straight Carb-bite Serrated Jaws 8in","closed","6","12.0"
"D:\augmented_data_consistent_backgrounds\images\train\Needle_Holder_Ryder_Straight_Carb-bite_Serrated_Jaws_8in_closed_06_aug014.jpg","Needle Holder Ryder Straight Carb-bite Serrated Jaws 8in","closed","6","14.0"
"D:\augmented_data_consistent_backgrounds\images\train\Needle_Holder_Ryder_Straight_Carb-bite_Serrated_Jaws_8in_closed_06_aug015.jpg","Needle Holder Ryder Straight Carb-bite Serrated Jaws 8in","closed","6","15.0"
"D:\augmented_data_consistent_backgrounds\images\train\Needle_Holder_Ryder_Straight_Carb-bite_Serrated_Jaws_8in_closed_06_aug016.jpg","Needle Holder Ryder Straight Carb-bite Serrated Jaws 8in","closed","6","16.0"
"D:\augmented_data_consistent_backgrounds\images\train\Needle_Holder_Ryder_Straight_Carb-bite_Serrated_Jaws_8in_closed_06_aug018.jpg","Needle Holder Ryder Straight Carb-bite Serrated Jaws 8in","closed","6","18.0"
"D:\augmented_data_consistent_backgrounds\images\train\Needle_Holder_Ryder_Straight_Carb-bite_Serrated_Jaws_8in_closed_06_aug019.jpg","Needle Holder Ryder Straight Carb-bite Serrated Jaws 8in","closed","6","19.0"
"D:\augmented_data_consistent_backgrounds\images\train\Needle_Holder_Ryder_Straight_Carb-bite_Serrated_Jaws_8in_closed_07_aug000.jpg","Needle Holder Ryder Straight Carb-bite Serrated Jaws 8in","closed","7","0.0"
"D:\augmented_data_consistent_backgrounds\images\train\Needle_Holder_Ryder_Straight_Carb-bite_Serrated_Jaws_8in_closed_07_aug001.jpg","Needle Holder Ryder Straight Carb-bite Serrated Jaws 8in","closed","7","1.0"
"D:\augmented_data_consistent_backgrounds\images\train\Needle_Holder_Ryder_Straight_Carb-bite_Serrated_Jaws_8in_closed_07_aug002.jpg","Needle Holder Ryder Straight Carb-bite Serrated Jaws 8in","closed","7","2.0"
"D:\augmented_data_consistent_backgrounds\images\train\Needle_Holder_Ryder_Straight_Carb-bite_Serrated_Jaws_8in_closed_07_aug003.jpg","Needle Holder Ryder Straight Carb-bite Serrated Jaws 8in","closed","7","3.0"
"D:\augmented_data_consistent_backgrounds\images\train\Needle_Holder_Ryder_Straight_Carb-bite_Serrated_Jaws_8in_closed_07_aug004.jpg","Needle Holder Ryder Straight Carb-bite Serrated Jaws 8in","closed","7","4.0"
"D:\augmented_data_consistent_backgrounds\images\train\Needle_Holder_Ryder_Straight_Carb-bite_Serrated_Jaws_8in_closed_07_aug005.jpg","Needle Holder Ryder Straight Carb-bite Serrated Jaws 8in","closed","7","5.0"
"D:\augmented_data_consistent_backgrounds\images\train\Needle_Holder_Ryder_Straight_Carb-bite_Serrated_Jaws_8in_closed_07_aug006.jpg","Needle Holder Ryder Straight Carb-bite Serrated Jaws 8in","closed","7","6.0"
"D:\augmented_data_consistent_backgrounds\images\train\Needle_Holder_Ryder_Straight_Carb-bite_Serrated_Jaws_8in_closed_07_aug007.jpg","Needle Holder Ryder Straight Carb-bite Serrated Jaws 8in","closed","7","7.0"
"D:\augmented_data_consistent_backgrounds\images\train\Needle_Holder_Ryder_Straight_Carb-bite_Serrated_Jaws_8in_closed_07_aug008.jpg","Needle Holder Ryder Straight Carb-bite Serrated Jaws 8in","closed","7","8.0"
"D:\augmented_data_consistent_backgrounds\images\train\Needle_Holder_Ryder_Straight_Carb-bite_Serrated_Jaws_8in_closed_07_aug009.jpg","Needle Holder Ryder Straight Carb-bite Serrated Jaws 8in","closed","7","9.0"
"D:\augmented_data_consistent_backgrounds\images\train\Needle_Holder_Ryder_Straight_Carb-bite_Serrated_Jaws_8in_closed_07_aug011.jpg","Needle Holder Ryder Straight Carb-bite Serrated Jaws 8in","closed","7","11.0"
"D:\augmented_data_consistent_backgrounds\images\train\Needle_Holder_Ryder_Straight_Carb-bite_Serrated_Jaws_8in_closed_07_aug013.jpg","Needle Holder Ryder Straight Carb-bite Serrated Jaws 8in","closed","7","13.0"
"D:\augmented_data_consistent_backgrounds\images\train\Needle_Holder_Ryder_Straight_Carb-bite_Serrated_Jaws_8in_closed_07_aug015.jpg","Needle Holder Ryder Straight Carb-bite Serrated Jaws 8in","closed","7","15.0"
"D:\augmented_data_consistent_backgrounds\images\train\Needle_Holder_Ryder_Straight_Carb-bite_Serrated_Jaws_8in_closed_07_aug016.jpg","Needle Holder Ryder Straight Carb-bite Serrated Jaws 8in","closed","7","16.0"
"D:\augmented_data_consistent_backgrounds\images\train\Needle_Holder_Ryder_Straight_Carb-bite_Serrated_Jaws_8in_closed_07_aug017.jpg","Needle Holder Ryder Straight Carb-bite Serrated Jaws 8in","closed","7","17.0"
"D:\augmented_data_consistent_backgrounds\images\train\Needle_Holder_Ryder_Straight_Carb-bite_Serrated_Jaws_8in_closed_07_aug018.jpg","Needle Holder Ryder Straight Carb-bite Serrated Jaws 8in","closed","7","18.0"
"D:\augmented_data_consistent_backgrounds\images\train\Needle_Holder_Ryder_Straight_Carb-bite_Serrated_Jaws_8in_closed_07_aug019.jpg","Needle Holder Ryder Straight Carb-bite Serrated Jaws 8in","closed","7","19.0"
"D:\augmented_data_consistent_backgrounds\images\train\Needle_Holder_Ryder_Straight_Carb-bite_Serrated_Jaws_8in_closed_08.jpg","Needle Holder Ryder Straight Carb-bite Serrated Jaws 8in","closed","8",""
"D:\augmented_data_consistent_backgrounds\images\train\Needle_Holder_Ryder_Straight_Carb-bite_Serrated_Jaws_8in_closed_08_aug000.jpg","Needle Holder Ryder Straight Carb-bite Serrated Jaws 8in","closed","8","0.0"
"D:\augmented_data_consistent_backgrounds\images\train\Needle_Holder_Ryder_Straight_Carb-bite_Serrated_Jaws_8in_closed_08_aug002.jpg","Needle Holder Ryder Straight Carb-bite Serrated Jaws 8in","closed","8","2.0"
"D:\augmented_data_consistent_backgrounds\images\train\Needle_Holder_Ryder_Straight_Carb-bite_Serrated_Jaws_8in_closed_08_aug003.jpg","Needle Holder Ryder Straight Carb-bite Serrated Jaws 8in","closed","8","3.0"
"D:\augmented_data_consistent_backgrounds\images\train\Needle_Holder_Ryder_Straight_Carb-bite_Serrated_Jaws_8in_closed_08_aug004.jpg","Needle Holder Ryder Straight Carb-bite Serrated Jaws 8in","closed","8","4.0"
"D:\augmented_data_consistent_backgrounds\images\train\Needle_Holder_Ryder_Straight_Carb-bite_Serrated_Jaws_8in_closed_08_aug005.jpg","Needle Holder Ryder Straight Carb-bite Serrated Jaws 8in","closed","8","5.0"
"D:\augmented_data_consistent_backgrounds\images\train\Needle_Holder_Ryder_Straight_Carb-bite_Serrated_Jaws_8in_closed_08_aug006.jpg","Needle Holder Ryder Straight Carb-bite Serrated Jaws 8in","closed","8","6.0"
"D:\augmented_data_consistent_backgrounds\images\train\Needle_Holder_Ryder_Straight_Carb-bite_Serrated_Jaws_8in_closed_08_aug007.jpg","Needle Holder Ryder Straight Carb-bite Serrated Jaws 8in","closed","8","7.0"
"D:\augmented_data_consistent_backgrounds\images\train\Needle_Holder_Ryder_Straight_Carb-bite_Serrated_Jaws_8in_closed_08_aug008.jpg","Needle Holder Ryder Straight Carb-bite Serrated Jaws 8in","closed","8","8.0"
"D:\augmented_data_consistent_backgrounds\images\train\Needle_Holder_Ryder_Straight_Carb-bite_Serrated_Jaws_8in_closed_08_aug009.jpg","Needle Holder Ryder Straight Carb-bite Serrated Jaws 8in","closed","8","9.0"
"D:\augmented_data_consistent_backgrounds\images\train\Needle_Holder_Ryder_Straight_Carb-bite_Serrated_Jaws_8in_closed_08_aug011.jpg","Needle Holder Ryder Straight Carb-bite Serrated Jaws 8in","closed","8","11.0"
"D:\augmented_data_consistent_backgrounds\images\train\Needle_Holder_Ryder_Straight_Carb-bite_Serrated_Jaws_8in_closed_08_aug012.jpg","Needle Holder Ryder Straight Carb-bite Serrated Jaws 8in","closed","8","12.0"
"D:\augmented_data_consistent_backgrounds\images\train\Needle_Holder_Ryder_Straight_Carb-bite_Serrated_Jaws_8in_closed_08_aug013.jpg","Needle Holder Ryder Straight Carb-bite Serrated Jaws 8in","closed","8","13.0"
"D:\augmented_data_consistent_backgrounds\images\train\Needle_Holder_Ryder_Straight_Carb-bite_Serrated_Jaws_8in_closed_08_aug014.jpg","Needle Holder Ryder Straight Carb-bite Serrated Jaws 8in","closed","8","14.0"
"D:\augmented_data_consistent_backgrounds\images\train\Needle_Holder_Ryder_Straight_Carb-bite_Serrated_Jaws_8in_closed_08_aug015.jpg","Needle Holder Ryder Straight Carb-bite Serrated Jaws 8in","closed","8","15.0"
"D:\augmented_data_consistent_backgrounds\images\train\Needle_Holder_Ryder_Straight_Carb-bite_Serrated_Jaws_8in_closed_08_aug016.jpg","Needle Holder Ryder Straight Carb-bite Serrated Jaws 8in","closed","8","16.0"
"D:\augmented_data_consistent_backgrounds\images\train\Needle_Holder_Ryder_Straight_Carb-bite_Serrated_Jaws_8in_closed_08_aug017.jpg","Needle Holder Ryder Straight Carb-bite Serrated Jaws 8in","closed","8","17.0"
"D:\augmented_data_consistent_backgrounds\images\train\Needle_Holder_Ryder_Straight_Carb-bite_Serrated_Jaws_8in_closed_08_aug018.jpg","Needle Holder Ryder Straight Carb-bite Serrated Jaws 8in","closed","8","18.0"
"D:\augmented_data_consistent_backgrounds\images\train\Needle_Holder_Ryder_Straight_Carb-bite_Serrated_Jaws_8in_closed_08_aug019.jpg","Needle Holder Ryder Straight Carb-bite Serrated Jaws 8in","closed","8","19.0"
"D:\augmented_data_consistent_backgrounds\images\train\Needle_Holder_Ryder_Straight_Carb-bite_Serrated_Jaws_8in_closed_09.jpg","Needle Holder Ryder Straight Carb-bite Serrated Jaws 8in","closed","9",""
"D:\augmented_data_consistent_backgrounds\images\train\Needle_Holder_Ryder_Straight_Carb-bite_Serrated_Jaws_8in_closed_09_aug000.jpg","Needle Holder Ryder Straight Carb-bite Serrated Jaws 8in","closed","9","0.0"
"D:\augmented_data_consistent_backgrounds\images\train\Needle_Holder_Ryder_Straight_Carb-bite_Serrated_Jaws_8in_closed_09_aug001.jpg","Needle Holder Ryder Straight Carb-bite Serrated Jaws 8in","closed","9","1.0"
"D:\augmented_data_consistent_backgrounds\images\train\Needle_Holder_Ryder_Straight_Carb-bite_Serrated_Jaws_8in_closed_09_aug002.jpg","Needle Holder Ryder Straight Carb-bite Serrated Jaws 8in","closed","9","2.0"
"D:\augmented_data_consistent_backgrounds\images\train\Needle_Holder_Ryder_Straight_Carb-bite_Serrated_Jaws_8in_closed_09_aug003.jpg","Needle Holder Ryder Straight Carb-bite Serrated Jaws 8in","closed","9","3.0"
"D:\augmented_data_consistent_backgrounds\images\train\Needle_Holder_Ryder_Straight_Carb-bite_Serrated_Jaws_8in_closed_09_aug004.jpg","Needle Holder Ryder Straight Carb-bite Serrated Jaws 8in","closed","9","4.0"
"D:\augmented_data_consistent_backgrounds\images\train\Needle_Holder_Ryder_Straight_Carb-bite_Serrated_Jaws_8in_closed_09_aug005.jpg","Needle Holder Ryder Straight Carb-bite Serrated Jaws 8in","closed","9","5.0"
"D:\augmented_data_consistent_backgrounds\images\train\Needle_Holder_Ryder_Straight_Carb-bite_Serrated_Jaws_8in_closed_09_aug006.jpg","Needle Holder Ryder Straight Carb-bite Serrated Jaws 8in","closed","9","6.0"
"D:\augmented_data_consistent_backgrounds\images\train\Needle_Holder_Ryder_Straight_Carb-bite_Serrated_Jaws_8in_closed_09_aug007.jpg","Needle Holder Ryder Straight Carb-bite Serrated Jaws 8in","closed","9","7.0"
"D:\augmented_data_consistent_backgrounds\images\train\Needle_Holder_Ryder_Straight_Carb-bite_Serrated_Jaws_8in_closed_09_aug008.jpg","Needle Holder Ryder Straight Carb-bite Serrated Jaws 8in","closed","9","8.0"
"D:\augmented_data_consistent_backgrounds\images\train\Needle_Holder_Ryder_Straight_Carb-bite_Serrated_Jaws_8in_closed_09_aug009.jpg","Needle Holder Ryder Straight Carb-bite Serrated Jaws 8in","closed","9","9.0"
"D:\augmented_data_consistent_backgrounds\images\train\Needle_Holder_Ryder_Straight_Carb-bite_Serrated_Jaws_8in_closed_09_aug010.jpg","Needle Holder Ryder Straight Carb-bite Serrated Jaws 8in","closed","9","10.0"
"D:\augmented_data_consistent_backgrounds\images\train\Needle_Holder_Ryder_Straight_Carb-bite_Serrated_Jaws_8in_closed_09_aug011.jpg","Needle Holder Ryder Straight Carb-bite Serrated Jaws 8in","closed","9","11.0"
"D:\augmented_data_consistent_backgrounds\images\train\Needle_Holder_Ryder_Straight_Carb-bite_Serrated_Jaws_8in_closed_09_aug012.jpg","Needle Holder Ryder Straight Carb-bite Serrated Jaws 8in","closed","9","12.0"
"D:\augmented_data_consistent_backgrounds\images\train\Needle_Holder_Ryder_Straight_Carb-bite_Serrated_Jaws_8in_closed_09_aug013.jpg","Needle Holder Ryder Straight Carb-bite Serrated Jaws 8in","closed","9","13.0"
"D:\augmented_data_consistent_backgrounds\images\train\Needle_Holder_Ryder_Straight_Carb-bite_Serrated_Jaws_8in_closed_09_aug014.jpg","Needle Holder Ryder Straight Carb-bite Serrated Jaws 8in","closed","9","14.0"
"D:\augmented_data_consistent_backgrounds\images\train\Needle_Holder_Ryder_Straight_Carb-bite_Serrated_Jaws_8in_closed_09_aug015.jpg","Needle Holder Ryder Straight Carb-bite Serrated Jaws 8in","closed","9","15.0"
"D:\augmented_data_consistent_backgrounds\images\train\Needle_Holder_Ryder_Straight_Carb-bite_Serrated_Jaws_8in_closed_09_aug016.jpg","Needle Holder Ryder Straight Carb-bite Serrated Jaws 8in","closed","9","16.0"
"D:\augmented_data_consistent_backgrounds\images\train\Needle_Holder_Ryder_Straight_Carb-bite_Serrated_Jaws_8in_closed_09_aug018.jpg","Needle Holder Ryder Straight Carb-bite Serrated Jaws 8in","closed","9","18.0"
"D:\augmented_data_consistent_backgrounds\images\train\Needle_Holder_Ryder_Straight_Carb-bite_Serrated_Jaws_8in_closed_09_aug019.jpg","Needle Holder Ryder Straight Carb-bite Serrated Jaws 8in","closed","9","19.0"
"D:\augmented_data_consistent_backgrounds\images\train\Needle_Holder_Ryder_Straight_Carb-bite_Serrated_Jaws_8in_closed_10.jpg","Needle Holder Ryder Straight Carb-bite Serrated Jaws 8in","closed","10",""
"D:\augmented_data_consistent_backgrounds\images\train\Needle_Holder_Ryder_Straight_Carb-bite_Serrated_Jaws_8in_closed_10_aug001.jpg","Needle Holder Ryder Straight Carb-bite Serrated Jaws 8in","closed","10","1.0"
"D:\augmented_data_consistent_backgrounds\images\train\Needle_Holder_Ryder_Straight_Carb-bite_Serrated_Jaws_8in_closed_10_aug003.jpg","Needle Holder Ryder Straight Carb-bite Serrated Jaws 8in","closed","10","3.0"
"D:\augmented_data_consistent_backgrounds\images\train\Needle_Holder_Ryder_Straight_Carb-bite_Serrated_Jaws_8in_closed_10_aug004.jpg","Needle Holder Ryder Straight Carb-bite Serrated Jaws 8in","closed","10","4.0"
"D:\augmented_data_consistent_backgrounds\images\train\Needle_Holder_Ryder_Straight_Carb-bite_Serrated_Jaws_8in_closed_10_aug005.jpg","Needle Holder Ryder Straight Carb-bite Serrated Jaws 8in","closed","10","5.0"
"D:\augmented_data_consistent_backgrounds\images\train\Needle_Holder_Ryder_Straight_Carb-bite_Serrated_Jaws_8in_closed_10_aug006.jpg","Needle Holder Ryder Straight Carb-bite Serrated Jaws 8in","closed","10","6.0"
"D:\augmented_data_consistent_backgrounds\images\train\Needle_Holder_Ryder_Straight_Carb-bite_Serrated_Jaws_8in_closed_10_aug007.jpg","Needle Holder Ryder Straight Carb-bite Serrated Jaws 8in","closed","10","7.0"
"D:\augmented_data_consistent_backgrounds\images\train\Needle_Holder_Ryder_Straight_Carb-bite_Serrated_Jaws_8in_closed_10_aug008.jpg","Needle Holder Ryder Straight Carb-bite Serrated Jaws 8in","closed","10","8.0"
"D:\augmented_data_consistent_backgrounds\images\train\Needle_Holder_Ryder_Straight_Carb-bite_Serrated_Jaws_8in_closed_10_aug009.jpg","Needle Holder Ryder Straight Carb-bite Serrated Jaws 8in","closed","10","9.0"
"D:\augmented_data_consistent_backgrounds\images\train\Needle_Holder_Ryder_Straight_Carb-bite_Serrated_Jaws_8in_closed_10_aug010.jpg","Needle Holder Ryder Straight Carb-bite Serrated Jaws 8in","closed","10","10.0"
"D:\augmented_data_consistent_backgrounds\images\train\Needle_Holder_Ryder_Straight_Carb-bite_Serrated_Jaws_8in_closed_10_aug014.jpg","Needle Holder Ryder Straight Carb-bite Serrated Jaws 8in","closed","10","14.0"
"D:\augmented_data_consistent_backgrounds\images\train\Needle_Holder_Ryder_Straight_Carb-bite_Serrated_Jaws_8in_closed_10_aug015.jpg","Needle Holder Ryder Straight Carb-bite Serrated Jaws 8in","closed","10","15.0"
"D:\augmented_data_consistent_backgrounds\images\train\Needle_Holder_Ryder_Straight_Carb-bite_Serrated_Jaws_8in_closed_10_aug016.jpg","Needle Holder Ryder Straight Carb-bite Serrated Jaws 8in","closed","10","16.0"
"D:\augmented_data_consistent_backgrounds\images\train\Needle_Holder_Ryder_Straight_Carb-bite_Serrated_Jaws_8in_closed_10_aug019.jpg","Needle Holder Ryder Straight Carb-bite Serrated Jaws 8in","closed","10","19.0"
"D:\augmented_data_consistent_backgrounds\images\train\Needle_Holder_Ryder_Straight_Carb-bite_Serrated_Jaws_8in_closed_11.jpg","Needle Holder Ryder Straight Carb-bite Serrated Jaws 8in","closed","11",""
"D:\augmented_data_consistent_backgrounds\images\train\Needle_Holder_Ryder_Straight_Carb-bite_Serrated_Jaws_8in_closed_11_aug000.jpg","Needle Holder Ryder Straight Carb-bite Serrated Jaws 8in","closed","11","0.0"
"D:\augmented_data_consistent_backgrounds\images\train\Needle_Holder_Ryder_Straight_Carb-bite_Serrated_Jaws_8in_closed_11_aug001.jpg","Needle Holder Ryder Straight Carb-bite Serrated Jaws 8in","closed","11","1.0"
"D:\augmented_data_consistent_backgrounds\images\train\Needle_Holder_Ryder_Straight_Carb-bite_Serrated_Jaws_8in_closed_11_aug003.jpg","Needle Holder Ryder Straight Carb-bite Serrated Jaws 8in","closed","11","3.0"
"D:\augmented_data_consistent_backgrounds\images\train\Needle_Holder_Ryder_Straight_Carb-bite_Serrated_Jaws_8in_closed_11_aug004.jpg","Needle Holder Ryder Straight Carb-bite Serrated Jaws 8in","closed","11","4.0"
"D:\augmented_data_consistent_backgrounds\images\train\Needle_Holder_Ryder_Straight_Carb-bite_Serrated_Jaws_8in_closed_11_aug005.jpg","Needle Holder Ryder Straight Carb-bite Serrated Jaws 8in","closed","11","5.0"
"D:\augmented_data_consistent_backgrounds\images\train\Needle_Holder_Ryder_Straight_Carb-bite_Serrated_Jaws_8in_closed_11_aug007.jpg","Needle Holder Ryder Straight Carb-bite Serrated Jaws 8in","closed","11","7.0"
"D:\augmented_data_consistent_backgrounds\images\train\Needle_Holder_Ryder_Straight_Carb-bite_Serrated_Jaws_8in_closed_11_aug010.jpg","Needle Holder Ryder Straight Carb-bite Serrated Jaws 8in","closed","11","10.0"
"D:\augmented_data_consistent_backgrounds\images\train\Needle_Holder_Ryder_Straight_Carb-bite_Serrated_Jaws_8in_closed_11_aug011.jpg","Needle Holder Ryder Straight Carb-bite Serrated Jaws 8in","closed","11","11.0"
"D:\augmented_data_consistent_backgrounds\images\train\Needle_Holder_Ryder_Straight_Carb-bite_Serrated_Jaws_8in_closed_11_aug012.jpg","Needle Holder Ryder Straight Carb-bite Serrated Jaws 8in","closed","11","12.0"
"D:\augmented_data_consistent_backgrounds\images\train\Needle_Holder_Ryder_Straight_Carb-bite_Serrated_Jaws_8in_closed_11_aug013.jpg","Needle Holder Ryder Straight Carb-bite Serrated Jaws 8in","closed","11","13.0"
"D:\augmented_data_consistent_backgrounds\images\train\Needle_Holder_Ryder_Straight_Carb-bite_Serrated_Jaws_8in_closed_11_aug014.jpg","Needle Holder Ryder Straight Carb-bite Serrated Jaws 8in","closed","11","14.0"
"D:\augmented_data_consistent_backgrounds\images\train\Needle_Holder_Ryder_Straight_Carb-bite_Serrated_Jaws_8in_closed_11_aug015.jpg","Needle Holder Ryder Straight Carb-bite Serrated Jaws 8in","closed","11","15.0"
"D:\augmented_data_consistent_backgrounds\images\train\Needle_Holder_Ryder_Straight_Carb-bite_Serrated_Jaws_8in_closed_11_aug016.jpg","Needle Holder Ryder Straight Carb-bite Serrated Jaws 8in","closed","11","16.0"
"D:\augmented_data_consistent_backgrounds\images\train\Needle_Holder_Ryder_Straight_Carb-bite_Serrated_Jaws_8in_closed_11_aug017.jpg","Needle Holder Ryder Straight Carb-bite Serrated Jaws 8in","closed","11","17.0"
"D:\augmented_data_consistent_backgrounds\images\train\Needle_Holder_Ryder_Straight_Carb-bite_Serrated_Jaws_8in_closed_11_aug018.jpg","Needle Holder Ryder Straight Carb-bite Serrated Jaws 8in","closed","11","18.0"
"D:\augmented_data_consistent_backgrounds\images\train\Needle_Holder_Ryder_Straight_Carb-bite_Serrated_Jaws_8in_closed_12.jpg","Needle Holder Ryder Straight Carb-bite Serrated Jaws 8in","closed","12",""
"D:\augmented_data_consistent_backgrounds\images\train\Needle_Holder_Ryder_Straight_Carb-bite_Serrated_Jaws_8in_closed_12_aug001.jpg","Needle Holder Ryder Straight Carb-bite Serrated Jaws 8in","closed","12","1.0"
"D:\augmented_data_consistent_backgrounds\images\train\Needle_Holder_Ryder_Straight_Carb-bite_Serrated_Jaws_8in_closed_12_aug002.jpg","Needle Holder Ryder Straight Carb-bite Serrated Jaws 8in","closed","12","2.0"
"D:\augmented_data_consistent_backgrounds\images\train\Needle_Holder_Ryder_Straight_Carb-bite_Serrated_Jaws_8in_closed_12_aug003.jpg","Needle Holder Ryder Straight Carb-bite Serrated Jaws 8in","closed","12","3.0"
"D:\augmented_data_consistent_backgrounds\images\train\Needle_Holder_Ryder_Straight_Carb-bite_Serrated_Jaws_8in_closed_12_aug004.jpg","Needle Holder Ryder Straight Carb-bite Serrated Jaws 8in","closed","12","4.0"
"D:\augmented_data_consistent_backgrounds\images\train\Needle_Holder_Ryder_Straight_Carb-bite_Serrated_Jaws_8in_closed_12_aug006.jpg","Needle Holder Ryder Straight Carb-bite Serrated Jaws 8in","closed","12","6.0"
"D:\augmented_data_consistent_backgrounds\images\train\Needle_Holder_Ryder_Straight_Carb-bite_Serrated_Jaws_8in_closed_12_aug007.jpg","Needle Holder Ryder Straight Carb-bite Serrated Jaws 8in","closed","12","7.0"
"D:\augmented_data_consistent_backgrounds\images\train\Needle_Holder_Ryder_Straight_Carb-bite_Serrated_Jaws_8in_closed_12_aug009.jpg","Needle Holder Ryder Straight Carb-bite Serrated Jaws 8in","closed","12","9.0"
"D:\augmented_data_consistent_backgrounds\images\train\Needle_Holder_Ryder_Straight_Carb-bite_Serrated_Jaws_8in_closed_12_aug010.jpg","Needle Holder Ryder Straight Carb-bite Serrated Jaws 8in","closed","12","10.0"
"D:\augmented_data_consistent_backgrounds\images\train\Needle_Holder_Ryder_Straight_Carb-bite_Serrated_Jaws_8in_closed_12_aug011.jpg","Needle Holder Ryder Straight Carb-bite Serrated Jaws 8in","closed","12","11.0"
"D:\augmented_data_consistent_backgrounds\images\train\Needle_Holder_Ryder_Straight_Carb-bite_Serrated_Jaws_8in_closed_12_aug012.jpg","Needle Holder Ryder Straight Carb-bite Serrated Jaws 8in","closed","12","12.0"
"D:\augmented_data_consistent_backgrounds\images\train\Needle_Holder_Ryder_Straight_Carb-bite_Serrated_Jaws_8in_closed_12_aug013.jpg","Needle Holder Ryder Straight Carb-bite Serrated Jaws 8in","closed","12","13.0"
"D:\augmented_data_consistent_backgrounds\images\train\Needle_Holder_Ryder_Straight_Carb-bite_Serrated_Jaws_8in_closed_12_aug014.jpg","Needle Holder Ryder Straight Carb-bite Serrated Jaws 8in","closed","12","14.0"
"D:\augmented_data_consistent_backgrounds\images\train\Needle_Holder_Ryder_Straight_Carb-bite_Serrated_Jaws_8in_closed_12_aug015.jpg","Needle Holder Ryder Straight Carb-bite Serrated Jaws 8in","closed","12","15.0"
"D:\augmented_data_consistent_backgrounds\images\train\Needle_Holder_Ryder_Straight_Carb-bite_Serrated_Jaws_8in_closed_12_aug016.jpg","Needle Holder Ryder Straight Carb-bite Serrated Jaws 8in","closed","12","16.0"
"D:\augmented_data_consistent_backgrounds\images\train\Needle_Holder_Ryder_Straight_Carb-bite_Serrated_Jaws_8in_closed_12_aug017.jpg","Needle Holder Ryder Straight Carb-bite Serrated Jaws 8in","closed","12","17.0"
"D:\augmented_data_consistent_backgrounds\images\train\Needle_Holder_Ryder_Straight_Carb-bite_Serrated_Jaws_8in_closed_12_aug019.jpg","Needle Holder Ryder Straight Carb-bite Serrated Jaws 8in","closed","12","19.0"
"D:\augmented_data_consistent_backgrounds\images\train\Needle_Holder_Ryder_Straight_Carb-bite_Serrated_Jaws_8in_closed_13.jpg","Needle Holder Ryder Straight Carb-bite Serrated Jaws 8in","closed","13",""
"D:\augmented_data_consistent_backgrounds\images\train\Needle_Holder_Ryder_Straight_Carb-bite_Serrated_Jaws_8in_closed_13_aug000.jpg","Needle Holder Ryder Straight Carb-bite Serrated Jaws 8in","closed","13","0.0"
"D:\augmented_data_consistent_backgrounds\images\train\Needle_Holder_Ryder_Straight_Carb-bite_Serrated_Jaws_8in_closed_13_aug001.jpg","Needle Holder Ryder Straight Carb-bite Serrated Jaws 8in","closed","13","1.0"
"D:\augmented_data_consistent_backgrounds\images\train\Needle_Holder_Ryder_Straight_Carb-bite_Serrated_Jaws_8in_closed_13_aug004.jpg","Needle Holder Ryder Straight Carb-bite Serrated Jaws 8in","closed","13","4.0"
"D:\augmented_data_consistent_backgrounds\images\train\Needle_Holder_Ryder_Straight_Carb-bite_Serrated_Jaws_8in_closed_13_aug005.jpg","Needle Holder Ryder Straight Carb-bite Serrated Jaws 8in","closed","13","5.0"
"D:\augmented_data_consistent_backgrounds\images\train\Needle_Holder_Ryder_Straight_Carb-bite_Serrated_Jaws_8in_closed_13_aug006.jpg","Needle Holder Ryder Straight Carb-bite Serrated Jaws 8in","closed","13","6.0"
"D:\augmented_data_consistent_backgrounds\images\train\Needle_Holder_Ryder_Straight_Carb-bite_Serrated_Jaws_8in_closed_13_aug007.jpg","Needle Holder Ryder Straight Carb-bite Serrated Jaws 8in","closed","13","7.0"
"D:\augmented_data_consistent_backgrounds\images\train\Needle_Holder_Ryder_Straight_Carb-bite_Serrated_Jaws_8in_closed_13_aug008.jpg","Needle Holder Ryder Straight Carb-bite Serrated Jaws 8in","closed","13","8.0"
"D:\augmented_data_consistent_backgrounds\images\train\Needle_Holder_Ryder_Straight_Carb-bite_Serrated_Jaws_8in_closed_13_aug009.jpg","Needle Holder Ryder Straight Carb-bite Serrated Jaws 8in","closed","13","9.0"
"D:\augmented_data_consistent_backgrounds\images\train\Needle_Holder_Ryder_Straight_Carb-bite_Serrated_Jaws_8in_closed_13_aug010.jpg","Needle Holder Ryder Straight Carb-bite Serrated Jaws 8in","closed","13","10.0"
"D:\augmented_data_consistent_backgrounds\images\train\Needle_Holder_Ryder_Straight_Carb-bite_Serrated_Jaws_8in_closed_13_aug011.jpg","Needle Holder Ryder Straight Carb-bite Serrated Jaws 8in","closed","13","11.0"
"D:\augmented_data_consistent_backgrounds\images\train\Needle_Holder_Ryder_Straight_Carb-bite_Serrated_Jaws_8in_closed_13_aug012.jpg","Needle Holder Ryder Straight Carb-bite Serrated Jaws 8in","closed","13","12.0"
"D:\augmented_data_consistent_backgrounds\images\train\Needle_Holder_Ryder_Straight_Carb-bite_Serrated_Jaws_8in_closed_13_aug013.jpg","Needle Holder Ryder Straight Carb-bite Serrated Jaws 8in","closed","13","13.0"
"D:\augmented_data_consistent_backgrounds\images\train\Needle_Holder_Ryder_Straight_Carb-bite_Serrated_Jaws_8in_closed_13_aug014.jpg","Needle Holder Ryder Straight Carb-bite Serrated Jaws 8in","closed","13","14.0"
"D:\augmented_data_consistent_backgrounds\images\train\Needle_Holder_Ryder_Straight_Carb-bite_Serrated_Jaws_8in_closed_13_aug015.jpg","Needle Holder Ryder Straight Carb-bite Serrated Jaws 8in","closed","13","15.0"
"D:\augmented_data_consistent_backgrounds\images\train\Needle_Holder_Ryder_Straight_Carb-bite_Serrated_Jaws_8in_closed_13_aug016.jpg","Needle Holder Ryder Straight Carb-bite Serrated Jaws 8in","closed","13","16.0"
"D:\augmented_data_consistent_backgrounds\images\train\Needle_Holder_Ryder_Straight_Carb-bite_Serrated_Jaws_8in_closed_13_aug017.jpg","Needle Holder Ryder Straight Carb-bite Serrated Jaws 8in","closed","13","17.0"
"D:\augmented_data_consistent_backgrounds\images\train\Needle_Holder_Ryder_Straight_Carb-bite_Serrated_Jaws_8in_closed_13_aug018.jpg","Needle Holder Ryder Straight Carb-bite Serrated Jaws 8in","closed","13","18.0"
"D:\augmented_data_consistent_backgrounds\images\train\Needle_Holder_Ryder_Straight_Carb-bite_Serrated_Jaws_8in_closed_14.jpg","Needle Holder Ryder Straight Carb-bite Serrated Jaws 8in","closed","14",""
"D:\augmented_data_consistent_backgrounds\images\train\Needle_Holder_Ryder_Straight_Carb-bite_Serrated_Jaws_8in_closed_14_aug000.jpg","Needle Holder Ryder Straight Carb-bite Serrated Jaws 8in","closed","14","0.0"
"D:\augmented_data_consistent_backgrounds\images\train\Needle_Holder_Ryder_Straight_Carb-bite_Serrated_Jaws_8in_closed_14_aug001.jpg","Needle Holder Ryder Straight Carb-bite Serrated Jaws 8in","closed","14","1.0"
"D:\augmented_data_consistent_backgrounds\images\train\Needle_Holder_Ryder_Straight_Carb-bite_Serrated_Jaws_8in_closed_14_aug002.jpg","Needle Holder Ryder Straight Carb-bite Serrated Jaws 8in","closed","14","2.0"
"D:\augmented_data_consistent_backgrounds\images\train\Needle_Holder_Ryder_Straight_Carb-bite_Serrated_Jaws_8in_closed_14_aug003.jpg","Needle Holder Ryder Straight Carb-bite Serrated Jaws 8in","closed","14","3.0"
"D:\augmented_data_consistent_backgrounds\images\train\Needle_Holder_Ryder_Straight_Carb-bite_Serrated_Jaws_8in_closed_14_aug004.jpg","Needle Holder Ryder Straight Carb-bite Serrated Jaws 8in","closed","14","4.0"
"D:\augmented_data_consistent_backgrounds\images\train\Needle_Holder_Ryder_Straight_Carb-bite_Serrated_Jaws_8in_closed_14_aug005.jpg","Needle Holder Ryder Straight Carb-bite Serrated Jaws 8in","closed","14","5.0"
"D:\augmented_data_consistent_backgrounds\images\train\Needle_Holder_Ryder_Straight_Carb-bite_Serrated_Jaws_8in_closed_14_aug006.jpg","Needle Holder Ryder Straight Carb-bite Serrated Jaws 8in","closed","14","6.0"
"D:\augmented_data_consistent_backgrounds\images\train\Needle_Holder_Ryder_Straight_Carb-bite_Serrated_Jaws_8in_closed_14_aug007.jpg","Needle Holder Ryder Straight Carb-bite Serrated Jaws 8in","closed","14","7.0"
"D:\augmented_data_consistent_backgrounds\images\train\Needle_Holder_Ryder_Straight_Carb-bite_Serrated_Jaws_8in_closed_14_aug009.jpg","Needle Holder Ryder Straight Carb-bite Serrated Jaws 8in","closed","14","9.0"
"D:\augmented_data_consistent_backgrounds\images\train\Needle_Holder_Ryder_Straight_Carb-bite_Serrated_Jaws_8in_closed_14_aug010.jpg","Needle Holder Ryder Straight Carb-bite Serrated Jaws 8in","closed","14","10.0"
"D:\augmented_data_consistent_backgrounds\images\train\Needle_Holder_Ryder_Straight_Carb-bite_Serrated_Jaws_8in_closed_14_aug011.jpg","Needle Holder Ryder Straight Carb-bite Serrated Jaws 8in","closed","14","11.0"
"D:\augmented_data_consistent_backgrounds\images\train\Needle_Holder_Ryder_Straight_Carb-bite_Serrated_Jaws_8in_closed_14_aug012.jpg","Needle Holder Ryder Straight Carb-bite Serrated Jaws 8in","closed","14","12.0"
"D:\augmented_data_consistent_backgrounds\images\train\Needle_Holder_Ryder_Straight_Carb-bite_Serrated_Jaws_8in_closed_14_aug013.jpg","Needle Holder Ryder Straight Carb-bite Serrated Jaws 8in","closed","14","13.0"
"D:\augmented_data_consistent_backgrounds\images\train\Needle_Holder_Ryder_Straight_Carb-bite_Serrated_Jaws_8in_closed_14_aug014.jpg","Needle Holder Ryder Straight Carb-bite Serrated Jaws 8in","closed","14","14.0"
"D:\augmented_data_consistent_backgrounds\images\train\Needle_Holder_Ryder_Straight_Carb-bite_Serrated_Jaws_8in_closed_14_aug015.jpg","Needle Holder Ryder Straight Carb-bite Serrated Jaws 8in","closed","14","15.0"
"D:\augmented_data_consistent_backgrounds\images\train\Needle_Holder_Ryder_Straight_Carb-bite_Serrated_Jaws_8in_closed_14_aug016.jpg","Needle Holder Ryder Straight Carb-bite Serrated Jaws 8in","closed","14","16.0"
"D:\augmented_data_consistent_backgrounds\images\train\Needle_Holder_Ryder_Straight_Carb-bite_Serrated_Jaws_8in_closed_14_aug017.jpg","Needle Holder Ryder Straight Carb-bite Serrated Jaws 8in","closed","14","17.0"
"D:\augmented_data_consistent_backgrounds\images\train\Needle_Holder_Ryder_Straight_Carb-bite_Serrated_Jaws_8in_closed_14_aug018.jpg","Needle Holder Ryder Straight Carb-bite Serrated Jaws 8in","closed","14","18.0"
"D:\augmented_data_consistent_backgrounds\images\train\Needle_Holder_Ryder_Straight_Carb-bite_Serrated_Jaws_8in_closed_14_aug019.jpg","Needle Holder Ryder Straight Carb-bite Serrated Jaws 8in","closed","14","19.0"
"D:\augmented_data_consistent_backgrounds\images\train\Needle_Holder_Ryder_Straight_Carb-bite_Serrated_Jaws_8in_closed_15.jpg","Needle Holder Ryder Straight Carb-bite Serrated Jaws 8in","closed","15",""
"D:\augmented_data_consistent_backgrounds\images\train\Needle_Holder_Ryder_Straight_Carb-bite_Serrated_Jaws_8in_closed_15_aug000.jpg","Needle Holder Ryder Straight Carb-bite Serrated Jaws 8in","closed","15","0.0"
"D:\augmented_data_consistent_backgrounds\images\train\Needle_Holder_Ryder_Straight_Carb-bite_Serrated_Jaws_8in_closed_15_aug001.jpg","Needle Holder Ryder Straight Carb-bite Serrated Jaws 8in","closed","15","1.0"
"D:\augmented_data_consistent_backgrounds\images\train\Needle_Holder_Ryder_Straight_Carb-bite_Serrated_Jaws_8in_closed_15_aug002.jpg","Needle Holder Ryder Straight Carb-bite Serrated Jaws 8in","closed","15","2.0"
"D:\augmented_data_consistent_backgrounds\images\train\Needle_Holder_Ryder_Straight_Carb-bite_Serrated_Jaws_8in_closed_15_aug003.jpg","Needle Holder Ryder Straight Carb-bite Serrated Jaws 8in","closed","15","3.0"
"D:\augmented_data_consistent_backgrounds\images\train\Needle_Holder_Ryder_Straight_Carb-bite_Serrated_Jaws_8in_closed_15_aug004.jpg","Needle Holder Ryder Straight Carb-bite Serrated Jaws 8in","closed","15","4.0"
"D:\augmented_data_consistent_backgrounds\images\train\Needle_Holder_Ryder_Straight_Carb-bite_Serrated_Jaws_8in_closed_15_aug005.jpg","Needle Holder Ryder Straight Carb-bite Serrated Jaws 8in","closed","15","5.0"
"D:\augmented_data_consistent_backgrounds\images\train\Needle_Holder_Ryder_Straight_Carb-bite_Serrated_Jaws_8in_closed_15_aug007.jpg","Needle Holder Ryder Straight Carb-bite Serrated Jaws 8in","closed","15","7.0"
"D:\augmented_data_consistent_backgrounds\images\train\Needle_Holder_Ryder_Straight_Carb-bite_Serrated_Jaws_8in_closed_15_aug008.jpg","Needle Holder Ryder Straight Carb-bite Serrated Jaws 8in","closed","15","8.0"
"D:\augmented_data_consistent_backgrounds\images\train\Needle_Holder_Ryder_Straight_Carb-bite_Serrated_Jaws_8in_closed_15_aug009.jpg","Needle Holder Ryder Straight Carb-bite Serrated Jaws 8in","closed","15","9.0"
"D:\augmented_data_consistent_backgrounds\images\train\Needle_Holder_Ryder_Straight_Carb-bite_Serrated_Jaws_8in_closed_15_aug010.jpg","Needle Holder Ryder Straight Carb-bite Serrated Jaws 8in","closed","15","10.0"
"D:\augmented_data_consistent_backgrounds\images\train\Needle_Holder_Ryder_Straight_Carb-bite_Serrated_Jaws_8in_closed_15_aug011.jpg","Needle Holder Ryder Straight Carb-bite Serrated Jaws 8in","closed","15","11.0"
"D:\augmented_data_consistent_backgrounds\images\train\Needle_Holder_Ryder_Straight_Carb-bite_Serrated_Jaws_8in_closed_15_aug012.jpg","Needle Holder Ryder Straight Carb-bite Serrated Jaws 8in","closed","15","12.0"
"D:\augmented_data_consistent_backgrounds\images\train\Needle_Holder_Ryder_Straight_Carb-bite_Serrated_Jaws_8in_closed_15_aug013.jpg","Needle Holder Ryder Straight Carb-bite Serrated Jaws 8in","closed","15","13.0"
"D:\augmented_data_consistent_backgrounds\images\train\Needle_Holder_Ryder_Straight_Carb-bite_Serrated_Jaws_8in_closed_15_aug014.jpg","Needle Holder Ryder Straight Carb-bite Serrated Jaws 8in","closed","15","14.0"
"D:\augmented_data_consistent_backgrounds\images\train\Needle_Holder_Ryder_Straight_Carb-bite_Serrated_Jaws_8in_closed_15_aug015.jpg","Needle Holder Ryder Straight Carb-bite Serrated Jaws 8in","closed","15","15.0"
"D:\augmented_data_consistent_backgrounds\images\train\Needle_Holder_Ryder_Straight_Carb-bite_Serrated_Jaws_8in_closed_15_aug016.jpg","Needle Holder Ryder Straight Carb-bite Serrated Jaws 8in","closed","15","16.0"
"D:\augmented_data_consistent_backgrounds\images\train\Needle_Holder_Ryder_Straight_Carb-bite_Serrated_Jaws_8in_closed_15_aug017.jpg","Needle Holder Ryder Straight Carb-bite Serrated Jaws 8in","closed","15","17.0"
"D:\augmented_data_consistent_backgrounds\images\train\Needle_Holder_Ryder_Straight_Carb-bite_Serrated_Jaws_8in_closed_15_aug019.jpg","Needle Holder Ryder Straight Carb-bite Serrated Jaws 8in","closed","15","19.0"
"D:\augmented_data_consistent_backgrounds\images\train\Needle_Holder_Ryder_Straight_Carb-bite_Serrated_Jaws_8in_closed_16.jpg","Needle Holder Ryder Straight Carb-bite Serrated Jaws 8in","closed","16",""
"D:\augmented_data_consistent_backgrounds\images\train\Needle_Holder_Ryder_Straight_Carb-bite_Serrated_Jaws_8in_closed_16_aug000.jpg","Needle Holder Ryder Straight Carb-bite Serrated Jaws 8in","closed","16","0.0"
"D:\augmented_data_consistent_backgrounds\images\train\Needle_Holder_Ryder_Straight_Carb-bite_Serrated_Jaws_8in_closed_16_aug002.jpg","Needle Holder Ryder Straight Carb-bite Serrated Jaws 8in","closed","16","2.0"
"D:\augmented_data_consistent_backgrounds\images\train\Needle_Holder_Ryder_Straight_Carb-bite_Serrated_Jaws_8in_closed_16_aug003.jpg","Needle Holder Ryder Straight Carb-bite Serrated Jaws 8in","closed","16","3.0"
"D:\augmented_data_consistent_backgrounds\images\train\Needle_Holder_Ryder_Straight_Carb-bite_Serrated_Jaws_8in_closed_16_aug004.jpg","Needle Holder Ryder Straight Carb-bite Serrated Jaws 8in","closed","16","4.0"
"D:\augmented_data_consistent_backgrounds\images\train\Needle_Holder_Ryder_Straight_Carb-bite_Serrated_Jaws_8in_closed_16_aug005.jpg","Needle Holder Ryder Straight Carb-bite Serrated Jaws 8in","closed","16","5.0"
"D:\augmented_data_consistent_backgrounds\images\train\Needle_Holder_Ryder_Straight_Carb-bite_Serrated_Jaws_8in_closed_16_aug006.jpg","Needle Holder Ryder Straight Carb-bite Serrated Jaws 8in","closed","16","6.0"
"D:\augmented_data_consistent_backgrounds\images\train\Needle_Holder_Ryder_Straight_Carb-bite_Serrated_Jaws_8in_closed_16_aug007.jpg","Needle Holder Ryder Straight Carb-bite Serrated Jaws 8in","closed","16","7.0"
"D:\augmented_data_consistent_backgrounds\images\train\Needle_Holder_Ryder_Straight_Carb-bite_Serrated_Jaws_8in_closed_16_aug008.jpg","Needle Holder Ryder Straight Carb-bite Serrated Jaws 8in","closed","16","8.0"
"D:\augmented_data_consistent_backgrounds\images\train\Needle_Holder_Ryder_Straight_Carb-bite_Serrated_Jaws_8in_closed_16_aug009.jpg","Needle Holder Ryder Straight Carb-bite Serrated Jaws 8in","closed","16","9.0"
"D:\augmented_data_consistent_backgrounds\images\train\Needle_Holder_Ryder_Straight_Carb-bite_Serrated_Jaws_8in_closed_16_aug010.jpg","Needle Holder Ryder Straight Carb-bite Serrated Jaws 8in","closed","16","10.0"
"D:\augmented_data_consistent_backgrounds\images\train\Needle_Holder_Ryder_Straight_Carb-bite_Serrated_Jaws_8in_closed_16_aug011.jpg","Needle Holder Ryder Straight Carb-bite Serrated Jaws 8in","closed","16","11.0"
"D:\augmented_data_consistent_backgrounds\images\train\Needle_Holder_Ryder_Straight_Carb-bite_Serrated_Jaws_8in_closed_16_aug012.jpg","Needle Holder Ryder Straight Carb-bite Serrated Jaws 8in","closed","16","12.0"
"D:\augmented_data_consistent_backgrounds\images\train\Needle_Holder_Ryder_Straight_Carb-bite_Serrated_Jaws_8in_closed_16_aug014.jpg","Needle Holder Ryder Straight Carb-bite Serrated Jaws 8in","closed","16","14.0"
"D:\augmented_data_consistent_backgrounds\images\train\Needle_Holder_Ryder_Straight_Carb-bite_Serrated_Jaws_8in_closed_16_aug015.jpg","Needle Holder Ryder Straight Carb-bite Serrated Jaws 8in","closed","16","15.0"
"D:\augmented_data_consistent_backgrounds\images\train\Needle_Holder_Ryder_Straight_Carb-bite_Serrated_Jaws_8in_closed_16_aug016.jpg","Needle Holder Ryder Straight Carb-bite Serrated Jaws 8in","closed","16","16.0"
"D:\augmented_data_consistent_backgrounds\images\train\Needle_Holder_Ryder_Straight_Carb-bite_Serrated_Jaws_8in_closed_16_aug017.jpg","Needle Holder Ryder Straight Carb-bite Serrated Jaws 8in","closed","16","17.0"
"D:\augmented_data_consistent_backgrounds\images\train\Needle_Holder_Ryder_Straight_Carb-bite_Serrated_Jaws_8in_closed_16_aug018.jpg","Needle Holder Ryder Straight Carb-bite Serrated Jaws 8in","closed","16","18.0"
"D:\augmented_data_consistent_backgrounds\images\train\Needle_Holder_Ryder_Straight_Carb-bite_Serrated_Jaws_8in_closed_16_aug019.jpg","Needle Holder Ryder Straight Carb-bite Serrated Jaws 8in","closed","16","19.0"
"D:\augmented_data_consistent_backgrounds\images\train\Needle_Holder_Ryder_Straight_Carb-bite_Serrated_Jaws_8in_closed_17.jpg","Needle Holder Ryder Straight Carb-bite Serrated Jaws 8in","closed","17",""
"D:\augmented_data_consistent_backgrounds\images\train\Needle_Holder_Ryder_Straight_Carb-bite_Serrated_Jaws_8in_closed_17_aug000.jpg","Needle Holder Ryder Straight Carb-bite Serrated Jaws 8in","closed","17","0.0"
"D:\augmented_data_consistent_backgrounds\images\train\Needle_Holder_Ryder_Straight_Carb-bite_Serrated_Jaws_8in_closed_17_aug001.jpg","Needle Holder Ryder Straight Carb-bite Serrated Jaws 8in","closed","17","1.0"
"D:\augmented_data_consistent_backgrounds\images\train\Needle_Holder_Ryder_Straight_Carb-bite_Serrated_Jaws_8in_closed_17_aug002.jpg","Needle Holder Ryder Straight Carb-bite Serrated Jaws 8in","closed","17","2.0"
"D:\augmented_data_consistent_backgrounds\images\train\Needle_Holder_Ryder_Straight_Carb-bite_Serrated_Jaws_8in_closed_17_aug003.jpg","Needle Holder Ryder Straight Carb-bite Serrated Jaws 8in","closed","17","3.0"
"D:\augmented_data_consistent_backgrounds\images\train\Needle_Holder_Ryder_Straight_Carb-bite_Serrated_Jaws_8in_closed_17_aug004.jpg","Needle Holder Ryder Straight Carb-bite Serrated Jaws 8in","closed","17","4.0"
"D:\augmented_data_consistent_backgrounds\images\train\Needle_Holder_Ryder_Straight_Carb-bite_Serrated_Jaws_8in_closed_17_aug005.jpg","Needle Holder Ryder Straight Carb-bite Serrated Jaws 8in","closed","17","5.0"
"D:\augmented_data_consistent_backgrounds\images\train\Needle_Holder_Ryder_Straight_Carb-bite_Serrated_Jaws_8in_closed_17_aug006.jpg","Needle Holder Ryder Straight Carb-bite Serrated Jaws 8in","closed","17","6.0"
"D:\augmented_data_consistent_backgrounds\images\train\Needle_Holder_Ryder_Straight_Carb-bite_Serrated_Jaws_8in_closed_17_aug007.jpg","Needle Holder Ryder Straight Carb-bite Serrated Jaws 8in","closed","17","7.0"
"D:\augmented_data_consistent_backgrounds\images\train\Needle_Holder_Ryder_Straight_Carb-bite_Serrated_Jaws_8in_closed_17_aug008.jpg","Needle Holder Ryder Straight Carb-bite Serrated Jaws 8in","closed","17","8.0"
"D:\augmented_data_consistent_backgrounds\images\train\Needle_Holder_Ryder_Straight_Carb-bite_Serrated_Jaws_8in_closed_17_aug009.jpg","Needle Holder Ryder Straight Carb-bite Serrated Jaws 8in","closed","17","9.0"
"D:\augmented_data_consistent_backgrounds\images\train\Needle_Holder_Ryder_Straight_Carb-bite_Serrated_Jaws_8in_closed_17_aug010.jpg","Needle Holder Ryder Straight Carb-bite Serrated Jaws 8in","closed","17","10.0"
"D:\augmented_data_consistent_backgrounds\images\train\Needle_Holder_Ryder_Straight_Carb-bite_Serrated_Jaws_8in_closed_17_aug011.jpg","Needle Holder Ryder Straight Carb-bite Serrated Jaws 8in","closed","17","11.0"
"D:\augmented_data_consistent_backgrounds\images\train\Needle_Holder_Ryder_Straight_Carb-bite_Serrated_Jaws_8in_closed_17_aug013.jpg","Needle Holder Ryder Straight Carb-bite Serrated Jaws 8in","closed","17","13.0"
"D:\augmented_data_consistent_backgrounds\images\train\Needle_Holder_Ryder_Straight_Carb-bite_Serrated_Jaws_8in_closed_17_aug016.jpg","Needle Holder Ryder Straight Carb-bite Serrated Jaws 8in","closed","17","16.0"
"D:\augmented_data_consistent_backgrounds\images\train\Needle_Holder_Ryder_Straight_Carb-bite_Serrated_Jaws_8in_closed_17_aug017.jpg","Needle Holder Ryder Straight Carb-bite Serrated Jaws 8in","closed","17","17.0"
"D:\augmented_data_consistent_backgrounds\images\train\Needle_Holder_Ryder_Straight_Carb-bite_Serrated_Jaws_8in_closed_17_aug018.jpg","Needle Holder Ryder Straight Carb-bite Serrated Jaws 8in","closed","17","18.0"
"D:\augmented_data_consistent_backgrounds\images\train\Needle_Holder_Ryder_Straight_Carb-bite_Serrated_Jaws_8in_closed_17_aug019.jpg","Needle Holder Ryder Straight Carb-bite Serrated Jaws 8in","closed","17","19.0"
"D:\augmented_data_consistent_backgrounds\images\train\Needle_Holder_Ryder_Straight_Carb-bite_Serrated_Jaws_8in_closed_18_aug000.jpg","Needle Holder Ryder Straight Carb-bite Serrated Jaws 8in","closed","18","0.0"
"D:\augmented_data_consistent_backgrounds\images\train\Needle_Holder_Ryder_Straight_Carb-bite_Serrated_Jaws_8in_closed_18_aug001.jpg","Needle Holder Ryder Straight Carb-bite Serrated Jaws 8in","closed","18","1.0"
"D:\augmented_data_consistent_backgrounds\images\train\Needle_Holder_Ryder_Straight_Carb-bite_Serrated_Jaws_8in_closed_18_aug002.jpg","Needle Holder Ryder Straight Carb-bite Serrated Jaws 8in","closed","18","2.0"
"D:\augmented_data_consistent_backgrounds\images\train\Needle_Holder_Ryder_Straight_Carb-bite_Serrated_Jaws_8in_closed_18_aug004.jpg","Needle Holder Ryder Straight Carb-bite Serrated Jaws 8in","closed","18","4.0"
"D:\augmented_data_consistent_backgrounds\images\train\Needle_Holder_Ryder_Straight_Carb-bite_Serrated_Jaws_8in_closed_18_aug005.jpg","Needle Holder Ryder Straight Carb-bite Serrated Jaws 8in","closed","18","5.0"
"D:\augmented_data_consistent_backgrounds\images\train\Needle_Holder_Ryder_Straight_Carb-bite_Serrated_Jaws_8in_closed_18_aug007.jpg","Needle Holder Ryder Straight Carb-bite Serrated Jaws 8in","closed","18","7.0"
"D:\augmented_data_consistent_backgrounds\images\train\Needle_Holder_Ryder_Straight_Carb-bite_Serrated_Jaws_8in_closed_18_aug008.jpg","Needle Holder Ryder Straight Carb-bite Serrated Jaws 8in","closed","18","8.0"
"D:\augmented_data_consistent_backgrounds\images\train\Needle_Holder_Ryder_Straight_Carb-bite_Serrated_Jaws_8in_closed_18_aug010.jpg","Needle Holder Ryder Straight Carb-bite Serrated Jaws 8in","closed","18","10.0"
"D:\augmented_data_consistent_backgrounds\images\train\Needle_Holder_Ryder_Straight_Carb-bite_Serrated_Jaws_8in_closed_18_aug011.jpg","Needle Holder Ryder Straight Carb-bite Serrated Jaws 8in","closed","18","11.0"
"D:\augmented_data_consistent_backgrounds\images\train\Needle_Holder_Ryder_Straight_Carb-bite_Serrated_Jaws_8in_closed_18_aug012.jpg","Needle Holder Ryder Straight Carb-bite Serrated Jaws 8in","closed","18","12.0"
"D:\augmented_data_consistent_backgrounds\images\train\Needle_Holder_Ryder_Straight_Carb-bite_Serrated_Jaws_8in_closed_18_aug014.jpg","Needle Holder Ryder Straight Carb-bite Serrated Jaws 8in","closed","18","14.0"
"D:\augmented_data_consistent_backgrounds\images\train\Needle_Holder_Ryder_Straight_Carb-bite_Serrated_Jaws_8in_closed_18_aug016.jpg","Needle Holder Ryder Straight Carb-bite Serrated Jaws 8in","closed","18","16.0"
"D:\augmented_data_consistent_backgrounds\images\train\Needle_Holder_Ryder_Straight_Carb-bite_Serrated_Jaws_8in_closed_18_aug017.jpg","Needle Holder Ryder Straight Carb-bite Serrated Jaws 8in","closed","18","17.0"
"D:\augmented_data_consistent_backgrounds\images\train\Needle_Holder_Ryder_Straight_Carb-bite_Serrated_Jaws_8in_closed_18_aug018.jpg","Needle Holder Ryder Straight Carb-bite Serrated Jaws 8in","closed","18","18.0"
"D:\augmented_data_consistent_backgrounds\images\train\Needle_Holder_Ryder_Straight_Carb-bite_Serrated_Jaws_8in_closed_19.jpg","Needle Holder Ryder Straight Carb-bite Serrated Jaws 8in","closed","19",""
"D:\augmented_data_consistent_backgrounds\images\train\Needle_Holder_Ryder_Straight_Carb-bite_Serrated_Jaws_8in_closed_19_aug000.jpg","Needle Holder Ryder Straight Carb-bite Serrated Jaws 8in","closed","19","0.0"
"D:\augmented_data_consistent_backgrounds\images\train\Needle_Holder_Ryder_Straight_Carb-bite_Serrated_Jaws_8in_closed_19_aug001.jpg","Needle Holder Ryder Straight Carb-bite Serrated Jaws 8in","closed","19","1.0"
"D:\augmented_data_consistent_backgrounds\images\train\Needle_Holder_Ryder_Straight_Carb-bite_Serrated_Jaws_8in_closed_19_aug002.jpg","Needle Holder Ryder Straight Carb-bite Serrated Jaws 8in","closed","19","2.0"
"D:\augmented_data_consistent_backgrounds\images\train\Needle_Holder_Ryder_Straight_Carb-bite_Serrated_Jaws_8in_closed_19_aug003.jpg","Needle Holder Ryder Straight Carb-bite Serrated Jaws 8in","closed","19","3.0"
"D:\augmented_data_consistent_backgrounds\images\train\Needle_Holder_Ryder_Straight_Carb-bite_Serrated_Jaws_8in_closed_19_aug004.jpg","Needle Holder Ryder Straight Carb-bite Serrated Jaws 8in","closed","19","4.0"
"D:\augmented_data_consistent_backgrounds\images\train\Needle_Holder_Ryder_Straight_Carb-bite_Serrated_Jaws_8in_closed_19_aug006.jpg","Needle Holder Ryder Straight Carb-bite Serrated Jaws 8in","closed","19","6.0"
"D:\augmented_data_consistent_backgrounds\images\train\Needle_Holder_Ryder_Straight_Carb-bite_Serrated_Jaws_8in_closed_19_aug008.jpg","Needle Holder Ryder Straight Carb-bite Serrated Jaws 8in","closed","19","8.0"
"D:\augmented_data_consistent_backgrounds\images\train\Needle_Holder_Ryder_Straight_Carb-bite_Serrated_Jaws_8in_closed_19_aug009.jpg","Needle Holder Ryder Straight Carb-bite Serrated Jaws 8in","closed","19","9.0"
"D:\augmented_data_consistent_backgrounds\images\train\Needle_Holder_Ryder_Straight_Carb-bite_Serrated_Jaws_8in_closed_19_aug010.jpg","Needle Holder Ryder Straight Carb-bite Serrated Jaws 8in","closed","19","10.0"
"D:\augmented_data_consistent_backgrounds\images\train\Needle_Holder_Ryder_Straight_Carb-bite_Serrated_Jaws_8in_closed_19_aug011.jpg","Needle Holder Ryder Straight Carb-bite Serrated Jaws 8in","closed","19","11.0"
"D:\augmented_data_consistent_backgrounds\images\train\Needle_Holder_Ryder_Straight_Carb-bite_Serrated_Jaws_8in_closed_19_aug012.jpg","Needle Holder Ryder Straight Carb-bite Serrated Jaws 8in","closed","19","12.0"
"D:\augmented_data_consistent_backgrounds\images\train\Needle_Holder_Ryder_Straight_Carb-bite_Serrated_Jaws_8in_closed_19_aug014.jpg","Needle Holder Ryder Straight Carb-bite Serrated Jaws 8in","closed","19","14.0"
"D:\augmented_data_consistent_backgrounds\images\train\Needle_Holder_Ryder_Straight_Carb-bite_Serrated_Jaws_8in_closed_19_aug015.jpg","Needle Holder Ryder Straight Carb-bite Serrated Jaws 8in","closed","19","15.0"
"D:\augmented_data_consistent_backgrounds\images\train\Needle_Holder_Ryder_Straight_Carb-bite_Serrated_Jaws_8in_closed_19_aug019.jpg","Needle Holder Ryder Straight Carb-bite Serrated Jaws 8in","closed","19","19.0"
"D:\augmented_data_consistent_backgrounds\images\train\Needle_Holder_Ryder_Straight_Carb-bite_Serrated_Jaws_8in_closed_20.jpg","Needle Holder Ryder Straight Carb-bite Serrated Jaws 8in","closed","20",""
"D:\augmented_data_consistent_backgrounds\images\train\Needle_Holder_Ryder_Straight_Carb-bite_Serrated_Jaws_8in_closed_20_aug001.jpg","Needle Holder Ryder Straight Carb-bite Serrated Jaws 8in","closed","20","1.0"
"D:\augmented_data_consistent_backgrounds\images\train\Needle_Holder_Ryder_Straight_Carb-bite_Serrated_Jaws_8in_closed_20_aug002.jpg","Needle Holder Ryder Straight Carb-bite Serrated Jaws 8in","closed","20","2.0"
"D:\augmented_data_consistent_backgrounds\images\train\Needle_Holder_Ryder_Straight_Carb-bite_Serrated_Jaws_8in_closed_20_aug003.jpg","Needle Holder Ryder Straight Carb-bite Serrated Jaws 8in","closed","20","3.0"
"D:\augmented_data_consistent_backgrounds\images\train\Needle_Holder_Ryder_Straight_Carb-bite_Serrated_Jaws_8in_closed_20_aug004.jpg","Needle Holder Ryder Straight Carb-bite Serrated Jaws 8in","closed","20","4.0"
"D:\augmented_data_consistent_backgrounds\images\train\Needle_Holder_Ryder_Straight_Carb-bite_Serrated_Jaws_8in_closed_20_aug005.jpg","Needle Holder Ryder Straight Carb-bite Serrated Jaws 8in","closed","20","5.0"
"D:\augmented_data_consistent_backgrounds\images\train\Needle_Holder_Ryder_Straight_Carb-bite_Serrated_Jaws_8in_closed_20_aug006.jpg","Needle Holder Ryder Straight Carb-bite Serrated Jaws 8in","closed","20","6.0"
"D:\augmented_data_consistent_backgrounds\images\train\Needle_Holder_Ryder_Straight_Carb-bite_Serrated_Jaws_8in_closed_20_aug007.jpg","Needle Holder Ryder Straight Carb-bite Serrated Jaws 8in","closed","20","7.0"
"D:\augmented_data_consistent_backgrounds\images\train\Needle_Holder_Ryder_Straight_Carb-bite_Serrated_Jaws_8in_closed_20_aug008.jpg","Needle Holder Ryder Straight Carb-bite Serrated Jaws 8in","closed","20","8.0"
"D:\augmented_data_consistent_backgrounds\images\train\Needle_Holder_Ryder_Straight_Carb-bite_Serrated_Jaws_8in_closed_20_aug009.jpg","Needle Holder Ryder Straight Carb-bite Serrated Jaws 8in","closed","20","9.0"
"D:\augmented_data_consistent_backgrounds\images\train\Needle_Holder_Ryder_Straight_Carb-bite_Serrated_Jaws_8in_closed_20_aug011.jpg","Needle Holder Ryder Straight Carb-bite Serrated Jaws 8in","closed","20","11.0"
"D:\augmented_data_consistent_backgrounds\images\train\Needle_Holder_Ryder_Straight_Carb-bite_Serrated_Jaws_8in_closed_20_aug012.jpg","Needle Holder Ryder Straight Carb-bite Serrated Jaws 8in","closed","20","12.0"
"D:\augmented_data_consistent_backgrounds\images\train\Needle_Holder_Ryder_Straight_Carb-bite_Serrated_Jaws_8in_closed_20_aug013.jpg","Needle Holder Ryder Straight Carb-bite Serrated Jaws 8in","closed","20","13.0"
"D:\augmented_data_consistent_backgrounds\images\train\Needle_Holder_Ryder_Straight_Carb-bite_Serrated_Jaws_8in_closed_20_aug015.jpg","Needle Holder Ryder Straight Carb-bite Serrated Jaws 8in","closed","20","15.0"
"D:\augmented_data_consistent_backgrounds\images\train\Needle_Holder_Ryder_Straight_Carb-bite_Serrated_Jaws_8in_closed_20_aug016.jpg","Needle Holder Ryder Straight Carb-bite Serrated Jaws 8in","closed","20","16.0"
"D:\augmented_data_consistent_backgrounds\images\train\Needle_Holder_Ryder_Straight_Carb-bite_Serrated_Jaws_8in_closed_20_aug017.jpg","Needle Holder Ryder Straight Carb-bite Serrated Jaws 8in","closed","20","17.0"
"D:\augmented_data_consistent_backgrounds\images\train\Needle_Holder_Ryder_Straight_Carb-bite_Serrated_Jaws_8in_closed_20_aug018.jpg","Needle Holder Ryder Straight Carb-bite Serrated Jaws 8in","closed","20","18.0"
"D:\augmented_data_consistent_backgrounds\images\train\Needle_Holder_Ryder_Straight_Carb-bite_Serrated_Jaws_8in_closed_20_aug019.jpg","Needle Holder Ryder Straight Carb-bite Serrated Jaws 8in","closed","20","19.0"
"D:\augmented_data_consistent_backgrounds\images\train\Needle_Holder_Ryder_Straight_Carb-bite_Serrated_Jaws_8in_closed_21.jpg","Needle Holder Ryder Straight Carb-bite Serrated Jaws 8in","closed","21",""
"D:\augmented_data_consistent_backgrounds\images\train\Needle_Holder_Ryder_Straight_Carb-bite_Serrated_Jaws_8in_closed_21_aug001.jpg","Needle Holder Ryder Straight Carb-bite Serrated Jaws 8in","closed","21","1.0"
"D:\augmented_data_consistent_backgrounds\images\train\Needle_Holder_Ryder_Straight_Carb-bite_Serrated_Jaws_8in_closed_21_aug002.jpg","Needle Holder Ryder Straight Carb-bite Serrated Jaws 8in","closed","21","2.0"
"D:\augmented_data_consistent_backgrounds\images\train\Needle_Holder_Ryder_Straight_Carb-bite_Serrated_Jaws_8in_closed_21_aug003.jpg","Needle Holder Ryder Straight Carb-bite Serrated Jaws 8in","closed","21","3.0"
"D:\augmented_data_consistent_backgrounds\images\train\Needle_Holder_Ryder_Straight_Carb-bite_Serrated_Jaws_8in_closed_21_aug005.jpg","Needle Holder Ryder Straight Carb-bite Serrated Jaws 8in","closed","21","5.0"
"D:\augmented_data_consistent_backgrounds\images\train\Needle_Holder_Ryder_Straight_Carb-bite_Serrated_Jaws_8in_closed_21_aug006.jpg","Needle Holder Ryder Straight Carb-bite Serrated Jaws 8in","closed","21","6.0"
"D:\augmented_data_consistent_backgrounds\images\train\Needle_Holder_Ryder_Straight_Carb-bite_Serrated_Jaws_8in_closed_21_aug007.jpg","Needle Holder Ryder Straight Carb-bite Serrated Jaws 8in","closed","21","7.0"
"D:\augmented_data_consistent_backgrounds\images\train\Needle_Holder_Ryder_Straight_Carb-bite_Serrated_Jaws_8in_closed_21_aug010.jpg","Needle Holder Ryder Straight Carb-bite Serrated Jaws 8in","closed","21","10.0"
"D:\augmented_data_consistent_backgrounds\images\train\Needle_Holder_Ryder_Straight_Carb-bite_Serrated_Jaws_8in_closed_21_aug011.jpg","Needle Holder Ryder Straight Carb-bite Serrated Jaws 8in","closed","21","11.0"
"D:\augmented_data_consistent_backgrounds\images\train\Needle_Holder_Ryder_Straight_Carb-bite_Serrated_Jaws_8in_closed_21_aug012.jpg","Needle Holder Ryder Straight Carb-bite Serrated Jaws 8in","closed","21","12.0"
"D:\augmented_data_consistent_backgrounds\images\train\Needle_Holder_Ryder_Straight_Carb-bite_Serrated_Jaws_8in_closed_21_aug014.jpg","Needle Holder Ryder Straight Carb-bite Serrated Jaws 8in","closed","21","14.0"
"D:\augmented_data_consistent_backgrounds\images\train\Needle_Holder_Ryder_Straight_Carb-bite_Serrated_Jaws_8in_closed_21_aug015.jpg","Needle Holder Ryder Straight Carb-bite Serrated Jaws 8in","closed","21","15.0"
"D:\augmented_data_consistent_backgrounds\images\train\Needle_Holder_Ryder_Straight_Carb-bite_Serrated_Jaws_8in_closed_21_aug016.jpg","Needle Holder Ryder Straight Carb-bite Serrated Jaws 8in","closed","21","16.0"
"D:\augmented_data_consistent_backgrounds\images\train\Needle_Holder_Ryder_Straight_Carb-bite_Serrated_Jaws_8in_closed_21_aug017.jpg","Needle Holder Ryder Straight Carb-bite Serrated Jaws 8in","closed","21","17.0"
"D:\augmented_data_consistent_backgrounds\images\train\Needle_Holder_Ryder_Straight_Carb-bite_Serrated_Jaws_8in_closed_21_aug018.jpg","Needle Holder Ryder Straight Carb-bite Serrated Jaws 8in","closed","21","18.0"
"D:\augmented_data_consistent_backgrounds\images\train\Needle_Holder_Ryder_Straight_Carb-bite_Serrated_Jaws_8in_closed_22.jpg","Needle Holder Ryder Straight Carb-bite Serrated Jaws 8in","closed","22",""
"D:\augmented_data_consistent_backgrounds\images\train\Needle_Holder_Ryder_Straight_Carb-bite_Serrated_Jaws_8in_closed_22_aug001.jpg","Needle Holder Ryder Straight Carb-bite Serrated Jaws 8in","closed","22","1.0"
"D:\augmented_data_consistent_backgrounds\images\train\Needle_Holder_Ryder_Straight_Carb-bite_Serrated_Jaws_8in_closed_22_aug002.jpg","Needle Holder Ryder Straight Carb-bite Serrated Jaws 8in","closed","22","2.0"
"D:\augmented_data_consistent_backgrounds\images\train\Needle_Holder_Ryder_Straight_Carb-bite_Serrated_Jaws_8in_closed_22_aug003.jpg","Needle Holder Ryder Straight Carb-bite Serrated Jaws 8in","closed","22","3.0"
"D:\augmented_data_consistent_backgrounds\images\train\Needle_Holder_Ryder_Straight_Carb-bite_Serrated_Jaws_8in_closed_22_aug004.jpg","Needle Holder Ryder Straight Carb-bite Serrated Jaws 8in","closed","22","4.0"
"D:\augmented_data_consistent_backgrounds\images\train\Needle_Holder_Ryder_Straight_Carb-bite_Serrated_Jaws_8in_closed_22_aug005.jpg","Needle Holder Ryder Straight Carb-bite Serrated Jaws 8in","closed","22","5.0"
"D:\augmented_data_consistent_backgrounds\images\train\Needle_Holder_Ryder_Straight_Carb-bite_Serrated_Jaws_8in_closed_22_aug007.jpg","Needle Holder Ryder Straight Carb-bite Serrated Jaws 8in","closed","22","7.0"
"D:\augmented_data_consistent_backgrounds\images\train\Needle_Holder_Ryder_Straight_Carb-bite_Serrated_Jaws_8in_closed_22_aug009.jpg","Needle Holder Ryder Straight Carb-bite Serrated Jaws 8in","closed","22","9.0"
"D:\augmented_data_consistent_backgrounds\images\train\Needle_Holder_Ryder_Straight_Carb-bite_Serrated_Jaws_8in_closed_22_aug010.jpg","Needle Holder Ryder Straight Carb-bite Serrated Jaws 8in","closed","22","10.0"
"D:\augmented_data_consistent_backgrounds\images\train\Needle_Holder_Ryder_Straight_Carb-bite_Serrated_Jaws_8in_closed_22_aug013.jpg","Needle Holder Ryder Straight Carb-bite Serrated Jaws 8in","closed","22","13.0"
"D:\augmented_data_consistent_backgrounds\images\train\Needle_Holder_Ryder_Straight_Carb-bite_Serrated_Jaws_8in_closed_22_aug014.jpg","Needle Holder Ryder Straight Carb-bite Serrated Jaws 8in","closed","22","14.0"
"D:\augmented_data_consistent_backgrounds\images\train\Needle_Holder_Ryder_Straight_Carb-bite_Serrated_Jaws_8in_closed_22_aug016.jpg","Needle Holder Ryder Straight Carb-bite Serrated Jaws 8in","closed","22","16.0"
"D:\augmented_data_consistent_backgrounds\images\train\Needle_Holder_Ryder_Straight_Carb-bite_Serrated_Jaws_8in_closed_22_aug018.jpg","Needle Holder Ryder Straight Carb-bite Serrated Jaws 8in","closed","22","18.0"
"D:\augmented_data_consistent_backgrounds\images\train\Needle_Holder_Ryder_Straight_Carb-bite_Serrated_Jaws_8in_closed_22_aug019.jpg","Needle Holder Ryder Straight Carb-bite Serrated Jaws 8in","closed","22","19.0"
"D:\augmented_data_consistent_backgrounds\images\train\Needle_Holder_Ryder_Straight_Carb-bite_Serrated_Jaws_8in_closed_23.jpg","Needle Holder Ryder Straight Carb-bite Serrated Jaws 8in","closed","23",""
"D:\augmented_data_consistent_backgrounds\images\train\Needle_Holder_Ryder_Straight_Carb-bite_Serrated_Jaws_8in_closed_23_aug000.jpg","Needle Holder Ryder Straight Carb-bite Serrated Jaws 8in","closed","23","0.0"
"D:\augmented_data_consistent_backgrounds\images\train\Needle_Holder_Ryder_Straight_Carb-bite_Serrated_Jaws_8in_closed_23_aug003.jpg","Needle Holder Ryder Straight Carb-bite Serrated Jaws 8in","closed","23","3.0"
"D:\augmented_data_consistent_backgrounds\images\train\Needle_Holder_Ryder_Straight_Carb-bite_Serrated_Jaws_8in_closed_23_aug004.jpg","Needle Holder Ryder Straight Carb-bite Serrated Jaws 8in","closed","23","4.0"
"D:\augmented_data_consistent_backgrounds\images\train\Needle_Holder_Ryder_Straight_Carb-bite_Serrated_Jaws_8in_closed_23_aug005.jpg","Needle Holder Ryder Straight Carb-bite Serrated Jaws 8in","closed","23","5.0"
"D:\augmented_data_consistent_backgrounds\images\train\Needle_Holder_Ryder_Straight_Carb-bite_Serrated_Jaws_8in_closed_23_aug006.jpg","Needle Holder Ryder Straight Carb-bite Serrated Jaws 8in","closed","23","6.0"
"D:\augmented_data_consistent_backgrounds\images\train\Needle_Holder_Ryder_Straight_Carb-bite_Serrated_Jaws_8in_closed_23_aug007.jpg","Needle Holder Ryder Straight Carb-bite Serrated Jaws 8in","closed","23","7.0"
"D:\augmented_data_consistent_backgrounds\images\train\Needle_Holder_Ryder_Straight_Carb-bite_Serrated_Jaws_8in_closed_23_aug008.jpg","Needle Holder Ryder Straight Carb-bite Serrated Jaws 8in","closed","23","8.0"
"D:\augmented_data_consistent_backgrounds\images\train\Needle_Holder_Ryder_Straight_Carb-bite_Serrated_Jaws_8in_closed_23_aug009.jpg","Needle Holder Ryder Straight Carb-bite Serrated Jaws 8in","closed","23","9.0"
"D:\augmented_data_consistent_backgrounds\images\train\Needle_Holder_Ryder_Straight_Carb-bite_Serrated_Jaws_8in_closed_23_aug011.jpg","Needle Holder Ryder Straight Carb-bite Serrated Jaws 8in","closed","23","11.0"
"D:\augmented_data_consistent_backgrounds\images\train\Needle_Holder_Ryder_Straight_Carb-bite_Serrated_Jaws_8in_closed_23_aug012.jpg","Needle Holder Ryder Straight Carb-bite Serrated Jaws 8in","closed","23","12.0"
"D:\augmented_data_consistent_backgrounds\images\train\Needle_Holder_Ryder_Straight_Carb-bite_Serrated_Jaws_8in_closed_23_aug013.jpg","Needle Holder Ryder Straight Carb-bite Serrated Jaws 8in","closed","23","13.0"
"D:\augmented_data_consistent_backgrounds\images\train\Needle_Holder_Ryder_Straight_Carb-bite_Serrated_Jaws_8in_closed_23_aug014.jpg","Needle Holder Ryder Straight Carb-bite Serrated Jaws 8in","closed","23","14.0"
"D:\augmented_data_consistent_backgrounds\images\train\Needle_Holder_Ryder_Straight_Carb-bite_Serrated_Jaws_8in_closed_23_aug015.jpg","Needle Holder Ryder Straight Carb-bite Serrated Jaws 8in","closed","23","15.0"
"D:\augmented_data_consistent_backgrounds\images\train\Needle_Holder_Ryder_Straight_Carb-bite_Serrated_Jaws_8in_closed_23_aug016.jpg","Needle Holder Ryder Straight Carb-bite Serrated Jaws 8in","closed","23","16.0"
"D:\augmented_data_consistent_backgrounds\images\train\Needle_Holder_Ryder_Straight_Carb-bite_Serrated_Jaws_8in_closed_23_aug017.jpg","Needle Holder Ryder Straight Carb-bite Serrated Jaws 8in","closed","23","17.0"
"D:\augmented_data_consistent_backgrounds\images\train\Needle_Holder_Ryder_Straight_Carb-bite_Serrated_Jaws_8in_closed_23_aug018.jpg","Needle Holder Ryder Straight Carb-bite Serrated Jaws 8in","closed","23","18.0"
"D:\augmented_data_consistent_backgrounds\images\train\Needle_Holder_Ryder_Straight_Carb-bite_Serrated_Jaws_8in_closed_23_aug019.jpg","Needle Holder Ryder Straight Carb-bite Serrated Jaws 8in","closed","23","19.0"
"D:\augmented_data_consistent_backgrounds\images\train\Needle_Holder_Ryder_Straight_Carb-bite_Serrated_Jaws_8in_closed_24.jpg","Needle Holder Ryder Straight Carb-bite Serrated Jaws 8in","closed","24",""
"D:\augmented_data_consistent_backgrounds\images\train\Needle_Holder_Ryder_Straight_Carb-bite_Serrated_Jaws_8in_closed_24_aug000.jpg","Needle Holder Ryder Straight Carb-bite Serrated Jaws 8in","closed","24","0.0"
"D:\augmented_data_consistent_backgrounds\images\train\Needle_Holder_Ryder_Straight_Carb-bite_Serrated_Jaws_8in_closed_24_aug001.jpg","Needle Holder Ryder Straight Carb-bite Serrated Jaws 8in","closed","24","1.0"
"D:\augmented_data_consistent_backgrounds\images\train\Needle_Holder_Ryder_Straight_Carb-bite_Serrated_Jaws_8in_closed_24_aug002.jpg","Needle Holder Ryder Straight Carb-bite Serrated Jaws 8in","closed","24","2.0"
"D:\augmented_data_consistent_backgrounds\images\train\Needle_Holder_Ryder_Straight_Carb-bite_Serrated_Jaws_8in_closed_24_aug003.jpg","Needle Holder Ryder Straight Carb-bite Serrated Jaws 8in","closed","24","3.0"
"D:\augmented_data_consistent_backgrounds\images\train\Needle_Holder_Ryder_Straight_Carb-bite_Serrated_Jaws_8in_closed_24_aug004.jpg","Needle Holder Ryder Straight Carb-bite Serrated Jaws 8in","closed","24","4.0"
"D:\augmented_data_consistent_backgrounds\images\train\Needle_Holder_Ryder_Straight_Carb-bite_Serrated_Jaws_8in_closed_24_aug006.jpg","Needle Holder Ryder Straight Carb-bite Serrated Jaws 8in","closed","24","6.0"
"D:\augmented_data_consistent_backgrounds\images\train\Needle_Holder_Ryder_Straight_Carb-bite_Serrated_Jaws_8in_closed_24_aug008.jpg","Needle Holder Ryder Straight Carb-bite Serrated Jaws 8in","closed","24","8.0"
"D:\augmented_data_consistent_backgrounds\images\train\Needle_Holder_Ryder_Straight_Carb-bite_Serrated_Jaws_8in_closed_24_aug010.jpg","Needle Holder Ryder Straight Carb-bite Serrated Jaws 8in","closed","24","10.0"
"D:\augmented_data_consistent_backgrounds\images\train\Needle_Holder_Ryder_Straight_Carb-bite_Serrated_Jaws_8in_closed_24_aug011.jpg","Needle Holder Ryder Straight Carb-bite Serrated Jaws 8in","closed","24","11.0"
"D:\augmented_data_consistent_backgrounds\images\train\Needle_Holder_Ryder_Straight_Carb-bite_Serrated_Jaws_8in_closed_24_aug012.jpg","Needle Holder Ryder Straight Carb-bite Serrated Jaws 8in","closed","24","12.0"
"D:\augmented_data_consistent_backgrounds\images\train\Needle_Holder_Ryder_Straight_Carb-bite_Serrated_Jaws_8in_closed_24_aug013.jpg","Needle Holder Ryder Straight Carb-bite Serrated Jaws 8in","closed","24","13.0"
"D:\augmented_data_consistent_backgrounds\images\train\Needle_Holder_Ryder_Straight_Carb-bite_Serrated_Jaws_8in_closed_24_aug014.jpg","Needle Holder Ryder Straight Carb-bite Serrated Jaws 8in","closed","24","14.0"
"D:\augmented_data_consistent_backgrounds\images\train\Needle_Holder_Ryder_Straight_Carb-bite_Serrated_Jaws_8in_closed_24_aug016.jpg","Needle Holder Ryder Straight Carb-bite Serrated Jaws 8in","closed","24","16.0"
"D:\augmented_data_consistent_backgrounds\images\train\Needle_Holder_Ryder_Straight_Carb-bite_Serrated_Jaws_8in_closed_24_aug017.jpg","Needle Holder Ryder Straight Carb-bite Serrated Jaws 8in","closed","24","17.0"
"D:\augmented_data_consistent_backgrounds\images\train\Needle_Holder_Ryder_Straight_Carb-bite_Serrated_Jaws_8in_closed_24_aug018.jpg","Needle Holder Ryder Straight Carb-bite Serrated Jaws 8in","closed","24","18.0"
"D:\augmented_data_consistent_backgrounds\images\train\Needle_Holder_Ryder_Straight_Carb-bite_Serrated_Jaws_8in_closed_24_aug019.jpg","Needle Holder Ryder Straight Carb-bite Serrated Jaws 8in","closed","24","19.0"
"D:\augmented_data_consistent_backgrounds\images\train\Needle_Holder_Ryder_Straight_Carb-bite_Serrated_Jaws_8in_closed_25.jpg","Needle Holder Ryder Straight Carb-bite Serrated Jaws 8in","closed","25",""
"D:\augmented_data_consistent_backgrounds\images\train\Needle_Holder_Ryder_Straight_Carb-bite_Serrated_Jaws_8in_closed_25_aug001.jpg","Needle Holder Ryder Straight Carb-bite Serrated Jaws 8in","closed","25","1.0"
"D:\augmented_data_consistent_backgrounds\images\train\Needle_Holder_Ryder_Straight_Carb-bite_Serrated_Jaws_8in_closed_25_aug003.jpg","Needle Holder Ryder Straight Carb-bite Serrated Jaws 8in","closed","25","3.0"
"D:\augmented_data_consistent_backgrounds\images\train\Needle_Holder_Ryder_Straight_Carb-bite_Serrated_Jaws_8in_closed_25_aug005.jpg","Needle Holder Ryder Straight Carb-bite Serrated Jaws 8in","closed","25","5.0"
"D:\augmented_data_consistent_backgrounds\images\train\Needle_Holder_Ryder_Straight_Carb-bite_Serrated_Jaws_8in_closed_25_aug006.jpg","Needle Holder Ryder Straight Carb-bite Serrated Jaws 8in","closed","25","6.0"
"D:\augmented_data_consistent_backgrounds\images\train\Needle_Holder_Ryder_Straight_Carb-bite_Serrated_Jaws_8in_closed_25_aug008.jpg","Needle Holder Ryder Straight Carb-bite Serrated Jaws 8in","closed","25","8.0"
"D:\augmented_data_consistent_backgrounds\images\train\Needle_Holder_Ryder_Straight_Carb-bite_Serrated_Jaws_8in_closed_25_aug009.jpg","Needle Holder Ryder Straight Carb-bite Serrated Jaws 8in","closed","25","9.0"
"D:\augmented_data_consistent_backgrounds\images\train\Needle_Holder_Ryder_Straight_Carb-bite_Serrated_Jaws_8in_closed_25_aug010.jpg","Needle Holder Ryder Straight Carb-bite Serrated Jaws 8in","closed","25","10.0"
"D:\augmented_data_consistent_backgrounds\images\train\Needle_Holder_Ryder_Straight_Carb-bite_Serrated_Jaws_8in_closed_25_aug011.jpg","Needle Holder Ryder Straight Carb-bite Serrated Jaws 8in","closed","25","11.0"
"D:\augmented_data_consistent_backgrounds\images\train\Needle_Holder_Ryder_Straight_Carb-bite_Serrated_Jaws_8in_closed_25_aug012.jpg","Needle Holder Ryder Straight Carb-bite Serrated Jaws 8in","closed","25","12.0"
"D:\augmented_data_consistent_backgrounds\images\train\Needle_Holder_Ryder_Straight_Carb-bite_Serrated_Jaws_8in_closed_25_aug013.jpg","Needle Holder Ryder Straight Carb-bite Serrated Jaws 8in","closed","25","13.0"
"D:\augmented_data_consistent_backgrounds\images\train\Needle_Holder_Ryder_Straight_Carb-bite_Serrated_Jaws_8in_closed_25_aug016.jpg","Needle Holder Ryder Straight Carb-bite Serrated Jaws 8in","closed","25","16.0"
"D:\augmented_data_consistent_backgrounds\images\train\Needle_Holder_Ryder_Straight_Carb-bite_Serrated_Jaws_8in_closed_25_aug017.jpg","Needle Holder Ryder Straight Carb-bite Serrated Jaws 8in","closed","25","17.0"
"D:\augmented_data_consistent_backgrounds\images\train\Needle_Holder_Ryder_Straight_Carb-bite_Serrated_Jaws_8in_closed_25_aug019.jpg","Needle Holder Ryder Straight Carb-bite Serrated Jaws 8in","closed","25","19.0"
"D:\augmented_data_consistent_backgrounds\images\train\Needle_Holder_Ryder_Straight_Carb-bite_Serrated_Jaws_8in_open_01.jpg","Needle Holder Ryder Straight Carb-bite Serrated Jaws 8in","open","1",""
"D:\augmented_data_consistent_backgrounds\images\train\Needle_Holder_Ryder_Straight_Carb-bite_Serrated_Jaws_8in_open_01_aug000.jpg","Needle Holder Ryder Straight Carb-bite Serrated Jaws 8in","open","1","0.0"
"D:\augmented_data_consistent_backgrounds\images\train\Needle_Holder_Ryder_Straight_Carb-bite_Serrated_Jaws_8in_open_01_aug001.jpg","Needle Holder Ryder Straight Carb-bite Serrated Jaws 8in","open","1","1.0"
"D:\augmented_data_consistent_backgrounds\images\train\Needle_Holder_Ryder_Straight_Carb-bite_Serrated_Jaws_8in_open_01_aug002.jpg","Needle Holder Ryder Straight Carb-bite Serrated Jaws 8in","open","1","2.0"
"D:\augmented_data_consistent_backgrounds\images\train\Needle_Holder_Ryder_Straight_Carb-bite_Serrated_Jaws_8in_open_01_aug003.jpg","Needle Holder Ryder Straight Carb-bite Serrated Jaws 8in","open","1","3.0"
"D:\augmented_data_consistent_backgrounds\images\train\Needle_Holder_Ryder_Straight_Carb-bite_Serrated_Jaws_8in_open_01_aug005.jpg","Needle Holder Ryder Straight Carb-bite Serrated Jaws 8in","open","1","5.0"
"D:\augmented_data_consistent_backgrounds\images\train\Needle_Holder_Ryder_Straight_Carb-bite_Serrated_Jaws_8in_open_01_aug006.jpg","Needle Holder Ryder Straight Carb-bite Serrated Jaws 8in","open","1","6.0"
"D:\augmented_data_consistent_backgrounds\images\train\Needle_Holder_Ryder_Straight_Carb-bite_Serrated_Jaws_8in_open_01_aug008.jpg","Needle Holder Ryder Straight Carb-bite Serrated Jaws 8in","open","1","8.0"
"D:\augmented_data_consistent_backgrounds\images\train\Needle_Holder_Ryder_Straight_Carb-bite_Serrated_Jaws_8in_open_01_aug009.jpg","Needle Holder Ryder Straight Carb-bite Serrated Jaws 8in","open","1","9.0"
"D:\augmented_data_consistent_backgrounds\images\train\Needle_Holder_Ryder_Straight_Carb-bite_Serrated_Jaws_8in_open_01_aug010.jpg","Needle Holder Ryder Straight Carb-bite Serrated Jaws 8in","open","1","10.0"
"D:\augmented_data_consistent_backgrounds\images\train\Needle_Holder_Ryder_Straight_Carb-bite_Serrated_Jaws_8in_open_01_aug011.jpg","Needle Holder Ryder Straight Carb-bite Serrated Jaws 8in","open","1","11.0"
"D:\augmented_data_consistent_backgrounds\images\train\Needle_Holder_Ryder_Straight_Carb-bite_Serrated_Jaws_8in_open_01_aug012.jpg","Needle Holder Ryder Straight Carb-bite Serrated Jaws 8in","open","1","12.0"
"D:\augmented_data_consistent_backgrounds\images\train\Needle_Holder_Ryder_Straight_Carb-bite_Serrated_Jaws_8in_open_01_aug013.jpg","Needle Holder Ryder Straight Carb-bite Serrated Jaws 8in","open","1","13.0"
"D:\augmented_data_consistent_backgrounds\images\train\Needle_Holder_Ryder_Straight_Carb-bite_Serrated_Jaws_8in_open_01_aug015.jpg","Needle Holder Ryder Straight Carb-bite Serrated Jaws 8in","open","1","15.0"
"D:\augmented_data_consistent_backgrounds\images\train\Needle_Holder_Ryder_Straight_Carb-bite_Serrated_Jaws_8in_open_01_aug016.jpg","Needle Holder Ryder Straight Carb-bite Serrated Jaws 8in","open","1","16.0"
"D:\augmented_data_consistent_backgrounds\images\train\Needle_Holder_Ryder_Straight_Carb-bite_Serrated_Jaws_8in_open_01_aug017.jpg","Needle Holder Ryder Straight Carb-bite Serrated Jaws 8in","open","1","17.0"
"D:\augmented_data_consistent_backgrounds\images\train\Needle_Holder_Ryder_Straight_Carb-bite_Serrated_Jaws_8in_open_01_aug019.jpg","Needle Holder Ryder Straight Carb-bite Serrated Jaws 8in","open","1","19.0"
"D:\augmented_data_consistent_backgrounds\images\train\Needle_Holder_Ryder_Straight_Carb-bite_Serrated_Jaws_8in_open_02.jpg","Needle Holder Ryder Straight Carb-bite Serrated Jaws 8in","open","2",""
"D:\augmented_data_consistent_backgrounds\images\train\Needle_Holder_Ryder_Straight_Carb-bite_Serrated_Jaws_8in_open_02_aug000.jpg","Needle Holder Ryder Straight Carb-bite Serrated Jaws 8in","open","2","0.0"
"D:\augmented_data_consistent_backgrounds\images\train\Needle_Holder_Ryder_Straight_Carb-bite_Serrated_Jaws_8in_open_02_aug002.jpg","Needle Holder Ryder Straight Carb-bite Serrated Jaws 8in","open","2","2.0"
"D:\augmented_data_consistent_backgrounds\images\train\Needle_Holder_Ryder_Straight_Carb-bite_Serrated_Jaws_8in_open_02_aug003.jpg","Needle Holder Ryder Straight Carb-bite Serrated Jaws 8in","open","2","3.0"
"D:\augmented_data_consistent_backgrounds\images\train\Needle_Holder_Ryder_Straight_Carb-bite_Serrated_Jaws_8in_open_02_aug004.jpg","Needle Holder Ryder Straight Carb-bite Serrated Jaws 8in","open","2","4.0"
"D:\augmented_data_consistent_backgrounds\images\train\Needle_Holder_Ryder_Straight_Carb-bite_Serrated_Jaws_8in_open_02_aug006.jpg","Needle Holder Ryder Straight Carb-bite Serrated Jaws 8in","open","2","6.0"
"D:\augmented_data_consistent_backgrounds\images\train\Needle_Holder_Ryder_Straight_Carb-bite_Serrated_Jaws_8in_open_02_aug007.jpg","Needle Holder Ryder Straight Carb-bite Serrated Jaws 8in","open","2","7.0"
"D:\augmented_data_consistent_backgrounds\images\train\Needle_Holder_Ryder_Straight_Carb-bite_Serrated_Jaws_8in_open_02_aug008.jpg","Needle Holder Ryder Straight Carb-bite Serrated Jaws 8in","open","2","8.0"
"D:\augmented_data_consistent_backgrounds\images\train\Needle_Holder_Ryder_Straight_Carb-bite_Serrated_Jaws_8in_open_02_aug010.jpg","Needle Holder Ryder Straight Carb-bite Serrated Jaws 8in","open","2","10.0"
"D:\augmented_data_consistent_backgrounds\images\train\Needle_Holder_Ryder_Straight_Carb-bite_Serrated_Jaws_8in_open_02_aug013.jpg","Needle Holder Ryder Straight Carb-bite Serrated Jaws 8in","open","2","13.0"
"D:\augmented_data_consistent_backgrounds\images\train\Needle_Holder_Ryder_Straight_Carb-bite_Serrated_Jaws_8in_open_02_aug014.jpg","Needle Holder Ryder Straight Carb-bite Serrated Jaws 8in","open","2","14.0"
"D:\augmented_data_consistent_backgrounds\images\train\Needle_Holder_Ryder_Straight_Carb-bite_Serrated_Jaws_8in_open_02_aug015.jpg","Needle Holder Ryder Straight Carb-bite Serrated Jaws 8in","open","2","15.0"
"D:\augmented_data_consistent_backgrounds\images\train\Needle_Holder_Ryder_Straight_Carb-bite_Serrated_Jaws_8in_open_02_aug016.jpg","Needle Holder Ryder Straight Carb-bite Serrated Jaws 8in","open","2","16.0"
"D:\augmented_data_consistent_backgrounds\images\train\Needle_Holder_Ryder_Straight_Carb-bite_Serrated_Jaws_8in_open_02_aug017.jpg","Needle Holder Ryder Straight Carb-bite Serrated Jaws 8in","open","2","17.0"
"D:\augmented_data_consistent_backgrounds\images\train\Needle_Holder_Ryder_Straight_Carb-bite_Serrated_Jaws_8in_open_02_aug018.jpg","Needle Holder Ryder Straight Carb-bite Serrated Jaws 8in","open","2","18.0"
"D:\augmented_data_consistent_backgrounds\images\train\Needle_Holder_Ryder_Straight_Carb-bite_Serrated_Jaws_8in_open_03.jpg","Needle Holder Ryder Straight Carb-bite Serrated Jaws 8in","open","3",""
"D:\augmented_data_consistent_backgrounds\images\train\Needle_Holder_Ryder_Straight_Carb-bite_Serrated_Jaws_8in_open_03_aug000.jpg","Needle Holder Ryder Straight Carb-bite Serrated Jaws 8in","open","3","0.0"
"D:\augmented_data_consistent_backgrounds\images\train\Needle_Holder_Ryder_Straight_Carb-bite_Serrated_Jaws_8in_open_03_aug001.jpg","Needle Holder Ryder Straight Carb-bite Serrated Jaws 8in","open","3","1.0"
"D:\augmented_data_consistent_backgrounds\images\train\Needle_Holder_Ryder_Straight_Carb-bite_Serrated_Jaws_8in_open_03_aug002.jpg","Needle Holder Ryder Straight Carb-bite Serrated Jaws 8in","open","3","2.0"
"D:\augmented_data_consistent_backgrounds\images\train\Needle_Holder_Ryder_Straight_Carb-bite_Serrated_Jaws_8in_open_03_aug003.jpg","Needle Holder Ryder Straight Carb-bite Serrated Jaws 8in","open","3","3.0"
"D:\augmented_data_consistent_backgrounds\images\train\Needle_Holder_Ryder_Straight_Carb-bite_Serrated_Jaws_8in_open_03_aug004.jpg","Needle Holder Ryder Straight Carb-bite Serrated Jaws 8in","open","3","4.0"
"D:\augmented_data_consistent_backgrounds\images\train\Needle_Holder_Ryder_Straight_Carb-bite_Serrated_Jaws_8in_open_03_aug005.jpg","Needle Holder Ryder Straight Carb-bite Serrated Jaws 8in","open","3","5.0"
"D:\augmented_data_consistent_backgrounds\images\train\Needle_Holder_Ryder_Straight_Carb-bite_Serrated_Jaws_8in_open_03_aug006.jpg","Needle Holder Ryder Straight Carb-bite Serrated Jaws 8in","open","3","6.0"
"D:\augmented_data_consistent_backgrounds\images\train\Needle_Holder_Ryder_Straight_Carb-bite_Serrated_Jaws_8in_open_03_aug007.jpg","Needle Holder Ryder Straight Carb-bite Serrated Jaws 8in","open","3","7.0"
"D:\augmented_data_consistent_backgrounds\images\train\Needle_Holder_Ryder_Straight_Carb-bite_Serrated_Jaws_8in_open_03_aug010.jpg","Needle Holder Ryder Straight Carb-bite Serrated Jaws 8in","open","3","10.0"
"D:\augmented_data_consistent_backgrounds\images\train\Needle_Holder_Ryder_Straight_Carb-bite_Serrated_Jaws_8in_open_03_aug011.jpg","Needle Holder Ryder Straight Carb-bite Serrated Jaws 8in","open","3","11.0"
"D:\augmented_data_consistent_backgrounds\images\train\Needle_Holder_Ryder_Straight_Carb-bite_Serrated_Jaws_8in_open_03_aug012.jpg","Needle Holder Ryder Straight Carb-bite Serrated Jaws 8in","open","3","12.0"
"D:\augmented_data_consistent_backgrounds\images\train\Needle_Holder_Ryder_Straight_Carb-bite_Serrated_Jaws_8in_open_03_aug014.jpg","Needle Holder Ryder Straight Carb-bite Serrated Jaws 8in","open","3","14.0"
"D:\augmented_data_consistent_backgrounds\images\train\Needle_Holder_Ryder_Straight_Carb-bite_Serrated_Jaws_8in_open_03_aug015.jpg","Needle Holder Ryder Straight Carb-bite Serrated Jaws 8in","open","3","15.0"
"D:\augmented_data_consistent_backgrounds\images\train\Needle_Holder_Ryder_Straight_Carb-bite_Serrated_Jaws_8in_open_03_aug016.jpg","Needle Holder Ryder Straight Carb-bite Serrated Jaws 8in","open","3","16.0"
"D:\augmented_data_consistent_backgrounds\images\train\Needle_Holder_Ryder_Straight_Carb-bite_Serrated_Jaws_8in_open_03_aug017.jpg","Needle Holder Ryder Straight Carb-bite Serrated Jaws 8in","open","3","17.0"
"D:\augmented_data_consistent_backgrounds\images\train\Needle_Holder_Ryder_Straight_Carb-bite_Serrated_Jaws_8in_open_03_aug018.jpg","Needle Holder Ryder Straight Carb-bite Serrated Jaws 8in","open","3","18.0"
"D:\augmented_data_consistent_backgrounds\images\train\Needle_Holder_Ryder_Straight_Carb-bite_Serrated_Jaws_8in_open_03_aug019.jpg","Needle Holder Ryder Straight Carb-bite Serrated Jaws 8in","open","3","19.0"
"D:\augmented_data_consistent_backgrounds\images\train\Needle_Holder_Ryder_Straight_Carb-bite_Serrated_Jaws_8in_open_04_aug000.jpg","Needle Holder Ryder Straight Carb-bite Serrated Jaws 8in","open","4","0.0"
"D:\augmented_data_consistent_backgrounds\images\train\Needle_Holder_Ryder_Straight_Carb-bite_Serrated_Jaws_8in_open_04_aug001.jpg","Needle Holder Ryder Straight Carb-bite Serrated Jaws 8in","open","4","1.0"
"D:\augmented_data_consistent_backgrounds\images\train\Needle_Holder_Ryder_Straight_Carb-bite_Serrated_Jaws_8in_open_04_aug002.jpg","Needle Holder Ryder Straight Carb-bite Serrated Jaws 8in","open","4","2.0"
"D:\augmented_data_consistent_backgrounds\images\train\Needle_Holder_Ryder_Straight_Carb-bite_Serrated_Jaws_8in_open_04_aug003.jpg","Needle Holder Ryder Straight Carb-bite Serrated Jaws 8in","open","4","3.0"
"D:\augmented_data_consistent_backgrounds\images\train\Needle_Holder_Ryder_Straight_Carb-bite_Serrated_Jaws_8in_open_04_aug004.jpg","Needle Holder Ryder Straight Carb-bite Serrated Jaws 8in","open","4","4.0"
"D:\augmented_data_consistent_backgrounds\images\train\Needle_Holder_Ryder_Straight_Carb-bite_Serrated_Jaws_8in_open_04_aug005.jpg","Needle Holder Ryder Straight Carb-bite Serrated Jaws 8in","open","4","5.0"
"D:\augmented_data_consistent_backgrounds\images\train\Needle_Holder_Ryder_Straight_Carb-bite_Serrated_Jaws_8in_open_04_aug007.jpg","Needle Holder Ryder Straight Carb-bite Serrated Jaws 8in","open","4","7.0"
"D:\augmented_data_consistent_backgrounds\images\train\Needle_Holder_Ryder_Straight_Carb-bite_Serrated_Jaws_8in_open_04_aug008.jpg","Needle Holder Ryder Straight Carb-bite Serrated Jaws 8in","open","4","8.0"
"D:\augmented_data_consistent_backgrounds\images\train\Needle_Holder_Ryder_Straight_Carb-bite_Serrated_Jaws_8in_open_04_aug009.jpg","Needle Holder Ryder Straight Carb-bite Serrated Jaws 8in","open","4","9.0"
"D:\augmented_data_consistent_backgrounds\images\train\Needle_Holder_Ryder_Straight_Carb-bite_Serrated_Jaws_8in_open_04_aug010.jpg","Needle Holder Ryder Straight Carb-bite Serrated Jaws 8in","open","4","10.0"
"D:\augmented_data_consistent_backgrounds\images\train\Needle_Holder_Ryder_Straight_Carb-bite_Serrated_Jaws_8in_open_04_aug012.jpg","Needle Holder Ryder Straight Carb-bite Serrated Jaws 8in","open","4","12.0"
"D:\augmented_data_consistent_backgrounds\images\train\Needle_Holder_Ryder_Straight_Carb-bite_Serrated_Jaws_8in_open_04_aug014.jpg","Needle Holder Ryder Straight Carb-bite Serrated Jaws 8in","open","4","14.0"
"D:\augmented_data_consistent_backgrounds\images\train\Needle_Holder_Ryder_Straight_Carb-bite_Serrated_Jaws_8in_open_04_aug015.jpg","Needle Holder Ryder Straight Carb-bite Serrated Jaws 8in","open","4","15.0"
"D:\augmented_data_consistent_backgrounds\images\train\Needle_Holder_Ryder_Straight_Carb-bite_Serrated_Jaws_8in_open_04_aug016.jpg","Needle Holder Ryder Straight Carb-bite Serrated Jaws 8in","open","4","16.0"
"D:\augmented_data_consistent_backgrounds\images\train\Needle_Holder_Ryder_Straight_Carb-bite_Serrated_Jaws_8in_open_04_aug017.jpg","Needle Holder Ryder Straight Carb-bite Serrated Jaws 8in","open","4","17.0"
"D:\augmented_data_consistent_backgrounds\images\train\Needle_Holder_Ryder_Straight_Carb-bite_Serrated_Jaws_8in_open_04_aug018.jpg","Needle Holder Ryder Straight Carb-bite Serrated Jaws 8in","open","4","18.0"
"D:\augmented_data_consistent_backgrounds\images\train\Needle_Holder_Ryder_Straight_Carb-bite_Serrated_Jaws_8in_open_04_aug019.jpg","Needle Holder Ryder Straight Carb-bite Serrated Jaws 8in","open","4","19.0"
"D:\augmented_data_consistent_backgrounds\images\train\Needle_Holder_Ryder_Straight_Carb-bite_Serrated_Jaws_8in_open_05.jpg","Needle Holder Ryder Straight Carb-bite Serrated Jaws 8in","open","5",""
"D:\augmented_data_consistent_backgrounds\images\train\Needle_Holder_Ryder_Straight_Carb-bite_Serrated_Jaws_8in_open_05_aug000.jpg","Needle Holder Ryder Straight Carb-bite Serrated Jaws 8in","open","5","0.0"
"D:\augmented_data_consistent_backgrounds\images\train\Needle_Holder_Ryder_Straight_Carb-bite_Serrated_Jaws_8in_open_05_aug001.jpg","Needle Holder Ryder Straight Carb-bite Serrated Jaws 8in","open","5","1.0"
"D:\augmented_data_consistent_backgrounds\images\train\Needle_Holder_Ryder_Straight_Carb-bite_Serrated_Jaws_8in_open_05_aug002.jpg","Needle Holder Ryder Straight Carb-bite Serrated Jaws 8in","open","5","2.0"
"D:\augmented_data_consistent_backgrounds\images\train\Needle_Holder_Ryder_Straight_Carb-bite_Serrated_Jaws_8in_open_05_aug003.jpg","Needle Holder Ryder Straight Carb-bite Serrated Jaws 8in","open","5","3.0"
"D:\augmented_data_consistent_backgrounds\images\train\Needle_Holder_Ryder_Straight_Carb-bite_Serrated_Jaws_8in_open_05_aug004.jpg","Needle Holder Ryder Straight Carb-bite Serrated Jaws 8in","open","5","4.0"
"D:\augmented_data_consistent_backgrounds\images\train\Needle_Holder_Ryder_Straight_Carb-bite_Serrated_Jaws_8in_open_05_aug005.jpg","Needle Holder Ryder Straight Carb-bite Serrated Jaws 8in","open","5","5.0"
"D:\augmented_data_consistent_backgrounds\images\train\Needle_Holder_Ryder_Straight_Carb-bite_Serrated_Jaws_8in_open_05_aug007.jpg","Needle Holder Ryder Straight Carb-bite Serrated Jaws 8in","open","5","7.0"
"D:\augmented_data_consistent_backgrounds\images\train\Needle_Holder_Ryder_Straight_Carb-bite_Serrated_Jaws_8in_open_05_aug008.jpg","Needle Holder Ryder Straight Carb-bite Serrated Jaws 8in","open","5","8.0"
"D:\augmented_data_consistent_backgrounds\images\train\Needle_Holder_Ryder_Straight_Carb-bite_Serrated_Jaws_8in_open_05_aug009.jpg","Needle Holder Ryder Straight Carb-bite Serrated Jaws 8in","open","5","9.0"
"D:\augmented_data_consistent_backgrounds\images\train\Needle_Holder_Ryder_Straight_Carb-bite_Serrated_Jaws_8in_open_05_aug010.jpg","Needle Holder Ryder Straight Carb-bite Serrated Jaws 8in","open","5","10.0"
"D:\augmented_data_consistent_backgrounds\images\train\Needle_Holder_Ryder_Straight_Carb-bite_Serrated_Jaws_8in_open_05_aug011.jpg","Needle Holder Ryder Straight Carb-bite Serrated Jaws 8in","open","5","11.0"
"D:\augmented_data_consistent_backgrounds\images\train\Needle_Holder_Ryder_Straight_Carb-bite_Serrated_Jaws_8in_open_05_aug012.jpg","Needle Holder Ryder Straight Carb-bite Serrated Jaws 8in","open","5","12.0"
"D:\augmented_data_consistent_backgrounds\images\train\Needle_Holder_Ryder_Straight_Carb-bite_Serrated_Jaws_8in_open_05_aug013.jpg","Needle Holder Ryder Straight Carb-bite Serrated Jaws 8in","open","5","13.0"
"D:\augmented_data_consistent_backgrounds\images\train\Needle_Holder_Ryder_Straight_Carb-bite_Serrated_Jaws_8in_open_05_aug014.jpg","Needle Holder Ryder Straight Carb-bite Serrated Jaws 8in","open","5","14.0"
"D:\augmented_data_consistent_backgrounds\images\train\Needle_Holder_Ryder_Straight_Carb-bite_Serrated_Jaws_8in_open_05_aug016.jpg","Needle Holder Ryder Straight Carb-bite Serrated Jaws 8in","open","5","16.0"
"D:\augmented_data_consistent_backgrounds\images\train\Needle_Holder_Ryder_Straight_Carb-bite_Serrated_Jaws_8in_open_05_aug017.jpg","Needle Holder Ryder Straight Carb-bite Serrated Jaws 8in","open","5","17.0"
"D:\augmented_data_consistent_backgrounds\images\train\Needle_Holder_Ryder_Straight_Carb-bite_Serrated_Jaws_8in_open_05_aug018.jpg","Needle Holder Ryder Straight Carb-bite Serrated Jaws 8in","open","5","18.0"
"D:\augmented_data_consistent_backgrounds\images\train\Needle_Holder_Ryder_Straight_Carb-bite_Serrated_Jaws_8in_open_05_aug019.jpg","Needle Holder Ryder Straight Carb-bite Serrated Jaws 8in","open","5","19.0"
"D:\augmented_data_consistent_backgrounds\images\train\Needle_Holder_Ryder_Straight_Carb-bite_Serrated_Jaws_8in_open_06.jpg","Needle Holder Ryder Straight Carb-bite Serrated Jaws 8in","open","6",""
"D:\augmented_data_consistent_backgrounds\images\train\Needle_Holder_Ryder_Straight_Carb-bite_Serrated_Jaws_8in_open_06_aug001.jpg","Needle Holder Ryder Straight Carb-bite Serrated Jaws 8in","open","6","1.0"
"D:\augmented_data_consistent_backgrounds\images\train\Needle_Holder_Ryder_Straight_Carb-bite_Serrated_Jaws_8in_open_06_aug002.jpg","Needle Holder Ryder Straight Carb-bite Serrated Jaws 8in","open","6","2.0"
"D:\augmented_data_consistent_backgrounds\images\train\Needle_Holder_Ryder_Straight_Carb-bite_Serrated_Jaws_8in_open_06_aug003.jpg","Needle Holder Ryder Straight Carb-bite Serrated Jaws 8in","open","6","3.0"
"D:\augmented_data_consistent_backgrounds\images\train\Needle_Holder_Ryder_Straight_Carb-bite_Serrated_Jaws_8in_open_06_aug004.jpg","Needle Holder Ryder Straight Carb-bite Serrated Jaws 8in","open","6","4.0"
"D:\augmented_data_consistent_backgrounds\images\train\Needle_Holder_Ryder_Straight_Carb-bite_Serrated_Jaws_8in_open_06_aug005.jpg","Needle Holder Ryder Straight Carb-bite Serrated Jaws 8in","open","6","5.0"
"D:\augmented_data_consistent_backgrounds\images\train\Needle_Holder_Ryder_Straight_Carb-bite_Serrated_Jaws_8in_open_06_aug006.jpg","Needle Holder Ryder Straight Carb-bite Serrated Jaws 8in","open","6","6.0"
"D:\augmented_data_consistent_backgrounds\images\train\Needle_Holder_Ryder_Straight_Carb-bite_Serrated_Jaws_8in_open_06_aug007.jpg","Needle Holder Ryder Straight Carb-bite Serrated Jaws 8in","open","6","7.0"
"D:\augmented_data_consistent_backgrounds\images\train\Needle_Holder_Ryder_Straight_Carb-bite_Serrated_Jaws_8in_open_06_aug008.jpg","Needle Holder Ryder Straight Carb-bite Serrated Jaws 8in","open","6","8.0"
"D:\augmented_data_consistent_backgrounds\images\train\Needle_Holder_Ryder_Straight_Carb-bite_Serrated_Jaws_8in_open_06_aug009.jpg","Needle Holder Ryder Straight Carb-bite Serrated Jaws 8in","open","6","9.0"
"D:\augmented_data_consistent_backgrounds\images\train\Needle_Holder_Ryder_Straight_Carb-bite_Serrated_Jaws_8in_open_06_aug010.jpg","Needle Holder Ryder Straight Carb-bite Serrated Jaws 8in","open","6","10.0"
"D:\augmented_data_consistent_backgrounds\images\train\Needle_Holder_Ryder_Straight_Carb-bite_Serrated_Jaws_8in_open_06_aug011.jpg","Needle Holder Ryder Straight Carb-bite Serrated Jaws 8in","open","6","11.0"
"D:\augmented_data_consistent_backgrounds\images\train\Needle_Holder_Ryder_Straight_Carb-bite_Serrated_Jaws_8in_open_06_aug012.jpg","Needle Holder Ryder Straight Carb-bite Serrated Jaws 8in","open","6","12.0"
"D:\augmented_data_consistent_backgrounds\images\train\Needle_Holder_Ryder_Straight_Carb-bite_Serrated_Jaws_8in_open_06_aug014.jpg","Needle Holder Ryder Straight Carb-bite Serrated Jaws 8in","open","6","14.0"
"D:\augmented_data_consistent_backgrounds\images\train\Needle_Holder_Ryder_Straight_Carb-bite_Serrated_Jaws_8in_open_06_aug015.jpg","Needle Holder Ryder Straight Carb-bite Serrated Jaws 8in","open","6","15.0"
"D:\augmented_data_consistent_backgrounds\images\train\Needle_Holder_Ryder_Straight_Carb-bite_Serrated_Jaws_8in_open_06_aug016.jpg","Needle Holder Ryder Straight Carb-bite Serrated Jaws 8in","open","6","16.0"
"D:\augmented_data_consistent_backgrounds\images\train\Needle_Holder_Ryder_Straight_Carb-bite_Serrated_Jaws_8in_open_06_aug017.jpg","Needle Holder Ryder Straight Carb-bite Serrated Jaws 8in","open","6","17.0"
"D:\augmented_data_consistent_backgrounds\images\train\Needle_Holder_Ryder_Straight_Carb-bite_Serrated_Jaws_8in_open_06_aug018.jpg","Needle Holder Ryder Straight Carb-bite Serrated Jaws 8in","open","6","18.0"
"D:\augmented_data_consistent_backgrounds\images\train\Needle_Holder_Ryder_Straight_Carb-bite_Serrated_Jaws_8in_open_06_aug019.jpg","Needle Holder Ryder Straight Carb-bite Serrated Jaws 8in","open","6","19.0"
"D:\augmented_data_consistent_backgrounds\images\train\Needle_Holder_Ryder_Straight_Carb-bite_Serrated_Jaws_8in_open_07.jpg","Needle Holder Ryder Straight Carb-bite Serrated Jaws 8in","open","7",""
"D:\augmented_data_consistent_backgrounds\images\train\Needle_Holder_Ryder_Straight_Carb-bite_Serrated_Jaws_8in_open_07_aug001.jpg","Needle Holder Ryder Straight Carb-bite Serrated Jaws 8in","open","7","1.0"
"D:\augmented_data_consistent_backgrounds\images\train\Needle_Holder_Ryder_Straight_Carb-bite_Serrated_Jaws_8in_open_07_aug002.jpg","Needle Holder Ryder Straight Carb-bite Serrated Jaws 8in","open","7","2.0"
"D:\augmented_data_consistent_backgrounds\images\train\Needle_Holder_Ryder_Straight_Carb-bite_Serrated_Jaws_8in_open_07_aug003.jpg","Needle Holder Ryder Straight Carb-bite Serrated Jaws 8in","open","7","3.0"
"D:\augmented_data_consistent_backgrounds\images\train\Needle_Holder_Ryder_Straight_Carb-bite_Serrated_Jaws_8in_open_07_aug004.jpg","Needle Holder Ryder Straight Carb-bite Serrated Jaws 8in","open","7","4.0"
"D:\augmented_data_consistent_backgrounds\images\train\Needle_Holder_Ryder_Straight_Carb-bite_Serrated_Jaws_8in_open_07_aug005.jpg","Needle Holder Ryder Straight Carb-bite Serrated Jaws 8in","open","7","5.0"
"D:\augmented_data_consistent_backgrounds\images\train\Needle_Holder_Ryder_Straight_Carb-bite_Serrated_Jaws_8in_open_07_aug006.jpg","Needle Holder Ryder Straight Carb-bite Serrated Jaws 8in","open","7","6.0"
"D:\augmented_data_consistent_backgrounds\images\train\Needle_Holder_Ryder_Straight_Carb-bite_Serrated_Jaws_8in_open_07_aug007.jpg","Needle Holder Ryder Straight Carb-bite Serrated Jaws 8in","open","7","7.0"
"D:\augmented_data_consistent_backgrounds\images\train\Needle_Holder_Ryder_Straight_Carb-bite_Serrated_Jaws_8in_open_07_aug009.jpg","Needle Holder Ryder Straight Carb-bite Serrated Jaws 8in","open","7","9.0"
"D:\augmented_data_consistent_backgrounds\images\train\Needle_Holder_Ryder_Straight_Carb-bite_Serrated_Jaws_8in_open_07_aug010.jpg","Needle Holder Ryder Straight Carb-bite Serrated Jaws 8in","open","7","10.0"
"D:\augmented_data_consistent_backgrounds\images\train\Needle_Holder_Ryder_Straight_Carb-bite_Serrated_Jaws_8in_open_07_aug012.jpg","Needle Holder Ryder Straight Carb-bite Serrated Jaws 8in","open","7","12.0"
"D:\augmented_data_consistent_backgrounds\images\train\Needle_Holder_Ryder_Straight_Carb-bite_Serrated_Jaws_8in_open_07_aug013.jpg","Needle Holder Ryder Straight Carb-bite Serrated Jaws 8in","open","7","13.0"
"D:\augmented_data_consistent_backgrounds\images\train\Needle_Holder_Ryder_Straight_Carb-bite_Serrated_Jaws_8in_open_07_aug014.jpg","Needle Holder Ryder Straight Carb-bite Serrated Jaws 8in","open","7","14.0"
"D:\augmented_data_consistent_backgrounds\images\train\Needle_Holder_Ryder_Straight_Carb-bite_Serrated_Jaws_8in_open_07_aug015.jpg","Needle Holder Ryder Straight Carb-bite Serrated Jaws 8in","open","7","15.0"
"D:\augmented_data_consistent_backgrounds\images\train\Needle_Holder_Ryder_Straight_Carb-bite_Serrated_Jaws_8in_open_07_aug016.jpg","Needle Holder Ryder Straight Carb-bite Serrated Jaws 8in","open","7","16.0"
"D:\augmented_data_consistent_backgrounds\images\train\Needle_Holder_Ryder_Straight_Carb-bite_Serrated_Jaws_8in_open_07_aug017.jpg","Needle Holder Ryder Straight Carb-bite Serrated Jaws 8in","open","7","17.0"
"D:\augmented_data_consistent_backgrounds\images\train\Needle_Holder_Ryder_Straight_Carb-bite_Serrated_Jaws_8in_open_07_aug018.jpg","Needle Holder Ryder Straight Carb-bite Serrated Jaws 8in","open","7","18.0"
"D:\augmented_data_consistent_backgrounds\images\train\Needle_Holder_Ryder_Straight_Carb-bite_Serrated_Jaws_8in_open_07_aug019.jpg","Needle Holder Ryder Straight Carb-bite Serrated Jaws 8in","open","7","19.0"
"D:\augmented_data_consistent_backgrounds\images\train\Needle_Holder_Ryder_Straight_Carb-bite_Serrated_Jaws_8in_open_08.jpg","Needle Holder Ryder Straight Carb-bite Serrated Jaws 8in","open","8",""
"D:\augmented_data_consistent_backgrounds\images\train\Needle_Holder_Ryder_Straight_Carb-bite_Serrated_Jaws_8in_open_08_aug001.jpg","Needle Holder Ryder Straight Carb-bite Serrated Jaws 8in","open","8","1.0"
"D:\augmented_data_consistent_backgrounds\images\train\Needle_Holder_Ryder_Straight_Carb-bite_Serrated_Jaws_8in_open_08_aug003.jpg","Needle Holder Ryder Straight Carb-bite Serrated Jaws 8in","open","8","3.0"
"D:\augmented_data_consistent_backgrounds\images\train\Needle_Holder_Ryder_Straight_Carb-bite_Serrated_Jaws_8in_open_08_aug005.jpg","Needle Holder Ryder Straight Carb-bite Serrated Jaws 8in","open","8","5.0"
"D:\augmented_data_consistent_backgrounds\images\train\Needle_Holder_Ryder_Straight_Carb-bite_Serrated_Jaws_8in_open_08_aug006.jpg","Needle Holder Ryder Straight Carb-bite Serrated Jaws 8in","open","8","6.0"
"D:\augmented_data_consistent_backgrounds\images\train\Needle_Holder_Ryder_Straight_Carb-bite_Serrated_Jaws_8in_open_08_aug008.jpg","Needle Holder Ryder Straight Carb-bite Serrated Jaws 8in","open","8","8.0"
"D:\augmented_data_consistent_backgrounds\images\train\Needle_Holder_Ryder_Straight_Carb-bite_Serrated_Jaws_8in_open_08_aug009.jpg","Needle Holder Ryder Straight Carb-bite Serrated Jaws 8in","open","8","9.0"
"D:\augmented_data_consistent_backgrounds\images\train\Needle_Holder_Ryder_Straight_Carb-bite_Serrated_Jaws_8in_open_08_aug010.jpg","Needle Holder Ryder Straight Carb-bite Serrated Jaws 8in","open","8","10.0"
"D:\augmented_data_consistent_backgrounds\images\train\Needle_Holder_Ryder_Straight_Carb-bite_Serrated_Jaws_8in_open_08_aug011.jpg","Needle Holder Ryder Straight Carb-bite Serrated Jaws 8in","open","8","11.0"
"D:\augmented_data_consistent_backgrounds\images\train\Needle_Holder_Ryder_Straight_Carb-bite_Serrated_Jaws_8in_open_08_aug012.jpg","Needle Holder Ryder Straight Carb-bite Serrated Jaws 8in","open","8","12.0"
"D:\augmented_data_consistent_backgrounds\images\train\Needle_Holder_Ryder_Straight_Carb-bite_Serrated_Jaws_8in_open_08_aug013.jpg","Needle Holder Ryder Straight Carb-bite Serrated Jaws 8in","open","8","13.0"
"D:\augmented_data_consistent_backgrounds\images\train\Needle_Holder_Ryder_Straight_Carb-bite_Serrated_Jaws_8in_open_08_aug014.jpg","Needle Holder Ryder Straight Carb-bite Serrated Jaws 8in","open","8","14.0"
"D:\augmented_data_consistent_backgrounds\images\train\Needle_Holder_Ryder_Straight_Carb-bite_Serrated_Jaws_8in_open_08_aug015.jpg","Needle Holder Ryder Straight Carb-bite Serrated Jaws 8in","open","8","15.0"
"D:\augmented_data_consistent_backgrounds\images\train\Needle_Holder_Ryder_Straight_Carb-bite_Serrated_Jaws_8in_open_08_aug016.jpg","Needle Holder Ryder Straight Carb-bite Serrated Jaws 8in","open","8","16.0"
"D:\augmented_data_consistent_backgrounds\images\train\Needle_Holder_Ryder_Straight_Carb-bite_Serrated_Jaws_8in_open_08_aug017.jpg","Needle Holder Ryder Straight Carb-bite Serrated Jaws 8in","open","8","17.0"
"D:\augmented_data_consistent_backgrounds\images\train\Needle_Holder_Ryder_Straight_Carb-bite_Serrated_Jaws_8in_open_08_aug018.jpg","Needle Holder Ryder Straight Carb-bite Serrated Jaws 8in","open","8","18.0"
"D:\augmented_data_consistent_backgrounds\images\train\Needle_Holder_Ryder_Straight_Carb-bite_Serrated_Jaws_8in_open_08_aug019.jpg","Needle Holder Ryder Straight Carb-bite Serrated Jaws 8in","open","8","19.0"
"D:\augmented_data_consistent_backgrounds\images\train\Needle_Holder_Ryder_Straight_Carb-bite_Serrated_Jaws_8in_open_09_aug000.jpg","Needle Holder Ryder Straight Carb-bite Serrated Jaws 8in","open","9","0.0"
"D:\augmented_data_consistent_backgrounds\images\train\Needle_Holder_Ryder_Straight_Carb-bite_Serrated_Jaws_8in_open_09_aug003.jpg","Needle Holder Ryder Straight Carb-bite Serrated Jaws 8in","open","9","3.0"
"D:\augmented_data_consistent_backgrounds\images\train\Needle_Holder_Ryder_Straight_Carb-bite_Serrated_Jaws_8in_open_09_aug004.jpg","Needle Holder Ryder Straight Carb-bite Serrated Jaws 8in","open","9","4.0"
"D:\augmented_data_consistent_backgrounds\images\train\Needle_Holder_Ryder_Straight_Carb-bite_Serrated_Jaws_8in_open_09_aug005.jpg","Needle Holder Ryder Straight Carb-bite Serrated Jaws 8in","open","9","5.0"
"D:\augmented_data_consistent_backgrounds\images\train\Needle_Holder_Ryder_Straight_Carb-bite_Serrated_Jaws_8in_open_09_aug006.jpg","Needle Holder Ryder Straight Carb-bite Serrated Jaws 8in","open","9","6.0"
"D:\augmented_data_consistent_backgrounds\images\train\Needle_Holder_Ryder_Straight_Carb-bite_Serrated_Jaws_8in_open_09_aug007.jpg","Needle Holder Ryder Straight Carb-bite Serrated Jaws 8in","open","9","7.0"
"D:\augmented_data_consistent_backgrounds\images\train\Needle_Holder_Ryder_Straight_Carb-bite_Serrated_Jaws_8in_open_09_aug009.jpg","Needle Holder Ryder Straight Carb-bite Serrated Jaws 8in","open","9","9.0"
"D:\augmented_data_consistent_backgrounds\images\train\Needle_Holder_Ryder_Straight_Carb-bite_Serrated_Jaws_8in_open_09_aug010.jpg","Needle Holder Ryder Straight Carb-bite Serrated Jaws 8in","open","9","10.0"
"D:\augmented_data_consistent_backgrounds\images\train\Needle_Holder_Ryder_Straight_Carb-bite_Serrated_Jaws_8in_open_09_aug011.jpg","Needle Holder Ryder Straight Carb-bite Serrated Jaws 8in","open","9","11.0"
"D:\augmented_data_consistent_backgrounds\images\train\Needle_Holder_Ryder_Straight_Carb-bite_Serrated_Jaws_8in_open_09_aug012.jpg","Needle Holder Ryder Straight Carb-bite Serrated Jaws 8in","open","9","12.0"
"D:\augmented_data_consistent_backgrounds\images\train\Needle_Holder_Ryder_Straight_Carb-bite_Serrated_Jaws_8in_open_09_aug013.jpg","Needle Holder Ryder Straight Carb-bite Serrated Jaws 8in","open","9","13.0"
"D:\augmented_data_consistent_backgrounds\images\train\Needle_Holder_Ryder_Straight_Carb-bite_Serrated_Jaws_8in_open_09_aug014.jpg","Needle Holder Ryder Straight Carb-bite Serrated Jaws 8in","open","9","14.0"
"D:\augmented_data_consistent_backgrounds\images\train\Needle_Holder_Ryder_Straight_Carb-bite_Serrated_Jaws_8in_open_09_aug015.jpg","Needle Holder Ryder Straight Carb-bite Serrated Jaws 8in","open","9","15.0"
"D:\augmented_data_consistent_backgrounds\images\train\Needle_Holder_Ryder_Straight_Carb-bite_Serrated_Jaws_8in_open_09_aug016.jpg","Needle Holder Ryder Straight Carb-bite Serrated Jaws 8in","open","9","16.0"
"D:\augmented_data_consistent_backgrounds\images\train\Needle_Holder_Ryder_Straight_Carb-bite_Serrated_Jaws_8in_open_09_aug017.jpg","Needle Holder Ryder Straight Carb-bite Serrated Jaws 8in","open","9","17.0"
"D:\augmented_data_consistent_backgrounds\images\train\Needle_Holder_Ryder_Straight_Carb-bite_Serrated_Jaws_8in_open_09_aug018.jpg","Needle Holder Ryder Straight Carb-bite Serrated Jaws 8in","open","9","18.0"
"D:\augmented_data_consistent_backgrounds\images\train\Needle_Holder_Ryder_Straight_Carb-bite_Serrated_Jaws_8in_open_09_aug019.jpg","Needle Holder Ryder Straight Carb-bite Serrated Jaws 8in","open","9","19.0"
"D:\augmented_data_consistent_backgrounds\images\train\Needle_Holder_Ryder_Straight_Carb-bite_Serrated_Jaws_8in_open_10.jpg","Needle Holder Ryder Straight Carb-bite Serrated Jaws 8in","open","10",""
"D:\augmented_data_consistent_backgrounds\images\train\Needle_Holder_Ryder_Straight_Carb-bite_Serrated_Jaws_8in_open_10_aug000.jpg","Needle Holder Ryder Straight Carb-bite Serrated Jaws 8in","open","10","0.0"
"D:\augmented_data_consistent_backgrounds\images\train\Needle_Holder_Ryder_Straight_Carb-bite_Serrated_Jaws_8in_open_10_aug001.jpg","Needle Holder Ryder Straight Carb-bite Serrated Jaws 8in","open","10","1.0"
"D:\augmented_data_consistent_backgrounds\images\train\Needle_Holder_Ryder_Straight_Carb-bite_Serrated_Jaws_8in_open_10_aug002.jpg","Needle Holder Ryder Straight Carb-bite Serrated Jaws 8in","open","10","2.0"
"D:\augmented_data_consistent_backgrounds\images\train\Needle_Holder_Ryder_Straight_Carb-bite_Serrated_Jaws_8in_open_10_aug003.jpg","Needle Holder Ryder Straight Carb-bite Serrated Jaws 8in","open","10","3.0"
"D:\augmented_data_consistent_backgrounds\images\train\Needle_Holder_Ryder_Straight_Carb-bite_Serrated_Jaws_8in_open_10_aug004.jpg","Needle Holder Ryder Straight Carb-bite Serrated Jaws 8in","open","10","4.0"
"D:\augmented_data_consistent_backgrounds\images\train\Needle_Holder_Ryder_Straight_Carb-bite_Serrated_Jaws_8in_open_10_aug005.jpg","Needle Holder Ryder Straight Carb-bite Serrated Jaws 8in","open","10","5.0"
"D:\augmented_data_consistent_backgrounds\images\train\Needle_Holder_Ryder_Straight_Carb-bite_Serrated_Jaws_8in_open_10_aug006.jpg","Needle Holder Ryder Straight Carb-bite Serrated Jaws 8in","open","10","6.0"
"D:\augmented_data_consistent_backgrounds\images\train\Needle_Holder_Ryder_Straight_Carb-bite_Serrated_Jaws_8in_open_10_aug007.jpg","Needle Holder Ryder Straight Carb-bite Serrated Jaws 8in","open","10","7.0"
"D:\augmented_data_consistent_backgrounds\images\train\Needle_Holder_Ryder_Straight_Carb-bite_Serrated_Jaws_8in_open_10_aug008.jpg","Needle Holder Ryder Straight Carb-bite Serrated Jaws 8in","open","10","8.0"
"D:\augmented_data_consistent_backgrounds\images\train\Needle_Holder_Ryder_Straight_Carb-bite_Serrated_Jaws_8in_open_10_aug009.jpg","Needle Holder Ryder Straight Carb-bite Serrated Jaws 8in","open","10","9.0"
"D:\augmented_data_consistent_backgrounds\images\train\Needle_Holder_Ryder_Straight_Carb-bite_Serrated_Jaws_8in_open_10_aug010.jpg","Needle Holder Ryder Straight Carb-bite Serrated Jaws 8in","open","10","10.0"
"D:\augmented_data_consistent_backgrounds\images\train\Needle_Holder_Ryder_Straight_Carb-bite_Serrated_Jaws_8in_open_10_aug012.jpg","Needle Holder Ryder Straight Carb-bite Serrated Jaws 8in","open","10","12.0"
"D:\augmented_data_consistent_backgrounds\images\train\Needle_Holder_Ryder_Straight_Carb-bite_Serrated_Jaws_8in_open_10_aug014.jpg","Needle Holder Ryder Straight Carb-bite Serrated Jaws 8in","open","10","14.0"
"D:\augmented_data_consistent_backgrounds\images\train\Needle_Holder_Ryder_Straight_Carb-bite_Serrated_Jaws_8in_open_10_aug015.jpg","Needle Holder Ryder Straight Carb-bite Serrated Jaws 8in","open","10","15.0"
"D:\augmented_data_consistent_backgrounds\images\train\Needle_Holder_Ryder_Straight_Carb-bite_Serrated_Jaws_8in_open_10_aug016.jpg","Needle Holder Ryder Straight Carb-bite Serrated Jaws 8in","open","10","16.0"
"D:\augmented_data_consistent_backgrounds\images\train\Needle_Holder_Ryder_Straight_Carb-bite_Serrated_Jaws_8in_open_10_aug017.jpg","Needle Holder Ryder Straight Carb-bite Serrated Jaws 8in","open","10","17.0"
"D:\augmented_data_consistent_backgrounds\images\train\Needle_Holder_Ryder_Straight_Carb-bite_Serrated_Jaws_8in_open_10_aug018.jpg","Needle Holder Ryder Straight Carb-bite Serrated Jaws 8in","open","10","18.0"
"D:\augmented_data_consistent_backgrounds\images\train\Needle_Holder_Ryder_Straight_Carb-bite_Serrated_Jaws_8in_open_10_aug019.jpg","Needle Holder Ryder Straight Carb-bite Serrated Jaws 8in","open","10","19.0"
"D:\augmented_data_consistent_backgrounds\images\train\Needle_Holder_Ryder_Straight_Carb-bite_Serrated_Jaws_8in_open_11.jpg","Needle Holder Ryder Straight Carb-bite Serrated Jaws 8in","open","11",""
"D:\augmented_data_consistent_backgrounds\images\train\Needle_Holder_Ryder_Straight_Carb-bite_Serrated_Jaws_8in_open_11_aug000.jpg","Needle Holder Ryder Straight Carb-bite Serrated Jaws 8in","open","11","0.0"
"D:\augmented_data_consistent_backgrounds\images\train\Needle_Holder_Ryder_Straight_Carb-bite_Serrated_Jaws_8in_open_11_aug001.jpg","Needle Holder Ryder Straight Carb-bite Serrated Jaws 8in","open","11","1.0"
"D:\augmented_data_consistent_backgrounds\images\train\Needle_Holder_Ryder_Straight_Carb-bite_Serrated_Jaws_8in_open_11_aug003.jpg","Needle Holder Ryder Straight Carb-bite Serrated Jaws 8in","open","11","3.0"
"D:\augmented_data_consistent_backgrounds\images\train\Needle_Holder_Ryder_Straight_Carb-bite_Serrated_Jaws_8in_open_11_aug004.jpg","Needle Holder Ryder Straight Carb-bite Serrated Jaws 8in","open","11","4.0"
"D:\augmented_data_consistent_backgrounds\images\train\Needle_Holder_Ryder_Straight_Carb-bite_Serrated_Jaws_8in_open_11_aug005.jpg","Needle Holder Ryder Straight Carb-bite Serrated Jaws 8in","open","11","5.0"
"D:\augmented_data_consistent_backgrounds\images\train\Needle_Holder_Ryder_Straight_Carb-bite_Serrated_Jaws_8in_open_11_aug006.jpg","Needle Holder Ryder Straight Carb-bite Serrated Jaws 8in","open","11","6.0"
"D:\augmented_data_consistent_backgrounds\images\train\Needle_Holder_Ryder_Straight_Carb-bite_Serrated_Jaws_8in_open_11_aug007.jpg","Needle Holder Ryder Straight Carb-bite Serrated Jaws 8in","open","11","7.0"
"D:\augmented_data_consistent_backgrounds\images\train\Needle_Holder_Ryder_Straight_Carb-bite_Serrated_Jaws_8in_open_11_aug008.jpg","Needle Holder Ryder Straight Carb-bite Serrated Jaws 8in","open","11","8.0"
"D:\augmented_data_consistent_backgrounds\images\train\Needle_Holder_Ryder_Straight_Carb-bite_Serrated_Jaws_8in_open_11_aug009.jpg","Needle Holder Ryder Straight Carb-bite Serrated Jaws 8in","open","11","9.0"
"D:\augmented_data_consistent_backgrounds\images\train\Needle_Holder_Ryder_Straight_Carb-bite_Serrated_Jaws_8in_open_11_aug010.jpg","Needle Holder Ryder Straight Carb-bite Serrated Jaws 8in","open","11","10.0"
"D:\augmented_data_consistent_backgrounds\images\train\Needle_Holder_Ryder_Straight_Carb-bite_Serrated_Jaws_8in_open_11_aug011.jpg","Needle Holder Ryder Straight Carb-bite Serrated Jaws 8in","open","11","11.0"
"D:\augmented_data_consistent_backgrounds\images\train\Needle_Holder_Ryder_Straight_Carb-bite_Serrated_Jaws_8in_open_11_aug012.jpg","Needle Holder Ryder Straight Carb-bite Serrated Jaws 8in","open","11","12.0"
"D:\augmented_data_consistent_backgrounds\images\train\Needle_Holder_Ryder_Straight_Carb-bite_Serrated_Jaws_8in_open_11_aug015.jpg","Needle Holder Ryder Straight Carb-bite Serrated Jaws 8in","open","11","15.0"
"D:\augmented_data_consistent_backgrounds\images\train\Needle_Holder_Ryder_Straight_Carb-bite_Serrated_Jaws_8in_open_11_aug016.jpg","Needle Holder Ryder Straight Carb-bite Serrated Jaws 8in","open","11","16.0"
"D:\augmented_data_consistent_backgrounds\images\train\Needle_Holder_Ryder_Straight_Carb-bite_Serrated_Jaws_8in_open_11_aug017.jpg","Needle Holder Ryder Straight Carb-bite Serrated Jaws 8in","open","11","17.0"
"D:\augmented_data_consistent_backgrounds\images\train\Needle_Holder_Ryder_Straight_Carb-bite_Serrated_Jaws_8in_open_11_aug018.jpg","Needle Holder Ryder Straight Carb-bite Serrated Jaws 8in","open","11","18.0"
"D:\augmented_data_consistent_backgrounds\images\train\Needle_Holder_Ryder_Straight_Carb-bite_Serrated_Jaws_8in_open_11_aug019.jpg","Needle Holder Ryder Straight Carb-bite Serrated Jaws 8in","open","11","19.0"
"D:\augmented_data_consistent_backgrounds\images\train\Needle_Holder_Ryder_Straight_Carb-bite_Serrated_Jaws_8in_open_12.jpg","Needle Holder Ryder Straight Carb-bite Serrated Jaws 8in","open","12",""
"D:\augmented_data_consistent_backgrounds\images\train\Needle_Holder_Ryder_Straight_Carb-bite_Serrated_Jaws_8in_open_12_aug000.jpg","Needle Holder Ryder Straight Carb-bite Serrated Jaws 8in","open","12","0.0"
"D:\augmented_data_consistent_backgrounds\images\train\Needle_Holder_Ryder_Straight_Carb-bite_Serrated_Jaws_8in_open_12_aug002.jpg","Needle Holder Ryder Straight Carb-bite Serrated Jaws 8in","open","12","2.0"
"D:\augmented_data_consistent_backgrounds\images\train\Needle_Holder_Ryder_Straight_Carb-bite_Serrated_Jaws_8in_open_12_aug003.jpg","Needle Holder Ryder Straight Carb-bite Serrated Jaws 8in","open","12","3.0"
"D:\augmented_data_consistent_backgrounds\images\train\Needle_Holder_Ryder_Straight_Carb-bite_Serrated_Jaws_8in_open_12_aug004.jpg","Needle Holder Ryder Straight Carb-bite Serrated Jaws 8in","open","12","4.0"
"D:\augmented_data_consistent_backgrounds\images\train\Needle_Holder_Ryder_Straight_Carb-bite_Serrated_Jaws_8in_open_12_aug005.jpg","Needle Holder Ryder Straight Carb-bite Serrated Jaws 8in","open","12","5.0"
"D:\augmented_data_consistent_backgrounds\images\train\Needle_Holder_Ryder_Straight_Carb-bite_Serrated_Jaws_8in_open_12_aug006.jpg","Needle Holder Ryder Straight Carb-bite Serrated Jaws 8in","open","12","6.0"
"D:\augmented_data_consistent_backgrounds\images\train\Needle_Holder_Ryder_Straight_Carb-bite_Serrated_Jaws_8in_open_12_aug007.jpg","Needle Holder Ryder Straight Carb-bite Serrated Jaws 8in","open","12","7.0"
"D:\augmented_data_consistent_backgrounds\images\train\Needle_Holder_Ryder_Straight_Carb-bite_Serrated_Jaws_8in_open_12_aug008.jpg","Needle Holder Ryder Straight Carb-bite Serrated Jaws 8in","open","12","8.0"
"D:\augmented_data_consistent_backgrounds\images\train\Needle_Holder_Ryder_Straight_Carb-bite_Serrated_Jaws_8in_open_12_aug009.jpg","Needle Holder Ryder Straight Carb-bite Serrated Jaws 8in","open","12","9.0"
"D:\augmented_data_consistent_backgrounds\images\train\Needle_Holder_Ryder_Straight_Carb-bite_Serrated_Jaws_8in_open_12_aug010.jpg","Needle Holder Ryder Straight Carb-bite Serrated Jaws 8in","open","12","10.0"
"D:\augmented_data_consistent_backgrounds\images\train\Needle_Holder_Ryder_Straight_Carb-bite_Serrated_Jaws_8in_open_12_aug011.jpg","Needle Holder Ryder Straight Carb-bite Serrated Jaws 8in","open","12","11.0"
"D:\augmented_data_consistent_backgrounds\images\train\Needle_Holder_Ryder_Straight_Carb-bite_Serrated_Jaws_8in_open_12_aug012.jpg","Needle Holder Ryder Straight Carb-bite Serrated Jaws 8in","open","12","12.0"
"D:\augmented_data_consistent_backgrounds\images\train\Needle_Holder_Ryder_Straight_Carb-bite_Serrated_Jaws_8in_open_12_aug013.jpg","Needle Holder Ryder Straight Carb-bite Serrated Jaws 8in","open","12","13.0"
"D:\augmented_data_consistent_backgrounds\images\train\Needle_Holder_Ryder_Straight_Carb-bite_Serrated_Jaws_8in_open_12_aug014.jpg","Needle Holder Ryder Straight Carb-bite Serrated Jaws 8in","open","12","14.0"
"D:\augmented_data_consistent_backgrounds\images\train\Needle_Holder_Ryder_Straight_Carb-bite_Serrated_Jaws_8in_open_12_aug015.jpg","Needle Holder Ryder Straight Carb-bite Serrated Jaws 8in","open","12","15.0"
"D:\augmented_data_consistent_backgrounds\images\train\Needle_Holder_Ryder_Straight_Carb-bite_Serrated_Jaws_8in_open_12_aug016.jpg","Needle Holder Ryder Straight Carb-bite Serrated Jaws 8in","open","12","16.0"
"D:\augmented_data_consistent_backgrounds\images\train\Needle_Holder_Ryder_Straight_Carb-bite_Serrated_Jaws_8in_open_12_aug017.jpg","Needle Holder Ryder Straight Carb-bite Serrated Jaws 8in","open","12","17.0"
"D:\augmented_data_consistent_backgrounds\images\train\Needle_Holder_Ryder_Straight_Carb-bite_Serrated_Jaws_8in_open_12_aug019.jpg","Needle Holder Ryder Straight Carb-bite Serrated Jaws 8in","open","12","19.0"
"D:\augmented_data_consistent_backgrounds\images\train\Needle_Holder_Ryder_Straight_Carb-bite_Serrated_Jaws_8in_open_13.jpg","Needle Holder Ryder Straight Carb-bite Serrated Jaws 8in","open","13",""
"D:\augmented_data_consistent_backgrounds\images\train\Needle_Holder_Ryder_Straight_Carb-bite_Serrated_Jaws_8in_open_13_aug001.jpg","Needle Holder Ryder Straight Carb-bite Serrated Jaws 8in","open","13","1.0"
"D:\augmented_data_consistent_backgrounds\images\train\Needle_Holder_Ryder_Straight_Carb-bite_Serrated_Jaws_8in_open_13_aug003.jpg","Needle Holder Ryder Straight Carb-bite Serrated Jaws 8in","open","13","3.0"
"D:\augmented_data_consistent_backgrounds\images\train\Needle_Holder_Ryder_Straight_Carb-bite_Serrated_Jaws_8in_open_13_aug005.jpg","Needle Holder Ryder Straight Carb-bite Serrated Jaws 8in","open","13","5.0"
"D:\augmented_data_consistent_backgrounds\images\train\Needle_Holder_Ryder_Straight_Carb-bite_Serrated_Jaws_8in_open_13_aug006.jpg","Needle Holder Ryder Straight Carb-bite Serrated Jaws 8in","open","13","6.0"
"D:\augmented_data_consistent_backgrounds\images\train\Needle_Holder_Ryder_Straight_Carb-bite_Serrated_Jaws_8in_open_13_aug007.jpg","Needle Holder Ryder Straight Carb-bite Serrated Jaws 8in","open","13","7.0"
"D:\augmented_data_consistent_backgrounds\images\train\Needle_Holder_Ryder_Straight_Carb-bite_Serrated_Jaws_8in_open_13_aug008.jpg","Needle Holder Ryder Straight Carb-bite Serrated Jaws 8in","open","13","8.0"
"D:\augmented_data_consistent_backgrounds\images\train\Needle_Holder_Ryder_Straight_Carb-bite_Serrated_Jaws_8in_open_13_aug009.jpg","Needle Holder Ryder Straight Carb-bite Serrated Jaws 8in","open","13","9.0"
"D:\augmented_data_consistent_backgrounds\images\train\Needle_Holder_Ryder_Straight_Carb-bite_Serrated_Jaws_8in_open_13_aug010.jpg","Needle Holder Ryder Straight Carb-bite Serrated Jaws 8in","open","13","10.0"
"D:\augmented_data_consistent_backgrounds\images\train\Needle_Holder_Ryder_Straight_Carb-bite_Serrated_Jaws_8in_open_13_aug011.jpg","Needle Holder Ryder Straight Carb-bite Serrated Jaws 8in","open","13","11.0"
"D:\augmented_data_consistent_backgrounds\images\train\Needle_Holder_Ryder_Straight_Carb-bite_Serrated_Jaws_8in_open_13_aug013.jpg","Needle Holder Ryder Straight Carb-bite Serrated Jaws 8in","open","13","13.0"
"D:\augmented_data_consistent_backgrounds\images\train\Needle_Holder_Ryder_Straight_Carb-bite_Serrated_Jaws_8in_open_13_aug015.jpg","Needle Holder Ryder Straight Carb-bite Serrated Jaws 8in","open","13","15.0"
"D:\augmented_data_consistent_backgrounds\images\train\Needle_Holder_Ryder_Straight_Carb-bite_Serrated_Jaws_8in_open_13_aug017.jpg","Needle Holder Ryder Straight Carb-bite Serrated Jaws 8in","open","13","17.0"
"D:\augmented_data_consistent_backgrounds\images\train\Needle_Holder_Ryder_Straight_Carb-bite_Serrated_Jaws_8in_open_13_aug018.jpg","Needle Holder Ryder Straight Carb-bite Serrated Jaws 8in","open","13","18.0"
"D:\augmented_data_consistent_backgrounds\images\train\Needle_Holder_Ryder_Straight_Carb-bite_Serrated_Jaws_8in_open_13_aug019.jpg","Needle Holder Ryder Straight Carb-bite Serrated Jaws 8in","open","13","19.0"
"D:\augmented_data_consistent_backgrounds\images\train\Needle_Holder_Ryder_Straight_Carb-bite_Serrated_Jaws_8in_open_14.jpg","Needle Holder Ryder Straight Carb-bite Serrated Jaws 8in","open","14",""
"D:\augmented_data_consistent_backgrounds\images\train\Needle_Holder_Ryder_Straight_Carb-bite_Serrated_Jaws_8in_open_14_aug000.jpg","Needle Holder Ryder Straight Carb-bite Serrated Jaws 8in","open","14","0.0"
"D:\augmented_data_consistent_backgrounds\images\train\Needle_Holder_Ryder_Straight_Carb-bite_Serrated_Jaws_8in_open_14_aug001.jpg","Needle Holder Ryder Straight Carb-bite Serrated Jaws 8in","open","14","1.0"
"D:\augmented_data_consistent_backgrounds\images\train\Needle_Holder_Ryder_Straight_Carb-bite_Serrated_Jaws_8in_open_14_aug002.jpg","Needle Holder Ryder Straight Carb-bite Serrated Jaws 8in","open","14","2.0"
"D:\augmented_data_consistent_backgrounds\images\train\Needle_Holder_Ryder_Straight_Carb-bite_Serrated_Jaws_8in_open_14_aug003.jpg","Needle Holder Ryder Straight Carb-bite Serrated Jaws 8in","open","14","3.0"
"D:\augmented_data_consistent_backgrounds\images\train\Needle_Holder_Ryder_Straight_Carb-bite_Serrated_Jaws_8in_open_14_aug004.jpg","Needle Holder Ryder Straight Carb-bite Serrated Jaws 8in","open","14","4.0"
"D:\augmented_data_consistent_backgrounds\images\train\Needle_Holder_Ryder_Straight_Carb-bite_Serrated_Jaws_8in_open_14_aug005.jpg","Needle Holder Ryder Straight Carb-bite Serrated Jaws 8in","open","14","5.0"
"D:\augmented_data_consistent_backgrounds\images\train\Needle_Holder_Ryder_Straight_Carb-bite_Serrated_Jaws_8in_open_14_aug006.jpg","Needle Holder Ryder Straight Carb-bite Serrated Jaws 8in","open","14","6.0"
"D:\augmented_data_consistent_backgrounds\images\train\Needle_Holder_Ryder_Straight_Carb-bite_Serrated_Jaws_8in_open_14_aug007.jpg","Needle Holder Ryder Straight Carb-bite Serrated Jaws 8in","open","14","7.0"
"D:\augmented_data_consistent_backgrounds\images\train\Needle_Holder_Ryder_Straight_Carb-bite_Serrated_Jaws_8in_open_14_aug008.jpg","Needle Holder Ryder Straight Carb-bite Serrated Jaws 8in","open","14","8.0"
"D:\augmented_data_consistent_backgrounds\images\train\Needle_Holder_Ryder_Straight_Carb-bite_Serrated_Jaws_8in_open_14_aug009.jpg","Needle Holder Ryder Straight Carb-bite Serrated Jaws 8in","open","14","9.0"
"D:\augmented_data_consistent_backgrounds\images\train\Needle_Holder_Ryder_Straight_Carb-bite_Serrated_Jaws_8in_open_14_aug010.jpg","Needle Holder Ryder Straight Carb-bite Serrated Jaws 8in","open","14","10.0"
"D:\augmented_data_consistent_backgrounds\images\train\Needle_Holder_Ryder_Straight_Carb-bite_Serrated_Jaws_8in_open_14_aug011.jpg","Needle Holder Ryder Straight Carb-bite Serrated Jaws 8in","open","14","11.0"
"D:\augmented_data_consistent_backgrounds\images\train\Needle_Holder_Ryder_Straight_Carb-bite_Serrated_Jaws_8in_open_14_aug012.jpg","Needle Holder Ryder Straight Carb-bite Serrated Jaws 8in","open","14","12.0"
"D:\augmented_data_consistent_backgrounds\images\train\Needle_Holder_Ryder_Straight_Carb-bite_Serrated_Jaws_8in_open_14_aug013.jpg","Needle Holder Ryder Straight Carb-bite Serrated Jaws 8in","open","14","13.0"
"D:\augmented_data_consistent_backgrounds\images\train\Needle_Holder_Ryder_Straight_Carb-bite_Serrated_Jaws_8in_open_14_aug014.jpg","Needle Holder Ryder Straight Carb-bite Serrated Jaws 8in","open","14","14.0"
"D:\augmented_data_consistent_backgrounds\images\train\Needle_Holder_Ryder_Straight_Carb-bite_Serrated_Jaws_8in_open_14_aug015.jpg","Needle Holder Ryder Straight Carb-bite Serrated Jaws 8in","open","14","15.0"
"D:\augmented_data_consistent_backgrounds\images\train\Needle_Holder_Ryder_Straight_Carb-bite_Serrated_Jaws_8in_open_14_aug016.jpg","Needle Holder Ryder Straight Carb-bite Serrated Jaws 8in","open","14","16.0"
"D:\augmented_data_consistent_backgrounds\images\train\Needle_Holder_Ryder_Straight_Carb-bite_Serrated_Jaws_8in_open_14_aug019.jpg","Needle Holder Ryder Straight Carb-bite Serrated Jaws 8in","open","14","19.0"
"D:\augmented_data_consistent_backgrounds\images\train\Needle_Holder_Ryder_Straight_Carb-bite_Serrated_Jaws_8in_open_15.jpg","Needle Holder Ryder Straight Carb-bite Serrated Jaws 8in","open","15",""
"D:\augmented_data_consistent_backgrounds\images\train\Needle_Holder_Ryder_Straight_Carb-bite_Serrated_Jaws_8in_open_15_aug000.jpg","Needle Holder Ryder Straight Carb-bite Serrated Jaws 8in","open","15","0.0"
"D:\augmented_data_consistent_backgrounds\images\train\Needle_Holder_Ryder_Straight_Carb-bite_Serrated_Jaws_8in_open_15_aug001.jpg","Needle Holder Ryder Straight Carb-bite Serrated Jaws 8in","open","15","1.0"
"D:\augmented_data_consistent_backgrounds\images\train\Needle_Holder_Ryder_Straight_Carb-bite_Serrated_Jaws_8in_open_15_aug002.jpg","Needle Holder Ryder Straight Carb-bite Serrated Jaws 8in","open","15","2.0"
"D:\augmented_data_consistent_backgrounds\images\train\Needle_Holder_Ryder_Straight_Carb-bite_Serrated_Jaws_8in_open_15_aug003.jpg","Needle Holder Ryder Straight Carb-bite Serrated Jaws 8in","open","15","3.0"
"D:\augmented_data_consistent_backgrounds\images\train\Needle_Holder_Ryder_Straight_Carb-bite_Serrated_Jaws_8in_open_15_aug004.jpg","Needle Holder Ryder Straight Carb-bite Serrated Jaws 8in","open","15","4.0"
"D:\augmented_data_consistent_backgrounds\images\train\Needle_Holder_Ryder_Straight_Carb-bite_Serrated_Jaws_8in_open_15_aug005.jpg","Needle Holder Ryder Straight Carb-bite Serrated Jaws 8in","open","15","5.0"
"D:\augmented_data_consistent_backgrounds\images\train\Needle_Holder_Ryder_Straight_Carb-bite_Serrated_Jaws_8in_open_15_aug007.jpg","Needle Holder Ryder Straight Carb-bite Serrated Jaws 8in","open","15","7.0"
"D:\augmented_data_consistent_backgrounds\images\train\Needle_Holder_Ryder_Straight_Carb-bite_Serrated_Jaws_8in_open_15_aug009.jpg","Needle Holder Ryder Straight Carb-bite Serrated Jaws 8in","open","15","9.0"
"D:\augmented_data_consistent_backgrounds\images\train\Needle_Holder_Ryder_Straight_Carb-bite_Serrated_Jaws_8in_open_15_aug010.jpg","Needle Holder Ryder Straight Carb-bite Serrated Jaws 8in","open","15","10.0"
"D:\augmented_data_consistent_backgrounds\images\train\Needle_Holder_Ryder_Straight_Carb-bite_Serrated_Jaws_8in_open_15_aug011.jpg","Needle Holder Ryder Straight Carb-bite Serrated Jaws 8in","open","15","11.0"
"D:\augmented_data_consistent_backgrounds\images\train\Needle_Holder_Ryder_Straight_Carb-bite_Serrated_Jaws_8in_open_15_aug012.jpg","Needle Holder Ryder Straight Carb-bite Serrated Jaws 8in","open","15","12.0"
"D:\augmented_data_consistent_backgrounds\images\train\Needle_Holder_Ryder_Straight_Carb-bite_Serrated_Jaws_8in_open_15_aug013.jpg","Needle Holder Ryder Straight Carb-bite Serrated Jaws 8in","open","15","13.0"
"D:\augmented_data_consistent_backgrounds\images\train\Needle_Holder_Ryder_Straight_Carb-bite_Serrated_Jaws_8in_open_15_aug014.jpg","Needle Holder Ryder Straight Carb-bite Serrated Jaws 8in","open","15","14.0"
"D:\augmented_data_consistent_backgrounds\images\train\Needle_Holder_Ryder_Straight_Carb-bite_Serrated_Jaws_8in_open_15_aug015.jpg","Needle Holder Ryder Straight Carb-bite Serrated Jaws 8in","open","15","15.0"
"D:\augmented_data_consistent_backgrounds\images\train\Needle_Holder_Ryder_Straight_Carb-bite_Serrated_Jaws_8in_open_15_aug016.jpg","Needle Holder Ryder Straight Carb-bite Serrated Jaws 8in","open","15","16.0"
"D:\augmented_data_consistent_backgrounds\images\train\Needle_Holder_Ryder_Straight_Carb-bite_Serrated_Jaws_8in_open_15_aug018.jpg","Needle Holder Ryder Straight Carb-bite Serrated Jaws 8in","open","15","18.0"
"D:\augmented_data_consistent_backgrounds\images\train\Needle_Holder_Ryder_Straight_Carb-bite_Serrated_Jaws_8in_open_15_aug019.jpg","Needle Holder Ryder Straight Carb-bite Serrated Jaws 8in","open","15","19.0"
"D:\augmented_data_consistent_backgrounds\images\train\Needle_Holder_Ryder_Straight_Carb-bite_Serrated_Jaws_8in_open_16.jpg","Needle Holder Ryder Straight Carb-bite Serrated Jaws 8in","open","16",""
"D:\augmented_data_consistent_backgrounds\images\train\Needle_Holder_Ryder_Straight_Carb-bite_Serrated_Jaws_8in_open_16_aug000.jpg","Needle Holder Ryder Straight Carb-bite Serrated Jaws 8in","open","16","0.0"
"D:\augmented_data_consistent_backgrounds\images\train\Needle_Holder_Ryder_Straight_Carb-bite_Serrated_Jaws_8in_open_16_aug001.jpg","Needle Holder Ryder Straight Carb-bite Serrated Jaws 8in","open","16","1.0"
"D:\augmented_data_consistent_backgrounds\images\train\Needle_Holder_Ryder_Straight_Carb-bite_Serrated_Jaws_8in_open_16_aug002.jpg","Needle Holder Ryder Straight Carb-bite Serrated Jaws 8in","open","16","2.0"
"D:\augmented_data_consistent_backgrounds\images\train\Needle_Holder_Ryder_Straight_Carb-bite_Serrated_Jaws_8in_open_16_aug003.jpg","Needle Holder Ryder Straight Carb-bite Serrated Jaws 8in","open","16","3.0"
"D:\augmented_data_consistent_backgrounds\images\train\Needle_Holder_Ryder_Straight_Carb-bite_Serrated_Jaws_8in_open_16_aug004.jpg","Needle Holder Ryder Straight Carb-bite Serrated Jaws 8in","open","16","4.0"
"D:\augmented_data_consistent_backgrounds\images\train\Needle_Holder_Ryder_Straight_Carb-bite_Serrated_Jaws_8in_open_16_aug005.jpg","Needle Holder Ryder Straight Carb-bite Serrated Jaws 8in","open","16","5.0"
"D:\augmented_data_consistent_backgrounds\images\train\Needle_Holder_Ryder_Straight_Carb-bite_Serrated_Jaws_8in_open_16_aug006.jpg","Needle Holder Ryder Straight Carb-bite Serrated Jaws 8in","open","16","6.0"
"D:\augmented_data_consistent_backgrounds\images\train\Needle_Holder_Ryder_Straight_Carb-bite_Serrated_Jaws_8in_open_16_aug007.jpg","Needle Holder Ryder Straight Carb-bite Serrated Jaws 8in","open","16","7.0"
"D:\augmented_data_consistent_backgrounds\images\train\Needle_Holder_Ryder_Straight_Carb-bite_Serrated_Jaws_8in_open_16_aug008.jpg","Needle Holder Ryder Straight Carb-bite Serrated Jaws 8in","open","16","8.0"
"D:\augmented_data_consistent_backgrounds\images\train\Needle_Holder_Ryder_Straight_Carb-bite_Serrated_Jaws_8in_open_16_aug009.jpg","Needle Holder Ryder Straight Carb-bite Serrated Jaws 8in","open","16","9.0"
"D:\augmented_data_consistent_backgrounds\images\train\Needle_Holder_Ryder_Straight_Carb-bite_Serrated_Jaws_8in_open_16_aug010.jpg","Needle Holder Ryder Straight Carb-bite Serrated Jaws 8in","open","16","10.0"
"D:\augmented_data_consistent_backgrounds\images\train\Needle_Holder_Ryder_Straight_Carb-bite_Serrated_Jaws_8in_open_16_aug011.jpg","Needle Holder Ryder Straight Carb-bite Serrated Jaws 8in","open","16","11.0"
"D:\augmented_data_consistent_backgrounds\images\train\Needle_Holder_Ryder_Straight_Carb-bite_Serrated_Jaws_8in_open_16_aug012.jpg","Needle Holder Ryder Straight Carb-bite Serrated Jaws 8in","open","16","12.0"
"D:\augmented_data_consistent_backgrounds\images\train\Needle_Holder_Ryder_Straight_Carb-bite_Serrated_Jaws_8in_open_16_aug013.jpg","Needle Holder Ryder Straight Carb-bite Serrated Jaws 8in","open","16","13.0"
"D:\augmented_data_consistent_backgrounds\images\train\Needle_Holder_Ryder_Straight_Carb-bite_Serrated_Jaws_8in_open_16_aug014.jpg","Needle Holder Ryder Straight Carb-bite Serrated Jaws 8in","open","16","14.0"
"D:\augmented_data_consistent_backgrounds\images\train\Needle_Holder_Ryder_Straight_Carb-bite_Serrated_Jaws_8in_open_16_aug015.jpg","Needle Holder Ryder Straight Carb-bite Serrated Jaws 8in","open","16","15.0"
"D:\augmented_data_consistent_backgrounds\images\train\Needle_Holder_Ryder_Straight_Carb-bite_Serrated_Jaws_8in_open_16_aug017.jpg","Needle Holder Ryder Straight Carb-bite Serrated Jaws 8in","open","16","17.0"
"D:\augmented_data_consistent_backgrounds\images\train\Needle_Holder_Ryder_Straight_Carb-bite_Serrated_Jaws_8in_open_16_aug018.jpg","Needle Holder Ryder Straight Carb-bite Serrated Jaws 8in","open","16","18.0"
"D:\augmented_data_consistent_backgrounds\images\train\Needle_Holder_Ryder_Straight_Carb-bite_Serrated_Jaws_8in_open_16_aug019.jpg","Needle Holder Ryder Straight Carb-bite Serrated Jaws 8in","open","16","19.0"
"D:\augmented_data_consistent_backgrounds\images\train\Needle_Holder_Ryder_Straight_Carb-bite_Serrated_Jaws_8in_open_17_aug000.jpg","Needle Holder Ryder Straight Carb-bite Serrated Jaws 8in","open","17","0.0"
"D:\augmented_data_consistent_backgrounds\images\train\Needle_Holder_Ryder_Straight_Carb-bite_Serrated_Jaws_8in_open_17_aug002.jpg","Needle Holder Ryder Straight Carb-bite Serrated Jaws 8in","open","17","2.0"
"D:\augmented_data_consistent_backgrounds\images\train\Needle_Holder_Ryder_Straight_Carb-bite_Serrated_Jaws_8in_open_17_aug003.jpg","Needle Holder Ryder Straight Carb-bite Serrated Jaws 8in","open","17","3.0"
"D:\augmented_data_consistent_backgrounds\images\train\Needle_Holder_Ryder_Straight_Carb-bite_Serrated_Jaws_8in_open_17_aug005.jpg","Needle Holder Ryder Straight Carb-bite Serrated Jaws 8in","open","17","5.0"
"D:\augmented_data_consistent_backgrounds\images\train\Needle_Holder_Ryder_Straight_Carb-bite_Serrated_Jaws_8in_open_17_aug006.jpg","Needle Holder Ryder Straight Carb-bite Serrated Jaws 8in","open","17","6.0"
"D:\augmented_data_consistent_backgrounds\images\train\Needle_Holder_Ryder_Straight_Carb-bite_Serrated_Jaws_8in_open_17_aug007.jpg","Needle Holder Ryder Straight Carb-bite Serrated Jaws 8in","open","17","7.0"
"D:\augmented_data_consistent_backgrounds\images\train\Needle_Holder_Ryder_Straight_Carb-bite_Serrated_Jaws_8in_open_17_aug008.jpg","Needle Holder Ryder Straight Carb-bite Serrated Jaws 8in","open","17","8.0"
"D:\augmented_data_consistent_backgrounds\images\train\Needle_Holder_Ryder_Straight_Carb-bite_Serrated_Jaws_8in_open_17_aug010.jpg","Needle Holder Ryder Straight Carb-bite Serrated Jaws 8in","open","17","10.0"
"D:\augmented_data_consistent_backgrounds\images\train\Needle_Holder_Ryder_Straight_Carb-bite_Serrated_Jaws_8in_open_17_aug011.jpg","Needle Holder Ryder Straight Carb-bite Serrated Jaws 8in","open","17","11.0"
"D:\augmented_data_consistent_backgrounds\images\train\Needle_Holder_Ryder_Straight_Carb-bite_Serrated_Jaws_8in_open_17_aug012.jpg","Needle Holder Ryder Straight Carb-bite Serrated Jaws 8in","open","17","12.0"
"D:\augmented_data_consistent_backgrounds\images\train\Needle_Holder_Ryder_Straight_Carb-bite_Serrated_Jaws_8in_open_17_aug013.jpg","Needle Holder Ryder Straight Carb-bite Serrated Jaws 8in","open","17","13.0"
"D:\augmented_data_consistent_backgrounds\images\train\Needle_Holder_Ryder_Straight_Carb-bite_Serrated_Jaws_8in_open_17_aug014.jpg","Needle Holder Ryder Straight Carb-bite Serrated Jaws 8in","open","17","14.0"
"D:\augmented_data_consistent_backgrounds\images\train\Needle_Holder_Ryder_Straight_Carb-bite_Serrated_Jaws_8in_open_17_aug015.jpg","Needle Holder Ryder Straight Carb-bite Serrated Jaws 8in","open","17","15.0"
"D:\augmented_data_consistent_backgrounds\images\train\Needle_Holder_Ryder_Straight_Carb-bite_Serrated_Jaws_8in_open_17_aug016.jpg","Needle Holder Ryder Straight Carb-bite Serrated Jaws 8in","open","17","16.0"
"D:\augmented_data_consistent_backgrounds\images\train\Needle_Holder_Ryder_Straight_Carb-bite_Serrated_Jaws_8in_open_17_aug018.jpg","Needle Holder Ryder Straight Carb-bite Serrated Jaws 8in","open","17","18.0"
"D:\augmented_data_consistent_backgrounds\images\train\Needle_Holder_Ryder_Straight_Carb-bite_Serrated_Jaws_8in_open_17_aug019.jpg","Needle Holder Ryder Straight Carb-bite Serrated Jaws 8in","open","17","19.0"
"D:\augmented_data_consistent_backgrounds\images\train\Needle_Holder_Ryder_Straight_Carb-bite_Serrated_Jaws_8in_open_18.jpg","Needle Holder Ryder Straight Carb-bite Serrated Jaws 8in","open","18",""
"D:\augmented_data_consistent_backgrounds\images\train\Needle_Holder_Ryder_Straight_Carb-bite_Serrated_Jaws_8in_open_18_aug000.jpg","Needle Holder Ryder Straight Carb-bite Serrated Jaws 8in","open","18","0.0"
"D:\augmented_data_consistent_backgrounds\images\train\Needle_Holder_Ryder_Straight_Carb-bite_Serrated_Jaws_8in_open_18_aug001.jpg","Needle Holder Ryder Straight Carb-bite Serrated Jaws 8in","open","18","1.0"
"D:\augmented_data_consistent_backgrounds\images\train\Needle_Holder_Ryder_Straight_Carb-bite_Serrated_Jaws_8in_open_18_aug002.jpg","Needle Holder Ryder Straight Carb-bite Serrated Jaws 8in","open","18","2.0"
"D:\augmented_data_consistent_backgrounds\images\train\Needle_Holder_Ryder_Straight_Carb-bite_Serrated_Jaws_8in_open_18_aug003.jpg","Needle Holder Ryder Straight Carb-bite Serrated Jaws 8in","open","18","3.0"
"D:\augmented_data_consistent_backgrounds\images\train\Needle_Holder_Ryder_Straight_Carb-bite_Serrated_Jaws_8in_open_18_aug004.jpg","Needle Holder Ryder Straight Carb-bite Serrated Jaws 8in","open","18","4.0"
"D:\augmented_data_consistent_backgrounds\images\train\Needle_Holder_Ryder_Straight_Carb-bite_Serrated_Jaws_8in_open_18_aug005.jpg","Needle Holder Ryder Straight Carb-bite Serrated Jaws 8in","open","18","5.0"
"D:\augmented_data_consistent_backgrounds\images\train\Needle_Holder_Ryder_Straight_Carb-bite_Serrated_Jaws_8in_open_18_aug006.jpg","Needle Holder Ryder Straight Carb-bite Serrated Jaws 8in","open","18","6.0"
"D:\augmented_data_consistent_backgrounds\images\train\Needle_Holder_Ryder_Straight_Carb-bite_Serrated_Jaws_8in_open_18_aug010.jpg","Needle Holder Ryder Straight Carb-bite Serrated Jaws 8in","open","18","10.0"
"D:\augmented_data_consistent_backgrounds\images\train\Needle_Holder_Ryder_Straight_Carb-bite_Serrated_Jaws_8in_open_18_aug011.jpg","Needle Holder Ryder Straight Carb-bite Serrated Jaws 8in","open","18","11.0"
"D:\augmented_data_consistent_backgrounds\images\train\Needle_Holder_Ryder_Straight_Carb-bite_Serrated_Jaws_8in_open_18_aug013.jpg","Needle Holder Ryder Straight Carb-bite Serrated Jaws 8in","open","18","13.0"
"D:\augmented_data_consistent_backgrounds\images\train\Needle_Holder_Ryder_Straight_Carb-bite_Serrated_Jaws_8in_open_18_aug015.jpg","Needle Holder Ryder Straight Carb-bite Serrated Jaws 8in","open","18","15.0"
"D:\augmented_data_consistent_backgrounds\images\train\Needle_Holder_Ryder_Straight_Carb-bite_Serrated_Jaws_8in_open_18_aug016.jpg","Needle Holder Ryder Straight Carb-bite Serrated Jaws 8in","open","18","16.0"
"D:\augmented_data_consistent_backgrounds\images\train\Needle_Holder_Ryder_Straight_Carb-bite_Serrated_Jaws_8in_open_18_aug017.jpg","Needle Holder Ryder Straight Carb-bite Serrated Jaws 8in","open","18","17.0"
"D:\augmented_data_consistent_backgrounds\images\train\Needle_Holder_Ryder_Straight_Carb-bite_Serrated_Jaws_8in_open_18_aug018.jpg","Needle Holder Ryder Straight Carb-bite Serrated Jaws 8in","open","18","18.0"
"D:\augmented_data_consistent_backgrounds\images\train\Needle_Holder_Ryder_Straight_Carb-bite_Serrated_Jaws_8in_open_18_aug019.jpg","Needle Holder Ryder Straight Carb-bite Serrated Jaws 8in","open","18","19.0"
"D:\augmented_data_consistent_backgrounds\images\train\Needle_Holder_Ryder_Straight_Carb-bite_Serrated_Jaws_8in_open_19.jpg","Needle Holder Ryder Straight Carb-bite Serrated Jaws 8in","open","19",""
"D:\augmented_data_consistent_backgrounds\images\train\Needle_Holder_Ryder_Straight_Carb-bite_Serrated_Jaws_8in_open_19_aug000.jpg","Needle Holder Ryder Straight Carb-bite Serrated Jaws 8in","open","19","0.0"
"D:\augmented_data_consistent_backgrounds\images\train\Needle_Holder_Ryder_Straight_Carb-bite_Serrated_Jaws_8in_open_19_aug002.jpg","Needle Holder Ryder Straight Carb-bite Serrated Jaws 8in","open","19","2.0"
"D:\augmented_data_consistent_backgrounds\images\train\Needle_Holder_Ryder_Straight_Carb-bite_Serrated_Jaws_8in_open_19_aug003.jpg","Needle Holder Ryder Straight Carb-bite Serrated Jaws 8in","open","19","3.0"
"D:\augmented_data_consistent_backgrounds\images\train\Needle_Holder_Ryder_Straight_Carb-bite_Serrated_Jaws_8in_open_19_aug004.jpg","Needle Holder Ryder Straight Carb-bite Serrated Jaws 8in","open","19","4.0"
"D:\augmented_data_consistent_backgrounds\images\train\Needle_Holder_Ryder_Straight_Carb-bite_Serrated_Jaws_8in_open_19_aug005.jpg","Needle Holder Ryder Straight Carb-bite Serrated Jaws 8in","open","19","5.0"
"D:\augmented_data_consistent_backgrounds\images\train\Needle_Holder_Ryder_Straight_Carb-bite_Serrated_Jaws_8in_open_19_aug006.jpg","Needle Holder Ryder Straight Carb-bite Serrated Jaws 8in","open","19","6.0"
"D:\augmented_data_consistent_backgrounds\images\train\Needle_Holder_Ryder_Straight_Carb-bite_Serrated_Jaws_8in_open_19_aug007.jpg","Needle Holder Ryder Straight Carb-bite Serrated Jaws 8in","open","19","7.0"
"D:\augmented_data_consistent_backgrounds\images\train\Needle_Holder_Ryder_Straight_Carb-bite_Serrated_Jaws_8in_open_19_aug008.jpg","Needle Holder Ryder Straight Carb-bite Serrated Jaws 8in","open","19","8.0"
"D:\augmented_data_consistent_backgrounds\images\train\Needle_Holder_Ryder_Straight_Carb-bite_Serrated_Jaws_8in_open_19_aug010.jpg","Needle Holder Ryder Straight Carb-bite Serrated Jaws 8in","open","19","10.0"
"D:\augmented_data_consistent_backgrounds\images\train\Needle_Holder_Ryder_Straight_Carb-bite_Serrated_Jaws_8in_open_19_aug012.jpg","Needle Holder Ryder Straight Carb-bite Serrated Jaws 8in","open","19","12.0"
"D:\augmented_data_consistent_backgrounds\images\train\Needle_Holder_Ryder_Straight_Carb-bite_Serrated_Jaws_8in_open_19_aug013.jpg","Needle Holder Ryder Straight Carb-bite Serrated Jaws 8in","open","19","13.0"
"D:\augmented_data_consistent_backgrounds\images\train\Needle_Holder_Ryder_Straight_Carb-bite_Serrated_Jaws_8in_open_19_aug014.jpg","Needle Holder Ryder Straight Carb-bite Serrated Jaws 8in","open","19","14.0"
"D:\augmented_data_consistent_backgrounds\images\train\Needle_Holder_Ryder_Straight_Carb-bite_Serrated_Jaws_8in_open_19_aug015.jpg","Needle Holder Ryder Straight Carb-bite Serrated Jaws 8in","open","19","15.0"
"D:\augmented_data_consistent_backgrounds\images\train\Needle_Holder_Ryder_Straight_Carb-bite_Serrated_Jaws_8in_open_19_aug016.jpg","Needle Holder Ryder Straight Carb-bite Serrated Jaws 8in","open","19","16.0"
"D:\augmented_data_consistent_backgrounds\images\train\Needle_Holder_Ryder_Straight_Carb-bite_Serrated_Jaws_8in_open_19_aug017.jpg","Needle Holder Ryder Straight Carb-bite Serrated Jaws 8in","open","19","17.0"
"D:\augmented_data_consistent_backgrounds\images\train\Needle_Holder_Ryder_Straight_Carb-bite_Serrated_Jaws_8in_open_19_aug018.jpg","Needle Holder Ryder Straight Carb-bite Serrated Jaws 8in","open","19","18.0"
"D:\augmented_data_consistent_backgrounds\images\train\Needle_Holder_Ryder_Straight_Carb-bite_Serrated_Jaws_8in_open_20.jpg","Needle Holder Ryder Straight Carb-bite Serrated Jaws 8in","open","20",""
"D:\augmented_data_consistent_backgrounds\images\train\Needle_Holder_Ryder_Straight_Carb-bite_Serrated_Jaws_8in_open_20_aug000.jpg","Needle Holder Ryder Straight Carb-bite Serrated Jaws 8in","open","20","0.0"
"D:\augmented_data_consistent_backgrounds\images\train\Needle_Holder_Ryder_Straight_Carb-bite_Serrated_Jaws_8in_open_20_aug001.jpg","Needle Holder Ryder Straight Carb-bite Serrated Jaws 8in","open","20","1.0"
"D:\augmented_data_consistent_backgrounds\images\train\Needle_Holder_Ryder_Straight_Carb-bite_Serrated_Jaws_8in_open_20_aug002.jpg","Needle Holder Ryder Straight Carb-bite Serrated Jaws 8in","open","20","2.0"
"D:\augmented_data_consistent_backgrounds\images\train\Needle_Holder_Ryder_Straight_Carb-bite_Serrated_Jaws_8in_open_20_aug004.jpg","Needle Holder Ryder Straight Carb-bite Serrated Jaws 8in","open","20","4.0"
"D:\augmented_data_consistent_backgrounds\images\train\Needle_Holder_Ryder_Straight_Carb-bite_Serrated_Jaws_8in_open_20_aug005.jpg","Needle Holder Ryder Straight Carb-bite Serrated Jaws 8in","open","20","5.0"
"D:\augmented_data_consistent_backgrounds\images\train\Needle_Holder_Ryder_Straight_Carb-bite_Serrated_Jaws_8in_open_20_aug007.jpg","Needle Holder Ryder Straight Carb-bite Serrated Jaws 8in","open","20","7.0"
"D:\augmented_data_consistent_backgrounds\images\train\Needle_Holder_Ryder_Straight_Carb-bite_Serrated_Jaws_8in_open_20_aug008.jpg","Needle Holder Ryder Straight Carb-bite Serrated Jaws 8in","open","20","8.0"
"D:\augmented_data_consistent_backgrounds\images\train\Needle_Holder_Ryder_Straight_Carb-bite_Serrated_Jaws_8in_open_20_aug009.jpg","Needle Holder Ryder Straight Carb-bite Serrated Jaws 8in","open","20","9.0"
"D:\augmented_data_consistent_backgrounds\images\train\Needle_Holder_Ryder_Straight_Carb-bite_Serrated_Jaws_8in_open_20_aug010.jpg","Needle Holder Ryder Straight Carb-bite Serrated Jaws 8in","open","20","10.0"
"D:\augmented_data_consistent_backgrounds\images\train\Needle_Holder_Ryder_Straight_Carb-bite_Serrated_Jaws_8in_open_20_aug011.jpg","Needle Holder Ryder Straight Carb-bite Serrated Jaws 8in","open","20","11.0"
"D:\augmented_data_consistent_backgrounds\images\train\Needle_Holder_Ryder_Straight_Carb-bite_Serrated_Jaws_8in_open_20_aug013.jpg","Needle Holder Ryder Straight Carb-bite Serrated Jaws 8in","open","20","13.0"
"D:\augmented_data_consistent_backgrounds\images\train\Needle_Holder_Ryder_Straight_Carb-bite_Serrated_Jaws_8in_open_20_aug014.jpg","Needle Holder Ryder Straight Carb-bite Serrated Jaws 8in","open","20","14.0"
"D:\augmented_data_consistent_backgrounds\images\train\Needle_Holder_Ryder_Straight_Carb-bite_Serrated_Jaws_8in_open_20_aug015.jpg","Needle Holder Ryder Straight Carb-bite Serrated Jaws 8in","open","20","15.0"
"D:\augmented_data_consistent_backgrounds\images\train\Needle_Holder_Ryder_Straight_Carb-bite_Serrated_Jaws_8in_open_20_aug016.jpg","Needle Holder Ryder Straight Carb-bite Serrated Jaws 8in","open","20","16.0"
"D:\augmented_data_consistent_backgrounds\images\train\Needle_Holder_Ryder_Straight_Carb-bite_Serrated_Jaws_8in_open_20_aug018.jpg","Needle Holder Ryder Straight Carb-bite Serrated Jaws 8in","open","20","18.0"
"D:\augmented_data_consistent_backgrounds\images\train\Needle_Holder_Ryder_Straight_Carb-bite_Serrated_Jaws_8in_open_20_aug019.jpg","Needle Holder Ryder Straight Carb-bite Serrated Jaws 8in","open","20","19.0"
"D:\augmented_data_consistent_backgrounds\images\train\Needle_Holder_Ryder_Straight_Carb-bite_Serrated_Jaws_8in_open_21.jpg","Needle Holder Ryder Straight Carb-bite Serrated Jaws 8in","open","21",""
"D:\augmented_data_consistent_backgrounds\images\train\Needle_Holder_Ryder_Straight_Carb-bite_Serrated_Jaws_8in_open_21_aug000.jpg","Needle Holder Ryder Straight Carb-bite Serrated Jaws 8in","open","21","0.0"
"D:\augmented_data_consistent_backgrounds\images\train\Needle_Holder_Ryder_Straight_Carb-bite_Serrated_Jaws_8in_open_21_aug001.jpg","Needle Holder Ryder Straight Carb-bite Serrated Jaws 8in","open","21","1.0"
"D:\augmented_data_consistent_backgrounds\images\train\Needle_Holder_Ryder_Straight_Carb-bite_Serrated_Jaws_8in_open_21_aug002.jpg","Needle Holder Ryder Straight Carb-bite Serrated Jaws 8in","open","21","2.0"
"D:\augmented_data_consistent_backgrounds\images\train\Needle_Holder_Ryder_Straight_Carb-bite_Serrated_Jaws_8in_open_21_aug003.jpg","Needle Holder Ryder Straight Carb-bite Serrated Jaws 8in","open","21","3.0"
"D:\augmented_data_consistent_backgrounds\images\train\Needle_Holder_Ryder_Straight_Carb-bite_Serrated_Jaws_8in_open_21_aug004.jpg","Needle Holder Ryder Straight Carb-bite Serrated Jaws 8in","open","21","4.0"
"D:\augmented_data_consistent_backgrounds\images\train\Needle_Holder_Ryder_Straight_Carb-bite_Serrated_Jaws_8in_open_21_aug005.jpg","Needle Holder Ryder Straight Carb-bite Serrated Jaws 8in","open","21","5.0"
"D:\augmented_data_consistent_backgrounds\images\train\Needle_Holder_Ryder_Straight_Carb-bite_Serrated_Jaws_8in_open_21_aug006.jpg","Needle Holder Ryder Straight Carb-bite Serrated Jaws 8in","open","21","6.0"
"D:\augmented_data_consistent_backgrounds\images\train\Needle_Holder_Ryder_Straight_Carb-bite_Serrated_Jaws_8in_open_21_aug007.jpg","Needle Holder Ryder Straight Carb-bite Serrated Jaws 8in","open","21","7.0"
"D:\augmented_data_consistent_backgrounds\images\train\Needle_Holder_Ryder_Straight_Carb-bite_Serrated_Jaws_8in_open_21_aug009.jpg","Needle Holder Ryder Straight Carb-bite Serrated Jaws 8in","open","21","9.0"
"D:\augmented_data_consistent_backgrounds\images\train\Needle_Holder_Ryder_Straight_Carb-bite_Serrated_Jaws_8in_open_21_aug010.jpg","Needle Holder Ryder Straight Carb-bite Serrated Jaws 8in","open","21","10.0"
"D:\augmented_data_consistent_backgrounds\images\train\Needle_Holder_Ryder_Straight_Carb-bite_Serrated_Jaws_8in_open_21_aug011.jpg","Needle Holder Ryder Straight Carb-bite Serrated Jaws 8in","open","21","11.0"
"D:\augmented_data_consistent_backgrounds\images\train\Needle_Holder_Ryder_Straight_Carb-bite_Serrated_Jaws_8in_open_21_aug012.jpg","Needle Holder Ryder Straight Carb-bite Serrated Jaws 8in","open","21","12.0"
"D:\augmented_data_consistent_backgrounds\images\train\Needle_Holder_Ryder_Straight_Carb-bite_Serrated_Jaws_8in_open_21_aug014.jpg","Needle Holder Ryder Straight Carb-bite Serrated Jaws 8in","open","21","14.0"
"D:\augmented_data_consistent_backgrounds\images\train\Needle_Holder_Ryder_Straight_Carb-bite_Serrated_Jaws_8in_open_21_aug015.jpg","Needle Holder Ryder Straight Carb-bite Serrated Jaws 8in","open","21","15.0"
"D:\augmented_data_consistent_backgrounds\images\train\Needle_Holder_Ryder_Straight_Carb-bite_Serrated_Jaws_8in_open_21_aug016.jpg","Needle Holder Ryder Straight Carb-bite Serrated Jaws 8in","open","21","16.0"
"D:\augmented_data_consistent_backgrounds\images\train\Needle_Holder_Ryder_Straight_Carb-bite_Serrated_Jaws_8in_open_21_aug017.jpg","Needle Holder Ryder Straight Carb-bite Serrated Jaws 8in","open","21","17.0"
"D:\augmented_data_consistent_backgrounds\images\train\Needle_Holder_Ryder_Straight_Carb-bite_Serrated_Jaws_8in_open_21_aug018.jpg","Needle Holder Ryder Straight Carb-bite Serrated Jaws 8in","open","21","18.0"
"D:\augmented_data_consistent_backgrounds\images\train\Needle_Holder_Ryder_Straight_Carb-bite_Serrated_Jaws_8in_open_22.jpg","Needle Holder Ryder Straight Carb-bite Serrated Jaws 8in","open","22",""
"D:\augmented_data_consistent_backgrounds\images\train\Needle_Holder_Ryder_Straight_Carb-bite_Serrated_Jaws_8in_open_22_aug000.jpg","Needle Holder Ryder Straight Carb-bite Serrated Jaws 8in","open","22","0.0"
"D:\augmented_data_consistent_backgrounds\images\train\Needle_Holder_Ryder_Straight_Carb-bite_Serrated_Jaws_8in_open_22_aug001.jpg","Needle Holder Ryder Straight Carb-bite Serrated Jaws 8in","open","22","1.0"
"D:\augmented_data_consistent_backgrounds\images\train\Needle_Holder_Ryder_Straight_Carb-bite_Serrated_Jaws_8in_open_22_aug002.jpg","Needle Holder Ryder Straight Carb-bite Serrated Jaws 8in","open","22","2.0"
"D:\augmented_data_consistent_backgrounds\images\train\Needle_Holder_Ryder_Straight_Carb-bite_Serrated_Jaws_8in_open_22_aug003.jpg","Needle Holder Ryder Straight Carb-bite Serrated Jaws 8in","open","22","3.0"
"D:\augmented_data_consistent_backgrounds\images\train\Needle_Holder_Ryder_Straight_Carb-bite_Serrated_Jaws_8in_open_22_aug004.jpg","Needle Holder Ryder Straight Carb-bite Serrated Jaws 8in","open","22","4.0"
"D:\augmented_data_consistent_backgrounds\images\train\Needle_Holder_Ryder_Straight_Carb-bite_Serrated_Jaws_8in_open_22_aug005.jpg","Needle Holder Ryder Straight Carb-bite Serrated Jaws 8in","open","22","5.0"
"D:\augmented_data_consistent_backgrounds\images\train\Needle_Holder_Ryder_Straight_Carb-bite_Serrated_Jaws_8in_open_22_aug006.jpg","Needle Holder Ryder Straight Carb-bite Serrated Jaws 8in","open","22","6.0"
"D:\augmented_data_consistent_backgrounds\images\train\Needle_Holder_Ryder_Straight_Carb-bite_Serrated_Jaws_8in_open_22_aug007.jpg","Needle Holder Ryder Straight Carb-bite Serrated Jaws 8in","open","22","7.0"
"D:\augmented_data_consistent_backgrounds\images\train\Needle_Holder_Ryder_Straight_Carb-bite_Serrated_Jaws_8in_open_22_aug009.jpg","Needle Holder Ryder Straight Carb-bite Serrated Jaws 8in","open","22","9.0"
"D:\augmented_data_consistent_backgrounds\images\train\Needle_Holder_Ryder_Straight_Carb-bite_Serrated_Jaws_8in_open_22_aug010.jpg","Needle Holder Ryder Straight Carb-bite Serrated Jaws 8in","open","22","10.0"
"D:\augmented_data_consistent_backgrounds\images\train\Needle_Holder_Ryder_Straight_Carb-bite_Serrated_Jaws_8in_open_22_aug011.jpg","Needle Holder Ryder Straight Carb-bite Serrated Jaws 8in","open","22","11.0"
"D:\augmented_data_consistent_backgrounds\images\train\Needle_Holder_Ryder_Straight_Carb-bite_Serrated_Jaws_8in_open_22_aug012.jpg","Needle Holder Ryder Straight Carb-bite Serrated Jaws 8in","open","22","12.0"
"D:\augmented_data_consistent_backgrounds\images\train\Needle_Holder_Ryder_Straight_Carb-bite_Serrated_Jaws_8in_open_22_aug013.jpg","Needle Holder Ryder Straight Carb-bite Serrated Jaws 8in","open","22","13.0"
"D:\augmented_data_consistent_backgrounds\images\train\Needle_Holder_Ryder_Straight_Carb-bite_Serrated_Jaws_8in_open_22_aug014.jpg","Needle Holder Ryder Straight Carb-bite Serrated Jaws 8in","open","22","14.0"
"D:\augmented_data_consistent_backgrounds\images\train\Needle_Holder_Ryder_Straight_Carb-bite_Serrated_Jaws_8in_open_22_aug015.jpg","Needle Holder Ryder Straight Carb-bite Serrated Jaws 8in","open","22","15.0"
"D:\augmented_data_consistent_backgrounds\images\train\Needle_Holder_Ryder_Straight_Carb-bite_Serrated_Jaws_8in_open_22_aug016.jpg","Needle Holder Ryder Straight Carb-bite Serrated Jaws 8in","open","22","16.0"
"D:\augmented_data_consistent_backgrounds\images\train\Needle_Holder_Ryder_Straight_Carb-bite_Serrated_Jaws_8in_open_22_aug017.jpg","Needle Holder Ryder Straight Carb-bite Serrated Jaws 8in","open","22","17.0"
"D:\augmented_data_consistent_backgrounds\images\train\Needle_Holder_Ryder_Straight_Carb-bite_Serrated_Jaws_8in_open_22_aug018.jpg","Needle Holder Ryder Straight Carb-bite Serrated Jaws 8in","open","22","18.0"
"D:\augmented_data_consistent_backgrounds\images\train\Needle_Holder_Ryder_Straight_Carb-bite_Serrated_Jaws_8in_open_22_aug019.jpg","Needle Holder Ryder Straight Carb-bite Serrated Jaws 8in","open","22","19.0"
"D:\augmented_data_consistent_backgrounds\images\train\Needle_Holder_Ryder_Straight_Carb-bite_Serrated_Jaws_8in_open_23_aug000.jpg","Needle Holder Ryder Straight Carb-bite Serrated Jaws 8in","open","23","0.0"
"D:\augmented_data_consistent_backgrounds\images\train\Needle_Holder_Ryder_Straight_Carb-bite_Serrated_Jaws_8in_open_23_aug001.jpg","Needle Holder Ryder Straight Carb-bite Serrated Jaws 8in","open","23","1.0"
"D:\augmented_data_consistent_backgrounds\images\train\Needle_Holder_Ryder_Straight_Carb-bite_Serrated_Jaws_8in_open_23_aug002.jpg","Needle Holder Ryder Straight Carb-bite Serrated Jaws 8in","open","23","2.0"
"D:\augmented_data_consistent_backgrounds\images\train\Needle_Holder_Ryder_Straight_Carb-bite_Serrated_Jaws_8in_open_23_aug003.jpg","Needle Holder Ryder Straight Carb-bite Serrated Jaws 8in","open","23","3.0"
"D:\augmented_data_consistent_backgrounds\images\train\Needle_Holder_Ryder_Straight_Carb-bite_Serrated_Jaws_8in_open_23_aug004.jpg","Needle Holder Ryder Straight Carb-bite Serrated Jaws 8in","open","23","4.0"
"D:\augmented_data_consistent_backgrounds\images\train\Needle_Holder_Ryder_Straight_Carb-bite_Serrated_Jaws_8in_open_23_aug005.jpg","Needle Holder Ryder Straight Carb-bite Serrated Jaws 8in","open","23","5.0"
"D:\augmented_data_consistent_backgrounds\images\train\Needle_Holder_Ryder_Straight_Carb-bite_Serrated_Jaws_8in_open_23_aug006.jpg","Needle Holder Ryder Straight Carb-bite Serrated Jaws 8in","open","23","6.0"
"D:\augmented_data_consistent_backgrounds\images\train\Needle_Holder_Ryder_Straight_Carb-bite_Serrated_Jaws_8in_open_23_aug007.jpg","Needle Holder Ryder Straight Carb-bite Serrated Jaws 8in","open","23","7.0"
"D:\augmented_data_consistent_backgrounds\images\train\Needle_Holder_Ryder_Straight_Carb-bite_Serrated_Jaws_8in_open_23_aug010.jpg","Needle Holder Ryder Straight Carb-bite Serrated Jaws 8in","open","23","10.0"
"D:\augmented_data_consistent_backgrounds\images\train\Needle_Holder_Ryder_Straight_Carb-bite_Serrated_Jaws_8in_open_23_aug011.jpg","Needle Holder Ryder Straight Carb-bite Serrated Jaws 8in","open","23","11.0"
"D:\augmented_data_consistent_backgrounds\images\train\Needle_Holder_Ryder_Straight_Carb-bite_Serrated_Jaws_8in_open_23_aug012.jpg","Needle Holder Ryder Straight Carb-bite Serrated Jaws 8in","open","23","12.0"
"D:\augmented_data_consistent_backgrounds\images\train\Needle_Holder_Ryder_Straight_Carb-bite_Serrated_Jaws_8in_open_23_aug013.jpg","Needle Holder Ryder Straight Carb-bite Serrated Jaws 8in","open","23","13.0"
"D:\augmented_data_consistent_backgrounds\images\train\Needle_Holder_Ryder_Straight_Carb-bite_Serrated_Jaws_8in_open_23_aug015.jpg","Needle Holder Ryder Straight Carb-bite Serrated Jaws 8in","open","23","15.0"
"D:\augmented_data_consistent_backgrounds\images\train\Needle_Holder_Ryder_Straight_Carb-bite_Serrated_Jaws_8in_open_23_aug016.jpg","Needle Holder Ryder Straight Carb-bite Serrated Jaws 8in","open","23","16.0"
"D:\augmented_data_consistent_backgrounds\images\train\Needle_Holder_Ryder_Straight_Carb-bite_Serrated_Jaws_8in_open_23_aug017.jpg","Needle Holder Ryder Straight Carb-bite Serrated Jaws 8in","open","23","17.0"
"D:\augmented_data_consistent_backgrounds\images\train\Needle_Holder_Ryder_Straight_Carb-bite_Serrated_Jaws_8in_open_23_aug019.jpg","Needle Holder Ryder Straight Carb-bite Serrated Jaws 8in","open","23","19.0"
"D:\augmented_data_consistent_backgrounds\images\train\Needle_Holder_Ryder_Straight_Carb-bite_Serrated_Jaws_8in_open_24_aug000.jpg","Needle Holder Ryder Straight Carb-bite Serrated Jaws 8in","open","24","0.0"
"D:\augmented_data_consistent_backgrounds\images\train\Needle_Holder_Ryder_Straight_Carb-bite_Serrated_Jaws_8in_open_24_aug001.jpg","Needle Holder Ryder Straight Carb-bite Serrated Jaws 8in","open","24","1.0"
"D:\augmented_data_consistent_backgrounds\images\train\Needle_Holder_Ryder_Straight_Carb-bite_Serrated_Jaws_8in_open_24_aug002.jpg","Needle Holder Ryder Straight Carb-bite Serrated Jaws 8in","open","24","2.0"
"D:\augmented_data_consistent_backgrounds\images\train\Needle_Holder_Ryder_Straight_Carb-bite_Serrated_Jaws_8in_open_24_aug003.jpg","Needle Holder Ryder Straight Carb-bite Serrated Jaws 8in","open","24","3.0"
"D:\augmented_data_consistent_backgrounds\images\train\Needle_Holder_Ryder_Straight_Carb-bite_Serrated_Jaws_8in_open_24_aug004.jpg","Needle Holder Ryder Straight Carb-bite Serrated Jaws 8in","open","24","4.0"
"D:\augmented_data_consistent_backgrounds\images\train\Needle_Holder_Ryder_Straight_Carb-bite_Serrated_Jaws_8in_open_24_aug006.jpg","Needle Holder Ryder Straight Carb-bite Serrated Jaws 8in","open","24","6.0"
"D:\augmented_data_consistent_backgrounds\images\train\Needle_Holder_Ryder_Straight_Carb-bite_Serrated_Jaws_8in_open_24_aug008.jpg","Needle Holder Ryder Straight Carb-bite Serrated Jaws 8in","open","24","8.0"
"D:\augmented_data_consistent_backgrounds\images\train\Needle_Holder_Ryder_Straight_Carb-bite_Serrated_Jaws_8in_open_24_aug009.jpg","Needle Holder Ryder Straight Carb-bite Serrated Jaws 8in","open","24","9.0"
"D:\augmented_data_consistent_backgrounds\images\train\Needle_Holder_Ryder_Straight_Carb-bite_Serrated_Jaws_8in_open_24_aug010.jpg","Needle Holder Ryder Straight Carb-bite Serrated Jaws 8in","open","24","10.0"
"D:\augmented_data_consistent_backgrounds\images\train\Needle_Holder_Ryder_Straight_Carb-bite_Serrated_Jaws_8in_open_24_aug011.jpg","Needle Holder Ryder Straight Carb-bite Serrated Jaws 8in","open","24","11.0"
"D:\augmented_data_consistent_backgrounds\images\train\Needle_Holder_Ryder_Straight_Carb-bite_Serrated_Jaws_8in_open_24_aug012.jpg","Needle Holder Ryder Straight Carb-bite Serrated Jaws 8in","open","24","12.0"
"D:\augmented_data_consistent_backgrounds\images\train\Needle_Holder_Ryder_Straight_Carb-bite_Serrated_Jaws_8in_open_24_aug013.jpg","Needle Holder Ryder Straight Carb-bite Serrated Jaws 8in","open","24","13.0"
"D:\augmented_data_consistent_backgrounds\images\train\Needle_Holder_Ryder_Straight_Carb-bite_Serrated_Jaws_8in_open_24_aug017.jpg","Needle Holder Ryder Straight Carb-bite Serrated Jaws 8in","open","24","17.0"
"D:\augmented_data_consistent_backgrounds\images\train\Needle_Holder_Ryder_Straight_Carb-bite_Serrated_Jaws_8in_open_24_aug018.jpg","Needle Holder Ryder Straight Carb-bite Serrated Jaws 8in","open","24","18.0"
"D:\augmented_data_consistent_backgrounds\images\train\Needle_Holder_Ryder_Straight_Carb-bite_Serrated_Jaws_8in_open_24_aug019.jpg","Needle Holder Ryder Straight Carb-bite Serrated Jaws 8in","open","24","19.0"
"D:\augmented_data_consistent_backgrounds\images\train\Needle_Holder_Ryder_Straight_Carb-bite_Serrated_Jaws_8in_open_25.jpg","Needle Holder Ryder Straight Carb-bite Serrated Jaws 8in","open","25",""
"D:\augmented_data_consistent_backgrounds\images\train\Needle_Holder_Ryder_Straight_Carb-bite_Serrated_Jaws_8in_open_25_aug000.jpg","Needle Holder Ryder Straight Carb-bite Serrated Jaws 8in","open","25","0.0"
"D:\augmented_data_consistent_backgrounds\images\train\Needle_Holder_Ryder_Straight_Carb-bite_Serrated_Jaws_8in_open_25_aug001.jpg","Needle Holder Ryder Straight Carb-bite Serrated Jaws 8in","open","25","1.0"
"D:\augmented_data_consistent_backgrounds\images\train\Needle_Holder_Ryder_Straight_Carb-bite_Serrated_Jaws_8in_open_25_aug002.jpg","Needle Holder Ryder Straight Carb-bite Serrated Jaws 8in","open","25","2.0"
"D:\augmented_data_consistent_backgrounds\images\train\Needle_Holder_Ryder_Straight_Carb-bite_Serrated_Jaws_8in_open_25_aug003.jpg","Needle Holder Ryder Straight Carb-bite Serrated Jaws 8in","open","25","3.0"
"D:\augmented_data_consistent_backgrounds\images\train\Needle_Holder_Ryder_Straight_Carb-bite_Serrated_Jaws_8in_open_25_aug004.jpg","Needle Holder Ryder Straight Carb-bite Serrated Jaws 8in","open","25","4.0"
"D:\augmented_data_consistent_backgrounds\images\train\Needle_Holder_Ryder_Straight_Carb-bite_Serrated_Jaws_8in_open_25_aug005.jpg","Needle Holder Ryder Straight Carb-bite Serrated Jaws 8in","open","25","5.0"
"D:\augmented_data_consistent_backgrounds\images\train\Needle_Holder_Ryder_Straight_Carb-bite_Serrated_Jaws_8in_open_25_aug006.jpg","Needle Holder Ryder Straight Carb-bite Serrated Jaws 8in","open","25","6.0"
"D:\augmented_data_consistent_backgrounds\images\train\Needle_Holder_Ryder_Straight_Carb-bite_Serrated_Jaws_8in_open_25_aug007.jpg","Needle Holder Ryder Straight Carb-bite Serrated Jaws 8in","open","25","7.0"
"D:\augmented_data_consistent_backgrounds\images\train\Needle_Holder_Ryder_Straight_Carb-bite_Serrated_Jaws_8in_open_25_aug009.jpg","Needle Holder Ryder Straight Carb-bite Serrated Jaws 8in","open","25","9.0"
"D:\augmented_data_consistent_backgrounds\images\train\Needle_Holder_Ryder_Straight_Carb-bite_Serrated_Jaws_8in_open_25_aug010.jpg","Needle Holder Ryder Straight Carb-bite Serrated Jaws 8in","open","25","10.0"
"D:\augmented_data_consistent_backgrounds\images\train\Needle_Holder_Ryder_Straight_Carb-bite_Serrated_Jaws_8in_open_25_aug011.jpg","Needle Holder Ryder Straight Carb-bite Serrated Jaws 8in","open","25","11.0"
"D:\augmented_data_consistent_backgrounds\images\train\Needle_Holder_Ryder_Straight_Carb-bite_Serrated_Jaws_8in_open_25_aug013.jpg","Needle Holder Ryder Straight Carb-bite Serrated Jaws 8in","open","25","13.0"
"D:\augmented_data_consistent_backgrounds\images\train\Needle_Holder_Ryder_Straight_Carb-bite_Serrated_Jaws_8in_open_25_aug014.jpg","Needle Holder Ryder Straight Carb-bite Serrated Jaws 8in","open","25","14.0"
"D:\augmented_data_consistent_backgrounds\images\train\Needle_Holder_Ryder_Straight_Carb-bite_Serrated_Jaws_8in_open_25_aug015.jpg","Needle Holder Ryder Straight Carb-bite Serrated Jaws 8in","open","25","15.0"
"D:\augmented_data_consistent_backgrounds\images\train\Needle_Holder_Ryder_Straight_Carb-bite_Serrated_Jaws_8in_open_25_aug016.jpg","Needle Holder Ryder Straight Carb-bite Serrated Jaws 8in","open","25","16.0"
"D:\augmented_data_consistent_backgrounds\images\train\Needle_Holder_Ryder_Straight_Carb-bite_Serrated_Jaws_8in_open_25_aug018.jpg","Needle Holder Ryder Straight Carb-bite Serrated Jaws 8in","open","25","18.0"
"D:\augmented_data_consistent_backgrounds\images\train\Needle_Holder_Ryder_Straight_Carb-bite_Serrated_Jaws_8in_open_25_aug019.jpg","Needle Holder Ryder Straight Carb-bite Serrated Jaws 8in","open","25","19.0"
"D:\augmented_data_consistent_backgrounds\images\train\Sponge_Holding_Forceps_Foerster_Straight_Serrated_9.5in_closed_01.jpg","Sponge Holding Forceps Foerster Straight Serrated 9.5in","closed","1",""
"D:\augmented_data_consistent_backgrounds\images\train\Sponge_Holding_Forceps_Foerster_Straight_Serrated_9.5in_closed_01_aug000.jpg","Sponge Holding Forceps Foerster Straight Serrated 9.5in","closed","1","0.0"
"D:\augmented_data_consistent_backgrounds\images\train\Sponge_Holding_Forceps_Foerster_Straight_Serrated_9.5in_closed_01_aug001.jpg","Sponge Holding Forceps Foerster Straight Serrated 9.5in","closed","1","1.0"
"D:\augmented_data_consistent_backgrounds\images\train\Sponge_Holding_Forceps_Foerster_Straight_Serrated_9.5in_closed_01_aug002.jpg","Sponge Holding Forceps Foerster Straight Serrated 9.5in","closed","1","2.0"
"D:\augmented_data_consistent_backgrounds\images\train\Sponge_Holding_Forceps_Foerster_Straight_Serrated_9.5in_closed_01_aug003.jpg","Sponge Holding Forceps Foerster Straight Serrated 9.5in","closed","1","3.0"
"D:\augmented_data_consistent_backgrounds\images\train\Sponge_Holding_Forceps_Foerster_Straight_Serrated_9.5in_closed_01_aug004.jpg","Sponge Holding Forceps Foerster Straight Serrated 9.5in","closed","1","4.0"
"D:\augmented_data_consistent_backgrounds\images\train\Sponge_Holding_Forceps_Foerster_Straight_Serrated_9.5in_closed_01_aug005.jpg","Sponge Holding Forceps Foerster Straight Serrated 9.5in","closed","1","5.0"
"D:\augmented_data_consistent_backgrounds\images\train\Sponge_Holding_Forceps_Foerster_Straight_Serrated_9.5in_closed_01_aug006.jpg","Sponge Holding Forceps Foerster Straight Serrated 9.5in","closed","1","6.0"
"D:\augmented_data_consistent_backgrounds\images\train\Sponge_Holding_Forceps_Foerster_Straight_Serrated_9.5in_closed_01_aug008.jpg","Sponge Holding Forceps Foerster Straight Serrated 9.5in","closed","1","8.0"
"D:\augmented_data_consistent_backgrounds\images\train\Sponge_Holding_Forceps_Foerster_Straight_Serrated_9.5in_closed_01_aug009.jpg","Sponge Holding Forceps Foerster Straight Serrated 9.5in","closed","1","9.0"
"D:\augmented_data_consistent_backgrounds\images\train\Sponge_Holding_Forceps_Foerster_Straight_Serrated_9.5in_closed_01_aug010.jpg","Sponge Holding Forceps Foerster Straight Serrated 9.5in","closed","1","10.0"
"D:\augmented_data_consistent_backgrounds\images\train\Sponge_Holding_Forceps_Foerster_Straight_Serrated_9.5in_closed_01_aug011.jpg","Sponge Holding Forceps Foerster Straight Serrated 9.5in","closed","1","11.0"
"D:\augmented_data_consistent_backgrounds\images\train\Sponge_Holding_Forceps_Foerster_Straight_Serrated_9.5in_closed_01_aug012.jpg","Sponge Holding Forceps Foerster Straight Serrated 9.5in","closed","1","12.0"
"D:\augmented_data_consistent_backgrounds\images\train\Sponge_Holding_Forceps_Foerster_Straight_Serrated_9.5in_closed_01_aug014.jpg","Sponge Holding Forceps Foerster Straight Serrated 9.5in","closed","1","14.0"
"D:\augmented_data_consistent_backgrounds\images\train\Sponge_Holding_Forceps_Foerster_Straight_Serrated_9.5in_closed_01_aug015.jpg","Sponge Holding Forceps Foerster Straight Serrated 9.5in","closed","1","15.0"
"D:\augmented_data_consistent_backgrounds\images\train\Sponge_Holding_Forceps_Foerster_Straight_Serrated_9.5in_closed_01_aug017.jpg","Sponge Holding Forceps Foerster Straight Serrated 9.5in","closed","1","17.0"
"D:\augmented_data_consistent_backgrounds\images\train\Sponge_Holding_Forceps_Foerster_Straight_Serrated_9.5in_closed_01_aug018.jpg","Sponge Holding Forceps Foerster Straight Serrated 9.5in","closed","1","18.0"
"D:\augmented_data_consistent_backgrounds\images\train\Sponge_Holding_Forceps_Foerster_Straight_Serrated_9.5in_closed_01_aug019.jpg","Sponge Holding Forceps Foerster Straight Serrated 9.5in","closed","1","19.0"
"D:\augmented_data_consistent_backgrounds\images\train\Sponge_Holding_Forceps_Foerster_Straight_Serrated_9.5in_closed_02.jpg","Sponge Holding Forceps Foerster Straight Serrated 9.5in","closed","2",""
"D:\augmented_data_consistent_backgrounds\images\train\Sponge_Holding_Forceps_Foerster_Straight_Serrated_9.5in_closed_02_aug000.jpg","Sponge Holding Forceps Foerster Straight Serrated 9.5in","closed","2","0.0"
"D:\augmented_data_consistent_backgrounds\images\train\Sponge_Holding_Forceps_Foerster_Straight_Serrated_9.5in_closed_02_aug001.jpg","Sponge Holding Forceps Foerster Straight Serrated 9.5in","closed","2","1.0"
"D:\augmented_data_consistent_backgrounds\images\train\Sponge_Holding_Forceps_Foerster_Straight_Serrated_9.5in_closed_02_aug002.jpg","Sponge Holding Forceps Foerster Straight Serrated 9.5in","closed","2","2.0"
"D:\augmented_data_consistent_backgrounds\images\train\Sponge_Holding_Forceps_Foerster_Straight_Serrated_9.5in_closed_02_aug003.jpg","Sponge Holding Forceps Foerster Straight Serrated 9.5in","closed","2","3.0"
"D:\augmented_data_consistent_backgrounds\images\train\Sponge_Holding_Forceps_Foerster_Straight_Serrated_9.5in_closed_02_aug004.jpg","Sponge Holding Forceps Foerster Straight Serrated 9.5in","closed","2","4.0"
"D:\augmented_data_consistent_backgrounds\images\train\Sponge_Holding_Forceps_Foerster_Straight_Serrated_9.5in_closed_02_aug006.jpg","Sponge Holding Forceps Foerster Straight Serrated 9.5in","closed","2","6.0"
"D:\augmented_data_consistent_backgrounds\images\train\Sponge_Holding_Forceps_Foerster_Straight_Serrated_9.5in_closed_02_aug007.jpg","Sponge Holding Forceps Foerster Straight Serrated 9.5in","closed","2","7.0"
"D:\augmented_data_consistent_backgrounds\images\train\Sponge_Holding_Forceps_Foerster_Straight_Serrated_9.5in_closed_02_aug009.jpg","Sponge Holding Forceps Foerster Straight Serrated 9.5in","closed","2","9.0"
"D:\augmented_data_consistent_backgrounds\images\train\Sponge_Holding_Forceps_Foerster_Straight_Serrated_9.5in_closed_02_aug010.jpg","Sponge Holding Forceps Foerster Straight Serrated 9.5in","closed","2","10.0"
"D:\augmented_data_consistent_backgrounds\images\train\Sponge_Holding_Forceps_Foerster_Straight_Serrated_9.5in_closed_02_aug011.jpg","Sponge Holding Forceps Foerster Straight Serrated 9.5in","closed","2","11.0"
"D:\augmented_data_consistent_backgrounds\images\train\Sponge_Holding_Forceps_Foerster_Straight_Serrated_9.5in_closed_02_aug013.jpg","Sponge Holding Forceps Foerster Straight Serrated 9.5in","closed","2","13.0"
"D:\augmented_data_consistent_backgrounds\images\train\Sponge_Holding_Forceps_Foerster_Straight_Serrated_9.5in_closed_02_aug015.jpg","Sponge Holding Forceps Foerster Straight Serrated 9.5in","closed","2","15.0"
"D:\augmented_data_consistent_backgrounds\images\train\Sponge_Holding_Forceps_Foerster_Straight_Serrated_9.5in_closed_02_aug016.jpg","Sponge Holding Forceps Foerster Straight Serrated 9.5in","closed","2","16.0"
"D:\augmented_data_consistent_backgrounds\images\train\Sponge_Holding_Forceps_Foerster_Straight_Serrated_9.5in_closed_02_aug017.jpg","Sponge Holding Forceps Foerster Straight Serrated 9.5in","closed","2","17.0"
"D:\augmented_data_consistent_backgrounds\images\train\Sponge_Holding_Forceps_Foerster_Straight_Serrated_9.5in_closed_02_aug018.jpg","Sponge Holding Forceps Foerster Straight Serrated 9.5in","closed","2","18.0"
"D:\augmented_data_consistent_backgrounds\images\train\Sponge_Holding_Forceps_Foerster_Straight_Serrated_9.5in_closed_02_aug019.jpg","Sponge Holding Forceps Foerster Straight Serrated 9.5in","closed","2","19.0"
"D:\augmented_data_consistent_backgrounds\images\train\Sponge_Holding_Forceps_Foerster_Straight_Serrated_9.5in_closed_03.jpg","Sponge Holding Forceps Foerster Straight Serrated 9.5in","closed","3",""
"D:\augmented_data_consistent_backgrounds\images\train\Sponge_Holding_Forceps_Foerster_Straight_Serrated_9.5in_closed_03_aug000.jpg","Sponge Holding Forceps Foerster Straight Serrated 9.5in","closed","3","0.0"
"D:\augmented_data_consistent_backgrounds\images\train\Sponge_Holding_Forceps_Foerster_Straight_Serrated_9.5in_closed_03_aug002.jpg","Sponge Holding Forceps Foerster Straight Serrated 9.5in","closed","3","2.0"
"D:\augmented_data_consistent_backgrounds\images\train\Sponge_Holding_Forceps_Foerster_Straight_Serrated_9.5in_closed_03_aug003.jpg","Sponge Holding Forceps Foerster Straight Serrated 9.5in","closed","3","3.0"
"D:\augmented_data_consistent_backgrounds\images\train\Sponge_Holding_Forceps_Foerster_Straight_Serrated_9.5in_closed_03_aug004.jpg","Sponge Holding Forceps Foerster Straight Serrated 9.5in","closed","3","4.0"
"D:\augmented_data_consistent_backgrounds\images\train\Sponge_Holding_Forceps_Foerster_Straight_Serrated_9.5in_closed_03_aug005.jpg","Sponge Holding Forceps Foerster Straight Serrated 9.5in","closed","3","5.0"
"D:\augmented_data_consistent_backgrounds\images\train\Sponge_Holding_Forceps_Foerster_Straight_Serrated_9.5in_closed_03_aug006.jpg","Sponge Holding Forceps Foerster Straight Serrated 9.5in","closed","3","6.0"
"D:\augmented_data_consistent_backgrounds\images\train\Sponge_Holding_Forceps_Foerster_Straight_Serrated_9.5in_closed_03_aug007.jpg","Sponge Holding Forceps Foerster Straight Serrated 9.5in","closed","3","7.0"
"D:\augmented_data_consistent_backgrounds\images\train\Sponge_Holding_Forceps_Foerster_Straight_Serrated_9.5in_closed_03_aug009.jpg","Sponge Holding Forceps Foerster Straight Serrated 9.5in","closed","3","9.0"
"D:\augmented_data_consistent_backgrounds\images\train\Sponge_Holding_Forceps_Foerster_Straight_Serrated_9.5in_closed_03_aug010.jpg","Sponge Holding Forceps Foerster Straight Serrated 9.5in","closed","3","10.0"
"D:\augmented_data_consistent_backgrounds\images\train\Sponge_Holding_Forceps_Foerster_Straight_Serrated_9.5in_closed_03_aug011.jpg","Sponge Holding Forceps Foerster Straight Serrated 9.5in","closed","3","11.0"
"D:\augmented_data_consistent_backgrounds\images\train\Sponge_Holding_Forceps_Foerster_Straight_Serrated_9.5in_closed_03_aug012.jpg","Sponge Holding Forceps Foerster Straight Serrated 9.5in","closed","3","12.0"
"D:\augmented_data_consistent_backgrounds\images\train\Sponge_Holding_Forceps_Foerster_Straight_Serrated_9.5in_closed_03_aug013.jpg","Sponge Holding Forceps Foerster Straight Serrated 9.5in","closed","3","13.0"
"D:\augmented_data_consistent_backgrounds\images\train\Sponge_Holding_Forceps_Foerster_Straight_Serrated_9.5in_closed_03_aug014.jpg","Sponge Holding Forceps Foerster Straight Serrated 9.5in","closed","3","14.0"
"D:\augmented_data_consistent_backgrounds\images\train\Sponge_Holding_Forceps_Foerster_Straight_Serrated_9.5in_closed_03_aug018.jpg","Sponge Holding Forceps Foerster Straight Serrated 9.5in","closed","3","18.0"
"D:\augmented_data_consistent_backgrounds\images\train\Sponge_Holding_Forceps_Foerster_Straight_Serrated_9.5in_closed_03_aug019.jpg","Sponge Holding Forceps Foerster Straight Serrated 9.5in","closed","3","19.0"
"D:\augmented_data_consistent_backgrounds\images\train\Sponge_Holding_Forceps_Foerster_Straight_Serrated_9.5in_closed_04.jpg","Sponge Holding Forceps Foerster Straight Serrated 9.5in","closed","4",""
"D:\augmented_data_consistent_backgrounds\images\train\Sponge_Holding_Forceps_Foerster_Straight_Serrated_9.5in_closed_04_aug001.jpg","Sponge Holding Forceps Foerster Straight Serrated 9.5in","closed","4","1.0"
"D:\augmented_data_consistent_backgrounds\images\train\Sponge_Holding_Forceps_Foerster_Straight_Serrated_9.5in_closed_04_aug002.jpg","Sponge Holding Forceps Foerster Straight Serrated 9.5in","closed","4","2.0"
"D:\augmented_data_consistent_backgrounds\images\train\Sponge_Holding_Forceps_Foerster_Straight_Serrated_9.5in_closed_04_aug003.jpg","Sponge Holding Forceps Foerster Straight Serrated 9.5in","closed","4","3.0"
"D:\augmented_data_consistent_backgrounds\images\train\Sponge_Holding_Forceps_Foerster_Straight_Serrated_9.5in_closed_04_aug004.jpg","Sponge Holding Forceps Foerster Straight Serrated 9.5in","closed","4","4.0"
"D:\augmented_data_consistent_backgrounds\images\train\Sponge_Holding_Forceps_Foerster_Straight_Serrated_9.5in_closed_04_aug005.jpg","Sponge Holding Forceps Foerster Straight Serrated 9.5in","closed","4","5.0"
"D:\augmented_data_consistent_backgrounds\images\train\Sponge_Holding_Forceps_Foerster_Straight_Serrated_9.5in_closed_04_aug006.jpg","Sponge Holding Forceps Foerster Straight Serrated 9.5in","closed","4","6.0"
"D:\augmented_data_consistent_backgrounds\images\train\Sponge_Holding_Forceps_Foerster_Straight_Serrated_9.5in_closed_04_aug007.jpg","Sponge Holding Forceps Foerster Straight Serrated 9.5in","closed","4","7.0"
"D:\augmented_data_consistent_backgrounds\images\train\Sponge_Holding_Forceps_Foerster_Straight_Serrated_9.5in_closed_04_aug008.jpg","Sponge Holding Forceps Foerster Straight Serrated 9.5in","closed","4","8.0"
"D:\augmented_data_consistent_backgrounds\images\train\Sponge_Holding_Forceps_Foerster_Straight_Serrated_9.5in_closed_04_aug009.jpg","Sponge Holding Forceps Foerster Straight Serrated 9.5in","closed","4","9.0"
"D:\augmented_data_consistent_backgrounds\images\train\Sponge_Holding_Forceps_Foerster_Straight_Serrated_9.5in_closed_04_aug010.jpg","Sponge Holding Forceps Foerster Straight Serrated 9.5in","closed","4","10.0"
"D:\augmented_data_consistent_backgrounds\images\train\Sponge_Holding_Forceps_Foerster_Straight_Serrated_9.5in_closed_04_aug011.jpg","Sponge Holding Forceps Foerster Straight Serrated 9.5in","closed","4","11.0"
"D:\augmented_data_consistent_backgrounds\images\train\Sponge_Holding_Forceps_Foerster_Straight_Serrated_9.5in_closed_04_aug015.jpg","Sponge Holding Forceps Foerster Straight Serrated 9.5in","closed","4","15.0"
"D:\augmented_data_consistent_backgrounds\images\train\Sponge_Holding_Forceps_Foerster_Straight_Serrated_9.5in_closed_04_aug017.jpg","Sponge Holding Forceps Foerster Straight Serrated 9.5in","closed","4","17.0"
"D:\augmented_data_consistent_backgrounds\images\train\Sponge_Holding_Forceps_Foerster_Straight_Serrated_9.5in_closed_04_aug018.jpg","Sponge Holding Forceps Foerster Straight Serrated 9.5in","closed","4","18.0"
"D:\augmented_data_consistent_backgrounds\images\train\Sponge_Holding_Forceps_Foerster_Straight_Serrated_9.5in_closed_05.jpg","Sponge Holding Forceps Foerster Straight Serrated 9.5in","closed","5",""
"D:\augmented_data_consistent_backgrounds\images\train\Sponge_Holding_Forceps_Foerster_Straight_Serrated_9.5in_closed_05_aug000.jpg","Sponge Holding Forceps Foerster Straight Serrated 9.5in","closed","5","0.0"
"D:\augmented_data_consistent_backgrounds\images\train\Sponge_Holding_Forceps_Foerster_Straight_Serrated_9.5in_closed_05_aug001.jpg","Sponge Holding Forceps Foerster Straight Serrated 9.5in","closed","5","1.0"
"D:\augmented_data_consistent_backgrounds\images\train\Sponge_Holding_Forceps_Foerster_Straight_Serrated_9.5in_closed_05_aug002.jpg","Sponge Holding Forceps Foerster Straight Serrated 9.5in","closed","5","2.0"
"D:\augmented_data_consistent_backgrounds\images\train\Sponge_Holding_Forceps_Foerster_Straight_Serrated_9.5in_closed_05_aug003.jpg","Sponge Holding Forceps Foerster Straight Serrated 9.5in","closed","5","3.0"
"D:\augmented_data_consistent_backgrounds\images\train\Sponge_Holding_Forceps_Foerster_Straight_Serrated_9.5in_closed_05_aug004.jpg","Sponge Holding Forceps Foerster Straight Serrated 9.5in","closed","5","4.0"
"D:\augmented_data_consistent_backgrounds\images\train\Sponge_Holding_Forceps_Foerster_Straight_Serrated_9.5in_closed_05_aug007.jpg","Sponge Holding Forceps Foerster Straight Serrated 9.5in","closed","5","7.0"
"D:\augmented_data_consistent_backgrounds\images\train\Sponge_Holding_Forceps_Foerster_Straight_Serrated_9.5in_closed_05_aug008.jpg","Sponge Holding Forceps Foerster Straight Serrated 9.5in","closed","5","8.0"
"D:\augmented_data_consistent_backgrounds\images\train\Sponge_Holding_Forceps_Foerster_Straight_Serrated_9.5in_closed_05_aug009.jpg","Sponge Holding Forceps Foerster Straight Serrated 9.5in","closed","5","9.0"
"D:\augmented_data_consistent_backgrounds\images\train\Sponge_Holding_Forceps_Foerster_Straight_Serrated_9.5in_closed_05_aug010.jpg","Sponge Holding Forceps Foerster Straight Serrated 9.5in","closed","5","10.0"
"D:\augmented_data_consistent_backgrounds\images\train\Sponge_Holding_Forceps_Foerster_Straight_Serrated_9.5in_closed_05_aug011.jpg","Sponge Holding Forceps Foerster Straight Serrated 9.5in","closed","5","11.0"
"D:\augmented_data_consistent_backgrounds\images\train\Sponge_Holding_Forceps_Foerster_Straight_Serrated_9.5in_closed_05_aug012.jpg","Sponge Holding Forceps Foerster Straight Serrated 9.5in","closed","5","12.0"
"D:\augmented_data_consistent_backgrounds\images\train\Sponge_Holding_Forceps_Foerster_Straight_Serrated_9.5in_closed_05_aug014.jpg","Sponge Holding Forceps Foerster Straight Serrated 9.5in","closed","5","14.0"
"D:\augmented_data_consistent_backgrounds\images\train\Sponge_Holding_Forceps_Foerster_Straight_Serrated_9.5in_closed_05_aug015.jpg","Sponge Holding Forceps Foerster Straight Serrated 9.5in","closed","5","15.0"
"D:\augmented_data_consistent_backgrounds\images\train\Sponge_Holding_Forceps_Foerster_Straight_Serrated_9.5in_closed_05_aug017.jpg","Sponge Holding Forceps Foerster Straight Serrated 9.5in","closed","5","17.0"
"D:\augmented_data_consistent_backgrounds\images\train\Sponge_Holding_Forceps_Foerster_Straight_Serrated_9.5in_closed_05_aug019.jpg","Sponge Holding Forceps Foerster Straight Serrated 9.5in","closed","5","19.0"
"D:\augmented_data_consistent_backgrounds\images\train\Sponge_Holding_Forceps_Foerster_Straight_Serrated_9.5in_closed_06.jpg","Sponge Holding Forceps Foerster Straight Serrated 9.5in","closed","6",""
"D:\augmented_data_consistent_backgrounds\images\train\Sponge_Holding_Forceps_Foerster_Straight_Serrated_9.5in_closed_06_aug000.jpg","Sponge Holding Forceps Foerster Straight Serrated 9.5in","closed","6","0.0"
"D:\augmented_data_consistent_backgrounds\images\train\Sponge_Holding_Forceps_Foerster_Straight_Serrated_9.5in_closed_06_aug001.jpg","Sponge Holding Forceps Foerster Straight Serrated 9.5in","closed","6","1.0"
"D:\augmented_data_consistent_backgrounds\images\train\Sponge_Holding_Forceps_Foerster_Straight_Serrated_9.5in_closed_06_aug002.jpg","Sponge Holding Forceps Foerster Straight Serrated 9.5in","closed","6","2.0"
"D:\augmented_data_consistent_backgrounds\images\train\Sponge_Holding_Forceps_Foerster_Straight_Serrated_9.5in_closed_06_aug003.jpg","Sponge Holding Forceps Foerster Straight Serrated 9.5in","closed","6","3.0"
"D:\augmented_data_consistent_backgrounds\images\train\Sponge_Holding_Forceps_Foerster_Straight_Serrated_9.5in_closed_06_aug004.jpg","Sponge Holding Forceps Foerster Straight Serrated 9.5in","closed","6","4.0"
"D:\augmented_data_consistent_backgrounds\images\train\Sponge_Holding_Forceps_Foerster_Straight_Serrated_9.5in_closed_06_aug005.jpg","Sponge Holding Forceps Foerster Straight Serrated 9.5in","closed","6","5.0"
"D:\augmented_data_consistent_backgrounds\images\train\Sponge_Holding_Forceps_Foerster_Straight_Serrated_9.5in_closed_06_aug006.jpg","Sponge Holding Forceps Foerster Straight Serrated 9.5in","closed","6","6.0"
"D:\augmented_data_consistent_backgrounds\images\train\Sponge_Holding_Forceps_Foerster_Straight_Serrated_9.5in_closed_06_aug007.jpg","Sponge Holding Forceps Foerster Straight Serrated 9.5in","closed","6","7.0"
"D:\augmented_data_consistent_backgrounds\images\train\Sponge_Holding_Forceps_Foerster_Straight_Serrated_9.5in_closed_06_aug008.jpg","Sponge Holding Forceps Foerster Straight Serrated 9.5in","closed","6","8.0"
"D:\augmented_data_consistent_backgrounds\images\train\Sponge_Holding_Forceps_Foerster_Straight_Serrated_9.5in_closed_06_aug009.jpg","Sponge Holding Forceps Foerster Straight Serrated 9.5in","closed","6","9.0"
"D:\augmented_data_consistent_backgrounds\images\train\Sponge_Holding_Forceps_Foerster_Straight_Serrated_9.5in_closed_06_aug010.jpg","Sponge Holding Forceps Foerster Straight Serrated 9.5in","closed","6","10.0"
"D:\augmented_data_consistent_backgrounds\images\train\Sponge_Holding_Forceps_Foerster_Straight_Serrated_9.5in_closed_06_aug012.jpg","Sponge Holding Forceps Foerster Straight Serrated 9.5in","closed","6","12.0"
"D:\augmented_data_consistent_backgrounds\images\train\Sponge_Holding_Forceps_Foerster_Straight_Serrated_9.5in_closed_06_aug014.jpg","Sponge Holding Forceps Foerster Straight Serrated 9.5in","closed","6","14.0"
"D:\augmented_data_consistent_backgrounds\images\train\Sponge_Holding_Forceps_Foerster_Straight_Serrated_9.5in_closed_06_aug016.jpg","Sponge Holding Forceps Foerster Straight Serrated 9.5in","closed","6","16.0"
"D:\augmented_data_consistent_backgrounds\images\train\Sponge_Holding_Forceps_Foerster_Straight_Serrated_9.5in_closed_06_aug017.jpg","Sponge Holding Forceps Foerster Straight Serrated 9.5in","closed","6","17.0"
"D:\augmented_data_consistent_backgrounds\images\train\Sponge_Holding_Forceps_Foerster_Straight_Serrated_9.5in_closed_06_aug019.jpg","Sponge Holding Forceps Foerster Straight Serrated 9.5in","closed","6","19.0"
"D:\augmented_data_consistent_backgrounds\images\train\Sponge_Holding_Forceps_Foerster_Straight_Serrated_9.5in_closed_07.jpg","Sponge Holding Forceps Foerster Straight Serrated 9.5in","closed","7",""
"D:\augmented_data_consistent_backgrounds\images\train\Sponge_Holding_Forceps_Foerster_Straight_Serrated_9.5in_closed_07_aug000.jpg","Sponge Holding Forceps Foerster Straight Serrated 9.5in","closed","7","0.0"
"D:\augmented_data_consistent_backgrounds\images\train\Sponge_Holding_Forceps_Foerster_Straight_Serrated_9.5in_closed_07_aug001.jpg","Sponge Holding Forceps Foerster Straight Serrated 9.5in","closed","7","1.0"
"D:\augmented_data_consistent_backgrounds\images\train\Sponge_Holding_Forceps_Foerster_Straight_Serrated_9.5in_closed_07_aug003.jpg","Sponge Holding Forceps Foerster Straight Serrated 9.5in","closed","7","3.0"
"D:\augmented_data_consistent_backgrounds\images\train\Sponge_Holding_Forceps_Foerster_Straight_Serrated_9.5in_closed_07_aug005.jpg","Sponge Holding Forceps Foerster Straight Serrated 9.5in","closed","7","5.0"
"D:\augmented_data_consistent_backgrounds\images\train\Sponge_Holding_Forceps_Foerster_Straight_Serrated_9.5in_closed_07_aug006.jpg","Sponge Holding Forceps Foerster Straight Serrated 9.5in","closed","7","6.0"
"D:\augmented_data_consistent_backgrounds\images\train\Sponge_Holding_Forceps_Foerster_Straight_Serrated_9.5in_closed_07_aug007.jpg","Sponge Holding Forceps Foerster Straight Serrated 9.5in","closed","7","7.0"
"D:\augmented_data_consistent_backgrounds\images\train\Sponge_Holding_Forceps_Foerster_Straight_Serrated_9.5in_closed_07_aug009.jpg","Sponge Holding Forceps Foerster Straight Serrated 9.5in","closed","7","9.0"
"D:\augmented_data_consistent_backgrounds\images\train\Sponge_Holding_Forceps_Foerster_Straight_Serrated_9.5in_closed_07_aug013.jpg","Sponge Holding Forceps Foerster Straight Serrated 9.5in","closed","7","13.0"
"D:\augmented_data_consistent_backgrounds\images\train\Sponge_Holding_Forceps_Foerster_Straight_Serrated_9.5in_closed_07_aug014.jpg","Sponge Holding Forceps Foerster Straight Serrated 9.5in","closed","7","14.0"
"D:\augmented_data_consistent_backgrounds\images\train\Sponge_Holding_Forceps_Foerster_Straight_Serrated_9.5in_closed_07_aug015.jpg","Sponge Holding Forceps Foerster Straight Serrated 9.5in","closed","7","15.0"
"D:\augmented_data_consistent_backgrounds\images\train\Sponge_Holding_Forceps_Foerster_Straight_Serrated_9.5in_closed_07_aug016.jpg","Sponge Holding Forceps Foerster Straight Serrated 9.5in","closed","7","16.0"
"D:\augmented_data_consistent_backgrounds\images\train\Sponge_Holding_Forceps_Foerster_Straight_Serrated_9.5in_closed_07_aug017.jpg","Sponge Holding Forceps Foerster Straight Serrated 9.5in","closed","7","17.0"
"D:\augmented_data_consistent_backgrounds\images\train\Sponge_Holding_Forceps_Foerster_Straight_Serrated_9.5in_closed_07_aug019.jpg","Sponge Holding Forceps Foerster Straight Serrated 9.5in","closed","7","19.0"
"D:\augmented_data_consistent_backgrounds\images\train\Sponge_Holding_Forceps_Foerster_Straight_Serrated_9.5in_closed_08_aug000.jpg","Sponge Holding Forceps Foerster Straight Serrated 9.5in","closed","8","0.0"
"D:\augmented_data_consistent_backgrounds\images\train\Sponge_Holding_Forceps_Foerster_Straight_Serrated_9.5in_closed_08_aug001.jpg","Sponge Holding Forceps Foerster Straight Serrated 9.5in","closed","8","1.0"
"D:\augmented_data_consistent_backgrounds\images\train\Sponge_Holding_Forceps_Foerster_Straight_Serrated_9.5in_closed_08_aug002.jpg","Sponge Holding Forceps Foerster Straight Serrated 9.5in","closed","8","2.0"
"D:\augmented_data_consistent_backgrounds\images\train\Sponge_Holding_Forceps_Foerster_Straight_Serrated_9.5in_closed_08_aug003.jpg","Sponge Holding Forceps Foerster Straight Serrated 9.5in","closed","8","3.0"
"D:\augmented_data_consistent_backgrounds\images\train\Sponge_Holding_Forceps_Foerster_Straight_Serrated_9.5in_closed_08_aug004.jpg","Sponge Holding Forceps Foerster Straight Serrated 9.5in","closed","8","4.0"
"D:\augmented_data_consistent_backgrounds\images\train\Sponge_Holding_Forceps_Foerster_Straight_Serrated_9.5in_closed_08_aug005.jpg","Sponge Holding Forceps Foerster Straight Serrated 9.5in","closed","8","5.0"
"D:\augmented_data_consistent_backgrounds\images\train\Sponge_Holding_Forceps_Foerster_Straight_Serrated_9.5in_closed_08_aug006.jpg","Sponge Holding Forceps Foerster Straight Serrated 9.5in","closed","8","6.0"
"D:\augmented_data_consistent_backgrounds\images\train\Sponge_Holding_Forceps_Foerster_Straight_Serrated_9.5in_closed_08_aug007.jpg","Sponge Holding Forceps Foerster Straight Serrated 9.5in","closed","8","7.0"
"D:\augmented_data_consistent_backgrounds\images\train\Sponge_Holding_Forceps_Foerster_Straight_Serrated_9.5in_closed_08_aug008.jpg","Sponge Holding Forceps Foerster Straight Serrated 9.5in","closed","8","8.0"
"D:\augmented_data_consistent_backgrounds\images\train\Sponge_Holding_Forceps_Foerster_Straight_Serrated_9.5in_closed_08_aug009.jpg","Sponge Holding Forceps Foerster Straight Serrated 9.5in","closed","8","9.0"
"D:\augmented_data_consistent_backgrounds\images\train\Sponge_Holding_Forceps_Foerster_Straight_Serrated_9.5in_closed_08_aug010.jpg","Sponge Holding Forceps Foerster Straight Serrated 9.5in","closed","8","10.0"
"D:\augmented_data_consistent_backgrounds\images\train\Sponge_Holding_Forceps_Foerster_Straight_Serrated_9.5in_closed_08_aug011.jpg","Sponge Holding Forceps Foerster Straight Serrated 9.5in","closed","8","11.0"
"D:\augmented_data_consistent_backgrounds\images\train\Sponge_Holding_Forceps_Foerster_Straight_Serrated_9.5in_closed_08_aug012.jpg","Sponge Holding Forceps Foerster Straight Serrated 9.5in","closed","8","12.0"
"D:\augmented_data_consistent_backgrounds\images\train\Sponge_Holding_Forceps_Foerster_Straight_Serrated_9.5in_closed_08_aug013.jpg","Sponge Holding Forceps Foerster Straight Serrated 9.5in","closed","8","13.0"
"D:\augmented_data_consistent_backgrounds\images\train\Sponge_Holding_Forceps_Foerster_Straight_Serrated_9.5in_closed_08_aug014.jpg","Sponge Holding Forceps Foerster Straight Serrated 9.5in","closed","8","14.0"
"D:\augmented_data_consistent_backgrounds\images\train\Sponge_Holding_Forceps_Foerster_Straight_Serrated_9.5in_closed_08_aug015.jpg","Sponge Holding Forceps Foerster Straight Serrated 9.5in","closed","8","15.0"
"D:\augmented_data_consistent_backgrounds\images\train\Sponge_Holding_Forceps_Foerster_Straight_Serrated_9.5in_closed_08_aug016.jpg","Sponge Holding Forceps Foerster Straight Serrated 9.5in","closed","8","16.0"
"D:\augmented_data_consistent_backgrounds\images\train\Sponge_Holding_Forceps_Foerster_Straight_Serrated_9.5in_closed_08_aug018.jpg","Sponge Holding Forceps Foerster Straight Serrated 9.5in","closed","8","18.0"
"D:\augmented_data_consistent_backgrounds\images\train\Sponge_Holding_Forceps_Foerster_Straight_Serrated_9.5in_closed_08_aug019.jpg","Sponge Holding Forceps Foerster Straight Serrated 9.5in","closed","8","19.0"
"D:\augmented_data_consistent_backgrounds\images\train\Sponge_Holding_Forceps_Foerster_Straight_Serrated_9.5in_closed_09.jpg","Sponge Holding Forceps Foerster Straight Serrated 9.5in","closed","9",""
"D:\augmented_data_consistent_backgrounds\images\train\Sponge_Holding_Forceps_Foerster_Straight_Serrated_9.5in_closed_09_aug000.jpg","Sponge Holding Forceps Foerster Straight Serrated 9.5in","closed","9","0.0"
"D:\augmented_data_consistent_backgrounds\images\train\Sponge_Holding_Forceps_Foerster_Straight_Serrated_9.5in_closed_09_aug001.jpg","Sponge Holding Forceps Foerster Straight Serrated 9.5in","closed","9","1.0"
"D:\augmented_data_consistent_backgrounds\images\train\Sponge_Holding_Forceps_Foerster_Straight_Serrated_9.5in_closed_09_aug002.jpg","Sponge Holding Forceps Foerster Straight Serrated 9.5in","closed","9","2.0"
"D:\augmented_data_consistent_backgrounds\images\train\Sponge_Holding_Forceps_Foerster_Straight_Serrated_9.5in_closed_09_aug003.jpg","Sponge Holding Forceps Foerster Straight Serrated 9.5in","closed","9","3.0"
"D:\augmented_data_consistent_backgrounds\images\train\Sponge_Holding_Forceps_Foerster_Straight_Serrated_9.5in_closed_09_aug004.jpg","Sponge Holding Forceps Foerster Straight Serrated 9.5in","closed","9","4.0"
"D:\augmented_data_consistent_backgrounds\images\train\Sponge_Holding_Forceps_Foerster_Straight_Serrated_9.5in_closed_09_aug005.jpg","Sponge Holding Forceps Foerster Straight Serrated 9.5in","closed","9","5.0"
"D:\augmented_data_consistent_backgrounds\images\train\Sponge_Holding_Forceps_Foerster_Straight_Serrated_9.5in_closed_09_aug006.jpg","Sponge Holding Forceps Foerster Straight Serrated 9.5in","closed","9","6.0"
"D:\augmented_data_consistent_backgrounds\images\train\Sponge_Holding_Forceps_Foerster_Straight_Serrated_9.5in_closed_09_aug007.jpg","Sponge Holding Forceps Foerster Straight Serrated 9.5in","closed","9","7.0"
"D:\augmented_data_consistent_backgrounds\images\train\Sponge_Holding_Forceps_Foerster_Straight_Serrated_9.5in_closed_09_aug009.jpg","Sponge Holding Forceps Foerster Straight Serrated 9.5in","closed","9","9.0"
"D:\augmented_data_consistent_backgrounds\images\train\Sponge_Holding_Forceps_Foerster_Straight_Serrated_9.5in_closed_09_aug010.jpg","Sponge Holding Forceps Foerster Straight Serrated 9.5in","closed","9","10.0"
"D:\augmented_data_consistent_backgrounds\images\train\Sponge_Holding_Forceps_Foerster_Straight_Serrated_9.5in_closed_09_aug011.jpg","Sponge Holding Forceps Foerster Straight Serrated 9.5in","closed","9","11.0"
"D:\augmented_data_consistent_backgrounds\images\train\Sponge_Holding_Forceps_Foerster_Straight_Serrated_9.5in_closed_09_aug012.jpg","Sponge Holding Forceps Foerster Straight Serrated 9.5in","closed","9","12.0"
"D:\augmented_data_consistent_backgrounds\images\train\Sponge_Holding_Forceps_Foerster_Straight_Serrated_9.5in_closed_09_aug013.jpg","Sponge Holding Forceps Foerster Straight Serrated 9.5in","closed","9","13.0"
"D:\augmented_data_consistent_backgrounds\images\train\Sponge_Holding_Forceps_Foerster_Straight_Serrated_9.5in_closed_09_aug014.jpg","Sponge Holding Forceps Foerster Straight Serrated 9.5in","closed","9","14.0"
"D:\augmented_data_consistent_backgrounds\images\train\Sponge_Holding_Forceps_Foerster_Straight_Serrated_9.5in_closed_09_aug015.jpg","Sponge Holding Forceps Foerster Straight Serrated 9.5in","closed","9","15.0"
"D:\augmented_data_consistent_backgrounds\images\train\Sponge_Holding_Forceps_Foerster_Straight_Serrated_9.5in_closed_09_aug016.jpg","Sponge Holding Forceps Foerster Straight Serrated 9.5in","closed","9","16.0"
"D:\augmented_data_consistent_backgrounds\images\train\Sponge_Holding_Forceps_Foerster_Straight_Serrated_9.5in_closed_09_aug017.jpg","Sponge Holding Forceps Foerster Straight Serrated 9.5in","closed","9","17.0"
"D:\augmented_data_consistent_backgrounds\images\train\Sponge_Holding_Forceps_Foerster_Straight_Serrated_9.5in_closed_09_aug018.jpg","Sponge Holding Forceps Foerster Straight Serrated 9.5in","closed","9","18.0"
"D:\augmented_data_consistent_backgrounds\images\train\Sponge_Holding_Forceps_Foerster_Straight_Serrated_9.5in_closed_10.jpg","Sponge Holding Forceps Foerster Straight Serrated 9.5in","closed","10",""
"D:\augmented_data_consistent_backgrounds\images\train\Sponge_Holding_Forceps_Foerster_Straight_Serrated_9.5in_closed_10_aug000.jpg","Sponge Holding Forceps Foerster Straight Serrated 9.5in","closed","10","0.0"
"D:\augmented_data_consistent_backgrounds\images\train\Sponge_Holding_Forceps_Foerster_Straight_Serrated_9.5in_closed_10_aug002.jpg","Sponge Holding Forceps Foerster Straight Serrated 9.5in","closed","10","2.0"
"D:\augmented_data_consistent_backgrounds\images\train\Sponge_Holding_Forceps_Foerster_Straight_Serrated_9.5in_closed_10_aug003.jpg","Sponge Holding Forceps Foerster Straight Serrated 9.5in","closed","10","3.0"
"D:\augmented_data_consistent_backgrounds\images\train\Sponge_Holding_Forceps_Foerster_Straight_Serrated_9.5in_closed_10_aug004.jpg","Sponge Holding Forceps Foerster Straight Serrated 9.5in","closed","10","4.0"
"D:\augmented_data_consistent_backgrounds\images\train\Sponge_Holding_Forceps_Foerster_Straight_Serrated_9.5in_closed_10_aug005.jpg","Sponge Holding Forceps Foerster Straight Serrated 9.5in","closed","10","5.0"
"D:\augmented_data_consistent_backgrounds\images\train\Sponge_Holding_Forceps_Foerster_Straight_Serrated_9.5in_closed_10_aug006.jpg","Sponge Holding Forceps Foerster Straight Serrated 9.5in","closed","10","6.0"
"D:\augmented_data_consistent_backgrounds\images\train\Sponge_Holding_Forceps_Foerster_Straight_Serrated_9.5in_closed_10_aug007.jpg","Sponge Holding Forceps Foerster Straight Serrated 9.5in","closed","10","7.0"
"D:\augmented_data_consistent_backgrounds\images\train\Sponge_Holding_Forceps_Foerster_Straight_Serrated_9.5in_closed_10_aug008.jpg","Sponge Holding Forceps Foerster Straight Serrated 9.5in","closed","10","8.0"
"D:\augmented_data_consistent_backgrounds\images\train\Sponge_Holding_Forceps_Foerster_Straight_Serrated_9.5in_closed_10_aug009.jpg","Sponge Holding Forceps Foerster Straight Serrated 9.5in","closed","10","9.0"
"D:\augmented_data_consistent_backgrounds\images\train\Sponge_Holding_Forceps_Foerster_Straight_Serrated_9.5in_closed_10_aug010.jpg","Sponge Holding Forceps Foerster Straight Serrated 9.5in","closed","10","10.0"
"D:\augmented_data_consistent_backgrounds\images\train\Sponge_Holding_Forceps_Foerster_Straight_Serrated_9.5in_closed_10_aug011.jpg","Sponge Holding Forceps Foerster Straight Serrated 9.5in","closed","10","11.0"
"D:\augmented_data_consistent_backgrounds\images\train\Sponge_Holding_Forceps_Foerster_Straight_Serrated_9.5in_closed_10_aug012.jpg","Sponge Holding Forceps Foerster Straight Serrated 9.5in","closed","10","12.0"
"D:\augmented_data_consistent_backgrounds\images\train\Sponge_Holding_Forceps_Foerster_Straight_Serrated_9.5in_closed_10_aug014.jpg","Sponge Holding Forceps Foerster Straight Serrated 9.5in","closed","10","14.0"
"D:\augmented_data_consistent_backgrounds\images\train\Sponge_Holding_Forceps_Foerster_Straight_Serrated_9.5in_closed_10_aug015.jpg","Sponge Holding Forceps Foerster Straight Serrated 9.5in","closed","10","15.0"
"D:\augmented_data_consistent_backgrounds\images\train\Sponge_Holding_Forceps_Foerster_Straight_Serrated_9.5in_closed_10_aug016.jpg","Sponge Holding Forceps Foerster Straight Serrated 9.5in","closed","10","16.0"
"D:\augmented_data_consistent_backgrounds\images\train\Sponge_Holding_Forceps_Foerster_Straight_Serrated_9.5in_closed_10_aug017.jpg","Sponge Holding Forceps Foerster Straight Serrated 9.5in","closed","10","17.0"
"D:\augmented_data_consistent_backgrounds\images\train\Sponge_Holding_Forceps_Foerster_Straight_Serrated_9.5in_closed_10_aug018.jpg","Sponge Holding Forceps Foerster Straight Serrated 9.5in","closed","10","18.0"
"D:\augmented_data_consistent_backgrounds\images\train\Sponge_Holding_Forceps_Foerster_Straight_Serrated_9.5in_closed_11.jpg","Sponge Holding Forceps Foerster Straight Serrated 9.5in","closed","11",""
"D:\augmented_data_consistent_backgrounds\images\train\Sponge_Holding_Forceps_Foerster_Straight_Serrated_9.5in_closed_11_aug000.jpg","Sponge Holding Forceps Foerster Straight Serrated 9.5in","closed","11","0.0"
"D:\augmented_data_consistent_backgrounds\images\train\Sponge_Holding_Forceps_Foerster_Straight_Serrated_9.5in_closed_11_aug001.jpg","Sponge Holding Forceps Foerster Straight Serrated 9.5in","closed","11","1.0"
"D:\augmented_data_consistent_backgrounds\images\train\Sponge_Holding_Forceps_Foerster_Straight_Serrated_9.5in_closed_11_aug003.jpg","Sponge Holding Forceps Foerster Straight Serrated 9.5in","closed","11","3.0"
"D:\augmented_data_consistent_backgrounds\images\train\Sponge_Holding_Forceps_Foerster_Straight_Serrated_9.5in_closed_11_aug004.jpg","Sponge Holding Forceps Foerster Straight Serrated 9.5in","closed","11","4.0"
"D:\augmented_data_consistent_backgrounds\images\train\Sponge_Holding_Forceps_Foerster_Straight_Serrated_9.5in_closed_11_aug005.jpg","Sponge Holding Forceps Foerster Straight Serrated 9.5in","closed","11","5.0"
"D:\augmented_data_consistent_backgrounds\images\train\Sponge_Holding_Forceps_Foerster_Straight_Serrated_9.5in_closed_11_aug006.jpg","Sponge Holding Forceps Foerster Straight Serrated 9.5in","closed","11","6.0"
"D:\augmented_data_consistent_backgrounds\images\train\Sponge_Holding_Forceps_Foerster_Straight_Serrated_9.5in_closed_11_aug007.jpg","Sponge Holding Forceps Foerster Straight Serrated 9.5in","closed","11","7.0"
"D:\augmented_data_consistent_backgrounds\images\train\Sponge_Holding_Forceps_Foerster_Straight_Serrated_9.5in_closed_11_aug008.jpg","Sponge Holding Forceps Foerster Straight Serrated 9.5in","closed","11","8.0"
"D:\augmented_data_consistent_backgrounds\images\train\Sponge_Holding_Forceps_Foerster_Straight_Serrated_9.5in_closed_11_aug009.jpg","Sponge Holding Forceps Foerster Straight Serrated 9.5in","closed","11","9.0"
"D:\augmented_data_consistent_backgrounds\images\train\Sponge_Holding_Forceps_Foerster_Straight_Serrated_9.5in_closed_11_aug010.jpg","Sponge Holding Forceps Foerster Straight Serrated 9.5in","closed","11","10.0"
"D:\augmented_data_consistent_backgrounds\images\train\Sponge_Holding_Forceps_Foerster_Straight_Serrated_9.5in_closed_11_aug011.jpg","Sponge Holding Forceps Foerster Straight Serrated 9.5in","closed","11","11.0"
"D:\augmented_data_consistent_backgrounds\images\train\Sponge_Holding_Forceps_Foerster_Straight_Serrated_9.5in_closed_11_aug012.jpg","Sponge Holding Forceps Foerster Straight Serrated 9.5in","closed","11","12.0"
"D:\augmented_data_consistent_backgrounds\images\train\Sponge_Holding_Forceps_Foerster_Straight_Serrated_9.5in_closed_11_aug013.jpg","Sponge Holding Forceps Foerster Straight Serrated 9.5in","closed","11","13.0"
"D:\augmented_data_consistent_backgrounds\images\train\Sponge_Holding_Forceps_Foerster_Straight_Serrated_9.5in_closed_11_aug014.jpg","Sponge Holding Forceps Foerster Straight Serrated 9.5in","closed","11","14.0"
"D:\augmented_data_consistent_backgrounds\images\train\Sponge_Holding_Forceps_Foerster_Straight_Serrated_9.5in_closed_11_aug015.jpg","Sponge Holding Forceps Foerster Straight Serrated 9.5in","closed","11","15.0"
"D:\augmented_data_consistent_backgrounds\images\train\Sponge_Holding_Forceps_Foerster_Straight_Serrated_9.5in_closed_11_aug016.jpg","Sponge Holding Forceps Foerster Straight Serrated 9.5in","closed","11","16.0"
"D:\augmented_data_consistent_backgrounds\images\train\Sponge_Holding_Forceps_Foerster_Straight_Serrated_9.5in_closed_11_aug018.jpg","Sponge Holding Forceps Foerster Straight Serrated 9.5in","closed","11","18.0"
"D:\augmented_data_consistent_backgrounds\images\train\Sponge_Holding_Forceps_Foerster_Straight_Serrated_9.5in_closed_12.jpg","Sponge Holding Forceps Foerster Straight Serrated 9.5in","closed","12",""
"D:\augmented_data_consistent_backgrounds\images\train\Sponge_Holding_Forceps_Foerster_Straight_Serrated_9.5in_closed_12_aug001.jpg","Sponge Holding Forceps Foerster Straight Serrated 9.5in","closed","12","1.0"
"D:\augmented_data_consistent_backgrounds\images\train\Sponge_Holding_Forceps_Foerster_Straight_Serrated_9.5in_closed_12_aug002.jpg","Sponge Holding Forceps Foerster Straight Serrated 9.5in","closed","12","2.0"
"D:\augmented_data_consistent_backgrounds\images\train\Sponge_Holding_Forceps_Foerster_Straight_Serrated_9.5in_closed_12_aug003.jpg","Sponge Holding Forceps Foerster Straight Serrated 9.5in","closed","12","3.0"
"D:\augmented_data_consistent_backgrounds\images\train\Sponge_Holding_Forceps_Foerster_Straight_Serrated_9.5in_closed_12_aug004.jpg","Sponge Holding Forceps Foerster Straight Serrated 9.5in","closed","12","4.0"
"D:\augmented_data_consistent_backgrounds\images\train\Sponge_Holding_Forceps_Foerster_Straight_Serrated_9.5in_closed_12_aug005.jpg","Sponge Holding Forceps Foerster Straight Serrated 9.5in","closed","12","5.0"
"D:\augmented_data_consistent_backgrounds\images\train\Sponge_Holding_Forceps_Foerster_Straight_Serrated_9.5in_closed_12_aug006.jpg","Sponge Holding Forceps Foerster Straight Serrated 9.5in","closed","12","6.0"
"D:\augmented_data_consistent_backgrounds\images\train\Sponge_Holding_Forceps_Foerster_Straight_Serrated_9.5in_closed_12_aug007.jpg","Sponge Holding Forceps Foerster Straight Serrated 9.5in","closed","12","7.0"
"D:\augmented_data_consistent_backgrounds\images\train\Sponge_Holding_Forceps_Foerster_Straight_Serrated_9.5in_closed_12_aug008.jpg","Sponge Holding Forceps Foerster Straight Serrated 9.5in","closed","12","8.0"
"D:\augmented_data_consistent_backgrounds\images\train\Sponge_Holding_Forceps_Foerster_Straight_Serrated_9.5in_closed_12_aug009.jpg","Sponge Holding Forceps Foerster Straight Serrated 9.5in","closed","12","9.0"
"D:\augmented_data_consistent_backgrounds\images\train\Sponge_Holding_Forceps_Foerster_Straight_Serrated_9.5in_closed_12_aug010.jpg","Sponge Holding Forceps Foerster Straight Serrated 9.5in","closed","12","10.0"
"D:\augmented_data_consistent_backgrounds\images\train\Sponge_Holding_Forceps_Foerster_Straight_Serrated_9.5in_closed_12_aug011.jpg","Sponge Holding Forceps Foerster Straight Serrated 9.5in","closed","12","11.0"
"D:\augmented_data_consistent_backgrounds\images\train\Sponge_Holding_Forceps_Foerster_Straight_Serrated_9.5in_closed_12_aug013.jpg","Sponge Holding Forceps Foerster Straight Serrated 9.5in","closed","12","13.0"
"D:\augmented_data_consistent_backgrounds\images\train\Sponge_Holding_Forceps_Foerster_Straight_Serrated_9.5in_closed_12_aug014.jpg","Sponge Holding Forceps Foerster Straight Serrated 9.5in","closed","12","14.0"
"D:\augmented_data_consistent_backgrounds\images\train\Sponge_Holding_Forceps_Foerster_Straight_Serrated_9.5in_closed_12_aug015.jpg","Sponge Holding Forceps Foerster Straight Serrated 9.5in","closed","12","15.0"
"D:\augmented_data_consistent_backgrounds\images\train\Sponge_Holding_Forceps_Foerster_Straight_Serrated_9.5in_closed_12_aug016.jpg","Sponge Holding Forceps Foerster Straight Serrated 9.5in","closed","12","16.0"
"D:\augmented_data_consistent_backgrounds\images\train\Sponge_Holding_Forceps_Foerster_Straight_Serrated_9.5in_closed_12_aug017.jpg","Sponge Holding Forceps Foerster Straight Serrated 9.5in","closed","12","17.0"
"D:\augmented_data_consistent_backgrounds\images\train\Sponge_Holding_Forceps_Foerster_Straight_Serrated_9.5in_closed_13.jpg","Sponge Holding Forceps Foerster Straight Serrated 9.5in","closed","13",""
"D:\augmented_data_consistent_backgrounds\images\train\Sponge_Holding_Forceps_Foerster_Straight_Serrated_9.5in_closed_13_aug000.jpg","Sponge Holding Forceps Foerster Straight Serrated 9.5in","closed","13","0.0"
"D:\augmented_data_consistent_backgrounds\images\train\Sponge_Holding_Forceps_Foerster_Straight_Serrated_9.5in_closed_13_aug001.jpg","Sponge Holding Forceps Foerster Straight Serrated 9.5in","closed","13","1.0"
"D:\augmented_data_consistent_backgrounds\images\train\Sponge_Holding_Forceps_Foerster_Straight_Serrated_9.5in_closed_13_aug002.jpg","Sponge Holding Forceps Foerster Straight Serrated 9.5in","closed","13","2.0"
"D:\augmented_data_consistent_backgrounds\images\train\Sponge_Holding_Forceps_Foerster_Straight_Serrated_9.5in_closed_13_aug003.jpg","Sponge Holding Forceps Foerster Straight Serrated 9.5in","closed","13","3.0"
"D:\augmented_data_consistent_backgrounds\images\train\Sponge_Holding_Forceps_Foerster_Straight_Serrated_9.5in_closed_13_aug004.jpg","Sponge Holding Forceps Foerster Straight Serrated 9.5in","closed","13","4.0"
"D:\augmented_data_consistent_backgrounds\images\train\Sponge_Holding_Forceps_Foerster_Straight_Serrated_9.5in_closed_13_aug005.jpg","Sponge Holding Forceps Foerster Straight Serrated 9.5in","closed","13","5.0"
"D:\augmented_data_consistent_backgrounds\images\train\Sponge_Holding_Forceps_Foerster_Straight_Serrated_9.5in_closed_13_aug006.jpg","Sponge Holding Forceps Foerster Straight Serrated 9.5in","closed","13","6.0"
"D:\augmented_data_consistent_backgrounds\images\train\Sponge_Holding_Forceps_Foerster_Straight_Serrated_9.5in_closed_13_aug007.jpg","Sponge Holding Forceps Foerster Straight Serrated 9.5in","closed","13","7.0"
"D:\augmented_data_consistent_backgrounds\images\train\Sponge_Holding_Forceps_Foerster_Straight_Serrated_9.5in_closed_13_aug008.jpg","Sponge Holding Forceps Foerster Straight Serrated 9.5in","closed","13","8.0"
"D:\augmented_data_consistent_backgrounds\images\train\Sponge_Holding_Forceps_Foerster_Straight_Serrated_9.5in_closed_13_aug009.jpg","Sponge Holding Forceps Foerster Straight Serrated 9.5in","closed","13","9.0"
"D:\augmented_data_consistent_backgrounds\images\train\Sponge_Holding_Forceps_Foerster_Straight_Serrated_9.5in_closed_13_aug010.jpg","Sponge Holding Forceps Foerster Straight Serrated 9.5in","closed","13","10.0"
"D:\augmented_data_consistent_backgrounds\images\train\Sponge_Holding_Forceps_Foerster_Straight_Serrated_9.5in_closed_13_aug011.jpg","Sponge Holding Forceps Foerster Straight Serrated 9.5in","closed","13","11.0"
"D:\augmented_data_consistent_backgrounds\images\train\Sponge_Holding_Forceps_Foerster_Straight_Serrated_9.5in_closed_13_aug012.jpg","Sponge Holding Forceps Foerster Straight Serrated 9.5in","closed","13","12.0"
"D:\augmented_data_consistent_backgrounds\images\train\Sponge_Holding_Forceps_Foerster_Straight_Serrated_9.5in_closed_13_aug013.jpg","Sponge Holding Forceps Foerster Straight Serrated 9.5in","closed","13","13.0"
"D:\augmented_data_consistent_backgrounds\images\train\Sponge_Holding_Forceps_Foerster_Straight_Serrated_9.5in_closed_13_aug015.jpg","Sponge Holding Forceps Foerster Straight Serrated 9.5in","closed","13","15.0"
"D:\augmented_data_consistent_backgrounds\images\train\Sponge_Holding_Forceps_Foerster_Straight_Serrated_9.5in_closed_13_aug016.jpg","Sponge Holding Forceps Foerster Straight Serrated 9.5in","closed","13","16.0"
"D:\augmented_data_consistent_backgrounds\images\train\Sponge_Holding_Forceps_Foerster_Straight_Serrated_9.5in_closed_13_aug017.jpg","Sponge Holding Forceps Foerster Straight Serrated 9.5in","closed","13","17.0"
"D:\augmented_data_consistent_backgrounds\images\train\Sponge_Holding_Forceps_Foerster_Straight_Serrated_9.5in_closed_13_aug018.jpg","Sponge Holding Forceps Foerster Straight Serrated 9.5in","closed","13","18.0"
"D:\augmented_data_consistent_backgrounds\images\train\Sponge_Holding_Forceps_Foerster_Straight_Serrated_9.5in_closed_13_aug019.jpg","Sponge Holding Forceps Foerster Straight Serrated 9.5in","closed","13","19.0"
"D:\augmented_data_consistent_backgrounds\images\train\Sponge_Holding_Forceps_Foerster_Straight_Serrated_9.5in_closed_14_aug000.jpg","Sponge Holding Forceps Foerster Straight Serrated 9.5in","closed","14","0.0"
"D:\augmented_data_consistent_backgrounds\images\train\Sponge_Holding_Forceps_Foerster_Straight_Serrated_9.5in_closed_14_aug001.jpg","Sponge Holding Forceps Foerster Straight Serrated 9.5in","closed","14","1.0"
"D:\augmented_data_consistent_backgrounds\images\train\Sponge_Holding_Forceps_Foerster_Straight_Serrated_9.5in_closed_14_aug002.jpg","Sponge Holding Forceps Foerster Straight Serrated 9.5in","closed","14","2.0"
"D:\augmented_data_consistent_backgrounds\images\train\Sponge_Holding_Forceps_Foerster_Straight_Serrated_9.5in_closed_14_aug003.jpg","Sponge Holding Forceps Foerster Straight Serrated 9.5in","closed","14","3.0"
"D:\augmented_data_consistent_backgrounds\images\train\Sponge_Holding_Forceps_Foerster_Straight_Serrated_9.5in_closed_14_aug004.jpg","Sponge Holding Forceps Foerster Straight Serrated 9.5in","closed","14","4.0"
"D:\augmented_data_consistent_backgrounds\images\train\Sponge_Holding_Forceps_Foerster_Straight_Serrated_9.5in_closed_14_aug005.jpg","Sponge Holding Forceps Foerster Straight Serrated 9.5in","closed","14","5.0"
"D:\augmented_data_consistent_backgrounds\images\train\Sponge_Holding_Forceps_Foerster_Straight_Serrated_9.5in_closed_14_aug007.jpg","Sponge Holding Forceps Foerster Straight Serrated 9.5in","closed","14","7.0"
"D:\augmented_data_consistent_backgrounds\images\train\Sponge_Holding_Forceps_Foerster_Straight_Serrated_9.5in_closed_14_aug008.jpg","Sponge Holding Forceps Foerster Straight Serrated 9.5in","closed","14","8.0"
"D:\augmented_data_consistent_backgrounds\images\train\Sponge_Holding_Forceps_Foerster_Straight_Serrated_9.5in_closed_14_aug009.jpg","Sponge Holding Forceps Foerster Straight Serrated 9.5in","closed","14","9.0"
"D:\augmented_data_consistent_backgrounds\images\train\Sponge_Holding_Forceps_Foerster_Straight_Serrated_9.5in_closed_14_aug010.jpg","Sponge Holding Forceps Foerster Straight Serrated 9.5in","closed","14","10.0"
"D:\augmented_data_consistent_backgrounds\images\train\Sponge_Holding_Forceps_Foerster_Straight_Serrated_9.5in_closed_14_aug011.jpg","Sponge Holding Forceps Foerster Straight Serrated 9.5in","closed","14","11.0"
"D:\augmented_data_consistent_backgrounds\images\train\Sponge_Holding_Forceps_Foerster_Straight_Serrated_9.5in_closed_14_aug014.jpg","Sponge Holding Forceps Foerster Straight Serrated 9.5in","closed","14","14.0"
"D:\augmented_data_consistent_backgrounds\images\train\Sponge_Holding_Forceps_Foerster_Straight_Serrated_9.5in_closed_14_aug015.jpg","Sponge Holding Forceps Foerster Straight Serrated 9.5in","closed","14","15.0"
"D:\augmented_data_consistent_backgrounds\images\train\Sponge_Holding_Forceps_Foerster_Straight_Serrated_9.5in_closed_14_aug016.jpg","Sponge Holding Forceps Foerster Straight Serrated 9.5in","closed","14","16.0"
"D:\augmented_data_consistent_backgrounds\images\train\Sponge_Holding_Forceps_Foerster_Straight_Serrated_9.5in_closed_14_aug017.jpg","Sponge Holding Forceps Foerster Straight Serrated 9.5in","closed","14","17.0"
"D:\augmented_data_consistent_backgrounds\images\train\Sponge_Holding_Forceps_Foerster_Straight_Serrated_9.5in_closed_14_aug018.jpg","Sponge Holding Forceps Foerster Straight Serrated 9.5in","closed","14","18.0"
"D:\augmented_data_consistent_backgrounds\images\train\Sponge_Holding_Forceps_Foerster_Straight_Serrated_9.5in_closed_14_aug019.jpg","Sponge Holding Forceps Foerster Straight Serrated 9.5in","closed","14","19.0"
"D:\augmented_data_consistent_backgrounds\images\train\Sponge_Holding_Forceps_Foerster_Straight_Serrated_9.5in_closed_15.jpg","Sponge Holding Forceps Foerster Straight Serrated 9.5in","closed","15",""
"D:\augmented_data_consistent_backgrounds\images\train\Sponge_Holding_Forceps_Foerster_Straight_Serrated_9.5in_closed_15_aug000.jpg","Sponge Holding Forceps Foerster Straight Serrated 9.5in","closed","15","0.0"
"D:\augmented_data_consistent_backgrounds\images\train\Sponge_Holding_Forceps_Foerster_Straight_Serrated_9.5in_closed_15_aug001.jpg","Sponge Holding Forceps Foerster Straight Serrated 9.5in","closed","15","1.0"
"D:\augmented_data_consistent_backgrounds\images\train\Sponge_Holding_Forceps_Foerster_Straight_Serrated_9.5in_closed_15_aug003.jpg","Sponge Holding Forceps Foerster Straight Serrated 9.5in","closed","15","3.0"
"D:\augmented_data_consistent_backgrounds\images\train\Sponge_Holding_Forceps_Foerster_Straight_Serrated_9.5in_closed_15_aug004.jpg","Sponge Holding Forceps Foerster Straight Serrated 9.5in","closed","15","4.0"
"D:\augmented_data_consistent_backgrounds\images\train\Sponge_Holding_Forceps_Foerster_Straight_Serrated_9.5in_closed_15_aug005.jpg","Sponge Holding Forceps Foerster Straight Serrated 9.5in","closed","15","5.0"
"D:\augmented_data_consistent_backgrounds\images\train\Sponge_Holding_Forceps_Foerster_Straight_Serrated_9.5in_closed_15_aug006.jpg","Sponge Holding Forceps Foerster Straight Serrated 9.5in","closed","15","6.0"
"D:\augmented_data_consistent_backgrounds\images\train\Sponge_Holding_Forceps_Foerster_Straight_Serrated_9.5in_closed_15_aug007.jpg","Sponge Holding Forceps Foerster Straight Serrated 9.5in","closed","15","7.0"
"D:\augmented_data_consistent_backgrounds\images\train\Sponge_Holding_Forceps_Foerster_Straight_Serrated_9.5in_closed_15_aug010.jpg","Sponge Holding Forceps Foerster Straight Serrated 9.5in","closed","15","10.0"
"D:\augmented_data_consistent_backgrounds\images\train\Sponge_Holding_Forceps_Foerster_Straight_Serrated_9.5in_closed_15_aug011.jpg","Sponge Holding Forceps Foerster Straight Serrated 9.5in","closed","15","11.0"
"D:\augmented_data_consistent_backgrounds\images\train\Sponge_Holding_Forceps_Foerster_Straight_Serrated_9.5in_closed_15_aug014.jpg","Sponge Holding Forceps Foerster Straight Serrated 9.5in","closed","15","14.0"
"D:\augmented_data_consistent_backgrounds\images\train\Sponge_Holding_Forceps_Foerster_Straight_Serrated_9.5in_closed_15_aug015.jpg","Sponge Holding Forceps Foerster Straight Serrated 9.5in","closed","15","15.0"
"D:\augmented_data_consistent_backgrounds\images\train\Sponge_Holding_Forceps_Foerster_Straight_Serrated_9.5in_closed_15_aug016.jpg","Sponge Holding Forceps Foerster Straight Serrated 9.5in","closed","15","16.0"
"D:\augmented_data_consistent_backgrounds\images\train\Sponge_Holding_Forceps_Foerster_Straight_Serrated_9.5in_closed_15_aug017.jpg","Sponge Holding Forceps Foerster Straight Serrated 9.5in","closed","15","17.0"
"D:\augmented_data_consistent_backgrounds\images\train\Sponge_Holding_Forceps_Foerster_Straight_Serrated_9.5in_closed_15_aug018.jpg","Sponge Holding Forceps Foerster Straight Serrated 9.5in","closed","15","18.0"
"D:\augmented_data_consistent_backgrounds\images\train\Sponge_Holding_Forceps_Foerster_Straight_Serrated_9.5in_closed_15_aug019.jpg","Sponge Holding Forceps Foerster Straight Serrated 9.5in","closed","15","19.0"
"D:\augmented_data_consistent_backgrounds\images\train\Sponge_Holding_Forceps_Foerster_Straight_Serrated_9.5in_closed_16_aug001.jpg","Sponge Holding Forceps Foerster Straight Serrated 9.5in","closed","16","1.0"
"D:\augmented_data_consistent_backgrounds\images\train\Sponge_Holding_Forceps_Foerster_Straight_Serrated_9.5in_closed_16_aug002.jpg","Sponge Holding Forceps Foerster Straight Serrated 9.5in","closed","16","2.0"
"D:\augmented_data_consistent_backgrounds\images\train\Sponge_Holding_Forceps_Foerster_Straight_Serrated_9.5in_closed_16_aug005.jpg","Sponge Holding Forceps Foerster Straight Serrated 9.5in","closed","16","5.0"
"D:\augmented_data_consistent_backgrounds\images\train\Sponge_Holding_Forceps_Foerster_Straight_Serrated_9.5in_closed_16_aug006.jpg","Sponge Holding Forceps Foerster Straight Serrated 9.5in","closed","16","6.0"
"D:\augmented_data_consistent_backgrounds\images\train\Sponge_Holding_Forceps_Foerster_Straight_Serrated_9.5in_closed_16_aug007.jpg","Sponge Holding Forceps Foerster Straight Serrated 9.5in","closed","16","7.0"
"D:\augmented_data_consistent_backgrounds\images\train\Sponge_Holding_Forceps_Foerster_Straight_Serrated_9.5in_closed_16_aug008.jpg","Sponge Holding Forceps Foerster Straight Serrated 9.5in","closed","16","8.0"
"D:\augmented_data_consistent_backgrounds\images\train\Sponge_Holding_Forceps_Foerster_Straight_Serrated_9.5in_closed_16_aug013.jpg","Sponge Holding Forceps Foerster Straight Serrated 9.5in","closed","16","13.0"
"D:\augmented_data_consistent_backgrounds\images\train\Sponge_Holding_Forceps_Foerster_Straight_Serrated_9.5in_closed_16_aug014.jpg","Sponge Holding Forceps Foerster Straight Serrated 9.5in","closed","16","14.0"
"D:\augmented_data_consistent_backgrounds\images\train\Sponge_Holding_Forceps_Foerster_Straight_Serrated_9.5in_closed_16_aug015.jpg","Sponge Holding Forceps Foerster Straight Serrated 9.5in","closed","16","15.0"
"D:\augmented_data_consistent_backgrounds\images\train\Sponge_Holding_Forceps_Foerster_Straight_Serrated_9.5in_closed_16_aug016.jpg","Sponge Holding Forceps Foerster Straight Serrated 9.5in","closed","16","16.0"
"D:\augmented_data_consistent_backgrounds\images\train\Sponge_Holding_Forceps_Foerster_Straight_Serrated_9.5in_closed_16_aug017.jpg","Sponge Holding Forceps Foerster Straight Serrated 9.5in","closed","16","17.0"
"D:\augmented_data_consistent_backgrounds\images\train\Sponge_Holding_Forceps_Foerster_Straight_Serrated_9.5in_closed_16_aug019.jpg","Sponge Holding Forceps Foerster Straight Serrated 9.5in","closed","16","19.0"
"D:\augmented_data_consistent_backgrounds\images\train\Sponge_Holding_Forceps_Foerster_Straight_Serrated_9.5in_closed_17_aug000.jpg","Sponge Holding Forceps Foerster Straight Serrated 9.5in","closed","17","0.0"
"D:\augmented_data_consistent_backgrounds\images\train\Sponge_Holding_Forceps_Foerster_Straight_Serrated_9.5in_closed_17_aug001.jpg","Sponge Holding Forceps Foerster Straight Serrated 9.5in","closed","17","1.0"
"D:\augmented_data_consistent_backgrounds\images\train\Sponge_Holding_Forceps_Foerster_Straight_Serrated_9.5in_closed_17_aug002.jpg","Sponge Holding Forceps Foerster Straight Serrated 9.5in","closed","17","2.0"
"D:\augmented_data_consistent_backgrounds\images\train\Sponge_Holding_Forceps_Foerster_Straight_Serrated_9.5in_closed_17_aug003.jpg","Sponge Holding Forceps Foerster Straight Serrated 9.5in","closed","17","3.0"
"D:\augmented_data_consistent_backgrounds\images\train\Sponge_Holding_Forceps_Foerster_Straight_Serrated_9.5in_closed_17_aug005.jpg","Sponge Holding Forceps Foerster Straight Serrated 9.5in","closed","17","5.0"
"D:\augmented_data_consistent_backgrounds\images\train\Sponge_Holding_Forceps_Foerster_Straight_Serrated_9.5in_closed_17_aug006.jpg","Sponge Holding Forceps Foerster Straight Serrated 9.5in","closed","17","6.0"
"D:\augmented_data_consistent_backgrounds\images\train\Sponge_Holding_Forceps_Foerster_Straight_Serrated_9.5in_closed_17_aug007.jpg","Sponge Holding Forceps Foerster Straight Serrated 9.5in","closed","17","7.0"
"D:\augmented_data_consistent_backgrounds\images\train\Sponge_Holding_Forceps_Foerster_Straight_Serrated_9.5in_closed_17_aug008.jpg","Sponge Holding Forceps Foerster Straight Serrated 9.5in","closed","17","8.0"
"D:\augmented_data_consistent_backgrounds\images\train\Sponge_Holding_Forceps_Foerster_Straight_Serrated_9.5in_closed_17_aug010.jpg","Sponge Holding Forceps Foerster Straight Serrated 9.5in","closed","17","10.0"
"D:\augmented_data_consistent_backgrounds\images\train\Sponge_Holding_Forceps_Foerster_Straight_Serrated_9.5in_closed_17_aug012.jpg","Sponge Holding Forceps Foerster Straight Serrated 9.5in","closed","17","12.0"
"D:\augmented_data_consistent_backgrounds\images\train\Sponge_Holding_Forceps_Foerster_Straight_Serrated_9.5in_closed_17_aug013.jpg","Sponge Holding Forceps Foerster Straight Serrated 9.5in","closed","17","13.0"
"D:\augmented_data_consistent_backgrounds\images\train\Sponge_Holding_Forceps_Foerster_Straight_Serrated_9.5in_closed_17_aug014.jpg","Sponge Holding Forceps Foerster Straight Serrated 9.5in","closed","17","14.0"
"D:\augmented_data_consistent_backgrounds\images\train\Sponge_Holding_Forceps_Foerster_Straight_Serrated_9.5in_closed_17_aug015.jpg","Sponge Holding Forceps Foerster Straight Serrated 9.5in","closed","17","15.0"
"D:\augmented_data_consistent_backgrounds\images\train\Sponge_Holding_Forceps_Foerster_Straight_Serrated_9.5in_closed_17_aug016.jpg","Sponge Holding Forceps Foerster Straight Serrated 9.5in","closed","17","16.0"
"D:\augmented_data_consistent_backgrounds\images\train\Sponge_Holding_Forceps_Foerster_Straight_Serrated_9.5in_closed_17_aug017.jpg","Sponge Holding Forceps Foerster Straight Serrated 9.5in","closed","17","17.0"
"D:\augmented_data_consistent_backgrounds\images\train\Sponge_Holding_Forceps_Foerster_Straight_Serrated_9.5in_closed_17_aug018.jpg","Sponge Holding Forceps Foerster Straight Serrated 9.5in","closed","17","18.0"
"D:\augmented_data_consistent_backgrounds\images\train\Sponge_Holding_Forceps_Foerster_Straight_Serrated_9.5in_closed_18.jpg","Sponge Holding Forceps Foerster Straight Serrated 9.5in","closed","18",""
"D:\augmented_data_consistent_backgrounds\images\train\Sponge_Holding_Forceps_Foerster_Straight_Serrated_9.5in_closed_18_aug000.jpg","Sponge Holding Forceps Foerster Straight Serrated 9.5in","closed","18","0.0"
"D:\augmented_data_consistent_backgrounds\images\train\Sponge_Holding_Forceps_Foerster_Straight_Serrated_9.5in_closed_18_aug001.jpg","Sponge Holding Forceps Foerster Straight Serrated 9.5in","closed","18","1.0"
"D:\augmented_data_consistent_backgrounds\images\train\Sponge_Holding_Forceps_Foerster_Straight_Serrated_9.5in_closed_18_aug002.jpg","Sponge Holding Forceps Foerster Straight Serrated 9.5in","closed","18","2.0"
"D:\augmented_data_consistent_backgrounds\images\train\Sponge_Holding_Forceps_Foerster_Straight_Serrated_9.5in_closed_18_aug003.jpg","Sponge Holding Forceps Foerster Straight Serrated 9.5in","closed","18","3.0"
"D:\augmented_data_consistent_backgrounds\images\train\Sponge_Holding_Forceps_Foerster_Straight_Serrated_9.5in_closed_18_aug005.jpg","Sponge Holding Forceps Foerster Straight Serrated 9.5in","closed","18","5.0"
"D:\augmented_data_consistent_backgrounds\images\train\Sponge_Holding_Forceps_Foerster_Straight_Serrated_9.5in_closed_18_aug007.jpg","Sponge Holding Forceps Foerster Straight Serrated 9.5in","closed","18","7.0"
"D:\augmented_data_consistent_backgrounds\images\train\Sponge_Holding_Forceps_Foerster_Straight_Serrated_9.5in_closed_18_aug010.jpg","Sponge Holding Forceps Foerster Straight Serrated 9.5in","closed","18","10.0"
"D:\augmented_data_consistent_backgrounds\images\train\Sponge_Holding_Forceps_Foerster_Straight_Serrated_9.5in_closed_18_aug011.jpg","Sponge Holding Forceps Foerster Straight Serrated 9.5in","closed","18","11.0"
"D:\augmented_data_consistent_backgrounds\images\train\Sponge_Holding_Forceps_Foerster_Straight_Serrated_9.5in_closed_18_aug012.jpg","Sponge Holding Forceps Foerster Straight Serrated 9.5in","closed","18","12.0"
"D:\augmented_data_consistent_backgrounds\images\train\Sponge_Holding_Forceps_Foerster_Straight_Serrated_9.5in_closed_18_aug014.jpg","Sponge Holding Forceps Foerster Straight Serrated 9.5in","closed","18","14.0"
"D:\augmented_data_consistent_backgrounds\images\train\Sponge_Holding_Forceps_Foerster_Straight_Serrated_9.5in_closed_18_aug015.jpg","Sponge Holding Forceps Foerster Straight Serrated 9.5in","closed","18","15.0"
"D:\augmented_data_consistent_backgrounds\images\train\Sponge_Holding_Forceps_Foerster_Straight_Serrated_9.5in_closed_18_aug016.jpg","Sponge Holding Forceps Foerster Straight Serrated 9.5in","closed","18","16.0"
"D:\augmented_data_consistent_backgrounds\images\train\Sponge_Holding_Forceps_Foerster_Straight_Serrated_9.5in_closed_18_aug019.jpg","Sponge Holding Forceps Foerster Straight Serrated 9.5in","closed","18","19.0"
"D:\augmented_data_consistent_backgrounds\images\train\Sponge_Holding_Forceps_Foerster_Straight_Serrated_9.5in_closed_19.jpg","Sponge Holding Forceps Foerster Straight Serrated 9.5in","closed","19",""
"D:\augmented_data_consistent_backgrounds\images\train\Sponge_Holding_Forceps_Foerster_Straight_Serrated_9.5in_closed_19_aug000.jpg","Sponge Holding Forceps Foerster Straight Serrated 9.5in","closed","19","0.0"
"D:\augmented_data_consistent_backgrounds\images\train\Sponge_Holding_Forceps_Foerster_Straight_Serrated_9.5in_closed_19_aug001.jpg","Sponge Holding Forceps Foerster Straight Serrated 9.5in","closed","19","1.0"
"D:\augmented_data_consistent_backgrounds\images\train\Sponge_Holding_Forceps_Foerster_Straight_Serrated_9.5in_closed_19_aug003.jpg","Sponge Holding Forceps Foerster Straight Serrated 9.5in","closed","19","3.0"
"D:\augmented_data_consistent_backgrounds\images\train\Sponge_Holding_Forceps_Foerster_Straight_Serrated_9.5in_closed_19_aug004.jpg","Sponge Holding Forceps Foerster Straight Serrated 9.5in","closed","19","4.0"
"D:\augmented_data_consistent_backgrounds\images\train\Sponge_Holding_Forceps_Foerster_Straight_Serrated_9.5in_closed_19_aug005.jpg","Sponge Holding Forceps Foerster Straight Serrated 9.5in","closed","19","5.0"
"D:\augmented_data_consistent_backgrounds\images\train\Sponge_Holding_Forceps_Foerster_Straight_Serrated_9.5in_closed_19_aug007.jpg","Sponge Holding Forceps Foerster Straight Serrated 9.5in","closed","19","7.0"
"D:\augmented_data_consistent_backgrounds\images\train\Sponge_Holding_Forceps_Foerster_Straight_Serrated_9.5in_closed_19_aug008.jpg","Sponge Holding Forceps Foerster Straight Serrated 9.5in","closed","19","8.0"
"D:\augmented_data_consistent_backgrounds\images\train\Sponge_Holding_Forceps_Foerster_Straight_Serrated_9.5in_closed_19_aug009.jpg","Sponge Holding Forceps Foerster Straight Serrated 9.5in","closed","19","9.0"
"D:\augmented_data_consistent_backgrounds\images\train\Sponge_Holding_Forceps_Foerster_Straight_Serrated_9.5in_closed_19_aug010.jpg","Sponge Holding Forceps Foerster Straight Serrated 9.5in","closed","19","10.0"
"D:\augmented_data_consistent_backgrounds\images\train\Sponge_Holding_Forceps_Foerster_Straight_Serrated_9.5in_closed_19_aug011.jpg","Sponge Holding Forceps Foerster Straight Serrated 9.5in","closed","19","11.0"
"D:\augmented_data_consistent_backgrounds\images\train\Sponge_Holding_Forceps_Foerster_Straight_Serrated_9.5in_closed_19_aug012.jpg","Sponge Holding Forceps Foerster Straight Serrated 9.5in","closed","19","12.0"
"D:\augmented_data_consistent_backgrounds\images\train\Sponge_Holding_Forceps_Foerster_Straight_Serrated_9.5in_closed_19_aug013.jpg","Sponge Holding Forceps Foerster Straight Serrated 9.5in","closed","19","13.0"
"D:\augmented_data_consistent_backgrounds\images\train\Sponge_Holding_Forceps_Foerster_Straight_Serrated_9.5in_closed_19_aug015.jpg","Sponge Holding Forceps Foerster Straight Serrated 9.5in","closed","19","15.0"
"D:\augmented_data_consistent_backgrounds\images\train\Sponge_Holding_Forceps_Foerster_Straight_Serrated_9.5in_closed_19_aug016.jpg","Sponge Holding Forceps Foerster Straight Serrated 9.5in","closed","19","16.0"
"D:\augmented_data_consistent_backgrounds\images\train\Sponge_Holding_Forceps_Foerster_Straight_Serrated_9.5in_closed_19_aug017.jpg","Sponge Holding Forceps Foerster Straight Serrated 9.5in","closed","19","17.0"
"D:\augmented_data_consistent_backgrounds\images\train\Sponge_Holding_Forceps_Foerster_Straight_Serrated_9.5in_closed_19_aug018.jpg","Sponge Holding Forceps Foerster Straight Serrated 9.5in","closed","19","18.0"
"D:\augmented_data_consistent_backgrounds\images\train\Sponge_Holding_Forceps_Foerster_Straight_Serrated_9.5in_closed_19_aug019.jpg","Sponge Holding Forceps Foerster Straight Serrated 9.5in","closed","19","19.0"
"D:\augmented_data_consistent_backgrounds\images\train\Sponge_Holding_Forceps_Foerster_Straight_Serrated_9.5in_closed_20.jpg","Sponge Holding Forceps Foerster Straight Serrated 9.5in","closed","20",""
"D:\augmented_data_consistent_backgrounds\images\train\Sponge_Holding_Forceps_Foerster_Straight_Serrated_9.5in_closed_20_aug000.jpg","Sponge Holding Forceps Foerster Straight Serrated 9.5in","closed","20","0.0"
"D:\augmented_data_consistent_backgrounds\images\train\Sponge_Holding_Forceps_Foerster_Straight_Serrated_9.5in_closed_20_aug001.jpg","Sponge Holding Forceps Foerster Straight Serrated 9.5in","closed","20","1.0"
"D:\augmented_data_consistent_backgrounds\images\train\Sponge_Holding_Forceps_Foerster_Straight_Serrated_9.5in_closed_20_aug002.jpg","Sponge Holding Forceps Foerster Straight Serrated 9.5in","closed","20","2.0"
"D:\augmented_data_consistent_backgrounds\images\train\Sponge_Holding_Forceps_Foerster_Straight_Serrated_9.5in_closed_20_aug003.jpg","Sponge Holding Forceps Foerster Straight Serrated 9.5in","closed","20","3.0"
"D:\augmented_data_consistent_backgrounds\images\train\Sponge_Holding_Forceps_Foerster_Straight_Serrated_9.5in_closed_20_aug004.jpg","Sponge Holding Forceps Foerster Straight Serrated 9.5in","closed","20","4.0"
"D:\augmented_data_consistent_backgrounds\images\train\Sponge_Holding_Forceps_Foerster_Straight_Serrated_9.5in_closed_20_aug005.jpg","Sponge Holding Forceps Foerster Straight Serrated 9.5in","closed","20","5.0"
"D:\augmented_data_consistent_backgrounds\images\train\Sponge_Holding_Forceps_Foerster_Straight_Serrated_9.5in_closed_20_aug007.jpg","Sponge Holding Forceps Foerster Straight Serrated 9.5in","closed","20","7.0"
"D:\augmented_data_consistent_backgrounds\images\train\Sponge_Holding_Forceps_Foerster_Straight_Serrated_9.5in_closed_20_aug009.jpg","Sponge Holding Forceps Foerster Straight Serrated 9.5in","closed","20","9.0"
"D:\augmented_data_consistent_backgrounds\images\train\Sponge_Holding_Forceps_Foerster_Straight_Serrated_9.5in_closed_20_aug012.jpg","Sponge Holding Forceps Foerster Straight Serrated 9.5in","closed","20","12.0"
"D:\augmented_data_consistent_backgrounds\images\train\Sponge_Holding_Forceps_Foerster_Straight_Serrated_9.5in_closed_20_aug013.jpg","Sponge Holding Forceps Foerster Straight Serrated 9.5in","closed","20","13.0"
"D:\augmented_data_consistent_backgrounds\images\train\Sponge_Holding_Forceps_Foerster_Straight_Serrated_9.5in_closed_20_aug014.jpg","Sponge Holding Forceps Foerster Straight Serrated 9.5in","closed","20","14.0"
"D:\augmented_data_consistent_backgrounds\images\train\Sponge_Holding_Forceps_Foerster_Straight_Serrated_9.5in_closed_20_aug015.jpg","Sponge Holding Forceps Foerster Straight Serrated 9.5in","closed","20","15.0"
"D:\augmented_data_consistent_backgrounds\images\train\Sponge_Holding_Forceps_Foerster_Straight_Serrated_9.5in_closed_20_aug016.jpg","Sponge Holding Forceps Foerster Straight Serrated 9.5in","closed","20","16.0"
"D:\augmented_data_consistent_backgrounds\images\train\Sponge_Holding_Forceps_Foerster_Straight_Serrated_9.5in_closed_20_aug017.jpg","Sponge Holding Forceps Foerster Straight Serrated 9.5in","closed","20","17.0"
"D:\augmented_data_consistent_backgrounds\images\train\Sponge_Holding_Forceps_Foerster_Straight_Serrated_9.5in_closed_20_aug019.jpg","Sponge Holding Forceps Foerster Straight Serrated 9.5in","closed","20","19.0"
"D:\augmented_data_consistent_backgrounds\images\train\Sponge_Holding_Forceps_Foerster_Straight_Serrated_9.5in_closed_21_aug000.jpg","Sponge Holding Forceps Foerster Straight Serrated 9.5in","closed","21","0.0"
"D:\augmented_data_consistent_backgrounds\images\train\Sponge_Holding_Forceps_Foerster_Straight_Serrated_9.5in_closed_21_aug001.jpg","Sponge Holding Forceps Foerster Straight Serrated 9.5in","closed","21","1.0"
"D:\augmented_data_consistent_backgrounds\images\train\Sponge_Holding_Forceps_Foerster_Straight_Serrated_9.5in_closed_21_aug002.jpg","Sponge Holding Forceps Foerster Straight Serrated 9.5in","closed","21","2.0"
"D:\augmented_data_consistent_backgrounds\images\train\Sponge_Holding_Forceps_Foerster_Straight_Serrated_9.5in_closed_21_aug003.jpg","Sponge Holding Forceps Foerster Straight Serrated 9.5in","closed","21","3.0"
"D:\augmented_data_consistent_backgrounds\images\train\Sponge_Holding_Forceps_Foerster_Straight_Serrated_9.5in_closed_21_aug004.jpg","Sponge Holding Forceps Foerster Straight Serrated 9.5in","closed","21","4.0"
"D:\augmented_data_consistent_backgrounds\images\train\Sponge_Holding_Forceps_Foerster_Straight_Serrated_9.5in_closed_21_aug005.jpg","Sponge Holding Forceps Foerster Straight Serrated 9.5in","closed","21","5.0"
"D:\augmented_data_consistent_backgrounds\images\train\Sponge_Holding_Forceps_Foerster_Straight_Serrated_9.5in_closed_21_aug006.jpg","Sponge Holding Forceps Foerster Straight Serrated 9.5in","closed","21","6.0"
"D:\augmented_data_consistent_backgrounds\images\train\Sponge_Holding_Forceps_Foerster_Straight_Serrated_9.5in_closed_21_aug008.jpg","Sponge Holding Forceps Foerster Straight Serrated 9.5in","closed","21","8.0"
"D:\augmented_data_consistent_backgrounds\images\train\Sponge_Holding_Forceps_Foerster_Straight_Serrated_9.5in_closed_21_aug009.jpg","Sponge Holding Forceps Foerster Straight Serrated 9.5in","closed","21","9.0"
"D:\augmented_data_consistent_backgrounds\images\train\Sponge_Holding_Forceps_Foerster_Straight_Serrated_9.5in_closed_21_aug010.jpg","Sponge Holding Forceps Foerster Straight Serrated 9.5in","closed","21","10.0"
"D:\augmented_data_consistent_backgrounds\images\train\Sponge_Holding_Forceps_Foerster_Straight_Serrated_9.5in_closed_21_aug012.jpg","Sponge Holding Forceps Foerster Straight Serrated 9.5in","closed","21","12.0"
"D:\augmented_data_consistent_backgrounds\images\train\Sponge_Holding_Forceps_Foerster_Straight_Serrated_9.5in_closed_21_aug013.jpg","Sponge Holding Forceps Foerster Straight Serrated 9.5in","closed","21","13.0"
"D:\augmented_data_consistent_backgrounds\images\train\Sponge_Holding_Forceps_Foerster_Straight_Serrated_9.5in_closed_21_aug015.jpg","Sponge Holding Forceps Foerster Straight Serrated 9.5in","closed","21","15.0"
"D:\augmented_data_consistent_backgrounds\images\train\Sponge_Holding_Forceps_Foerster_Straight_Serrated_9.5in_closed_21_aug016.jpg","Sponge Holding Forceps Foerster Straight Serrated 9.5in","closed","21","16.0"
"D:\augmented_data_consistent_backgrounds\images\train\Sponge_Holding_Forceps_Foerster_Straight_Serrated_9.5in_closed_21_aug017.jpg","Sponge Holding Forceps Foerster Straight Serrated 9.5in","closed","21","17.0"
"D:\augmented_data_consistent_backgrounds\images\train\Sponge_Holding_Forceps_Foerster_Straight_Serrated_9.5in_closed_21_aug019.jpg","Sponge Holding Forceps Foerster Straight Serrated 9.5in","closed","21","19.0"
"D:\augmented_data_consistent_backgrounds\images\train\Sponge_Holding_Forceps_Foerster_Straight_Serrated_9.5in_closed_22_aug000.jpg","Sponge Holding Forceps Foerster Straight Serrated 9.5in","closed","22","0.0"
"D:\augmented_data_consistent_backgrounds\images\train\Sponge_Holding_Forceps_Foerster_Straight_Serrated_9.5in_closed_22_aug001.jpg","Sponge Holding Forceps Foerster Straight Serrated 9.5in","closed","22","1.0"
"D:\augmented_data_consistent_backgrounds\images\train\Sponge_Holding_Forceps_Foerster_Straight_Serrated_9.5in_closed_22_aug002.jpg","Sponge Holding Forceps Foerster Straight Serrated 9.5in","closed","22","2.0"
"D:\augmented_data_consistent_backgrounds\images\train\Sponge_Holding_Forceps_Foerster_Straight_Serrated_9.5in_closed_22_aug003.jpg","Sponge Holding Forceps Foerster Straight Serrated 9.5in","closed","22","3.0"
"D:\augmented_data_consistent_backgrounds\images\train\Sponge_Holding_Forceps_Foerster_Straight_Serrated_9.5in_closed_22_aug004.jpg","Sponge Holding Forceps Foerster Straight Serrated 9.5in","closed","22","4.0"
"D:\augmented_data_consistent_backgrounds\images\train\Sponge_Holding_Forceps_Foerster_Straight_Serrated_9.5in_closed_22_aug005.jpg","Sponge Holding Forceps Foerster Straight Serrated 9.5in","closed","22","5.0"
"D:\augmented_data_consistent_backgrounds\images\train\Sponge_Holding_Forceps_Foerster_Straight_Serrated_9.5in_closed_22_aug006.jpg","Sponge Holding Forceps Foerster Straight Serrated 9.5in","closed","22","6.0"
"D:\augmented_data_consistent_backgrounds\images\train\Sponge_Holding_Forceps_Foerster_Straight_Serrated_9.5in_closed_22_aug007.jpg","Sponge Holding Forceps Foerster Straight Serrated 9.5in","closed","22","7.0"
"D:\augmented_data_consistent_backgrounds\images\train\Sponge_Holding_Forceps_Foerster_Straight_Serrated_9.5in_closed_22_aug008.jpg","Sponge Holding Forceps Foerster Straight Serrated 9.5in","closed","22","8.0"
"D:\augmented_data_consistent_backgrounds\images\train\Sponge_Holding_Forceps_Foerster_Straight_Serrated_9.5in_closed_22_aug009.jpg","Sponge Holding Forceps Foerster Straight Serrated 9.5in","closed","22","9.0"
"D:\augmented_data_consistent_backgrounds\images\train\Sponge_Holding_Forceps_Foerster_Straight_Serrated_9.5in_closed_22_aug010.jpg","Sponge Holding Forceps Foerster Straight Serrated 9.5in","closed","22","10.0"
"D:\augmented_data_consistent_backgrounds\images\train\Sponge_Holding_Forceps_Foerster_Straight_Serrated_9.5in_closed_22_aug013.jpg","Sponge Holding Forceps Foerster Straight Serrated 9.5in","closed","22","13.0"
"D:\augmented_data_consistent_backgrounds\images\train\Sponge_Holding_Forceps_Foerster_Straight_Serrated_9.5in_closed_22_aug014.jpg","Sponge Holding Forceps Foerster Straight Serrated 9.5in","closed","22","14.0"
"D:\augmented_data_consistent_backgrounds\images\train\Sponge_Holding_Forceps_Foerster_Straight_Serrated_9.5in_closed_22_aug015.jpg","Sponge Holding Forceps Foerster Straight Serrated 9.5in","closed","22","15.0"
"D:\augmented_data_consistent_backgrounds\images\train\Sponge_Holding_Forceps_Foerster_Straight_Serrated_9.5in_closed_22_aug018.jpg","Sponge Holding Forceps Foerster Straight Serrated 9.5in","closed","22","18.0"
"D:\augmented_data_consistent_backgrounds\images\train\Sponge_Holding_Forceps_Foerster_Straight_Serrated_9.5in_closed_22_aug019.jpg","Sponge Holding Forceps Foerster Straight Serrated 9.5in","closed","22","19.0"
"D:\augmented_data_consistent_backgrounds\images\train\Sponge_Holding_Forceps_Foerster_Straight_Serrated_9.5in_closed_23.jpg","Sponge Holding Forceps Foerster Straight Serrated 9.5in","closed","23",""
"D:\augmented_data_consistent_backgrounds\images\train\Sponge_Holding_Forceps_Foerster_Straight_Serrated_9.5in_closed_23_aug000.jpg","Sponge Holding Forceps Foerster Straight Serrated 9.5in","closed","23","0.0"
"D:\augmented_data_consistent_backgrounds\images\train\Sponge_Holding_Forceps_Foerster_Straight_Serrated_9.5in_closed_23_aug001.jpg","Sponge Holding Forceps Foerster Straight Serrated 9.5in","closed","23","1.0"
"D:\augmented_data_consistent_backgrounds\images\train\Sponge_Holding_Forceps_Foerster_Straight_Serrated_9.5in_closed_23_aug004.jpg","Sponge Holding Forceps Foerster Straight Serrated 9.5in","closed","23","4.0"
"D:\augmented_data_consistent_backgrounds\images\train\Sponge_Holding_Forceps_Foerster_Straight_Serrated_9.5in_closed_23_aug005.jpg","Sponge Holding Forceps Foerster Straight Serrated 9.5in","closed","23","5.0"
"D:\augmented_data_consistent_backgrounds\images\train\Sponge_Holding_Forceps_Foerster_Straight_Serrated_9.5in_closed_23_aug007.jpg","Sponge Holding Forceps Foerster Straight Serrated 9.5in","closed","23","7.0"
"D:\augmented_data_consistent_backgrounds\images\train\Sponge_Holding_Forceps_Foerster_Straight_Serrated_9.5in_closed_23_aug009.jpg","Sponge Holding Forceps Foerster Straight Serrated 9.5in","closed","23","9.0"
"D:\augmented_data_consistent_backgrounds\images\train\Sponge_Holding_Forceps_Foerster_Straight_Serrated_9.5in_closed_23_aug011.jpg","Sponge Holding Forceps Foerster Straight Serrated 9.5in","closed","23","11.0"
"D:\augmented_data_consistent_backgrounds\images\train\Sponge_Holding_Forceps_Foerster_Straight_Serrated_9.5in_closed_23_aug012.jpg","Sponge Holding Forceps Foerster Straight Serrated 9.5in","closed","23","12.0"
"D:\augmented_data_consistent_backgrounds\images\train\Sponge_Holding_Forceps_Foerster_Straight_Serrated_9.5in_closed_23_aug013.jpg","Sponge Holding Forceps Foerster Straight Serrated 9.5in","closed","23","13.0"
"D:\augmented_data_consistent_backgrounds\images\train\Sponge_Holding_Forceps_Foerster_Straight_Serrated_9.5in_closed_23_aug014.jpg","Sponge Holding Forceps Foerster Straight Serrated 9.5in","closed","23","14.0"
"D:\augmented_data_consistent_backgrounds\images\train\Sponge_Holding_Forceps_Foerster_Straight_Serrated_9.5in_closed_23_aug015.jpg","Sponge Holding Forceps Foerster Straight Serrated 9.5in","closed","23","15.0"
"D:\augmented_data_consistent_backgrounds\images\train\Sponge_Holding_Forceps_Foerster_Straight_Serrated_9.5in_closed_23_aug016.jpg","Sponge Holding Forceps Foerster Straight Serrated 9.5in","closed","23","16.0"
"D:\augmented_data_consistent_backgrounds\images\train\Sponge_Holding_Forceps_Foerster_Straight_Serrated_9.5in_closed_23_aug017.jpg","Sponge Holding Forceps Foerster Straight Serrated 9.5in","closed","23","17.0"
"D:\augmented_data_consistent_backgrounds\images\train\Sponge_Holding_Forceps_Foerster_Straight_Serrated_9.5in_closed_23_aug018.jpg","Sponge Holding Forceps Foerster Straight Serrated 9.5in","closed","23","18.0"
"D:\augmented_data_consistent_backgrounds\images\train\Sponge_Holding_Forceps_Foerster_Straight_Serrated_9.5in_closed_23_aug019.jpg","Sponge Holding Forceps Foerster Straight Serrated 9.5in","closed","23","19.0"
"D:\augmented_data_consistent_backgrounds\images\train\Sponge_Holding_Forceps_Foerster_Straight_Serrated_9.5in_closed_24.jpg","Sponge Holding Forceps Foerster Straight Serrated 9.5in","closed","24",""
"D:\augmented_data_consistent_backgrounds\images\train\Sponge_Holding_Forceps_Foerster_Straight_Serrated_9.5in_closed_24_aug000.jpg","Sponge Holding Forceps Foerster Straight Serrated 9.5in","closed","24","0.0"
"D:\augmented_data_consistent_backgrounds\images\train\Sponge_Holding_Forceps_Foerster_Straight_Serrated_9.5in_closed_24_aug001.jpg","Sponge Holding Forceps Foerster Straight Serrated 9.5in","closed","24","1.0"
"D:\augmented_data_consistent_backgrounds\images\train\Sponge_Holding_Forceps_Foerster_Straight_Serrated_9.5in_closed_24_aug002.jpg","Sponge Holding Forceps Foerster Straight Serrated 9.5in","closed","24","2.0"
"D:\augmented_data_consistent_backgrounds\images\train\Sponge_Holding_Forceps_Foerster_Straight_Serrated_9.5in_closed_24_aug003.jpg","Sponge Holding Forceps Foerster Straight Serrated 9.5in","closed","24","3.0"
"D:\augmented_data_consistent_backgrounds\images\train\Sponge_Holding_Forceps_Foerster_Straight_Serrated_9.5in_closed_24_aug004.jpg","Sponge Holding Forceps Foerster Straight Serrated 9.5in","closed","24","4.0"
"D:\augmented_data_consistent_backgrounds\images\train\Sponge_Holding_Forceps_Foerster_Straight_Serrated_9.5in_closed_24_aug005.jpg","Sponge Holding Forceps Foerster Straight Serrated 9.5in","closed","24","5.0"
"D:\augmented_data_consistent_backgrounds\images\train\Sponge_Holding_Forceps_Foerster_Straight_Serrated_9.5in_closed_24_aug006.jpg","Sponge Holding Forceps Foerster Straight Serrated 9.5in","closed","24","6.0"
"D:\augmented_data_consistent_backgrounds\images\train\Sponge_Holding_Forceps_Foerster_Straight_Serrated_9.5in_closed_24_aug007.jpg","Sponge Holding Forceps Foerster Straight Serrated 9.5in","closed","24","7.0"
"D:\augmented_data_consistent_backgrounds\images\train\Sponge_Holding_Forceps_Foerster_Straight_Serrated_9.5in_closed_24_aug008.jpg","Sponge Holding Forceps Foerster Straight Serrated 9.5in","closed","24","8.0"
"D:\augmented_data_consistent_backgrounds\images\train\Sponge_Holding_Forceps_Foerster_Straight_Serrated_9.5in_closed_24_aug009.jpg","Sponge Holding Forceps Foerster Straight Serrated 9.5in","closed","24","9.0"
"D:\augmented_data_consistent_backgrounds\images\train\Sponge_Holding_Forceps_Foerster_Straight_Serrated_9.5in_closed_24_aug011.jpg","Sponge Holding Forceps Foerster Straight Serrated 9.5in","closed","24","11.0"
"D:\augmented_data_consistent_backgrounds\images\train\Sponge_Holding_Forceps_Foerster_Straight_Serrated_9.5in_closed_24_aug012.jpg","Sponge Holding Forceps Foerster Straight Serrated 9.5in","closed","24","12.0"
"D:\augmented_data_consistent_backgrounds\images\train\Sponge_Holding_Forceps_Foerster_Straight_Serrated_9.5in_closed_24_aug013.jpg","Sponge Holding Forceps Foerster Straight Serrated 9.5in","closed","24","13.0"
"D:\augmented_data_consistent_backgrounds\images\train\Sponge_Holding_Forceps_Foerster_Straight_Serrated_9.5in_closed_24_aug014.jpg","Sponge Holding Forceps Foerster Straight Serrated 9.5in","closed","24","14.0"
"D:\augmented_data_consistent_backgrounds\images\train\Sponge_Holding_Forceps_Foerster_Straight_Serrated_9.5in_closed_24_aug015.jpg","Sponge Holding Forceps Foerster Straight Serrated 9.5in","closed","24","15.0"
"D:\augmented_data_consistent_backgrounds\images\train\Sponge_Holding_Forceps_Foerster_Straight_Serrated_9.5in_closed_24_aug016.jpg","Sponge Holding Forceps Foerster Straight Serrated 9.5in","closed","24","16.0"
"D:\augmented_data_consistent_backgrounds\images\train\Sponge_Holding_Forceps_Foerster_Straight_Serrated_9.5in_closed_24_aug017.jpg","Sponge Holding Forceps Foerster Straight Serrated 9.5in","closed","24","17.0"
"D:\augmented_data_consistent_backgrounds\images\train\Sponge_Holding_Forceps_Foerster_Straight_Serrated_9.5in_closed_24_aug018.jpg","Sponge Holding Forceps Foerster Straight Serrated 9.5in","closed","24","18.0"
"D:\augmented_data_consistent_backgrounds\images\train\Sponge_Holding_Forceps_Foerster_Straight_Serrated_9.5in_closed_24_aug019.jpg","Sponge Holding Forceps Foerster Straight Serrated 9.5in","closed","24","19.0"
"D:\augmented_data_consistent_backgrounds\images\train\Sponge_Holding_Forceps_Foerster_Straight_Serrated_9.5in_closed_25.jpg","Sponge Holding Forceps Foerster Straight Serrated 9.5in","closed","25",""
"D:\augmented_data_consistent_backgrounds\images\train\Sponge_Holding_Forceps_Foerster_Straight_Serrated_9.5in_closed_25_aug000.jpg","Sponge Holding Forceps Foerster Straight Serrated 9.5in","closed","25","0.0"
"D:\augmented_data_consistent_backgrounds\images\train\Sponge_Holding_Forceps_Foerster_Straight_Serrated_9.5in_closed_25_aug002.jpg","Sponge Holding Forceps Foerster Straight Serrated 9.5in","closed","25","2.0"
"D:\augmented_data_consistent_backgrounds\images\train\Sponge_Holding_Forceps_Foerster_Straight_Serrated_9.5in_closed_25_aug003.jpg","Sponge Holding Forceps Foerster Straight Serrated 9.5in","closed","25","3.0"
"D:\augmented_data_consistent_backgrounds\images\train\Sponge_Holding_Forceps_Foerster_Straight_Serrated_9.5in_closed_25_aug004.jpg","Sponge Holding Forceps Foerster Straight Serrated 9.5in","closed","25","4.0"
"D:\augmented_data_consistent_backgrounds\images\train\Sponge_Holding_Forceps_Foerster_Straight_Serrated_9.5in_closed_25_aug005.jpg","Sponge Holding Forceps Foerster Straight Serrated 9.5in","closed","25","5.0"
"D:\augmented_data_consistent_backgrounds\images\train\Sponge_Holding_Forceps_Foerster_Straight_Serrated_9.5in_closed_25_aug006.jpg","Sponge Holding Forceps Foerster Straight Serrated 9.5in","closed","25","6.0"
"D:\augmented_data_consistent_backgrounds\images\train\Sponge_Holding_Forceps_Foerster_Straight_Serrated_9.5in_closed_25_aug007.jpg","Sponge Holding Forceps Foerster Straight Serrated 9.5in","closed","25","7.0"
"D:\augmented_data_consistent_backgrounds\images\train\Sponge_Holding_Forceps_Foerster_Straight_Serrated_9.5in_closed_25_aug008.jpg","Sponge Holding Forceps Foerster Straight Serrated 9.5in","closed","25","8.0"
"D:\augmented_data_consistent_backgrounds\images\train\Sponge_Holding_Forceps_Foerster_Straight_Serrated_9.5in_closed_25_aug010.jpg","Sponge Holding Forceps Foerster Straight Serrated 9.5in","closed","25","10.0"
"D:\augmented_data_consistent_backgrounds\images\train\Sponge_Holding_Forceps_Foerster_Straight_Serrated_9.5in_closed_25_aug012.jpg","Sponge Holding Forceps Foerster Straight Serrated 9.5in","closed","25","12.0"
"D:\augmented_data_consistent_backgrounds\images\train\Sponge_Holding_Forceps_Foerster_Straight_Serrated_9.5in_closed_25_aug014.jpg","Sponge Holding Forceps Foerster Straight Serrated 9.5in","closed","25","14.0"
"D:\augmented_data_consistent_backgrounds\images\train\Sponge_Holding_Forceps_Foerster_Straight_Serrated_9.5in_closed_25_aug015.jpg","Sponge Holding Forceps Foerster Straight Serrated 9.5in","closed","25","15.0"
"D:\augmented_data_consistent_backgrounds\images\train\Sponge_Holding_Forceps_Foerster_Straight_Serrated_9.5in_closed_25_aug016.jpg","Sponge Holding Forceps Foerster Straight Serrated 9.5in","closed","25","16.0"
"D:\augmented_data_consistent_backgrounds\images\train\Sponge_Holding_Forceps_Foerster_Straight_Serrated_9.5in_closed_25_aug017.jpg","Sponge Holding Forceps Foerster Straight Serrated 9.5in","closed","25","17.0"
"D:\augmented_data_consistent_backgrounds\images\train\Sponge_Holding_Forceps_Foerster_Straight_Serrated_9.5in_closed_25_aug018.jpg","Sponge Holding Forceps Foerster Straight Serrated 9.5in","closed","25","18.0"
"D:\augmented_data_consistent_backgrounds\images\train\Sponge_Holding_Forceps_Foerster_Straight_Serrated_9.5in_closed_25_aug019.jpg","Sponge Holding Forceps Foerster Straight Serrated 9.5in","closed","25","19.0"
"D:\augmented_data_consistent_backgrounds\images\train\Sponge_Holding_Forceps_Foerster_Straight_Serrated_9.5in_open_01.jpg","Sponge Holding Forceps Foerster Straight Serrated 9.5in","open","1",""
"D:\augmented_data_consistent_backgrounds\images\train\Sponge_Holding_Forceps_Foerster_Straight_Serrated_9.5in_open_01_aug001.jpg","Sponge Holding Forceps Foerster Straight Serrated 9.5in","open","1","1.0"
"D:\augmented_data_consistent_backgrounds\images\train\Sponge_Holding_Forceps_Foerster_Straight_Serrated_9.5in_open_01_aug002.jpg","Sponge Holding Forceps Foerster Straight Serrated 9.5in","open","1","2.0"
"D:\augmented_data_consistent_backgrounds\images\train\Sponge_Holding_Forceps_Foerster_Straight_Serrated_9.5in_open_01_aug004.jpg","Sponge Holding Forceps Foerster Straight Serrated 9.5in","open","1","4.0"
"D:\augmented_data_consistent_backgrounds\images\train\Sponge_Holding_Forceps_Foerster_Straight_Serrated_9.5in_open_01_aug007.jpg","Sponge Holding Forceps Foerster Straight Serrated 9.5in","open","1","7.0"
"D:\augmented_data_consistent_backgrounds\images\train\Sponge_Holding_Forceps_Foerster_Straight_Serrated_9.5in_open_01_aug009.jpg","Sponge Holding Forceps Foerster Straight Serrated 9.5in","open","1","9.0"
"D:\augmented_data_consistent_backgrounds\images\train\Sponge_Holding_Forceps_Foerster_Straight_Serrated_9.5in_open_01_aug012.jpg","Sponge Holding Forceps Foerster Straight Serrated 9.5in","open","1","12.0"
"D:\augmented_data_consistent_backgrounds\images\train\Sponge_Holding_Forceps_Foerster_Straight_Serrated_9.5in_open_01_aug014.jpg","Sponge Holding Forceps Foerster Straight Serrated 9.5in","open","1","14.0"
"D:\augmented_data_consistent_backgrounds\images\train\Sponge_Holding_Forceps_Foerster_Straight_Serrated_9.5in_open_01_aug015.jpg","Sponge Holding Forceps Foerster Straight Serrated 9.5in","open","1","15.0"
"D:\augmented_data_consistent_backgrounds\images\train\Sponge_Holding_Forceps_Foerster_Straight_Serrated_9.5in_open_01_aug016.jpg","Sponge Holding Forceps Foerster Straight Serrated 9.5in","open","1","16.0"
"D:\augmented_data_consistent_backgrounds\images\train\Sponge_Holding_Forceps_Foerster_Straight_Serrated_9.5in_open_01_aug017.jpg","Sponge Holding Forceps Foerster Straight Serrated 9.5in","open","1","17.0"
"D:\augmented_data_consistent_backgrounds\images\train\Sponge_Holding_Forceps_Foerster_Straight_Serrated_9.5in_open_01_aug018.jpg","Sponge Holding Forceps Foerster Straight Serrated 9.5in","open","1","18.0"
"D:\augmented_data_consistent_backgrounds\images\train\Sponge_Holding_Forceps_Foerster_Straight_Serrated_9.5in_open_01_aug019.jpg","Sponge Holding Forceps Foerster Straight Serrated 9.5in","open","1","19.0"
"D:\augmented_data_consistent_backgrounds\images\train\Sponge_Holding_Forceps_Foerster_Straight_Serrated_9.5in_open_02.jpg","Sponge Holding Forceps Foerster Straight Serrated 9.5in","open","2",""
"D:\augmented_data_consistent_backgrounds\images\train\Sponge_Holding_Forceps_Foerster_Straight_Serrated_9.5in_open_02_aug000.jpg","Sponge Holding Forceps Foerster Straight Serrated 9.5in","open","2","0.0"
"D:\augmented_data_consistent_backgrounds\images\train\Sponge_Holding_Forceps_Foerster_Straight_Serrated_9.5in_open_02_aug001.jpg","Sponge Holding Forceps Foerster Straight Serrated 9.5in","open","2","1.0"
"D:\augmented_data_consistent_backgrounds\images\train\Sponge_Holding_Forceps_Foerster_Straight_Serrated_9.5in_open_02_aug004.jpg","Sponge Holding Forceps Foerster Straight Serrated 9.5in","open","2","4.0"
"D:\augmented_data_consistent_backgrounds\images\train\Sponge_Holding_Forceps_Foerster_Straight_Serrated_9.5in_open_02_aug005.jpg","Sponge Holding Forceps Foerster Straight Serrated 9.5in","open","2","5.0"
"D:\augmented_data_consistent_backgrounds\images\train\Sponge_Holding_Forceps_Foerster_Straight_Serrated_9.5in_open_02_aug006.jpg","Sponge Holding Forceps Foerster Straight Serrated 9.5in","open","2","6.0"
"D:\augmented_data_consistent_backgrounds\images\train\Sponge_Holding_Forceps_Foerster_Straight_Serrated_9.5in_open_02_aug007.jpg","Sponge Holding Forceps Foerster Straight Serrated 9.5in","open","2","7.0"
"D:\augmented_data_consistent_backgrounds\images\train\Sponge_Holding_Forceps_Foerster_Straight_Serrated_9.5in_open_02_aug008.jpg","Sponge Holding Forceps Foerster Straight Serrated 9.5in","open","2","8.0"
"D:\augmented_data_consistent_backgrounds\images\train\Sponge_Holding_Forceps_Foerster_Straight_Serrated_9.5in_open_02_aug010.jpg","Sponge Holding Forceps Foerster Straight Serrated 9.5in","open","2","10.0"
"D:\augmented_data_consistent_backgrounds\images\train\Sponge_Holding_Forceps_Foerster_Straight_Serrated_9.5in_open_02_aug011.jpg","Sponge Holding Forceps Foerster Straight Serrated 9.5in","open","2","11.0"
"D:\augmented_data_consistent_backgrounds\images\train\Sponge_Holding_Forceps_Foerster_Straight_Serrated_9.5in_open_02_aug012.jpg","Sponge Holding Forceps Foerster Straight Serrated 9.5in","open","2","12.0"
"D:\augmented_data_consistent_backgrounds\images\train\Sponge_Holding_Forceps_Foerster_Straight_Serrated_9.5in_open_02_aug013.jpg","Sponge Holding Forceps Foerster Straight Serrated 9.5in","open","2","13.0"
"D:\augmented_data_consistent_backgrounds\images\train\Sponge_Holding_Forceps_Foerster_Straight_Serrated_9.5in_open_02_aug014.jpg","Sponge Holding Forceps Foerster Straight Serrated 9.5in","open","2","14.0"
"D:\augmented_data_consistent_backgrounds\images\train\Sponge_Holding_Forceps_Foerster_Straight_Serrated_9.5in_open_02_aug015.jpg","Sponge Holding Forceps Foerster Straight Serrated 9.5in","open","2","15.0"
"D:\augmented_data_consistent_backgrounds\images\train\Sponge_Holding_Forceps_Foerster_Straight_Serrated_9.5in_open_02_aug016.jpg","Sponge Holding Forceps Foerster Straight Serrated 9.5in","open","2","16.0"
"D:\augmented_data_consistent_backgrounds\images\train\Sponge_Holding_Forceps_Foerster_Straight_Serrated_9.5in_open_02_aug018.jpg","Sponge Holding Forceps Foerster Straight Serrated 9.5in","open","2","18.0"
"D:\augmented_data_consistent_backgrounds\images\train\Sponge_Holding_Forceps_Foerster_Straight_Serrated_9.5in_open_03.jpg","Sponge Holding Forceps Foerster Straight Serrated 9.5in","open","3",""
"D:\augmented_data_consistent_backgrounds\images\train\Sponge_Holding_Forceps_Foerster_Straight_Serrated_9.5in_open_03_aug000.jpg","Sponge Holding Forceps Foerster Straight Serrated 9.5in","open","3","0.0"
"D:\augmented_data_consistent_backgrounds\images\train\Sponge_Holding_Forceps_Foerster_Straight_Serrated_9.5in_open_03_aug003.jpg","Sponge Holding Forceps Foerster Straight Serrated 9.5in","open","3","3.0"
"D:\augmented_data_consistent_backgrounds\images\train\Sponge_Holding_Forceps_Foerster_Straight_Serrated_9.5in_open_03_aug004.jpg","Sponge Holding Forceps Foerster Straight Serrated 9.5in","open","3","4.0"
"D:\augmented_data_consistent_backgrounds\images\train\Sponge_Holding_Forceps_Foerster_Straight_Serrated_9.5in_open_03_aug005.jpg","Sponge Holding Forceps Foerster Straight Serrated 9.5in","open","3","5.0"
"D:\augmented_data_consistent_backgrounds\images\train\Sponge_Holding_Forceps_Foerster_Straight_Serrated_9.5in_open_03_aug006.jpg","Sponge Holding Forceps Foerster Straight Serrated 9.5in","open","3","6.0"
"D:\augmented_data_consistent_backgrounds\images\train\Sponge_Holding_Forceps_Foerster_Straight_Serrated_9.5in_open_03_aug007.jpg","Sponge Holding Forceps Foerster Straight Serrated 9.5in","open","3","7.0"
"D:\augmented_data_consistent_backgrounds\images\train\Sponge_Holding_Forceps_Foerster_Straight_Serrated_9.5in_open_03_aug008.jpg","Sponge Holding Forceps Foerster Straight Serrated 9.5in","open","3","8.0"
"D:\augmented_data_consistent_backgrounds\images\train\Sponge_Holding_Forceps_Foerster_Straight_Serrated_9.5in_open_03_aug010.jpg","Sponge Holding Forceps Foerster Straight Serrated 9.5in","open","3","10.0"
"D:\augmented_data_consistent_backgrounds\images\train\Sponge_Holding_Forceps_Foerster_Straight_Serrated_9.5in_open_03_aug011.jpg","Sponge Holding Forceps Foerster Straight Serrated 9.5in","open","3","11.0"
"D:\augmented_data_consistent_backgrounds\images\train\Sponge_Holding_Forceps_Foerster_Straight_Serrated_9.5in_open_03_aug012.jpg","Sponge Holding Forceps Foerster Straight Serrated 9.5in","open","3","12.0"
"D:\augmented_data_consistent_backgrounds\images\train\Sponge_Holding_Forceps_Foerster_Straight_Serrated_9.5in_open_03_aug013.jpg","Sponge Holding Forceps Foerster Straight Serrated 9.5in","open","3","13.0"
"D:\augmented_data_consistent_backgrounds\images\train\Sponge_Holding_Forceps_Foerster_Straight_Serrated_9.5in_open_03_aug014.jpg","Sponge Holding Forceps Foerster Straight Serrated 9.5in","open","3","14.0"
"D:\augmented_data_consistent_backgrounds\images\train\Sponge_Holding_Forceps_Foerster_Straight_Serrated_9.5in_open_03_aug015.jpg","Sponge Holding Forceps Foerster Straight Serrated 9.5in","open","3","15.0"
"D:\augmented_data_consistent_backgrounds\images\train\Sponge_Holding_Forceps_Foerster_Straight_Serrated_9.5in_open_03_aug016.jpg","Sponge Holding Forceps Foerster Straight Serrated 9.5in","open","3","16.0"
"D:\augmented_data_consistent_backgrounds\images\train\Sponge_Holding_Forceps_Foerster_Straight_Serrated_9.5in_open_03_aug017.jpg","Sponge Holding Forceps Foerster Straight Serrated 9.5in","open","3","17.0"
"D:\augmented_data_consistent_backgrounds\images\train\Sponge_Holding_Forceps_Foerster_Straight_Serrated_9.5in_open_03_aug018.jpg","Sponge Holding Forceps Foerster Straight Serrated 9.5in","open","3","18.0"
"D:\augmented_data_consistent_backgrounds\images\train\Sponge_Holding_Forceps_Foerster_Straight_Serrated_9.5in_open_03_aug019.jpg","Sponge Holding Forceps Foerster Straight Serrated 9.5in","open","3","19.0"
"D:\augmented_data_consistent_backgrounds\images\train\Sponge_Holding_Forceps_Foerster_Straight_Serrated_9.5in_open_04.jpg","Sponge Holding Forceps Foerster Straight Serrated 9.5in","open","4",""
"D:\augmented_data_consistent_backgrounds\images\train\Sponge_Holding_Forceps_Foerster_Straight_Serrated_9.5in_open_04_aug000.jpg","Sponge Holding Forceps Foerster Straight Serrated 9.5in","open","4","0.0"
"D:\augmented_data_consistent_backgrounds\images\train\Sponge_Holding_Forceps_Foerster_Straight_Serrated_9.5in_open_04_aug001.jpg","Sponge Holding Forceps Foerster Straight Serrated 9.5in","open","4","1.0"
"D:\augmented_data_consistent_backgrounds\images\train\Sponge_Holding_Forceps_Foerster_Straight_Serrated_9.5in_open_04_aug002.jpg","Sponge Holding Forceps Foerster Straight Serrated 9.5in","open","4","2.0"
"D:\augmented_data_consistent_backgrounds\images\train\Sponge_Holding_Forceps_Foerster_Straight_Serrated_9.5in_open_04_aug003.jpg","Sponge Holding Forceps Foerster Straight Serrated 9.5in","open","4","3.0"
"D:\augmented_data_consistent_backgrounds\images\train\Sponge_Holding_Forceps_Foerster_Straight_Serrated_9.5in_open_04_aug004.jpg","Sponge Holding Forceps Foerster Straight Serrated 9.5in","open","4","4.0"
"D:\augmented_data_consistent_backgrounds\images\train\Sponge_Holding_Forceps_Foerster_Straight_Serrated_9.5in_open_04_aug005.jpg","Sponge Holding Forceps Foerster Straight Serrated 9.5in","open","4","5.0"
"D:\augmented_data_consistent_backgrounds\images\train\Sponge_Holding_Forceps_Foerster_Straight_Serrated_9.5in_open_04_aug006.jpg","Sponge Holding Forceps Foerster Straight Serrated 9.5in","open","4","6.0"
"D:\augmented_data_consistent_backgrounds\images\train\Sponge_Holding_Forceps_Foerster_Straight_Serrated_9.5in_open_04_aug007.jpg","Sponge Holding Forceps Foerster Straight Serrated 9.5in","open","4","7.0"
"D:\augmented_data_consistent_backgrounds\images\train\Sponge_Holding_Forceps_Foerster_Straight_Serrated_9.5in_open_04_aug009.jpg","Sponge Holding Forceps Foerster Straight Serrated 9.5in","open","4","9.0"
"D:\augmented_data_consistent_backgrounds\images\train\Sponge_Holding_Forceps_Foerster_Straight_Serrated_9.5in_open_04_aug010.jpg","Sponge Holding Forceps Foerster Straight Serrated 9.5in","open","4","10.0"
"D:\augmented_data_consistent_backgrounds\images\train\Sponge_Holding_Forceps_Foerster_Straight_Serrated_9.5in_open_04_aug011.jpg","Sponge Holding Forceps Foerster Straight Serrated 9.5in","open","4","11.0"
"D:\augmented_data_consistent_backgrounds\images\train\Sponge_Holding_Forceps_Foerster_Straight_Serrated_9.5in_open_04_aug012.jpg","Sponge Holding Forceps Foerster Straight Serrated 9.5in","open","4","12.0"
"D:\augmented_data_consistent_backgrounds\images\train\Sponge_Holding_Forceps_Foerster_Straight_Serrated_9.5in_open_04_aug013.jpg","Sponge Holding Forceps Foerster Straight Serrated 9.5in","open","4","13.0"
"D:\augmented_data_consistent_backgrounds\images\train\Sponge_Holding_Forceps_Foerster_Straight_Serrated_9.5in_open_04_aug014.jpg","Sponge Holding Forceps Foerster Straight Serrated 9.5in","open","4","14.0"
"D:\augmented_data_consistent_backgrounds\images\train\Sponge_Holding_Forceps_Foerster_Straight_Serrated_9.5in_open_04_aug017.jpg","Sponge Holding Forceps Foerster Straight Serrated 9.5in","open","4","17.0"
"D:\augmented_data_consistent_backgrounds\images\train\Sponge_Holding_Forceps_Foerster_Straight_Serrated_9.5in_open_04_aug018.jpg","Sponge Holding Forceps Foerster Straight Serrated 9.5in","open","4","18.0"
"D:\augmented_data_consistent_backgrounds\images\train\Sponge_Holding_Forceps_Foerster_Straight_Serrated_9.5in_open_04_aug019.jpg","Sponge Holding Forceps Foerster Straight Serrated 9.5in","open","4","19.0"
"D:\augmented_data_consistent_backgrounds\images\train\Sponge_Holding_Forceps_Foerster_Straight_Serrated_9.5in_open_05.jpg","Sponge Holding Forceps Foerster Straight Serrated 9.5in","open","5",""
"D:\augmented_data_consistent_backgrounds\images\train\Sponge_Holding_Forceps_Foerster_Straight_Serrated_9.5in_open_05_aug001.jpg","Sponge Holding Forceps Foerster Straight Serrated 9.5in","open","5","1.0"
"D:\augmented_data_consistent_backgrounds\images\train\Sponge_Holding_Forceps_Foerster_Straight_Serrated_9.5in_open_05_aug003.jpg","Sponge Holding Forceps Foerster Straight Serrated 9.5in","open","5","3.0"
"D:\augmented_data_consistent_backgrounds\images\train\Sponge_Holding_Forceps_Foerster_Straight_Serrated_9.5in_open_05_aug004.jpg","Sponge Holding Forceps Foerster Straight Serrated 9.5in","open","5","4.0"
"D:\augmented_data_consistent_backgrounds\images\train\Sponge_Holding_Forceps_Foerster_Straight_Serrated_9.5in_open_05_aug005.jpg","Sponge Holding Forceps Foerster Straight Serrated 9.5in","open","5","5.0"
"D:\augmented_data_consistent_backgrounds\images\train\Sponge_Holding_Forceps_Foerster_Straight_Serrated_9.5in_open_05_aug006.jpg","Sponge Holding Forceps Foerster Straight Serrated 9.5in","open","5","6.0"
"D:\augmented_data_consistent_backgrounds\images\train\Sponge_Holding_Forceps_Foerster_Straight_Serrated_9.5in_open_05_aug007.jpg","Sponge Holding Forceps Foerster Straight Serrated 9.5in","open","5","7.0"
"D:\augmented_data_consistent_backgrounds\images\train\Sponge_Holding_Forceps_Foerster_Straight_Serrated_9.5in_open_05_aug008.jpg","Sponge Holding Forceps Foerster Straight Serrated 9.5in","open","5","8.0"
"D:\augmented_data_consistent_backgrounds\images\train\Sponge_Holding_Forceps_Foerster_Straight_Serrated_9.5in_open_05_aug010.jpg","Sponge Holding Forceps Foerster Straight Serrated 9.5in","open","5","10.0"
"D:\augmented_data_consistent_backgrounds\images\train\Sponge_Holding_Forceps_Foerster_Straight_Serrated_9.5in_open_05_aug012.jpg","Sponge Holding Forceps Foerster Straight Serrated 9.5in","open","5","12.0"
"D:\augmented_data_consistent_backgrounds\images\train\Sponge_Holding_Forceps_Foerster_Straight_Serrated_9.5in_open_05_aug015.jpg","Sponge Holding Forceps Foerster Straight Serrated 9.5in","open","5","15.0"
"D:\augmented_data_consistent_backgrounds\images\train\Sponge_Holding_Forceps_Foerster_Straight_Serrated_9.5in_open_05_aug017.jpg","Sponge Holding Forceps Foerster Straight Serrated 9.5in","open","5","17.0"
"D:\augmented_data_consistent_backgrounds\images\train\Sponge_Holding_Forceps_Foerster_Straight_Serrated_9.5in_open_05_aug018.jpg","Sponge Holding Forceps Foerster Straight Serrated 9.5in","open","5","18.0"
"D:\augmented_data_consistent_backgrounds\images\train\Sponge_Holding_Forceps_Foerster_Straight_Serrated_9.5in_open_05_aug019.jpg","Sponge Holding Forceps Foerster Straight Serrated 9.5in","open","5","19.0"
"D:\augmented_data_consistent_backgrounds\images\train\Sponge_Holding_Forceps_Foerster_Straight_Serrated_9.5in_open_06_aug001.jpg","Sponge Holding Forceps Foerster Straight Serrated 9.5in","open","6","1.0"
"D:\augmented_data_consistent_backgrounds\images\train\Sponge_Holding_Forceps_Foerster_Straight_Serrated_9.5in_open_06_aug002.jpg","Sponge Holding Forceps Foerster Straight Serrated 9.5in","open","6","2.0"
"D:\augmented_data_consistent_backgrounds\images\train\Sponge_Holding_Forceps_Foerster_Straight_Serrated_9.5in_open_06_aug003.jpg","Sponge Holding Forceps Foerster Straight Serrated 9.5in","open","6","3.0"
"D:\augmented_data_consistent_backgrounds\images\train\Sponge_Holding_Forceps_Foerster_Straight_Serrated_9.5in_open_06_aug004.jpg","Sponge Holding Forceps Foerster Straight Serrated 9.5in","open","6","4.0"
"D:\augmented_data_consistent_backgrounds\images\train\Sponge_Holding_Forceps_Foerster_Straight_Serrated_9.5in_open_06_aug005.jpg","Sponge Holding Forceps Foerster Straight Serrated 9.5in","open","6","5.0"
"D:\augmented_data_consistent_backgrounds\images\train\Sponge_Holding_Forceps_Foerster_Straight_Serrated_9.5in_open_06_aug006.jpg","Sponge Holding Forceps Foerster Straight Serrated 9.5in","open","6","6.0"
"D:\augmented_data_consistent_backgrounds\images\train\Sponge_Holding_Forceps_Foerster_Straight_Serrated_9.5in_open_06_aug007.jpg","Sponge Holding Forceps Foerster Straight Serrated 9.5in","open","6","7.0"
"D:\augmented_data_consistent_backgrounds\images\train\Sponge_Holding_Forceps_Foerster_Straight_Serrated_9.5in_open_06_aug009.jpg","Sponge Holding Forceps Foerster Straight Serrated 9.5in","open","6","9.0"
"D:\augmented_data_consistent_backgrounds\images\train\Sponge_Holding_Forceps_Foerster_Straight_Serrated_9.5in_open_06_aug010.jpg","Sponge Holding Forceps Foerster Straight Serrated 9.5in","open","6","10.0"
"D:\augmented_data_consistent_backgrounds\images\train\Sponge_Holding_Forceps_Foerster_Straight_Serrated_9.5in_open_06_aug011.jpg","Sponge Holding Forceps Foerster Straight Serrated 9.5in","open","6","11.0"
"D:\augmented_data_consistent_backgrounds\images\train\Sponge_Holding_Forceps_Foerster_Straight_Serrated_9.5in_open_06_aug012.jpg","Sponge Holding Forceps Foerster Straight Serrated 9.5in","open","6","12.0"
"D:\augmented_data_consistent_backgrounds\images\train\Sponge_Holding_Forceps_Foerster_Straight_Serrated_9.5in_open_06_aug014.jpg","Sponge Holding Forceps Foerster Straight Serrated 9.5in","open","6","14.0"
"D:\augmented_data_consistent_backgrounds\images\train\Sponge_Holding_Forceps_Foerster_Straight_Serrated_9.5in_open_06_aug015.jpg","Sponge Holding Forceps Foerster Straight Serrated 9.5in","open","6","15.0"
"D:\augmented_data_consistent_backgrounds\images\train\Sponge_Holding_Forceps_Foerster_Straight_Serrated_9.5in_open_06_aug016.jpg","Sponge Holding Forceps Foerster Straight Serrated 9.5in","open","6","16.0"
"D:\augmented_data_consistent_backgrounds\images\train\Sponge_Holding_Forceps_Foerster_Straight_Serrated_9.5in_open_06_aug017.jpg","Sponge Holding Forceps Foerster Straight Serrated 9.5in","open","6","17.0"
"D:\augmented_data_consistent_backgrounds\images\train\Sponge_Holding_Forceps_Foerster_Straight_Serrated_9.5in_open_06_aug018.jpg","Sponge Holding Forceps Foerster Straight Serrated 9.5in","open","6","18.0"
"D:\augmented_data_consistent_backgrounds\images\train\Sponge_Holding_Forceps_Foerster_Straight_Serrated_9.5in_open_06_aug019.jpg","Sponge Holding Forceps Foerster Straight Serrated 9.5in","open","6","19.0"
"D:\augmented_data_consistent_backgrounds\images\train\Sponge_Holding_Forceps_Foerster_Straight_Serrated_9.5in_open_07.jpg","Sponge Holding Forceps Foerster Straight Serrated 9.5in","open","7",""
"D:\augmented_data_consistent_backgrounds\images\train\Sponge_Holding_Forceps_Foerster_Straight_Serrated_9.5in_open_07_aug000.jpg","Sponge Holding Forceps Foerster Straight Serrated 9.5in","open","7","0.0"
"D:\augmented_data_consistent_backgrounds\images\train\Sponge_Holding_Forceps_Foerster_Straight_Serrated_9.5in_open_07_aug001.jpg","Sponge Holding Forceps Foerster Straight Serrated 9.5in","open","7","1.0"
"D:\augmented_data_consistent_backgrounds\images\train\Sponge_Holding_Forceps_Foerster_Straight_Serrated_9.5in_open_07_aug002.jpg","Sponge Holding Forceps Foerster Straight Serrated 9.5in","open","7","2.0"
"D:\augmented_data_consistent_backgrounds\images\train\Sponge_Holding_Forceps_Foerster_Straight_Serrated_9.5in_open_07_aug003.jpg","Sponge Holding Forceps Foerster Straight Serrated 9.5in","open","7","3.0"
"D:\augmented_data_consistent_backgrounds\images\train\Sponge_Holding_Forceps_Foerster_Straight_Serrated_9.5in_open_07_aug004.jpg","Sponge Holding Forceps Foerster Straight Serrated 9.5in","open","7","4.0"
"D:\augmented_data_consistent_backgrounds\images\train\Sponge_Holding_Forceps_Foerster_Straight_Serrated_9.5in_open_07_aug005.jpg","Sponge Holding Forceps Foerster Straight Serrated 9.5in","open","7","5.0"
"D:\augmented_data_consistent_backgrounds\images\train\Sponge_Holding_Forceps_Foerster_Straight_Serrated_9.5in_open_07_aug006.jpg","Sponge Holding Forceps Foerster Straight Serrated 9.5in","open","7","6.0"
"D:\augmented_data_consistent_backgrounds\images\train\Sponge_Holding_Forceps_Foerster_Straight_Serrated_9.5in_open_07_aug007.jpg","Sponge Holding Forceps Foerster Straight Serrated 9.5in","open","7","7.0"
"D:\augmented_data_consistent_backgrounds\images\train\Sponge_Holding_Forceps_Foerster_Straight_Serrated_9.5in_open_07_aug008.jpg","Sponge Holding Forceps Foerster Straight Serrated 9.5in","open","7","8.0"
"D:\augmented_data_consistent_backgrounds\images\train\Sponge_Holding_Forceps_Foerster_Straight_Serrated_9.5in_open_07_aug009.jpg","Sponge Holding Forceps Foerster Straight Serrated 9.5in","open","7","9.0"
"D:\augmented_data_consistent_backgrounds\images\train\Sponge_Holding_Forceps_Foerster_Straight_Serrated_9.5in_open_07_aug010.jpg","Sponge Holding Forceps Foerster Straight Serrated 9.5in","open","7","10.0"
"D:\augmented_data_consistent_backgrounds\images\train\Sponge_Holding_Forceps_Foerster_Straight_Serrated_9.5in_open_07_aug012.jpg","Sponge Holding Forceps Foerster Straight Serrated 9.5in","open","7","12.0"
"D:\augmented_data_consistent_backgrounds\images\train\Sponge_Holding_Forceps_Foerster_Straight_Serrated_9.5in_open_07_aug013.jpg","Sponge Holding Forceps Foerster Straight Serrated 9.5in","open","7","13.0"
"D:\augmented_data_consistent_backgrounds\images\train\Sponge_Holding_Forceps_Foerster_Straight_Serrated_9.5in_open_07_aug014.jpg","Sponge Holding Forceps Foerster Straight Serrated 9.5in","open","7","14.0"
"D:\augmented_data_consistent_backgrounds\images\train\Sponge_Holding_Forceps_Foerster_Straight_Serrated_9.5in_open_07_aug015.jpg","Sponge Holding Forceps Foerster Straight Serrated 9.5in","open","7","15.0"
"D:\augmented_data_consistent_backgrounds\images\train\Sponge_Holding_Forceps_Foerster_Straight_Serrated_9.5in_open_07_aug017.jpg","Sponge Holding Forceps Foerster Straight Serrated 9.5in","open","7","17.0"
"D:\augmented_data_consistent_backgrounds\images\train\Sponge_Holding_Forceps_Foerster_Straight_Serrated_9.5in_open_07_aug018.jpg","Sponge Holding Forceps Foerster Straight Serrated 9.5in","open","7","18.0"
"D:\augmented_data_consistent_backgrounds\images\train\Sponge_Holding_Forceps_Foerster_Straight_Serrated_9.5in_open_07_aug019.jpg","Sponge Holding Forceps Foerster Straight Serrated 9.5in","open","7","19.0"
"D:\augmented_data_consistent_backgrounds\images\train\Sponge_Holding_Forceps_Foerster_Straight_Serrated_9.5in_open_08_aug000.jpg","Sponge Holding Forceps Foerster Straight Serrated 9.5in","open","8","0.0"
"D:\augmented_data_consistent_backgrounds\images\train\Sponge_Holding_Forceps_Foerster_Straight_Serrated_9.5in_open_08_aug001.jpg","Sponge Holding Forceps Foerster Straight Serrated 9.5in","open","8","1.0"
"D:\augmented_data_consistent_backgrounds\images\train\Sponge_Holding_Forceps_Foerster_Straight_Serrated_9.5in_open_08_aug002.jpg","Sponge Holding Forceps Foerster Straight Serrated 9.5in","open","8","2.0"
"D:\augmented_data_consistent_backgrounds\images\train\Sponge_Holding_Forceps_Foerster_Straight_Serrated_9.5in_open_08_aug004.jpg","Sponge Holding Forceps Foerster Straight Serrated 9.5in","open","8","4.0"
"D:\augmented_data_consistent_backgrounds\images\train\Sponge_Holding_Forceps_Foerster_Straight_Serrated_9.5in_open_08_aug005.jpg","Sponge Holding Forceps Foerster Straight Serrated 9.5in","open","8","5.0"
"D:\augmented_data_consistent_backgrounds\images\train\Sponge_Holding_Forceps_Foerster_Straight_Serrated_9.5in_open_08_aug006.jpg","Sponge Holding Forceps Foerster Straight Serrated 9.5in","open","8","6.0"
"D:\augmented_data_consistent_backgrounds\images\train\Sponge_Holding_Forceps_Foerster_Straight_Serrated_9.5in_open_08_aug007.jpg","Sponge Holding Forceps Foerster Straight Serrated 9.5in","open","8","7.0"
"D:\augmented_data_consistent_backgrounds\images\train\Sponge_Holding_Forceps_Foerster_Straight_Serrated_9.5in_open_08_aug008.jpg","Sponge Holding Forceps Foerster Straight Serrated 9.5in","open","8","8.0"
"D:\augmented_data_consistent_backgrounds\images\train\Sponge_Holding_Forceps_Foerster_Straight_Serrated_9.5in_open_08_aug009.jpg","Sponge Holding Forceps Foerster Straight Serrated 9.5in","open","8","9.0"
"D:\augmented_data_consistent_backgrounds\images\train\Sponge_Holding_Forceps_Foerster_Straight_Serrated_9.5in_open_08_aug010.jpg","Sponge Holding Forceps Foerster Straight Serrated 9.5in","open","8","10.0"
"D:\augmented_data_consistent_backgrounds\images\train\Sponge_Holding_Forceps_Foerster_Straight_Serrated_9.5in_open_08_aug011.jpg","Sponge Holding Forceps Foerster Straight Serrated 9.5in","open","8","11.0"
"D:\augmented_data_consistent_backgrounds\images\train\Sponge_Holding_Forceps_Foerster_Straight_Serrated_9.5in_open_08_aug012.jpg","Sponge Holding Forceps Foerster Straight Serrated 9.5in","open","8","12.0"
"D:\augmented_data_consistent_backgrounds\images\train\Sponge_Holding_Forceps_Foerster_Straight_Serrated_9.5in_open_08_aug013.jpg","Sponge Holding Forceps Foerster Straight Serrated 9.5in","open","8","13.0"
"D:\augmented_data_consistent_backgrounds\images\train\Sponge_Holding_Forceps_Foerster_Straight_Serrated_9.5in_open_08_aug014.jpg","Sponge Holding Forceps Foerster Straight Serrated 9.5in","open","8","14.0"
"D:\augmented_data_consistent_backgrounds\images\train\Sponge_Holding_Forceps_Foerster_Straight_Serrated_9.5in_open_08_aug015.jpg","Sponge Holding Forceps Foerster Straight Serrated 9.5in","open","8","15.0"
"D:\augmented_data_consistent_backgrounds\images\train\Sponge_Holding_Forceps_Foerster_Straight_Serrated_9.5in_open_08_aug016.jpg","Sponge Holding Forceps Foerster Straight Serrated 9.5in","open","8","16.0"
"D:\augmented_data_consistent_backgrounds\images\train\Sponge_Holding_Forceps_Foerster_Straight_Serrated_9.5in_open_08_aug018.jpg","Sponge Holding Forceps Foerster Straight Serrated 9.5in","open","8","18.0"
"D:\augmented_data_consistent_backgrounds\images\train\Sponge_Holding_Forceps_Foerster_Straight_Serrated_9.5in_open_08_aug019.jpg","Sponge Holding Forceps Foerster Straight Serrated 9.5in","open","8","19.0"
"D:\augmented_data_consistent_backgrounds\images\train\Sponge_Holding_Forceps_Foerster_Straight_Serrated_9.5in_open_09.jpg","Sponge Holding Forceps Foerster Straight Serrated 9.5in","open","9",""
"D:\augmented_data_consistent_backgrounds\images\train\Sponge_Holding_Forceps_Foerster_Straight_Serrated_9.5in_open_09_aug000.jpg","Sponge Holding Forceps Foerster Straight Serrated 9.5in","open","9","0.0"
"D:\augmented_data_consistent_backgrounds\images\train\Sponge_Holding_Forceps_Foerster_Straight_Serrated_9.5in_open_09_aug001.jpg","Sponge Holding Forceps Foerster Straight Serrated 9.5in","open","9","1.0"
"D:\augmented_data_consistent_backgrounds\images\train\Sponge_Holding_Forceps_Foerster_Straight_Serrated_9.5in_open_09_aug002.jpg","Sponge Holding Forceps Foerster Straight Serrated 9.5in","open","9","2.0"
"D:\augmented_data_consistent_backgrounds\images\train\Sponge_Holding_Forceps_Foerster_Straight_Serrated_9.5in_open_09_aug003.jpg","Sponge Holding Forceps Foerster Straight Serrated 9.5in","open","9","3.0"
"D:\augmented_data_consistent_backgrounds\images\train\Sponge_Holding_Forceps_Foerster_Straight_Serrated_9.5in_open_09_aug004.jpg","Sponge Holding Forceps Foerster Straight Serrated 9.5in","open","9","4.0"
"D:\augmented_data_consistent_backgrounds\images\train\Sponge_Holding_Forceps_Foerster_Straight_Serrated_9.5in_open_09_aug005.jpg","Sponge Holding Forceps Foerster Straight Serrated 9.5in","open","9","5.0"
"D:\augmented_data_consistent_backgrounds\images\train\Sponge_Holding_Forceps_Foerster_Straight_Serrated_9.5in_open_09_aug006.jpg","Sponge Holding Forceps Foerster Straight Serrated 9.5in","open","9","6.0"
"D:\augmented_data_consistent_backgrounds\images\train\Sponge_Holding_Forceps_Foerster_Straight_Serrated_9.5in_open_09_aug007.jpg","Sponge Holding Forceps Foerster Straight Serrated 9.5in","open","9","7.0"
"D:\augmented_data_consistent_backgrounds\images\train\Sponge_Holding_Forceps_Foerster_Straight_Serrated_9.5in_open_09_aug008.jpg","Sponge Holding Forceps Foerster Straight Serrated 9.5in","open","9","8.0"
"D:\augmented_data_consistent_backgrounds\images\train\Sponge_Holding_Forceps_Foerster_Straight_Serrated_9.5in_open_09_aug009.jpg","Sponge Holding Forceps Foerster Straight Serrated 9.5in","open","9","9.0"
"D:\augmented_data_consistent_backgrounds\images\train\Sponge_Holding_Forceps_Foerster_Straight_Serrated_9.5in_open_09_aug010.jpg","Sponge Holding Forceps Foerster Straight Serrated 9.5in","open","9","10.0"
"D:\augmented_data_consistent_backgrounds\images\train\Sponge_Holding_Forceps_Foerster_Straight_Serrated_9.5in_open_09_aug011.jpg","Sponge Holding Forceps Foerster Straight Serrated 9.5in","open","9","11.0"
"D:\augmented_data_consistent_backgrounds\images\train\Sponge_Holding_Forceps_Foerster_Straight_Serrated_9.5in_open_09_aug012.jpg","Sponge Holding Forceps Foerster Straight Serrated 9.5in","open","9","12.0"
"D:\augmented_data_consistent_backgrounds\images\train\Sponge_Holding_Forceps_Foerster_Straight_Serrated_9.5in_open_09_aug013.jpg","Sponge Holding Forceps Foerster Straight Serrated 9.5in","open","9","13.0"
"D:\augmented_data_consistent_backgrounds\images\train\Sponge_Holding_Forceps_Foerster_Straight_Serrated_9.5in_open_09_aug014.jpg","Sponge Holding Forceps Foerster Straight Serrated 9.5in","open","9","14.0"
"D:\augmented_data_consistent_backgrounds\images\train\Sponge_Holding_Forceps_Foerster_Straight_Serrated_9.5in_open_09_aug015.jpg","Sponge Holding Forceps Foerster Straight Serrated 9.5in","open","9","15.0"
"D:\augmented_data_consistent_backgrounds\images\train\Sponge_Holding_Forceps_Foerster_Straight_Serrated_9.5in_open_09_aug016.jpg","Sponge Holding Forceps Foerster Straight Serrated 9.5in","open","9","16.0"
"D:\augmented_data_consistent_backgrounds\images\train\Sponge_Holding_Forceps_Foerster_Straight_Serrated_9.5in_open_09_aug017.jpg","Sponge Holding Forceps Foerster Straight Serrated 9.5in","open","9","17.0"
"D:\augmented_data_consistent_backgrounds\images\train\Sponge_Holding_Forceps_Foerster_Straight_Serrated_9.5in_open_09_aug018.jpg","Sponge Holding Forceps Foerster Straight Serrated 9.5in","open","9","18.0"
"D:\augmented_data_consistent_backgrounds\images\train\Sponge_Holding_Forceps_Foerster_Straight_Serrated_9.5in_open_09_aug019.jpg","Sponge Holding Forceps Foerster Straight Serrated 9.5in","open","9","19.0"
"D:\augmented_data_consistent_backgrounds\images\train\Sponge_Holding_Forceps_Foerster_Straight_Serrated_9.5in_open_10.jpg","Sponge Holding Forceps Foerster Straight Serrated 9.5in","open","10",""
"D:\augmented_data_consistent_backgrounds\images\train\Sponge_Holding_Forceps_Foerster_Straight_Serrated_9.5in_open_10_aug000.jpg","Sponge Holding Forceps Foerster Straight Serrated 9.5in","open","10","0.0"
"D:\augmented_data_consistent_backgrounds\images\train\Sponge_Holding_Forceps_Foerster_Straight_Serrated_9.5in_open_10_aug001.jpg","Sponge Holding Forceps Foerster Straight Serrated 9.5in","open","10","1.0"
"D:\augmented_data_consistent_backgrounds\images\train\Sponge_Holding_Forceps_Foerster_Straight_Serrated_9.5in_open_10_aug002.jpg","Sponge Holding Forceps Foerster Straight Serrated 9.5in","open","10","2.0"
"D:\augmented_data_consistent_backgrounds\images\train\Sponge_Holding_Forceps_Foerster_Straight_Serrated_9.5in_open_10_aug003.jpg","Sponge Holding Forceps Foerster Straight Serrated 9.5in","open","10","3.0"
"D:\augmented_data_consistent_backgrounds\images\train\Sponge_Holding_Forceps_Foerster_Straight_Serrated_9.5in_open_10_aug004.jpg","Sponge Holding Forceps Foerster Straight Serrated 9.5in","open","10","4.0"
"D:\augmented_data_consistent_backgrounds\images\train\Sponge_Holding_Forceps_Foerster_Straight_Serrated_9.5in_open_10_aug005.jpg","Sponge Holding Forceps Foerster Straight Serrated 9.5in","open","10","5.0"
"D:\augmented_data_consistent_backgrounds\images\train\Sponge_Holding_Forceps_Foerster_Straight_Serrated_9.5in_open_10_aug006.jpg","Sponge Holding Forceps Foerster Straight Serrated 9.5in","open","10","6.0"
"D:\augmented_data_consistent_backgrounds\images\train\Sponge_Holding_Forceps_Foerster_Straight_Serrated_9.5in_open_10_aug010.jpg","Sponge Holding Forceps Foerster Straight Serrated 9.5in","open","10","10.0"
"D:\augmented_data_consistent_backgrounds\images\train\Sponge_Holding_Forceps_Foerster_Straight_Serrated_9.5in_open_10_aug012.jpg","Sponge Holding Forceps Foerster Straight Serrated 9.5in","open","10","12.0"
"D:\augmented_data_consistent_backgrounds\images\train\Sponge_Holding_Forceps_Foerster_Straight_Serrated_9.5in_open_10_aug013.jpg","Sponge Holding Forceps Foerster Straight Serrated 9.5in","open","10","13.0"
"D:\augmented_data_consistent_backgrounds\images\train\Sponge_Holding_Forceps_Foerster_Straight_Serrated_9.5in_open_10_aug014.jpg","Sponge Holding Forceps Foerster Straight Serrated 9.5in","open","10","14.0"
"D:\augmented_data_consistent_backgrounds\images\train\Sponge_Holding_Forceps_Foerster_Straight_Serrated_9.5in_open_10_aug015.jpg","Sponge Holding Forceps Foerster Straight Serrated 9.5in","open","10","15.0"
"D:\augmented_data_consistent_backgrounds\images\train\Sponge_Holding_Forceps_Foerster_Straight_Serrated_9.5in_open_10_aug016.jpg","Sponge Holding Forceps Foerster Straight Serrated 9.5in","open","10","16.0"
"D:\augmented_data_consistent_backgrounds\images\train\Sponge_Holding_Forceps_Foerster_Straight_Serrated_9.5in_open_10_aug017.jpg","Sponge Holding Forceps Foerster Straight Serrated 9.5in","open","10","17.0"
"D:\augmented_data_consistent_backgrounds\images\train\Sponge_Holding_Forceps_Foerster_Straight_Serrated_9.5in_open_10_aug019.jpg","Sponge Holding Forceps Foerster Straight Serrated 9.5in","open","10","19.0"
"D:\augmented_data_consistent_backgrounds\images\train\Sponge_Holding_Forceps_Foerster_Straight_Serrated_9.5in_open_11.jpg","Sponge Holding Forceps Foerster Straight Serrated 9.5in","open","11",""
"D:\augmented_data_consistent_backgrounds\images\train\Sponge_Holding_Forceps_Foerster_Straight_Serrated_9.5in_open_11_aug000.jpg","Sponge Holding Forceps Foerster Straight Serrated 9.5in","open","11","0.0"
"D:\augmented_data_consistent_backgrounds\images\train\Sponge_Holding_Forceps_Foerster_Straight_Serrated_9.5in_open_11_aug001.jpg","Sponge Holding Forceps Foerster Straight Serrated 9.5in","open","11","1.0"
"D:\augmented_data_consistent_backgrounds\images\train\Sponge_Holding_Forceps_Foerster_Straight_Serrated_9.5in_open_11_aug002.jpg","Sponge Holding Forceps Foerster Straight Serrated 9.5in","open","11","2.0"
"D:\augmented_data_consistent_backgrounds\images\train\Sponge_Holding_Forceps_Foerster_Straight_Serrated_9.5in_open_11_aug004.jpg","Sponge Holding Forceps Foerster Straight Serrated 9.5in","open","11","4.0"
"D:\augmented_data_consistent_backgrounds\images\train\Sponge_Holding_Forceps_Foerster_Straight_Serrated_9.5in_open_11_aug005.jpg","Sponge Holding Forceps Foerster Straight Serrated 9.5in","open","11","5.0"
"D:\augmented_data_consistent_backgrounds\images\train\Sponge_Holding_Forceps_Foerster_Straight_Serrated_9.5in_open_11_aug007.jpg","Sponge Holding Forceps Foerster Straight Serrated 9.5in","open","11","7.0"
"D:\augmented_data_consistent_backgrounds\images\train\Sponge_Holding_Forceps_Foerster_Straight_Serrated_9.5in_open_11_aug008.jpg","Sponge Holding Forceps Foerster Straight Serrated 9.5in","open","11","8.0"
"D:\augmented_data_consistent_backgrounds\images\train\Sponge_Holding_Forceps_Foerster_Straight_Serrated_9.5in_open_11_aug009.jpg","Sponge Holding Forceps Foerster Straight Serrated 9.5in","open","11","9.0"
"D:\augmented_data_consistent_backgrounds\images\train\Sponge_Holding_Forceps_Foerster_Straight_Serrated_9.5in_open_11_aug011.jpg","Sponge Holding Forceps Foerster Straight Serrated 9.5in","open","11","11.0"
"D:\augmented_data_consistent_backgrounds\images\train\Sponge_Holding_Forceps_Foerster_Straight_Serrated_9.5in_open_11_aug012.jpg","Sponge Holding Forceps Foerster Straight Serrated 9.5in","open","11","12.0"
"D:\augmented_data_consistent_backgrounds\images\train\Sponge_Holding_Forceps_Foerster_Straight_Serrated_9.5in_open_11_aug013.jpg","Sponge Holding Forceps Foerster Straight Serrated 9.5in","open","11","13.0"
"D:\augmented_data_consistent_backgrounds\images\train\Sponge_Holding_Forceps_Foerster_Straight_Serrated_9.5in_open_11_aug014.jpg","Sponge Holding Forceps Foerster Straight Serrated 9.5in","open","11","14.0"
"D:\augmented_data_consistent_backgrounds\images\train\Sponge_Holding_Forceps_Foerster_Straight_Serrated_9.5in_open_11_aug015.jpg","Sponge Holding Forceps Foerster Straight Serrated 9.5in","open","11","15.0"
"D:\augmented_data_consistent_backgrounds\images\train\Sponge_Holding_Forceps_Foerster_Straight_Serrated_9.5in_open_11_aug017.jpg","Sponge Holding Forceps Foerster Straight Serrated 9.5in","open","11","17.0"
"D:\augmented_data_consistent_backgrounds\images\train\Sponge_Holding_Forceps_Foerster_Straight_Serrated_9.5in_open_11_aug018.jpg","Sponge Holding Forceps Foerster Straight Serrated 9.5in","open","11","18.0"
"D:\augmented_data_consistent_backgrounds\images\train\Sponge_Holding_Forceps_Foerster_Straight_Serrated_9.5in_open_11_aug019.jpg","Sponge Holding Forceps Foerster Straight Serrated 9.5in","open","11","19.0"
"D:\augmented_data_consistent_backgrounds\images\train\Sponge_Holding_Forceps_Foerster_Straight_Serrated_9.5in_open_12.jpg","Sponge Holding Forceps Foerster Straight Serrated 9.5in","open","12",""
"D:\augmented_data_consistent_backgrounds\images\train\Sponge_Holding_Forceps_Foerster_Straight_Serrated_9.5in_open_12_aug000.jpg","Sponge Holding Forceps Foerster Straight Serrated 9.5in","open","12","0.0"
"D:\augmented_data_consistent_backgrounds\images\train\Sponge_Holding_Forceps_Foerster_Straight_Serrated_9.5in_open_12_aug001.jpg","Sponge Holding Forceps Foerster Straight Serrated 9.5in","open","12","1.0"
"D:\augmented_data_consistent_backgrounds\images\train\Sponge_Holding_Forceps_Foerster_Straight_Serrated_9.5in_open_12_aug002.jpg","Sponge Holding Forceps Foerster Straight Serrated 9.5in","open","12","2.0"
"D:\augmented_data_consistent_backgrounds\images\train\Sponge_Holding_Forceps_Foerster_Straight_Serrated_9.5in_open_12_aug004.jpg","Sponge Holding Forceps Foerster Straight Serrated 9.5in","open","12","4.0"
"D:\augmented_data_consistent_backgrounds\images\train\Sponge_Holding_Forceps_Foerster_Straight_Serrated_9.5in_open_12_aug005.jpg","Sponge Holding Forceps Foerster Straight Serrated 9.5in","open","12","5.0"
"D:\augmented_data_consistent_backgrounds\images\train\Sponge_Holding_Forceps_Foerster_Straight_Serrated_9.5in_open_12_aug006.jpg","Sponge Holding Forceps Foerster Straight Serrated 9.5in","open","12","6.0"
"D:\augmented_data_consistent_backgrounds\images\train\Sponge_Holding_Forceps_Foerster_Straight_Serrated_9.5in_open_12_aug008.jpg","Sponge Holding Forceps Foerster Straight Serrated 9.5in","open","12","8.0"
"D:\augmented_data_consistent_backgrounds\images\train\Sponge_Holding_Forceps_Foerster_Straight_Serrated_9.5in_open_12_aug009.jpg","Sponge Holding Forceps Foerster Straight Serrated 9.5in","open","12","9.0"
"D:\augmented_data_consistent_backgrounds\images\train\Sponge_Holding_Forceps_Foerster_Straight_Serrated_9.5in_open_12_aug011.jpg","Sponge Holding Forceps Foerster Straight Serrated 9.5in","open","12","11.0"
"D:\augmented_data_consistent_backgrounds\images\train\Sponge_Holding_Forceps_Foerster_Straight_Serrated_9.5in_open_12_aug012.jpg","Sponge Holding Forceps Foerster Straight Serrated 9.5in","open","12","12.0"
"D:\augmented_data_consistent_backgrounds\images\train\Sponge_Holding_Forceps_Foerster_Straight_Serrated_9.5in_open_12_aug013.jpg","Sponge Holding Forceps Foerster Straight Serrated 9.5in","open","12","13.0"
"D:\augmented_data_consistent_backgrounds\images\train\Sponge_Holding_Forceps_Foerster_Straight_Serrated_9.5in_open_12_aug014.jpg","Sponge Holding Forceps Foerster Straight Serrated 9.5in","open","12","14.0"
"D:\augmented_data_consistent_backgrounds\images\train\Sponge_Holding_Forceps_Foerster_Straight_Serrated_9.5in_open_12_aug015.jpg","Sponge Holding Forceps Foerster Straight Serrated 9.5in","open","12","15.0"
"D:\augmented_data_consistent_backgrounds\images\train\Sponge_Holding_Forceps_Foerster_Straight_Serrated_9.5in_open_12_aug016.jpg","Sponge Holding Forceps Foerster Straight Serrated 9.5in","open","12","16.0"
"D:\augmented_data_consistent_backgrounds\images\train\Sponge_Holding_Forceps_Foerster_Straight_Serrated_9.5in_open_12_aug017.jpg","Sponge Holding Forceps Foerster Straight Serrated 9.5in","open","12","17.0"
"D:\augmented_data_consistent_backgrounds\images\train\Sponge_Holding_Forceps_Foerster_Straight_Serrated_9.5in_open_12_aug018.jpg","Sponge Holding Forceps Foerster Straight Serrated 9.5in","open","12","18.0"
"D:\augmented_data_consistent_backgrounds\images\train\Sponge_Holding_Forceps_Foerster_Straight_Serrated_9.5in_open_13.jpg","Sponge Holding Forceps Foerster Straight Serrated 9.5in","open","13",""
"D:\augmented_data_consistent_backgrounds\images\train\Sponge_Holding_Forceps_Foerster_Straight_Serrated_9.5in_open_13_aug000.jpg","Sponge Holding Forceps Foerster Straight Serrated 9.5in","open","13","0.0"
"D:\augmented_data_consistent_backgrounds\images\train\Sponge_Holding_Forceps_Foerster_Straight_Serrated_9.5in_open_13_aug002.jpg","Sponge Holding Forceps Foerster Straight Serrated 9.5in","open","13","2.0"
"D:\augmented_data_consistent_backgrounds\images\train\Sponge_Holding_Forceps_Foerster_Straight_Serrated_9.5in_open_13_aug003.jpg","Sponge Holding Forceps Foerster Straight Serrated 9.5in","open","13","3.0"
"D:\augmented_data_consistent_backgrounds\images\train\Sponge_Holding_Forceps_Foerster_Straight_Serrated_9.5in_open_13_aug004.jpg","Sponge Holding Forceps Foerster Straight Serrated 9.5in","open","13","4.0"
"D:\augmented_data_consistent_backgrounds\images\train\Sponge_Holding_Forceps_Foerster_Straight_Serrated_9.5in_open_13_aug006.jpg","Sponge Holding Forceps Foerster Straight Serrated 9.5in","open","13","6.0"
"D:\augmented_data_consistent_backgrounds\images\train\Sponge_Holding_Forceps_Foerster_Straight_Serrated_9.5in_open_13_aug007.jpg","Sponge Holding Forceps Foerster Straight Serrated 9.5in","open","13","7.0"
"D:\augmented_data_consistent_backgrounds\images\train\Sponge_Holding_Forceps_Foerster_Straight_Serrated_9.5in_open_13_aug008.jpg","Sponge Holding Forceps Foerster Straight Serrated 9.5in","open","13","8.0"
"D:\augmented_data_consistent_backgrounds\images\train\Sponge_Holding_Forceps_Foerster_Straight_Serrated_9.5in_open_13_aug009.jpg","Sponge Holding Forceps Foerster Straight Serrated 9.5in","open","13","9.0"
"D:\augmented_data_consistent_backgrounds\images\train\Sponge_Holding_Forceps_Foerster_Straight_Serrated_9.5in_open_13_aug011.jpg","Sponge Holding Forceps Foerster Straight Serrated 9.5in","open","13","11.0"
"D:\augmented_data_consistent_backgrounds\images\train\Sponge_Holding_Forceps_Foerster_Straight_Serrated_9.5in_open_13_aug012.jpg","Sponge Holding Forceps Foerster Straight Serrated 9.5in","open","13","12.0"
"D:\augmented_data_consistent_backgrounds\images\train\Sponge_Holding_Forceps_Foerster_Straight_Serrated_9.5in_open_13_aug013.jpg","Sponge Holding Forceps Foerster Straight Serrated 9.5in","open","13","13.0"
"D:\augmented_data_consistent_backgrounds\images\train\Sponge_Holding_Forceps_Foerster_Straight_Serrated_9.5in_open_13_aug014.jpg","Sponge Holding Forceps Foerster Straight Serrated 9.5in","open","13","14.0"
"D:\augmented_data_consistent_backgrounds\images\train\Sponge_Holding_Forceps_Foerster_Straight_Serrated_9.5in_open_13_aug016.jpg","Sponge Holding Forceps Foerster Straight Serrated 9.5in","open","13","16.0"
"D:\augmented_data_consistent_backgrounds\images\train\Sponge_Holding_Forceps_Foerster_Straight_Serrated_9.5in_open_13_aug017.jpg","Sponge Holding Forceps Foerster Straight Serrated 9.5in","open","13","17.0"
"D:\augmented_data_consistent_backgrounds\images\train\Sponge_Holding_Forceps_Foerster_Straight_Serrated_9.5in_open_13_aug018.jpg","Sponge Holding Forceps Foerster Straight Serrated 9.5in","open","13","18.0"
"D:\augmented_data_consistent_backgrounds\images\train\Sponge_Holding_Forceps_Foerster_Straight_Serrated_9.5in_open_13_aug019.jpg","Sponge Holding Forceps Foerster Straight Serrated 9.5in","open","13","19.0"
"D:\augmented_data_consistent_backgrounds\images\train\Sponge_Holding_Forceps_Foerster_Straight_Serrated_9.5in_open_14.jpg","Sponge Holding Forceps Foerster Straight Serrated 9.5in","open","14",""
"D:\augmented_data_consistent_backgrounds\images\train\Sponge_Holding_Forceps_Foerster_Straight_Serrated_9.5in_open_14_aug000.jpg","Sponge Holding Forceps Foerster Straight Serrated 9.5in","open","14","0.0"
"D:\augmented_data_consistent_backgrounds\images\train\Sponge_Holding_Forceps_Foerster_Straight_Serrated_9.5in_open_14_aug001.jpg","Sponge Holding Forceps Foerster Straight Serrated 9.5in","open","14","1.0"
"D:\augmented_data_consistent_backgrounds\images\train\Sponge_Holding_Forceps_Foerster_Straight_Serrated_9.5in_open_14_aug002.jpg","Sponge Holding Forceps Foerster Straight Serrated 9.5in","open","14","2.0"
"D:\augmented_data_consistent_backgrounds\images\train\Sponge_Holding_Forceps_Foerster_Straight_Serrated_9.5in_open_14_aug003.jpg","Sponge Holding Forceps Foerster Straight Serrated 9.5in","open","14","3.0"
"D:\augmented_data_consistent_backgrounds\images\train\Sponge_Holding_Forceps_Foerster_Straight_Serrated_9.5in_open_14_aug004.jpg","Sponge Holding Forceps Foerster Straight Serrated 9.5in","open","14","4.0"
"D:\augmented_data_consistent_backgrounds\images\train\Sponge_Holding_Forceps_Foerster_Straight_Serrated_9.5in_open_14_aug005.jpg","Sponge Holding Forceps Foerster Straight Serrated 9.5in","open","14","5.0"
"D:\augmented_data_consistent_backgrounds\images\train\Sponge_Holding_Forceps_Foerster_Straight_Serrated_9.5in_open_14_aug006.jpg","Sponge Holding Forceps Foerster Straight Serrated 9.5in","open","14","6.0"
"D:\augmented_data_consistent_backgrounds\images\train\Sponge_Holding_Forceps_Foerster_Straight_Serrated_9.5in_open_14_aug007.jpg","Sponge Holding Forceps Foerster Straight Serrated 9.5in","open","14","7.0"
"D:\augmented_data_consistent_backgrounds\images\train\Sponge_Holding_Forceps_Foerster_Straight_Serrated_9.5in_open_14_aug008.jpg","Sponge Holding Forceps Foerster Straight Serrated 9.5in","open","14","8.0"
"D:\augmented_data_consistent_backgrounds\images\train\Sponge_Holding_Forceps_Foerster_Straight_Serrated_9.5in_open_14_aug009.jpg","Sponge Holding Forceps Foerster Straight Serrated 9.5in","open","14","9.0"
"D:\augmented_data_consistent_backgrounds\images\train\Sponge_Holding_Forceps_Foerster_Straight_Serrated_9.5in_open_14_aug010.jpg","Sponge Holding Forceps Foerster Straight Serrated 9.5in","open","14","10.0"
"D:\augmented_data_consistent_backgrounds\images\train\Sponge_Holding_Forceps_Foerster_Straight_Serrated_9.5in_open_14_aug011.jpg","Sponge Holding Forceps Foerster Straight Serrated 9.5in","open","14","11.0"
"D:\augmented_data_consistent_backgrounds\images\train\Sponge_Holding_Forceps_Foerster_Straight_Serrated_9.5in_open_14_aug012.jpg","Sponge Holding Forceps Foerster Straight Serrated 9.5in","open","14","12.0"
"D:\augmented_data_consistent_backgrounds\images\train\Sponge_Holding_Forceps_Foerster_Straight_Serrated_9.5in_open_14_aug013.jpg","Sponge Holding Forceps Foerster Straight Serrated 9.5in","open","14","13.0"
"D:\augmented_data_consistent_backgrounds\images\train\Sponge_Holding_Forceps_Foerster_Straight_Serrated_9.5in_open_14_aug015.jpg","Sponge Holding Forceps Foerster Straight Serrated 9.5in","open","14","15.0"
"D:\augmented_data_consistent_backgrounds\images\train\Sponge_Holding_Forceps_Foerster_Straight_Serrated_9.5in_open_14_aug017.jpg","Sponge Holding Forceps Foerster Straight Serrated 9.5in","open","14","17.0"
"D:\augmented_data_consistent_backgrounds\images\train\Sponge_Holding_Forceps_Foerster_Straight_Serrated_9.5in_open_14_aug018.jpg","Sponge Holding Forceps Foerster Straight Serrated 9.5in","open","14","18.0"
"D:\augmented_data_consistent_backgrounds\images\train\Sponge_Holding_Forceps_Foerster_Straight_Serrated_9.5in_open_15.jpg","Sponge Holding Forceps Foerster Straight Serrated 9.5in","open","15",""
"D:\augmented_data_consistent_backgrounds\images\train\Sponge_Holding_Forceps_Foerster_Straight_Serrated_9.5in_open_15_aug000.jpg","Sponge Holding Forceps Foerster Straight Serrated 9.5in","open","15","0.0"
"D:\augmented_data_consistent_backgrounds\images\train\Sponge_Holding_Forceps_Foerster_Straight_Serrated_9.5in_open_15_aug001.jpg","Sponge Holding Forceps Foerster Straight Serrated 9.5in","open","15","1.0"
"D:\augmented_data_consistent_backgrounds\images\train\Sponge_Holding_Forceps_Foerster_Straight_Serrated_9.5in_open_15_aug002.jpg","Sponge Holding Forceps Foerster Straight Serrated 9.5in","open","15","2.0"
"D:\augmented_data_consistent_backgrounds\images\train\Sponge_Holding_Forceps_Foerster_Straight_Serrated_9.5in_open_15_aug003.jpg","Sponge Holding Forceps Foerster Straight Serrated 9.5in","open","15","3.0"
"D:\augmented_data_consistent_backgrounds\images\train\Sponge_Holding_Forceps_Foerster_Straight_Serrated_9.5in_open_15_aug004.jpg","Sponge Holding Forceps Foerster Straight Serrated 9.5in","open","15","4.0"
"D:\augmented_data_consistent_backgrounds\images\train\Sponge_Holding_Forceps_Foerster_Straight_Serrated_9.5in_open_15_aug005.jpg","Sponge Holding Forceps Foerster Straight Serrated 9.5in","open","15","5.0"
"D:\augmented_data_consistent_backgrounds\images\train\Sponge_Holding_Forceps_Foerster_Straight_Serrated_9.5in_open_15_aug006.jpg","Sponge Holding Forceps Foerster Straight Serrated 9.5in","open","15","6.0"
"D:\augmented_data_consistent_backgrounds\images\train\Sponge_Holding_Forceps_Foerster_Straight_Serrated_9.5in_open_15_aug007.jpg","Sponge Holding Forceps Foerster Straight Serrated 9.5in","open","15","7.0"
"D:\augmented_data_consistent_backgrounds\images\train\Sponge_Holding_Forceps_Foerster_Straight_Serrated_9.5in_open_15_aug008.jpg","Sponge Holding Forceps Foerster Straight Serrated 9.5in","open","15","8.0"
"D:\augmented_data_consistent_backgrounds\images\train\Sponge_Holding_Forceps_Foerster_Straight_Serrated_9.5in_open_15_aug010.jpg","Sponge Holding Forceps Foerster Straight Serrated 9.5in","open","15","10.0"
"D:\augmented_data_consistent_backgrounds\images\train\Sponge_Holding_Forceps_Foerster_Straight_Serrated_9.5in_open_15_aug011.jpg","Sponge Holding Forceps Foerster Straight Serrated 9.5in","open","15","11.0"
"D:\augmented_data_consistent_backgrounds\images\train\Sponge_Holding_Forceps_Foerster_Straight_Serrated_9.5in_open_15_aug012.jpg","Sponge Holding Forceps Foerster Straight Serrated 9.5in","open","15","12.0"
"D:\augmented_data_consistent_backgrounds\images\train\Sponge_Holding_Forceps_Foerster_Straight_Serrated_9.5in_open_15_aug014.jpg","Sponge Holding Forceps Foerster Straight Serrated 9.5in","open","15","14.0"
"D:\augmented_data_consistent_backgrounds\images\train\Sponge_Holding_Forceps_Foerster_Straight_Serrated_9.5in_open_15_aug016.jpg","Sponge Holding Forceps Foerster Straight Serrated 9.5in","open","15","16.0"
"D:\augmented_data_consistent_backgrounds\images\train\Sponge_Holding_Forceps_Foerster_Straight_Serrated_9.5in_open_15_aug017.jpg","Sponge Holding Forceps Foerster Straight Serrated 9.5in","open","15","17.0"
"D:\augmented_data_consistent_backgrounds\images\train\Sponge_Holding_Forceps_Foerster_Straight_Serrated_9.5in_open_15_aug018.jpg","Sponge Holding Forceps Foerster Straight Serrated 9.5in","open","15","18.0"
"D:\augmented_data_consistent_backgrounds\images\train\Sponge_Holding_Forceps_Foerster_Straight_Serrated_9.5in_open_15_aug019.jpg","Sponge Holding Forceps Foerster Straight Serrated 9.5in","open","15","19.0"
"D:\augmented_data_consistent_backgrounds\images\train\Sponge_Holding_Forceps_Foerster_Straight_Serrated_9.5in_open_16.jpg","Sponge Holding Forceps Foerster Straight Serrated 9.5in","open","16",""
"D:\augmented_data_consistent_backgrounds\images\train\Sponge_Holding_Forceps_Foerster_Straight_Serrated_9.5in_open_16_aug002.jpg","Sponge Holding Forceps Foerster Straight Serrated 9.5in","open","16","2.0"
"D:\augmented_data_consistent_backgrounds\images\train\Sponge_Holding_Forceps_Foerster_Straight_Serrated_9.5in_open_16_aug003.jpg","Sponge Holding Forceps Foerster Straight Serrated 9.5in","open","16","3.0"
"D:\augmented_data_consistent_backgrounds\images\train\Sponge_Holding_Forceps_Foerster_Straight_Serrated_9.5in_open_16_aug004.jpg","Sponge Holding Forceps Foerster Straight Serrated 9.5in","open","16","4.0"
"D:\augmented_data_consistent_backgrounds\images\train\Sponge_Holding_Forceps_Foerster_Straight_Serrated_9.5in_open_16_aug005.jpg","Sponge Holding Forceps Foerster Straight Serrated 9.5in","open","16","5.0"
"D:\augmented_data_consistent_backgrounds\images\train\Sponge_Holding_Forceps_Foerster_Straight_Serrated_9.5in_open_16_aug006.jpg","Sponge Holding Forceps Foerster Straight Serrated 9.5in","open","16","6.0"
"D:\augmented_data_consistent_backgrounds\images\train\Sponge_Holding_Forceps_Foerster_Straight_Serrated_9.5in_open_16_aug007.jpg","Sponge Holding Forceps Foerster Straight Serrated 9.5in","open","16","7.0"
"D:\augmented_data_consistent_backgrounds\images\train\Sponge_Holding_Forceps_Foerster_Straight_Serrated_9.5in_open_16_aug008.jpg","Sponge Holding Forceps Foerster Straight Serrated 9.5in","open","16","8.0"
"D:\augmented_data_consistent_backgrounds\images\train\Sponge_Holding_Forceps_Foerster_Straight_Serrated_9.5in_open_16_aug009.jpg","Sponge Holding Forceps Foerster Straight Serrated 9.5in","open","16","9.0"
"D:\augmented_data_consistent_backgrounds\images\train\Sponge_Holding_Forceps_Foerster_Straight_Serrated_9.5in_open_16_aug010.jpg","Sponge Holding Forceps Foerster Straight Serrated 9.5in","open","16","10.0"
"D:\augmented_data_consistent_backgrounds\images\train\Sponge_Holding_Forceps_Foerster_Straight_Serrated_9.5in_open_16_aug011.jpg","Sponge Holding Forceps Foerster Straight Serrated 9.5in","open","16","11.0"
"D:\augmented_data_consistent_backgrounds\images\train\Sponge_Holding_Forceps_Foerster_Straight_Serrated_9.5in_open_16_aug013.jpg","Sponge Holding Forceps Foerster Straight Serrated 9.5in","open","16","13.0"
"D:\augmented_data_consistent_backgrounds\images\train\Sponge_Holding_Forceps_Foerster_Straight_Serrated_9.5in_open_16_aug014.jpg","Sponge Holding Forceps Foerster Straight Serrated 9.5in","open","16","14.0"
"D:\augmented_data_consistent_backgrounds\images\train\Sponge_Holding_Forceps_Foerster_Straight_Serrated_9.5in_open_16_aug015.jpg","Sponge Holding Forceps Foerster Straight Serrated 9.5in","open","16","15.0"
"D:\augmented_data_consistent_backgrounds\images\train\Sponge_Holding_Forceps_Foerster_Straight_Serrated_9.5in_open_16_aug016.jpg","Sponge Holding Forceps Foerster Straight Serrated 9.5in","open","16","16.0"
"D:\augmented_data_consistent_backgrounds\images\train\Sponge_Holding_Forceps_Foerster_Straight_Serrated_9.5in_open_16_aug017.jpg","Sponge Holding Forceps Foerster Straight Serrated 9.5in","open","16","17.0"
"D:\augmented_data_consistent_backgrounds\images\train\Sponge_Holding_Forceps_Foerster_Straight_Serrated_9.5in_open_16_aug019.jpg","Sponge Holding Forceps Foerster Straight Serrated 9.5in","open","16","19.0"
"D:\augmented_data_consistent_backgrounds\images\train\Sponge_Holding_Forceps_Foerster_Straight_Serrated_9.5in_open_17.jpg","Sponge Holding Forceps Foerster Straight Serrated 9.5in","open","17",""
"D:\augmented_data_consistent_backgrounds\images\train\Sponge_Holding_Forceps_Foerster_Straight_Serrated_9.5in_open_17_aug000.jpg","Sponge Holding Forceps Foerster Straight Serrated 9.5in","open","17","0.0"
"D:\augmented_data_consistent_backgrounds\images\train\Sponge_Holding_Forceps_Foerster_Straight_Serrated_9.5in_open_17_aug002.jpg","Sponge Holding Forceps Foerster Straight Serrated 9.5in","open","17","2.0"
"D:\augmented_data_consistent_backgrounds\images\train\Sponge_Holding_Forceps_Foerster_Straight_Serrated_9.5in_open_17_aug005.jpg","Sponge Holding Forceps Foerster Straight Serrated 9.5in","open","17","5.0"
"D:\augmented_data_consistent_backgrounds\images\train\Sponge_Holding_Forceps_Foerster_Straight_Serrated_9.5in_open_17_aug006.jpg","Sponge Holding Forceps Foerster Straight Serrated 9.5in","open","17","6.0"
"D:\augmented_data_consistent_backgrounds\images\train\Sponge_Holding_Forceps_Foerster_Straight_Serrated_9.5in_open_17_aug007.jpg","Sponge Holding Forceps Foerster Straight Serrated 9.5in","open","17","7.0"
"D:\augmented_data_consistent_backgrounds\images\train\Sponge_Holding_Forceps_Foerster_Straight_Serrated_9.5in_open_17_aug009.jpg","Sponge Holding Forceps Foerster Straight Serrated 9.5in","open","17","9.0"
"D:\augmented_data_consistent_backgrounds\images\train\Sponge_Holding_Forceps_Foerster_Straight_Serrated_9.5in_open_17_aug010.jpg","Sponge Holding Forceps Foerster Straight Serrated 9.5in","open","17","10.0"
"D:\augmented_data_consistent_backgrounds\images\train\Sponge_Holding_Forceps_Foerster_Straight_Serrated_9.5in_open_17_aug011.jpg","Sponge Holding Forceps Foerster Straight Serrated 9.5in","open","17","11.0"
"D:\augmented_data_consistent_backgrounds\images\train\Sponge_Holding_Forceps_Foerster_Straight_Serrated_9.5in_open_17_aug012.jpg","Sponge Holding Forceps Foerster Straight Serrated 9.5in","open","17","12.0"
"D:\augmented_data_consistent_backgrounds\images\train\Sponge_Holding_Forceps_Foerster_Straight_Serrated_9.5in_open_17_aug013.jpg","Sponge Holding Forceps Foerster Straight Serrated 9.5in","open","17","13.0"
"D:\augmented_data_consistent_backgrounds\images\train\Sponge_Holding_Forceps_Foerster_Straight_Serrated_9.5in_open_17_aug014.jpg","Sponge Holding Forceps Foerster Straight Serrated 9.5in","open","17","14.0"
"D:\augmented_data_consistent_backgrounds\images\train\Sponge_Holding_Forceps_Foerster_Straight_Serrated_9.5in_open_17_aug015.jpg","Sponge Holding Forceps Foerster Straight Serrated 9.5in","open","17","15.0"
"D:\augmented_data_consistent_backgrounds\images\train\Sponge_Holding_Forceps_Foerster_Straight_Serrated_9.5in_open_17_aug017.jpg","Sponge Holding Forceps Foerster Straight Serrated 9.5in","open","17","17.0"
"D:\augmented_data_consistent_backgrounds\images\train\Sponge_Holding_Forceps_Foerster_Straight_Serrated_9.5in_open_17_aug018.jpg","Sponge Holding Forceps Foerster Straight Serrated 9.5in","open","17","18.0"
"D:\augmented_data_consistent_backgrounds\images\train\Sponge_Holding_Forceps_Foerster_Straight_Serrated_9.5in_open_18.jpg","Sponge Holding Forceps Foerster Straight Serrated 9.5in","open","18",""
"D:\augmented_data_consistent_backgrounds\images\train\Sponge_Holding_Forceps_Foerster_Straight_Serrated_9.5in_open_18_aug001.jpg","Sponge Holding Forceps Foerster Straight Serrated 9.5in","open","18","1.0"
"D:\augmented_data_consistent_backgrounds\images\train\Sponge_Holding_Forceps_Foerster_Straight_Serrated_9.5in_open_18_aug003.jpg","Sponge Holding Forceps Foerster Straight Serrated 9.5in","open","18","3.0"
"D:\augmented_data_consistent_backgrounds\images\train\Sponge_Holding_Forceps_Foerster_Straight_Serrated_9.5in_open_18_aug004.jpg","Sponge Holding Forceps Foerster Straight Serrated 9.5in","open","18","4.0"
"D:\augmented_data_consistent_backgrounds\images\train\Sponge_Holding_Forceps_Foerster_Straight_Serrated_9.5in_open_18_aug005.jpg","Sponge Holding Forceps Foerster Straight Serrated 9.5in","open","18","5.0"
"D:\augmented_data_consistent_backgrounds\images\train\Sponge_Holding_Forceps_Foerster_Straight_Serrated_9.5in_open_18_aug006.jpg","Sponge Holding Forceps Foerster Straight Serrated 9.5in","open","18","6.0"
"D:\augmented_data_consistent_backgrounds\images\train\Sponge_Holding_Forceps_Foerster_Straight_Serrated_9.5in_open_18_aug007.jpg","Sponge Holding Forceps Foerster Straight Serrated 9.5in","open","18","7.0"
"D:\augmented_data_consistent_backgrounds\images\train\Sponge_Holding_Forceps_Foerster_Straight_Serrated_9.5in_open_18_aug008.jpg","Sponge Holding Forceps Foerster Straight Serrated 9.5in","open","18","8.0"
"D:\augmented_data_consistent_backgrounds\images\train\Sponge_Holding_Forceps_Foerster_Straight_Serrated_9.5in_open_18_aug010.jpg","Sponge Holding Forceps Foerster Straight Serrated 9.5in","open","18","10.0"
"D:\augmented_data_consistent_backgrounds\images\train\Sponge_Holding_Forceps_Foerster_Straight_Serrated_9.5in_open_18_aug011.jpg","Sponge Holding Forceps Foerster Straight Serrated 9.5in","open","18","11.0"
"D:\augmented_data_consistent_backgrounds\images\train\Sponge_Holding_Forceps_Foerster_Straight_Serrated_9.5in_open_18_aug012.jpg","Sponge Holding Forceps Foerster Straight Serrated 9.5in","open","18","12.0"
"D:\augmented_data_consistent_backgrounds\images\train\Sponge_Holding_Forceps_Foerster_Straight_Serrated_9.5in_open_18_aug018.jpg","Sponge Holding Forceps Foerster Straight Serrated 9.5in","open","18","18.0"
"D:\augmented_data_consistent_backgrounds\images\train\Sponge_Holding_Forceps_Foerster_Straight_Serrated_9.5in_open_18_aug019.jpg","Sponge Holding Forceps Foerster Straight Serrated 9.5in","open","18","19.0"
"D:\augmented_data_consistent_backgrounds\images\train\Sponge_Holding_Forceps_Foerster_Straight_Serrated_9.5in_open_19.jpg","Sponge Holding Forceps Foerster Straight Serrated 9.5in","open","19",""
"D:\augmented_data_consistent_backgrounds\images\train\Sponge_Holding_Forceps_Foerster_Straight_Serrated_9.5in_open_19_aug001.jpg","Sponge Holding Forceps Foerster Straight Serrated 9.5in","open","19","1.0"
"D:\augmented_data_consistent_backgrounds\images\train\Sponge_Holding_Forceps_Foerster_Straight_Serrated_9.5in_open_19_aug002.jpg","Sponge Holding Forceps Foerster Straight Serrated 9.5in","open","19","2.0"
"D:\augmented_data_consistent_backgrounds\images\train\Sponge_Holding_Forceps_Foerster_Straight_Serrated_9.5in_open_19_aug005.jpg","Sponge Holding Forceps Foerster Straight Serrated 9.5in","open","19","5.0"
"D:\augmented_data_consistent_backgrounds\images\train\Sponge_Holding_Forceps_Foerster_Straight_Serrated_9.5in_open_19_aug006.jpg","Sponge Holding Forceps Foerster Straight Serrated 9.5in","open","19","6.0"
"D:\augmented_data_consistent_backgrounds\images\train\Sponge_Holding_Forceps_Foerster_Straight_Serrated_9.5in_open_19_aug008.jpg","Sponge Holding Forceps Foerster Straight Serrated 9.5in","open","19","8.0"
"D:\augmented_data_consistent_backgrounds\images\train\Sponge_Holding_Forceps_Foerster_Straight_Serrated_9.5in_open_19_aug009.jpg","Sponge Holding Forceps Foerster Straight Serrated 9.5in","open","19","9.0"
"D:\augmented_data_consistent_backgrounds\images\train\Sponge_Holding_Forceps_Foerster_Straight_Serrated_9.5in_open_19_aug010.jpg","Sponge Holding Forceps Foerster Straight Serrated 9.5in","open","19","10.0"
"D:\augmented_data_consistent_backgrounds\images\train\Sponge_Holding_Forceps_Foerster_Straight_Serrated_9.5in_open_19_aug011.jpg","Sponge Holding Forceps Foerster Straight Serrated 9.5in","open","19","11.0"
"D:\augmented_data_consistent_backgrounds\images\train\Sponge_Holding_Forceps_Foerster_Straight_Serrated_9.5in_open_19_aug012.jpg","Sponge Holding Forceps Foerster Straight Serrated 9.5in","open","19","12.0"
"D:\augmented_data_consistent_backgrounds\images\train\Sponge_Holding_Forceps_Foerster_Straight_Serrated_9.5in_open_19_aug013.jpg","Sponge Holding Forceps Foerster Straight Serrated 9.5in","open","19","13.0"
"D:\augmented_data_consistent_backgrounds\images\train\Sponge_Holding_Forceps_Foerster_Straight_Serrated_9.5in_open_19_aug014.jpg","Sponge Holding Forceps Foerster Straight Serrated 9.5in","open","19","14.0"
"D:\augmented_data_consistent_backgrounds\images\train\Sponge_Holding_Forceps_Foerster_Straight_Serrated_9.5in_open_19_aug016.jpg","Sponge Holding Forceps Foerster Straight Serrated 9.5in","open","19","16.0"
"D:\augmented_data_consistent_backgrounds\images\train\Sponge_Holding_Forceps_Foerster_Straight_Serrated_9.5in_open_19_aug018.jpg","Sponge Holding Forceps Foerster Straight Serrated 9.5in","open","19","18.0"
"D:\augmented_data_consistent_backgrounds\images\train\Sponge_Holding_Forceps_Foerster_Straight_Serrated_9.5in_open_19_aug019.jpg","Sponge Holding Forceps Foerster Straight Serrated 9.5in","open","19","19.0"
"D:\augmented_data_consistent_backgrounds\images\train\Sponge_Holding_Forceps_Foerster_Straight_Serrated_9.5in_open_20.jpg","Sponge Holding Forceps Foerster Straight Serrated 9.5in","open","20",""
"D:\augmented_data_consistent_backgrounds\images\train\Sponge_Holding_Forceps_Foerster_Straight_Serrated_9.5in_open_20_aug000.jpg","Sponge Holding Forceps Foerster Straight Serrated 9.5in","open","20","0.0"
"D:\augmented_data_consistent_backgrounds\images\train\Sponge_Holding_Forceps_Foerster_Straight_Serrated_9.5in_open_20_aug002.jpg","Sponge Holding Forceps Foerster Straight Serrated 9.5in","open","20","2.0"
"D:\augmented_data_consistent_backgrounds\images\train\Sponge_Holding_Forceps_Foerster_Straight_Serrated_9.5in_open_20_aug003.jpg","Sponge Holding Forceps Foerster Straight Serrated 9.5in","open","20","3.0"
"D:\augmented_data_consistent_backgrounds\images\train\Sponge_Holding_Forceps_Foerster_Straight_Serrated_9.5in_open_20_aug005.jpg","Sponge Holding Forceps Foerster Straight Serrated 9.5in","open","20","5.0"
"D:\augmented_data_consistent_backgrounds\images\train\Sponge_Holding_Forceps_Foerster_Straight_Serrated_9.5in_open_20_aug006.jpg","Sponge Holding Forceps Foerster Straight Serrated 9.5in","open","20","6.0"
"D:\augmented_data_consistent_backgrounds\images\train\Sponge_Holding_Forceps_Foerster_Straight_Serrated_9.5in_open_20_aug007.jpg","Sponge Holding Forceps Foerster Straight Serrated 9.5in","open","20","7.0"
"D:\augmented_data_consistent_backgrounds\images\train\Sponge_Holding_Forceps_Foerster_Straight_Serrated_9.5in_open_20_aug008.jpg","Sponge Holding Forceps Foerster Straight Serrated 9.5in","open","20","8.0"
"D:\augmented_data_consistent_backgrounds\images\train\Sponge_Holding_Forceps_Foerster_Straight_Serrated_9.5in_open_20_aug009.jpg","Sponge Holding Forceps Foerster Straight Serrated 9.5in","open","20","9.0"
"D:\augmented_data_consistent_backgrounds\images\train\Sponge_Holding_Forceps_Foerster_Straight_Serrated_9.5in_open_20_aug010.jpg","Sponge Holding Forceps Foerster Straight Serrated 9.5in","open","20","10.0"
"D:\augmented_data_consistent_backgrounds\images\train\Sponge_Holding_Forceps_Foerster_Straight_Serrated_9.5in_open_20_aug011.jpg","Sponge Holding Forceps Foerster Straight Serrated 9.5in","open","20","11.0"
"D:\augmented_data_consistent_backgrounds\images\train\Sponge_Holding_Forceps_Foerster_Straight_Serrated_9.5in_open_20_aug012.jpg","Sponge Holding Forceps Foerster Straight Serrated 9.5in","open","20","12.0"
"D:\augmented_data_consistent_backgrounds\images\train\Sponge_Holding_Forceps_Foerster_Straight_Serrated_9.5in_open_20_aug014.jpg","Sponge Holding Forceps Foerster Straight Serrated 9.5in","open","20","14.0"
"D:\augmented_data_consistent_backgrounds\images\train\Sponge_Holding_Forceps_Foerster_Straight_Serrated_9.5in_open_20_aug015.jpg","Sponge Holding Forceps Foerster Straight Serrated 9.5in","open","20","15.0"
"D:\augmented_data_consistent_backgrounds\images\train\Sponge_Holding_Forceps_Foerster_Straight_Serrated_9.5in_open_20_aug016.jpg","Sponge Holding Forceps Foerster Straight Serrated 9.5in","open","20","16.0"
"D:\augmented_data_consistent_backgrounds\images\train\Sponge_Holding_Forceps_Foerster_Straight_Serrated_9.5in_open_20_aug017.jpg","Sponge Holding Forceps Foerster Straight Serrated 9.5in","open","20","17.0"
"D:\augmented_data_consistent_backgrounds\images\train\Sponge_Holding_Forceps_Foerster_Straight_Serrated_9.5in_open_20_aug018.jpg","Sponge Holding Forceps Foerster Straight Serrated 9.5in","open","20","18.0"
"D:\augmented_data_consistent_backgrounds\images\train\Sponge_Holding_Forceps_Foerster_Straight_Serrated_9.5in_open_20_aug019.jpg","Sponge Holding Forceps Foerster Straight Serrated 9.5in","open","20","19.0"
"D:\augmented_data_consistent_backgrounds\images\train\Sponge_Holding_Forceps_Foerster_Straight_Serrated_9.5in_open_21.jpg","Sponge Holding Forceps Foerster Straight Serrated 9.5in","open","21",""
"D:\augmented_data_consistent_backgrounds\images\train\Sponge_Holding_Forceps_Foerster_Straight_Serrated_9.5in_open_21_aug001.jpg","Sponge Holding Forceps Foerster Straight Serrated 9.5in","open","21","1.0"
"D:\augmented_data_consistent_backgrounds\images\train\Sponge_Holding_Forceps_Foerster_Straight_Serrated_9.5in_open_21_aug002.jpg","Sponge Holding Forceps Foerster Straight Serrated 9.5in","open","21","2.0"
"D:\augmented_data_consistent_backgrounds\images\train\Sponge_Holding_Forceps_Foerster_Straight_Serrated_9.5in_open_21_aug003.jpg","Sponge Holding Forceps Foerster Straight Serrated 9.5in","open","21","3.0"
"D:\augmented_data_consistent_backgrounds\images\train\Sponge_Holding_Forceps_Foerster_Straight_Serrated_9.5in_open_21_aug005.jpg","Sponge Holding Forceps Foerster Straight Serrated 9.5in","open","21","5.0"
"D:\augmented_data_consistent_backgrounds\images\train\Sponge_Holding_Forceps_Foerster_Straight_Serrated_9.5in_open_21_aug006.jpg","Sponge Holding Forceps Foerster Straight Serrated 9.5in","open","21","6.0"
"D:\augmented_data_consistent_backgrounds\images\train\Sponge_Holding_Forceps_Foerster_Straight_Serrated_9.5in_open_21_aug007.jpg","Sponge Holding Forceps Foerster Straight Serrated 9.5in","open","21","7.0"
"D:\augmented_data_consistent_backgrounds\images\train\Sponge_Holding_Forceps_Foerster_Straight_Serrated_9.5in_open_21_aug008.jpg","Sponge Holding Forceps Foerster Straight Serrated 9.5in","open","21","8.0"
"D:\augmented_data_consistent_backgrounds\images\train\Sponge_Holding_Forceps_Foerster_Straight_Serrated_9.5in_open_21_aug009.jpg","Sponge Holding Forceps Foerster Straight Serrated 9.5in","open","21","9.0"
"D:\augmented_data_consistent_backgrounds\images\train\Sponge_Holding_Forceps_Foerster_Straight_Serrated_9.5in_open_21_aug012.jpg","Sponge Holding Forceps Foerster Straight Serrated 9.5in","open","21","12.0"
"D:\augmented_data_consistent_backgrounds\images\train\Sponge_Holding_Forceps_Foerster_Straight_Serrated_9.5in_open_21_aug013.jpg","Sponge Holding Forceps Foerster Straight Serrated 9.5in","open","21","13.0"
"D:\augmented_data_consistent_backgrounds\images\train\Sponge_Holding_Forceps_Foerster_Straight_Serrated_9.5in_open_21_aug014.jpg","Sponge Holding Forceps Foerster Straight Serrated 9.5in","open","21","14.0"
"D:\augmented_data_consistent_backgrounds\images\train\Sponge_Holding_Forceps_Foerster_Straight_Serrated_9.5in_open_21_aug015.jpg","Sponge Holding Forceps Foerster Straight Serrated 9.5in","open","21","15.0"
"D:\augmented_data_consistent_backgrounds\images\train\Sponge_Holding_Forceps_Foerster_Straight_Serrated_9.5in_open_21_aug017.jpg","Sponge Holding Forceps Foerster Straight Serrated 9.5in","open","21","17.0"
"D:\augmented_data_consistent_backgrounds\images\train\Sponge_Holding_Forceps_Foerster_Straight_Serrated_9.5in_open_21_aug018.jpg","Sponge Holding Forceps Foerster Straight Serrated 9.5in","open","21","18.0"
"D:\augmented_data_consistent_backgrounds\images\train\Sponge_Holding_Forceps_Foerster_Straight_Serrated_9.5in_open_21_aug019.jpg","Sponge Holding Forceps Foerster Straight Serrated 9.5in","open","21","19.0"
"D:\augmented_data_consistent_backgrounds\images\train\Sponge_Holding_Forceps_Foerster_Straight_Serrated_9.5in_open_22_aug000.jpg","Sponge Holding Forceps Foerster Straight Serrated 9.5in","open","22","0.0"
"D:\augmented_data_consistent_backgrounds\images\train\Sponge_Holding_Forceps_Foerster_Straight_Serrated_9.5in_open_22_aug001.jpg","Sponge Holding Forceps Foerster Straight Serrated 9.5in","open","22","1.0"
"D:\augmented_data_consistent_backgrounds\images\train\Sponge_Holding_Forceps_Foerster_Straight_Serrated_9.5in_open_22_aug002.jpg","Sponge Holding Forceps Foerster Straight Serrated 9.5in","open","22","2.0"
"D:\augmented_data_consistent_backgrounds\images\train\Sponge_Holding_Forceps_Foerster_Straight_Serrated_9.5in_open_22_aug003.jpg","Sponge Holding Forceps Foerster Straight Serrated 9.5in","open","22","3.0"
"D:\augmented_data_consistent_backgrounds\images\train\Sponge_Holding_Forceps_Foerster_Straight_Serrated_9.5in_open_22_aug004.jpg","Sponge Holding Forceps Foerster Straight Serrated 9.5in","open","22","4.0"
"D:\augmented_data_consistent_backgrounds\images\train\Sponge_Holding_Forceps_Foerster_Straight_Serrated_9.5in_open_22_aug006.jpg","Sponge Holding Forceps Foerster Straight Serrated 9.5in","open","22","6.0"
"D:\augmented_data_consistent_backgrounds\images\train\Sponge_Holding_Forceps_Foerster_Straight_Serrated_9.5in_open_22_aug009.jpg","Sponge Holding Forceps Foerster Straight Serrated 9.5in","open","22","9.0"
"D:\augmented_data_consistent_backgrounds\images\train\Sponge_Holding_Forceps_Foerster_Straight_Serrated_9.5in_open_22_aug012.jpg","Sponge Holding Forceps Foerster Straight Serrated 9.5in","open","22","12.0"
"D:\augmented_data_consistent_backgrounds\images\train\Sponge_Holding_Forceps_Foerster_Straight_Serrated_9.5in_open_22_aug013.jpg","Sponge Holding Forceps Foerster Straight Serrated 9.5in","open","22","13.0"
"D:\augmented_data_consistent_backgrounds\images\train\Sponge_Holding_Forceps_Foerster_Straight_Serrated_9.5in_open_22_aug014.jpg","Sponge Holding Forceps Foerster Straight Serrated 9.5in","open","22","14.0"
"D:\augmented_data_consistent_backgrounds\images\train\Sponge_Holding_Forceps_Foerster_Straight_Serrated_9.5in_open_22_aug015.jpg","Sponge Holding Forceps Foerster Straight Serrated 9.5in","open","22","15.0"
"D:\augmented_data_consistent_backgrounds\images\train\Sponge_Holding_Forceps_Foerster_Straight_Serrated_9.5in_open_22_aug016.jpg","Sponge Holding Forceps Foerster Straight Serrated 9.5in","open","22","16.0"
"D:\augmented_data_consistent_backgrounds\images\train\Sponge_Holding_Forceps_Foerster_Straight_Serrated_9.5in_open_22_aug017.jpg","Sponge Holding Forceps Foerster Straight Serrated 9.5in","open","22","17.0"
"D:\augmented_data_consistent_backgrounds\images\train\Sponge_Holding_Forceps_Foerster_Straight_Serrated_9.5in_open_22_aug018.jpg","Sponge Holding Forceps Foerster Straight Serrated 9.5in","open","22","18.0"
"D:\augmented_data_consistent_backgrounds\images\train\Sponge_Holding_Forceps_Foerster_Straight_Serrated_9.5in_open_23.jpg","Sponge Holding Forceps Foerster Straight Serrated 9.5in","open","23",""
"D:\augmented_data_consistent_backgrounds\images\train\Sponge_Holding_Forceps_Foerster_Straight_Serrated_9.5in_open_23_aug000.jpg","Sponge Holding Forceps Foerster Straight Serrated 9.5in","open","23","0.0"
"D:\augmented_data_consistent_backgrounds\images\train\Sponge_Holding_Forceps_Foerster_Straight_Serrated_9.5in_open_23_aug002.jpg","Sponge Holding Forceps Foerster Straight Serrated 9.5in","open","23","2.0"
"D:\augmented_data_consistent_backgrounds\images\train\Sponge_Holding_Forceps_Foerster_Straight_Serrated_9.5in_open_23_aug003.jpg","Sponge Holding Forceps Foerster Straight Serrated 9.5in","open","23","3.0"
"D:\augmented_data_consistent_backgrounds\images\train\Sponge_Holding_Forceps_Foerster_Straight_Serrated_9.5in_open_23_aug004.jpg","Sponge Holding Forceps Foerster Straight Serrated 9.5in","open","23","4.0"
"D:\augmented_data_consistent_backgrounds\images\train\Sponge_Holding_Forceps_Foerster_Straight_Serrated_9.5in_open_23_aug005.jpg","Sponge Holding Forceps Foerster Straight Serrated 9.5in","open","23","5.0"
"D:\augmented_data_consistent_backgrounds\images\train\Sponge_Holding_Forceps_Foerster_Straight_Serrated_9.5in_open_23_aug006.jpg","Sponge Holding Forceps Foerster Straight Serrated 9.5in","open","23","6.0"
"D:\augmented_data_consistent_backgrounds\images\train\Sponge_Holding_Forceps_Foerster_Straight_Serrated_9.5in_open_23_aug008.jpg","Sponge Holding Forceps Foerster Straight Serrated 9.5in","open","23","8.0"
"D:\augmented_data_consistent_backgrounds\images\train\Sponge_Holding_Forceps_Foerster_Straight_Serrated_9.5in_open_23_aug009.jpg","Sponge Holding Forceps Foerster Straight Serrated 9.5in","open","23","9.0"
"D:\augmented_data_consistent_backgrounds\images\train\Sponge_Holding_Forceps_Foerster_Straight_Serrated_9.5in_open_23_aug010.jpg","Sponge Holding Forceps Foerster Straight Serrated 9.5in","open","23","10.0"
"D:\augmented_data_consistent_backgrounds\images\train\Sponge_Holding_Forceps_Foerster_Straight_Serrated_9.5in_open_23_aug011.jpg","Sponge Holding Forceps Foerster Straight Serrated 9.5in","open","23","11.0"
"D:\augmented_data_consistent_backgrounds\images\train\Sponge_Holding_Forceps_Foerster_Straight_Serrated_9.5in_open_23_aug014.jpg","Sponge Holding Forceps Foerster Straight Serrated 9.5in","open","23","14.0"
"D:\augmented_data_consistent_backgrounds\images\train\Sponge_Holding_Forceps_Foerster_Straight_Serrated_9.5in_open_23_aug015.jpg","Sponge Holding Forceps Foerster Straight Serrated 9.5in","open","23","15.0"
"D:\augmented_data_consistent_backgrounds\images\train\Sponge_Holding_Forceps_Foerster_Straight_Serrated_9.5in_open_23_aug016.jpg","Sponge Holding Forceps Foerster Straight Serrated 9.5in","open","23","16.0"
"D:\augmented_data_consistent_backgrounds\images\train\Sponge_Holding_Forceps_Foerster_Straight_Serrated_9.5in_open_23_aug018.jpg","Sponge Holding Forceps Foerster Straight Serrated 9.5in","open","23","18.0"
"D:\augmented_data_consistent_backgrounds\images\train\Sponge_Holding_Forceps_Foerster_Straight_Serrated_9.5in_open_23_aug019.jpg","Sponge Holding Forceps Foerster Straight Serrated 9.5in","open","23","19.0"
"D:\augmented_data_consistent_backgrounds\images\train\Sponge_Holding_Forceps_Foerster_Straight_Serrated_9.5in_open_24.jpg","Sponge Holding Forceps Foerster Straight Serrated 9.5in","open","24",""
"D:\augmented_data_consistent_backgrounds\images\train\Sponge_Holding_Forceps_Foerster_Straight_Serrated_9.5in_open_24_aug000.jpg","Sponge Holding Forceps Foerster Straight Serrated 9.5in","open","24","0.0"
"D:\augmented_data_consistent_backgrounds\images\train\Sponge_Holding_Forceps_Foerster_Straight_Serrated_9.5in_open_24_aug001.jpg","Sponge Holding Forceps Foerster Straight Serrated 9.5in","open","24","1.0"
"D:\augmented_data_consistent_backgrounds\images\train\Sponge_Holding_Forceps_Foerster_Straight_Serrated_9.5in_open_24_aug002.jpg","Sponge Holding Forceps Foerster Straight Serrated 9.5in","open","24","2.0"
"D:\augmented_data_consistent_backgrounds\images\train\Sponge_Holding_Forceps_Foerster_Straight_Serrated_9.5in_open_24_aug003.jpg","Sponge Holding Forceps Foerster Straight Serrated 9.5in","open","24","3.0"
"D:\augmented_data_consistent_backgrounds\images\train\Sponge_Holding_Forceps_Foerster_Straight_Serrated_9.5in_open_24_aug004.jpg","Sponge Holding Forceps Foerster Straight Serrated 9.5in","open","24","4.0"
"D:\augmented_data_consistent_backgrounds\images\train\Sponge_Holding_Forceps_Foerster_Straight_Serrated_9.5in_open_24_aug006.jpg","Sponge Holding Forceps Foerster Straight Serrated 9.5in","open","24","6.0"
"D:\augmented_data_consistent_backgrounds\images\train\Sponge_Holding_Forceps_Foerster_Straight_Serrated_9.5in_open_24_aug009.jpg","Sponge Holding Forceps Foerster Straight Serrated 9.5in","open","24","9.0"
"D:\augmented_data_consistent_backgrounds\images\train\Sponge_Holding_Forceps_Foerster_Straight_Serrated_9.5in_open_24_aug010.jpg","Sponge Holding Forceps Foerster Straight Serrated 9.5in","open","24","10.0"
"D:\augmented_data_consistent_backgrounds\images\train\Sponge_Holding_Forceps_Foerster_Straight_Serrated_9.5in_open_24_aug012.jpg","Sponge Holding Forceps Foerster Straight Serrated 9.5in","open","24","12.0"
"D:\augmented_data_consistent_backgrounds\images\train\Sponge_Holding_Forceps_Foerster_Straight_Serrated_9.5in_open_24_aug013.jpg","Sponge Holding Forceps Foerster Straight Serrated 9.5in","open","24","13.0"
"D:\augmented_data_consistent_backgrounds\images\train\Sponge_Holding_Forceps_Foerster_Straight_Serrated_9.5in_open_24_aug014.jpg","Sponge Holding Forceps Foerster Straight Serrated 9.5in","open","24","14.0"
"D:\augmented_data_consistent_backgrounds\images\train\Sponge_Holding_Forceps_Foerster_Straight_Serrated_9.5in_open_24_aug015.jpg","Sponge Holding Forceps Foerster Straight Serrated 9.5in","open","24","15.0"
"D:\augmented_data_consistent_backgrounds\images\train\Sponge_Holding_Forceps_Foerster_Straight_Serrated_9.5in_open_24_aug016.jpg","Sponge Holding Forceps Foerster Straight Serrated 9.5in","open","24","16.0"
"D:\augmented_data_consistent_backgrounds\images\train\Sponge_Holding_Forceps_Foerster_Straight_Serrated_9.5in_open_24_aug017.jpg","Sponge Holding Forceps Foerster Straight Serrated 9.5in","open","24","17.0"
"D:\augmented_data_consistent_backgrounds\images\train\Sponge_Holding_Forceps_Foerster_Straight_Serrated_9.5in_open_24_aug019.jpg","Sponge Holding Forceps Foerster Straight Serrated 9.5in","open","24","19.0"
"D:\augmented_data_consistent_backgrounds\images\train\Sponge_Holding_Forceps_Foerster_Straight_Serrated_9.5in_open_25_aug000.jpg","Sponge Holding Forceps Foerster Straight Serrated 9.5in","open","25","0.0"
"D:\augmented_data_consistent_backgrounds\images\train\Sponge_Holding_Forceps_Foerster_Straight_Serrated_9.5in_open_25_aug001.jpg","Sponge Holding Forceps Foerster Straight Serrated 9.5in","open","25","1.0"
"D:\augmented_data_consistent_backgrounds\images\train\Sponge_Holding_Forceps_Foerster_Straight_Serrated_9.5in_open_25_aug002.jpg","Sponge Holding Forceps Foerster Straight Serrated 9.5in","open","25","2.0"
"D:\augmented_data_consistent_backgrounds\images\train\Sponge_Holding_Forceps_Foerster_Straight_Serrated_9.5in_open_25_aug003.jpg","Sponge Holding Forceps Foerster Straight Serrated 9.5in","open","25","3.0"
"D:\augmented_data_consistent_backgrounds\images\train\Sponge_Holding_Forceps_Foerster_Straight_Serrated_9.5in_open_25_aug004.jpg","Sponge Holding Forceps Foerster Straight Serrated 9.5in","open","25","4.0"
"D:\augmented_data_consistent_backgrounds\images\train\Sponge_Holding_Forceps_Foerster_Straight_Serrated_9.5in_open_25_aug005.jpg","Sponge Holding Forceps Foerster Straight Serrated 9.5in","open","25","5.0"
"D:\augmented_data_consistent_backgrounds\images\train\Sponge_Holding_Forceps_Foerster_Straight_Serrated_9.5in_open_25_aug006.jpg","Sponge Holding Forceps Foerster Straight Serrated 9.5in","open","25","6.0"
"D:\augmented_data_consistent_backgrounds\images\train\Sponge_Holding_Forceps_Foerster_Straight_Serrated_9.5in_open_25_aug007.jpg","Sponge Holding Forceps Foerster Straight Serrated 9.5in","open","25","7.0"
"D:\augmented_data_consistent_backgrounds\images\train\Sponge_Holding_Forceps_Foerster_Straight_Serrated_9.5in_open_25_aug008.jpg","Sponge Holding Forceps Foerster Straight Serrated 9.5in","open","25","8.0"
"D:\augmented_data_consistent_backgrounds\images\train\Sponge_Holding_Forceps_Foerster_Straight_Serrated_9.5in_open_25_aug009.jpg","Sponge Holding Forceps Foerster Straight Serrated 9.5in","open","25","9.0"
"D:\augmented_data_consistent_backgrounds\images\train\Sponge_Holding_Forceps_Foerster_Straight_Serrated_9.5in_open_25_aug011.jpg","Sponge Holding Forceps Foerster Straight Serrated 9.5in","open","25","11.0"
"D:\augmented_data_consistent_backgrounds\images\train\Sponge_Holding_Forceps_Foerster_Straight_Serrated_9.5in_open_25_aug012.jpg","Sponge Holding Forceps Foerster Straight Serrated 9.5in","open","25","12.0"
"D:\augmented_data_consistent_backgrounds\images\train\Sponge_Holding_Forceps_Foerster_Straight_Serrated_9.5in_open_25_aug015.jpg","Sponge Holding Forceps Foerster Straight Serrated 9.5in","open","25","15.0"
"D:\augmented_data_consistent_backgrounds\images\train\Sponge_Holding_Forceps_Foerster_Straight_Serrated_9.5in_open_25_aug016.jpg","Sponge Holding Forceps Foerster Straight Serrated 9.5in","open","25","16.0"
"D:\augmented_data_consistent_backgrounds\images\train\Sponge_Holding_Forceps_Foerster_Straight_Serrated_9.5in_open_25_aug017.jpg","Sponge Holding Forceps Foerster Straight Serrated 9.5in","open","25","17.0"
"D:\augmented_data_consistent_backgrounds\images\train\Sponge_Holding_Forceps_Foerster_Straight_Serrated_9.5in_open_25_aug018.jpg","Sponge Holding Forceps Foerster Straight Serrated 9.5in","open","25","18.0"
"D:\augmented_data_consistent_backgrounds\images\train\Sponge_Holding_Forceps_Foerster_Straight_Serrated_9.5in_open_25_aug019.jpg","Sponge Holding Forceps Foerster Straight Serrated 9.5in","open","25","19.0"
